# from https://github.com/simonsobs/so_noise_models/tree/master/LAT_lensing_noise/lensing_v3_1_1/nlkk_v3_1_0_deproj0_SENS1_fsky0p4_it_lT30-3000_lP30-5000.dat, 
# (baseline noise, more details in the README of that page)
# lensing convergence noise converted into lensing deflection (what montepython needs) by Nldd = 4*Nlkk/l/(l+1)
# a factor ell(ell+1)/2pi is multiplied to Nldd, since montepython divides by this factor when it reads the noise
# ell = [30, 3000], the lensing deflection noise has to be at the fourth column to be read by montepython
# ell   |   N_ell_TT   |   N_ell_EE |   N_ell_dd (* ell(ell+1)/2pi) 
3.000000000000000000e+01 0.000000000000000000e+00 0.000000000000000000e+00 1.804691640566936942e-08
3.100000000000000000e+01 0.000000000000000000e+00 0.000000000000000000e+00 1.806475449169110918e-08
3.200000000000000000e+01 0.000000000000000000e+00 0.000000000000000000e+00 1.808329285946245196e-08
3.300000000000000000e+01 0.000000000000000000e+00 0.000000000000000000e+00 1.810252514278567485e-08
3.400000000000000000e+01 0.000000000000000000e+00 0.000000000000000000e+00 1.812243860926533534e-08
3.500000000000000000e+01 0.000000000000000000e+00 0.000000000000000000e+00 1.814302689270370059e-08
3.600000000000000000e+01 0.000000000000000000e+00 0.000000000000000000e+00 1.816428362690305429e-08
3.700000000000000000e+01 0.000000000000000000e+00 0.000000000000000000e+00 1.818619607946794402e-08
3.800000000000000000e+01 0.000000000000000000e+00 0.000000000000000000e+00 1.820877698279382552e-08
3.900000000000000000e+01 0.000000000000000000e+00 0.000000000000000000e+00 1.823200087208979392e-08
4.000000000000000000e+01 0.000000000000000000e+00 0.000000000000000000e+00 1.825588047975130495e-08
4.100000000000000000e+01 0.000000000000000000e+00 0.000000000000000000e+00 1.828040943958062247e-08
4.200000000000000000e+01 0.000000000000000000e+00 0.000000000000000000e+00 1.830558138538003680e-08
4.300000000000000000e+01 0.000000000000000000e+00 0.000000000000000000e+00 1.833140268334726756e-08
4.400000000000000000e+01 0.000000000000000000e+00 0.000000000000000000e+00 1.835786060108686560e-08
4.500000000000000000e+01 0.000000000000000000e+00 0.000000000000000000e+00 1.838496150479655384e-08
4.600000000000000000e+01 0.000000000000000000e+00 0.000000000000000000e+00 1.841270539447633228e-08
4.700000000000000000e+01 0.000000000000000000e+00 0.000000000000000000e+00 1.844109227012620423e-08
4.800000000000000000e+01 0.000000000000000000e+00 0.000000000000000000e+00 1.847010939935071724e-08
4.900000000000000000e+01 0.000000000000000000e+00 0.000000000000000000e+00 1.849977588074304997e-08
5.000000000000000000e+01 0.000000000000000000e+00 0.000000000000000000e+00 1.853007898190774338e-08
5.100000000000000000e+01 0.000000000000000000e+00 0.000000000000000000e+00 1.856102506904253029e-08
5.200000000000000000e+01 0.000000000000000000e+00 0.000000000000000000e+00 1.859261414214741071e-08
5.300000000000000000e+01 0.000000000000000000e+00 0.000000000000000000e+00 1.862483983502465842e-08
5.400000000000000000e+01 0.000000000000000000e+00 0.000000000000000000e+00 1.865770851387199632e-08
5.500000000000000000e+01 0.000000000000000000e+00 0.000000000000000000e+00 1.869122017868942773e-08
5.600000000000000000e+01 0.000000000000000000e+00 0.000000000000000000e+00 1.872537482947694603e-08
5.700000000000000000e+01 0.000000000000000000e+00 0.000000000000000000e+00 1.876017883243228406e-08
5.800000000000000000e+01 0.000000000000000000e+00 0.000000000000000000e+00 1.879561945515998606e-08
5.900000000000000000e+01 0.000000000000000000e+00 0.000000000000000000e+00 1.883171579625322740e-08
6.000000000000000000e+01 0.000000000000000000e+00 0.000000000000000000e+00 1.886845512331656224e-08
6.100000000000000000e+01 0.000000000000000000e+00 0.000000000000000000e+00 1.890584380254771019e-08
6.200000000000000000e+01 0.000000000000000000e+00 0.000000000000000000e+00 1.894388183394667125e-08
6.300000000000000000e+01 0.000000000000000000e+00 0.000000000000000000e+00 1.898256921751344873e-08
6.400000000000000000e+01 0.000000000000000000e+00 0.000000000000000000e+00 1.902191231944576885e-08
6.500000000000000000e+01 0.000000000000000000e+00 0.000000000000000000e+00 1.906191113974362168e-08
6.600000000000000000e+01 0.000000000000000000e+00 0.000000000000000000e+00 1.910256567840701384e-08
6.700000000000000000e+01 0.000000000000000000e+00 0.000000000000000000e+00 1.914387593543594533e-08
6.800000000000000000e+01 0.000000000000000000e+00 0.000000000000000000e+00 1.918584827702814238e-08
6.900000000000000000e+01 0.000000000000000000e+00 0.000000000000000000e+00 1.922848270318359835e-08
7.000000000000000000e+01 0.000000000000000000e+00 0.000000000000000000e+00 1.927177284770459035e-08
7.100000000000000000e+01 0.000000000000000000e+00 0.000000000000000000e+00 1.931573144298657412e-08
7.200000000000000000e+01 0.000000000000000000e+00 0.000000000000000000e+00 1.936035848902954304e-08
7.300000000000000000e+01 0.000000000000000000e+00 0.000000000000000000e+00 1.940564761963577421e-08
7.400000000000000000e+01 0.000000000000000000e+00 0.000000000000000000e+00 1.945161156720071013e-08
7.500000000000000000e+01 0.000000000000000000e+00 0.000000000000000000e+00 1.949824396552663783e-08
7.600000000000000000e+01 0.000000000000000000e+00 0.000000000000000000e+00 1.954555118081127028e-08
7.700000000000000000e+01 0.000000000000000000e+00 0.000000000000000000e+00 1.959353321305461742e-08
7.800000000000000000e+01 0.000000000000000000e+00 0.000000000000000000e+00 1.964219006225667262e-08
7.900000000000000000e+01 0.000000000000000000e+00 0.000000000000000000e+00 1.969152809461515880e-08
8.000000000000000000e+01 0.000000000000000000e+00 0.000000000000000000e+00 1.974154094393235635e-08
8.100000000000000000e+01 0.000000000000000000e+00 0.000000000000000000e+00 1.979224134260371441e-08
8.200000000000000000e+01 0.000000000000000000e+00 0.000000000000000000e+00 1.984362929062921644e-08
8.300000000000000000e+01 0.000000000000000000e+00 0.000000000000000000e+00 1.989569842181116929e-08
8.400000000000000000e+01 0.000000000000000000e+00 0.000000000000000000e+00 1.994846146854498902e-08
8.500000000000000000e+01 0.000000000000000000e+00 0.000000000000000000e+00 2.000191206463297588e-08
8.600000000000000000e+01 0.000000000000000000e+00 0.000000000000000000e+00 2.005605657627283953e-08
8.700000000000000000e+01 0.000000000000000000e+00 0.000000000000000000e+00 2.011089500346457668e-08
8.800000000000000000e+01 0.000000000000000000e+00 0.000000000000000000e+00 2.016643371240592678e-08
8.900000000000000000e+01 0.000000000000000000e+00 0.000000000000000000e+00 2.022267270309687328e-08
9.000000000000000000e+01 0.000000000000000000e+00 0.000000000000000000e+00 2.027960560933970982e-08
9.100000000000000000e+01 0.000000000000000000e+00 0.000000000000000000e+00 2.033725152972759520e-08
9.200000000000000000e+01 0.000000000000000000e+00 0.000000000000000000e+00 2.039559773186508030e-08
9.300000000000000000e+01 0.000000000000000000e+00 0.000000000000000000e+00 2.045465058194990457e-08
9.400000000000000000e+01 0.000000000000000000e+00 0.000000000000000000e+00 2.051441644617977106e-08
9.500000000000000000e+01 0.000000000000000000e+00 0.000000000000000000e+00 2.057489532455468971e-08
9.600000000000000000e+01 0.000000000000000000e+00 0.000000000000000000e+00 2.063608085087694091e-08
9.700000000000000000e+01 0.000000000000000000e+00 0.000000000000000000e+00 2.069799212373968678e-08
9.800000000000000000e+01 0.000000000000000000e+00 0.000000000000000000e+00 2.076061641074748480e-08
9.900000000000000000e+01 0.000000000000000000e+00 0.000000000000000000e+00 2.082396644429578412e-08
1.000000000000000000e+02 0.000000000000000000e+00 0.000000000000000000e+00 2.088803585818685518e-08
1.010000000000000000e+02 0.000000000000000000e+00 0.000000000000000000e+00 2.095283738481615376e-08
1.020000000000000000e+02 0.000000000000000000e+00 0.000000000000000000e+00 2.101835829178822740e-08
1.030000000000000000e+02 0.000000000000000000e+00 0.000000000000000000e+00 2.108461131149851863e-08
1.040000000000000000e+02 0.000000000000000000e+00 0.000000000000000000e+00 2.115159644394703405e-08
1.050000000000000000e+02 0.000000000000000000e+00 0.000000000000000000e+00 2.121932005533149989e-08
1.060000000000000000e+02 0.000000000000000000e+00 0.000000000000000000e+00 2.128776941325646372e-08
1.070000000000000000e+02 0.000000000000000000e+00 0.000000000000000000e+00 2.135696361631509425e-08
1.080000000000000000e+02 0.000000000000000000e+00 0.000000000000000000e+00 2.142689629830967520e-08
1.090000000000000000e+02 0.000000000000000000e+00 0.000000000000000000e+00 2.149757382543792287e-08
1.100000000000000000e+02 0.000000000000000000e+00 0.000000000000000000e+00 2.156899619769984056e-08
1.110000000000000000e+02 0.000000000000000000e+00 0.000000000000000000e+00 2.164116341509542827e-08
1.120000000000000000e+02 0.000000000000000000e+00 0.000000000000000000e+00 2.171407547762468932e-08
1.130000000000000000e+02 0.000000000000000000e+00 0.000000000000000000e+00 2.178774511768306290e-08
1.140000000000000000e+02 0.000000000000000000e+00 0.000000000000000000e+00 2.186216596907283273e-08
1.150000000000000000e+02 0.000000000000000000e+00 0.000000000000000000e+00 2.193733803179399548e-08
1.160000000000000000e+02 0.000000000000000000e+00 0.000000000000000000e+00 2.201326767204428402e-08
1.170000000000000000e+02 0.000000000000000000e+00 0.000000000000000000e+00 2.208995488982367847e-08
1.180000000000000000e+02 0.000000000000000000e+00 0.000000000000000000e+00 2.216740605132991829e-08
1.190000000000000000e+02 0.000000000000000000e+00 0.000000000000000000e+00 2.224562115656300019e-08
1.200000000000000000e+02 0.000000000000000000e+00 0.000000000000000000e+00 2.232459383932520124e-08
1.210000000000000000e+02 0.000000000000000000e+00 0.000000000000000000e+00 2.240433683201196065e-08
1.220000000000000000e+02 0.000000000000000000e+00 0.000000000000000000e+00 2.248484376842556874e-08
1.230000000000000000e+02 0.000000000000000000e+00 0.000000000000000000e+00 2.256612738096145811e-08
1.240000000000000000e+02 0.000000000000000000e+00 0.000000000000000000e+00 2.264817493722419285e-08
1.250000000000000000e+02 0.000000000000000000e+00 0.000000000000000000e+00 2.273100553580694171e-08
1.260000000000000000e+02 0.000000000000000000e+00 0.000000000000000000e+00 2.281460007811652601e-08
1.270000000000000000e+02 0.000000000000000000e+00 0.000000000000000000e+00 2.289897766274612442e-08
1.280000000000000000e+02 0.000000000000000000e+00 0.000000000000000000e+00 2.298413192349801404e-08
1.290000000000000000e+02 0.000000000000000000e+00 0.000000000000000000e+00 2.307006286037219154e-08
1.300000000000000000e+02 0.000000000000000000e+00 0.000000000000000000e+00 2.315677683956637654e-08
1.310000000000000000e+02 0.000000000000000000e+00 0.000000000000000000e+00 2.324427386108057896e-08
1.320000000000000000e+02 0.000000000000000000e+00 0.000000000000000000e+00 2.333255392491479218e-08
1.330000000000000000e+02 0.000000000000000000e+00 0.000000000000000000e+00 2.342161703106901620e-08
1.340000000000000000e+02 0.000000000000000000e+00 0.000000000000000000e+00 2.351146954574097724e-08
1.350000000000000000e+02 0.000000000000000000e+00 0.000000000000000000e+00 2.360210510273294909e-08
1.360000000000000000e+02 0.000000000000000000e+00 0.000000000000000000e+00 2.369353006824265796e-08
1.370000000000000000e+02 0.000000000000000000e+00 0.000000000000000000e+00 2.378574444227010386e-08
1.380000000000000000e+02 0.000000000000000000e+00 0.000000000000000000e+00 2.387874822481528677e-08
1.390000000000000000e+02 0.000000000000000000e+00 0.000000000000000000e+00 2.397254141587819348e-08
1.400000000000000000e+02 0.000000000000000000e+00 0.000000000000000000e+00 2.406712401545884713e-08
1.410000000000000000e+02 0.000000000000000000e+00 0.000000000000000000e+00 2.416250238975496072e-08
1.420000000000000000e+02 0.000000000000000000e+00 0.000000000000000000e+00 2.425867653876652763e-08
1.430000000000000000e+02 0.000000000000000000e+00 0.000000000000000000e+00 2.435564009629583155e-08
1.440000000000000000e+02 0.000000000000000000e+00 0.000000000000000000e+00 2.445339306234288243e-08
1.450000000000000000e+02 0.000000000000000000e+00 0.000000000000000000e+00 2.455194816930309961e-08
1.460000000000000000e+02 0.000000000000000000e+00 0.000000000000000000e+00 2.465129268478106374e-08
1.470000000000000000e+02 0.000000000000000000e+00 0.000000000000000000e+00 2.475143297497448119e-08
1.480000000000000000e+02 0.000000000000000000e+00 0.000000000000000000e+00 2.485236903988336519e-08
1.490000000000000000e+02 0.000000000000000000e+00 0.000000000000000000e+00 2.495409451330997960e-08
1.500000000000000000e+02 0.000000000000000000e+00 0.000000000000000000e+00 2.505662212764978016e-08
1.510000000000000000e+02 0.000000000000000000e+00 0.000000000000000000e+00 2.515993915050731443e-08
1.520000000000000000e+02 0.000000000000000000e+00 0.000000000000000000e+00 2.526404558188258573e-08
1.530000000000000000e+02 0.000000000000000000e+00 0.000000000000000000e+00 2.536894778797331034e-08
1.540000000000000000e+02 0.000000000000000000e+00 0.000000000000000000e+00 2.547464576877950482e-08
1.550000000000000000e+02 0.000000000000000000e+00 0.000000000000000000e+00 2.558112679190570679e-08
1.560000000000000000e+02 0.000000000000000000e+00 0.000000000000000000e+00 2.568840358974736869e-08
1.570000000000000000e+02 0.000000000000000000e+00 0.000000000000000000e+00 2.579646979610676762e-08
1.580000000000000000e+02 0.000000000000000000e+00 0.000000000000000000e+00 2.590532541098390026e-08
1.590000000000000000e+02 0.000000000000000000e+00 0.000000000000000000e+00 2.601496406818104371e-08
1.600000000000000000e+02 0.000000000000000000e+00 0.000000000000000000e+00 2.612538576769819795e-08
1.610000000000000000e+02 0.000000000000000000e+00 0.000000000000000000e+00 2.623659050953536962e-08
1.620000000000000000e+02 0.000000000000000000e+00 0.000000000000000000e+00 2.634857829369255209e-08
1.630000000000000000e+02 0.000000000000000000e+00 0.000000000000000000e+00 2.646134912016974536e-08
1.640000000000000000e+02 0.000000000000000000e+00 0.000000000000000000e+00 2.657489025657150361e-08
1.650000000000000000e+02 0.000000000000000000e+00 0.000000000000000000e+00 2.668921443529326935e-08
1.660000000000000000e+02 0.000000000000000000e+00 0.000000000000000000e+00 2.680430255774188378e-08
1.670000000000000000e+02 0.000000000000000000e+00 0.000000000000000000e+00 2.692016099011506319e-08
1.680000000000000000e+02 0.000000000000000000e+00 0.000000000000000000e+00 2.703678973241280095e-08
1.690000000000000000e+02 0.000000000000000000e+00 0.000000000000000000e+00 2.715417605223965788e-08
1.700000000000000000e+02 0.000000000000000000e+00 0.000000000000000000e+00 2.727232631579336017e-08
1.710000000000000000e+02 0.000000000000000000e+00 0.000000000000000000e+00 2.739122779067844879e-08
1.720000000000000000e+02 0.000000000000000000e+00 0.000000000000000000e+00 2.751088684309265987e-08
1.730000000000000000e+02 0.000000000000000000e+00 0.000000000000000000e+00 2.763129074064054428e-08
1.740000000000000000e+02 0.000000000000000000e+00 0.000000000000000000e+00 2.775243948332209209e-08
1.750000000000000000e+02 0.000000000000000000e+00 0.000000000000000000e+00 2.787432670493959033e-08
1.760000000000000000e+02 0.000000000000000000e+00 0.000000000000000000e+00 2.799695240549303236e-08
1.770000000000000000e+02 0.000000000000000000e+00 0.000000000000000000e+00 2.812030385258697569e-08
1.780000000000000000e+02 0.000000000000000000e+00 0.000000000000000000e+00 2.824438104622141699e-08
1.790000000000000000e+02 0.000000000000000000e+00 0.000000000000000000e+00 2.836918398639635296e-08
1.800000000000000000e+02 0.000000000000000000e+00 0.000000000000000000e+00 2.849469357451862810e-08
1.810000000000000000e+02 0.000000000000000000e+00 0.000000000000000000e+00 2.862090981058822255e-08
1.820000000000000000e+02 0.000000000000000000e+00 0.000000000000000000e+00 2.874783269460514956e-08
1.830000000000000000e+02 0.000000000000000000e+00 0.000000000000000000e+00 2.887544949417395668e-08
1.840000000000000000e+02 0.000000000000000000e+00 0.000000000000000000e+00 2.900375384309691769e-08
1.850000000000000000e+02 0.000000000000000000e+00 0.000000000000000000e+00 2.913273937517630967e-08
1.860000000000000000e+02 0.000000000000000000e+00 0.000000000000000000e+00 2.926239972421441965e-08
1.870000000000000000e+02 0.000000000000000000e+00 0.000000000000000000e+00 2.939272852401350486e-08
1.880000000000000000e+02 0.000000000000000000e+00 0.000000000000000000e+00 2.952371304217814263e-08
1.890000000000000000e+02 0.000000000000000000e+00 0.000000000000000000e+00 2.965534691251058027e-08
1.900000000000000000e+02 0.000000000000000000e+00 0.000000000000000000e+00 2.978762376881311473e-08
1.910000000000000000e+02 0.000000000000000000e+00 0.000000000000000000e+00 2.992053724488801317e-08
1.920000000000000000e+02 0.000000000000000000e+00 0.000000000000000000e+00 3.005406824214212340e-08
1.930000000000000000e+02 0.000000000000000000e+00 0.000000000000000000e+00 3.018821676057542224e-08
1.940000000000000000e+02 0.000000000000000000e+00 0.000000000000000000e+00 3.032297006779246389e-08
1.950000000000000000e+02 0.000000000000000000e+00 0.000000000000000000e+00 3.045831543139781575e-08
1.960000000000000000e+02 0.000000000000000000e+00 0.000000000000000000e+00 3.059424648519373506e-08
1.970000000000000000e+02 0.000000000000000000e+00 0.000000000000000000e+00 3.073075049678479585e-08
1.980000000000000000e+02 0.000000000000000000e+00 0.000000000000000000e+00 3.086781473377553243e-08
1.990000000000000000e+02 0.000000000000000000e+00 0.000000000000000000e+00 3.100542646377050561e-08
2.000000000000000000e+02 0.000000000000000000e+00 0.000000000000000000e+00 3.114357932057199909e-08
2.010000000000000000e+02 0.000000000000000000e+00 0.000000000000000000e+00 3.128226057178455381e-08
2.020000000000000000e+02 0.000000000000000000e+00 0.000000000000000000e+00 3.142145111881500103e-08
2.030000000000000000e+02 0.000000000000000000e+00 0.000000000000000000e+00 3.156114459546562447e-08
2.040000000000000000e+02 0.000000000000000000e+00 0.000000000000000000e+00 3.170132190314324214e-08
2.050000000000000000e+02 0.000000000000000000e+00 0.000000000000000000e+00 3.184197667565013115e-08
2.060000000000000000e+02 0.000000000000000000e+00 0.000000000000000000e+00 3.198308981439312275e-08
2.070000000000000000e+02 0.000000000000000000e+00 0.000000000000000000e+00 3.212464858697678435e-08
2.080000000000000000e+02 0.000000000000000000e+00 0.000000000000000000e+00 3.226663389480793398e-08
2.090000000000000000e+02 0.000000000000000000e+00 0.000000000000000000e+00 3.240903300549110598e-08
2.100000000000000000e+02 0.000000000000000000e+00 0.000000000000000000e+00 3.255183318663088097e-08
2.110000000000000000e+02 0.000000000000000000e+00 0.000000000000000000e+00 3.269501533963407701e-08
2.120000000000000000e+02 0.000000000000000000e+00 0.000000000000000000e+00 3.283856673210524163e-08
2.130000000000000000e+02 0.000000000000000000e+00 0.000000000000000000e+00 3.298246189925348320e-08
2.140000000000000000e+02 0.000000000000000000e+00 0.000000000000000000e+00 3.312669447488108542e-08
2.150000000000000000e+02 0.000000000000000000e+00 0.000000000000000000e+00 3.327123899419714340e-08
2.160000000000000000e+02 0.000000000000000000e+00 0.000000000000000000e+00 3.341608272480621795e-08
2.170000000000000000e+02 0.000000000000000000e+00 0.000000000000000000e+00 3.356120020191741080e-08
2.180000000000000000e+02 0.000000000000000000e+00 0.000000000000000000e+00 3.370657869313526950e-08
2.190000000000000000e+02 0.000000000000000000e+00 0.000000000000000000e+00 3.385219273366890241e-08
2.200000000000000000e+02 0.000000000000000000e+00 0.000000000000000000e+00 3.399803595732059323e-08
2.210000000000000000e+02 0.000000000000000000e+00 0.000000000000000000e+00 3.414407016690399126e-08
2.220000000000000000e+02 0.000000000000000000e+00 0.000000000000000000e+00 3.429028899622138021e-08
2.230000000000000000e+02 0.000000000000000000e+00 0.000000000000000000e+00 3.443666698048184857e-08
2.240000000000000000e+02 0.000000000000000000e+00 0.000000000000000000e+00 3.458317865489452455e-08
2.250000000000000000e+02 0.000000000000000000e+00 0.000000000000000000e+00 3.472980492086622617e-08
2.260000000000000000e+02 0.000000000000000000e+00 0.000000000000000000e+00 3.487653304600151424e-08
2.270000000000000000e+02 0.000000000000000000e+00 0.000000000000000000e+00 3.502332483311403143e-08
2.280000000000000000e+02 0.000000000000000000e+00 0.000000000000000000e+00 3.517016754980833191e-08
2.290000000000000000e+02 0.000000000000000000e+00 0.000000000000000000e+00 3.531704209749126680e-08
2.300000000000000000e+02 0.000000000000000000e+00 0.000000000000000000e+00 3.546391027897645893e-08
2.310000000000000000e+02 0.000000000000000000e+00 0.000000000000000000e+00 3.561075936186848894e-08
2.320000000000000000e+02 0.000000000000000000e+00 0.000000000000000000e+00 3.575756388137645195e-08
2.330000000000000000e+02 0.000000000000000000e+00 0.000000000000000000e+00 3.590429837270945631e-08
2.340000000000000000e+02 0.000000000000000000e+00 0.000000000000000000e+00 3.605093737107661700e-08
2.350000000000000000e+02 0.000000000000000000e+00 0.000000000000000000e+00 3.619745541168700265e-08
2.360000000000000000e+02 0.000000000000000000e+00 0.000000000000000000e+00 3.634382702974976795e-08
2.370000000000000000e+02 0.000000000000000000e+00 0.000000000000000000e+00 3.649002676047398154e-08
2.380000000000000000e+02 0.000000000000000000e+00 0.000000000000000000e+00 3.663602913906875178e-08
2.390000000000000000e+02 0.000000000000000000e+00 0.000000000000000000e+00 3.678180870074321349e-08
2.400000000000000000e+02 0.000000000000000000e+00 0.000000000000000000e+00 3.692733998070643531e-08
2.410000000000000000e+02 0.000000000000000000e+00 0.000000000000000000e+00 3.707258478177210624e-08
2.420000000000000000e+02 0.000000000000000000e+00 0.000000000000000000e+00 3.721753037154476062e-08
2.430000000000000000e+02 0.000000000000000000e+00 0.000000000000000000e+00 3.736214491903577063e-08
2.440000000000000000e+02 0.000000000000000000e+00 0.000000000000000000e+00 3.750639659325653497e-08
2.450000000000000000e+02 0.000000000000000000e+00 0.000000000000000000e+00 3.765025992941616860e-08
2.460000000000000000e+02 0.000000000000000000e+00 0.000000000000000000e+00 3.779370946272376663e-08
2.470000000000000000e+02 0.000000000000000000e+00 0.000000000000000000e+00 3.793671972838841095e-08
2.480000000000000000e+02 0.000000000000000000e+00 0.000000000000000000e+00 3.807925252922379057e-08
2.490000000000000000e+02 0.000000000000000000e+00 0.000000000000000000e+00 3.822128876663671688e-08
2.500000000000000000e+02 0.000000000000000000e+00 0.000000000000000000e+00 3.836279660963858195e-08
2.510000000000000000e+02 0.000000000000000000e+00 0.000000000000000000e+00 3.850374422724077122e-08
2.520000000000000000e+02 0.000000000000000000e+00 0.000000000000000000e+00 3.864411252085010273e-08
2.530000000000000000e+02 0.000000000000000000e+00 0.000000000000000000e+00 3.878386329328023237e-08
2.540000000000000000e+02 0.000000000000000000e+00 0.000000000000000000e+00 3.892297107974026850e-08
2.550000000000000000e+02 0.000000000000000000e+00 0.000000000000000000e+00 3.906141041543932610e-08
2.560000000000000000e+02 0.000000000000000000e+00 0.000000000000000000e+00 3.919914946938877075e-08
2.570000000000000000e+02 0.000000000000000000e+00 0.000000000000000000e+00 3.933616277679772404e-08
2.580000000000000000e+02 0.000000000000000000e+00 0.000000000000000000e+00 3.947241850667755156e-08
2.590000000000000000e+02 0.000000000000000000e+00 0.000000000000000000e+00 3.960789119423738151e-08
2.600000000000000000e+02 0.000000000000000000e+00 0.000000000000000000e+00 3.974254900848855963e-08
2.610000000000000000e+02 0.000000000000000000e+00 0.000000000000000000e+00 3.987637285083796350e-08
2.620000000000000000e+02 0.000000000000000000e+00 0.000000000000000000e+00 4.000932452409920272e-08
2.630000000000000000e+02 0.000000000000000000e+00 0.000000000000000000e+00 4.014137856348140549e-08
2.640000000000000000e+02 0.000000000000000000e+00 0.000000000000000000e+00 4.027251587039140307e-08
2.650000000000000000e+02 0.000000000000000000e+00 0.000000000000000000e+00 4.040270461384058091e-08
2.660000000000000000e+02 0.000000000000000000e+00 0.000000000000000000e+00 4.053191932903802750e-08
2.670000000000000000e+02 0.000000000000000000e+00 0.000000000000000000e+00 4.066012818499513490e-08
2.680000000000000000e+02 0.000000000000000000e+00 0.000000000000000000e+00 4.078731208311872776e-08
2.690000000000000000e+02 0.000000000000000000e+00 0.000000000000000000e+00 4.091344555861792106e-08
2.700000000000000000e+02 0.000000000000000000e+00 0.000000000000000000e+00 4.103850314670180328e-08
2.710000000000000000e+02 0.000000000000000000e+00 0.000000000000000000e+00 4.116245938257948940e-08
2.720000000000000000e+02 0.000000000000000000e+00 0.000000000000000000e+00 4.128528880146010102e-08
2.730000000000000000e+02 0.000000000000000000e+00 0.000000000000000000e+00 4.140697230475043629e-08
2.740000000000000000e+02 0.000000000000000000e+00 0.000000000000000000e+00 4.152749079385733973e-08
2.750000000000000000e+02 0.000000000000000000e+00 0.000000000000000000e+00 4.164681243779219678e-08
2.760000000000000000e+02 0.000000000000000000e+00 0.000000000000000000e+00 4.176491813796183869e-08
2.770000000000000000e+02 0.000000000000000000e+00 0.000000000000000000e+00 4.188178879577307689e-08
2.780000000000000000e+02 0.000000000000000000e+00 0.000000000000000000e+00 4.199741167883047216e-08
2.790000000000000000e+02 0.000000000000000000e+00 0.000000000000000000e+00 4.211175495614540995e-08
2.800000000000000000e+02 0.000000000000000000e+00 0.000000000000000000e+00 4.222481226152017396e-08
2.810000000000000000e+02 0.000000000000000000e+00 0.000000000000000000e+00 4.233655813016385269e-08
2.820000000000000000e+02 0.000000000000000000e+00 0.000000000000000000e+00 4.244697982968101355e-08
2.830000000000000000e+02 0.000000000000000000e+00 0.000000000000000000e+00 4.255606462767619087e-08
2.840000000000000000e+02 0.000000000000000000e+00 0.000000000000000000e+00 4.266378705935850624e-08
2.850000000000000000e+02 0.000000000000000000e+00 0.000000000000000000e+00 4.277014075853024997e-08
2.860000000000000000e+02 0.000000000000000000e+00 0.000000000000000000e+00 4.287511299279592993e-08
2.870000000000000000e+02 0.000000000000000000e+00 0.000000000000000000e+00 4.297868466356242369e-08
2.880000000000000000e+02 0.000000000000000000e+00 0.000000000000000000e+00 4.308085577082968494e-08
2.890000000000000000e+02 0.000000000000000000e+00 0.000000000000000000e+00 4.318160084980686173e-08
2.900000000000000000e+02 0.000000000000000000e+00 0.000000000000000000e+00 4.328092626669165712e-08
2.910000000000000000e+02 0.000000000000000000e+00 0.000000000000000000e+00 4.337881292289088253e-08
2.920000000000000000e+02 0.000000000000000000e+00 0.000000000000000000e+00 4.347526081840457104e-08
2.930000000000000000e+02 0.000000000000000000e+00 0.000000000000000000e+00 4.357025722083726360e-08
2.940000000000000000e+02 0.000000000000000000e+00 0.000000000000000000e+00 4.366379576399123729e-08
2.950000000000000000e+02 0.000000000000000000e+00 0.000000000000000000e+00 4.375587644786647887e-08
2.960000000000000000e+02 0.000000000000000000e+00 0.000000000000000000e+00 4.384649927246300820e-08
2.970000000000000000e+02 0.000000000000000000e+00 0.000000000000000000e+00 4.393565150538535961e-08
2.980000000000000000e+02 0.000000000000000000e+00 0.000000000000000000e+00 4.402334587902900538e-08
2.990000000000000000e+02 0.000000000000000000e+00 0.000000000000000000e+00 4.410956966099846661e-08
3.000000000000000000e+02 0.000000000000000000e+00 0.000000000000000000e+00 4.419432921749148606e-08
3.010000000000000000e+02 0.000000000000000000e+00 0.000000000000000000e+00 4.427762454850805711e-08
3.020000000000000000e+02 0.000000000000000000e+00 0.000000000000000000e+00 4.435946202024591591e-08
3.030000000000000000e+02 0.000000000000000000e+00 0.000000000000000000e+00 4.443984163270504260e-08
3.040000000000000000e+02 0.000000000000000000e+00 0.000000000000000000e+00 4.451876975208317996e-08
3.050000000000000000e+02 0.000000000000000000e+00 0.000000000000000000e+00 4.459625274457803765e-08
3.060000000000000000e+02 0.000000000000000000e+00 0.000000000000000000e+00 4.467229697638733860e-08
3.070000000000000000e+02 0.000000000000000000e+00 0.000000000000000000e+00 4.474690881370881894e-08
3.080000000000000000e+02 0.000000000000000000e+00 0.000000000000000000e+00 4.482010098893792450e-08
3.090000000000000000e+02 0.000000000000000000e+00 0.000000000000000000e+00 4.489187350207464205e-08
3.100000000000000000e+02 0.000000000000000000e+00 0.000000000000000000e+00 4.496223908551443064e-08
3.110000000000000000e+02 0.000000000000000000e+00 0.000000000000000000e+00 4.503121683785045239e-08
3.120000000000000000e+02 0.000000000000000000e+00 0.000000000000000000e+00 4.509881312528045007e-08
3.130000000000000000e+02 0.000000000000000000e+00 0.000000000000000000e+00 4.516503431400212012e-08
3.140000000000000000e+02 0.000000000000000000e+00 0.000000000000000000e+00 4.522989950260865774e-08
3.150000000000000000e+02 0.000000000000000000e+00 0.000000000000000000e+00 4.529342142349549553e-08
3.160000000000000000e+02 0.000000000000000000e+00 0.000000000000000000e+00 4.535561280905808591e-08
3.170000000000000000e+02 0.000000000000000000e+00 0.000000000000000000e+00 4.541648639169187473e-08
3.180000000000000000e+02 0.000000000000000000e+00 0.000000000000000000e+00 4.547606126999002409e-08
3.190000000000000000e+02 0.000000000000000000e+00 0.000000000000000000e+00 4.553434381015028999e-08
3.200000000000000000e+02 0.000000000000000000e+00 0.000000000000000000e+00 4.559135947696353100e-08
3.210000000000000000e+02 0.000000000000000000e+00 0.000000000000000000e+00 4.564712100282519294e-08
3.220000000000000000e+02 0.000000000000000000e+00 0.000000000000000000e+00 4.570164112013076134e-08
3.230000000000000000e+02 0.000000000000000000e+00 0.000000000000000000e+00 4.575494529367108813e-08
3.240000000000000000e+02 0.000000000000000000e+00 0.000000000000000000e+00 4.580703988964394256e-08
3.250000000000000000e+02 0.000000000000000000e+00 0.000000000000000000e+00 4.585794400664246027e-08
3.260000000000000000e+02 0.000000000000000000e+00 0.000000000000000000e+00 4.590768310945753291e-08
3.270000000000000000e+02 0.000000000000000000e+00 0.000000000000000000e+00 4.595626356428689001e-08
3.280000000000000000e+02 0.000000000000000000e+00 0.000000000000000000e+00 4.600370446972373339e-08
3.290000000000000000e+02 0.000000000000000000e+00 0.000000000000000000e+00 4.605003129055891499e-08
3.300000000000000000e+02 0.000000000000000000e+00 0.000000000000000000e+00 4.609525039299019082e-08
3.310000000000000000e+02 0.000000000000000000e+00 0.000000000000000000e+00 4.613938724180843928e-08
3.320000000000000000e+02 0.000000000000000000e+00 0.000000000000000000e+00 4.618245456940909959e-08
3.330000000000000000e+02 0.000000000000000000e+00 0.000000000000000000e+00 4.622447147438535370e-08
3.340000000000000000e+02 0.000000000000000000e+00 0.000000000000000000e+00 4.626545705533037699e-08
3.350000000000000000e+02 0.000000000000000000e+00 0.000000000000000000e+00 4.630542404463962187e-08
3.360000000000000000e+02 0.000000000000000000e+00 0.000000000000000000e+00 4.634439154090623725e-08
3.370000000000000000e+02 0.000000000000000000e+00 0.000000000000000000e+00 4.638237227652568880e-08
3.380000000000000000e+02 0.000000000000000000e+00 0.000000000000000000e+00 4.641939171628886816e-08
3.390000000000000000e+02 0.000000000000000000e+00 0.000000000000000000e+00 4.645545622639349824e-08
3.400000000000000000e+02 0.000000000000000000e+00 0.000000000000000000e+00 4.649058490543273455e-08
3.410000000000000000e+02 0.000000000000000000e+00 0.000000000000000000e+00 4.652479685199975906e-08
3.420000000000000000e+02 0.000000000000000000e+00 0.000000000000000000e+00 4.655810479849003744e-08
3.430000000000000000e+02 0.000000000000000000e+00 0.000000000000000000e+00 4.659052147729899566e-08
3.440000000000000000e+02 0.000000000000000000e+00 0.000000000000000000e+00 4.662206598701980908e-08
3.450000000000000000e+02 0.000000000000000000e+00 0.000000000000000000e+00 4.665275106004793014e-08
3.460000000000000000e+02 0.000000000000000000e+00 0.000000000000000000e+00 4.668258942877879142e-08
3.470000000000000000e+02 0.000000000000000000e+00 0.000000000000000000e+00 4.671160019180558152e-08
3.480000000000000000e+02 0.000000000000000000e+00 0.000000000000000000e+00 4.673979608152374625e-08
3.490000000000000000e+02 0.000000000000000000e+00 0.000000000000000000e+00 4.676718983032871822e-08
3.500000000000000000e+02 0.000000000000000000e+00 0.000000000000000000e+00 4.679378780441824679e-08
3.510000000000000000e+02 0.000000000000000000e+00 0.000000000000000000e+00 4.681962183478092006e-08
3.520000000000000000e+02 0.000000000000000000e+00 0.000000000000000000e+00 4.684468555521903497e-08
3.530000000000000000e+02 0.000000000000000000e+00 0.000000000000000000e+00 4.686899806432574702e-08
3.540000000000000000e+02 0.000000000000000000e+00 0.000000000000000000e+00 4.689257846069423818e-08
3.550000000000000000e+02 0.000000000000000000e+00 0.000000000000000000e+00 4.691543311052223136e-08
3.560000000000000000e+02 0.000000000000000000e+00 0.000000000000000000e+00 4.693758111240290853e-08
3.570000000000000000e+02 0.000000000000000000e+00 0.000000000000000000e+00 4.695902246633625647e-08
3.580000000000000000e+02 0.000000000000000000e+00 0.000000000000000000e+00 4.697978263711315357e-08
3.590000000000000000e+02 0.000000000000000000e+00 0.000000000000000000e+00 4.699986799093134260e-08
3.600000000000000000e+02 0.000000000000000000e+00 0.000000000000000000e+00 4.701928489398855972e-08
3.610000000000000000e+02 0.000000000000000000e+00 0.000000000000000000e+00 4.703805244487795379e-08
3.620000000000000000e+02 0.000000000000000000e+00 0.000000000000000000e+00 4.705618337599499051e-08
3.630000000000000000e+02 0.000000000000000000e+00 0.000000000000000000e+00 4.707369041973508923e-08
3.640000000000000000e+02 0.000000000000000000e+00 0.000000000000000000e+00 4.709057357609828302e-08
3.650000000000000000e+02 0.000000000000000000e+00 0.000000000000000000e+00 4.710685830987545031e-08
3.660000000000000000e+02 0.000000000000000000e+00 0.000000000000000000e+00 4.712255098726430077e-08
3.670000000000000000e+02 0.000000000000000000e+00 0.000000000000000000e+00 4.713765797446258378e-08
3.680000000000000000e+02 0.000000000000000000e+00 0.000000000000000000e+00 4.715219837006346808e-08
3.690000000000000000e+02 0.000000000000000000e+00 0.000000000000000000e+00 4.716617854026465673e-08
3.700000000000000000e+02 0.000000000000000000e+00 0.000000000000000000e+00 4.717961121746160878e-08
3.710000000000000000e+02 0.000000000000000000e+00 0.000000000000000000e+00 4.719250913404978330e-08
3.720000000000000000e+02 0.000000000000000000e+00 0.000000000000000000e+00 4.720488502242460625e-08
3.730000000000000000e+02 0.000000000000000000e+00 0.000000000000000000e+00 4.721675161498153670e-08
3.740000000000000000e+02 0.000000000000000000e+00 0.000000000000000000e+00 4.722811527791829755e-08
3.750000000000000000e+02 0.000000000000000000e+00 0.000000000000000000e+00 4.723898874363033464e-08
3.760000000000000000e+02 0.000000000000000000e+00 0.000000000000000000e+00 4.724939111071082331e-08
3.770000000000000000e+02 0.000000000000000000e+00 0.000000000000000000e+00 4.725932874535748647e-08
3.780000000000000000e+02 0.000000000000000000e+00 0.000000000000000000e+00 4.726880801376803380e-08
3.790000000000000000e+02 0.000000000000000000e+00 0.000000000000000000e+00 4.727784801453566052e-08
3.800000000000000000e+02 0.000000000000000000e+00 0.000000000000000000e+00 4.728646148005579258e-08
3.810000000000000000e+02 0.000000000000000000e+00 0.000000000000000000e+00 4.729465477652615290e-08
3.820000000000000000e+02 0.000000000000000000e+00 0.000000000000000000e+00 4.730244063634222039e-08
3.830000000000000000e+02 0.000000000000000000e+00 0.000000000000000000e+00 4.730983815809712409e-08
3.840000000000000000e+02 0.000000000000000000e+00 0.000000000000000000e+00 4.731685370798861998e-08
3.850000000000000000e+02 0.000000000000000000e+00 0.000000000000000000e+00 4.732350001841213405e-08
3.860000000000000000e+02 0.000000000000000000e+00 0.000000000000000000e+00 4.732978345556539582e-08
3.870000000000000000e+02 0.000000000000000000e+00 0.000000000000000000e+00 4.733572948423932342e-08
3.880000000000000000e+02 0.000000000000000000e+00 0.000000000000000000e+00 4.734134447063160665e-08
3.890000000000000000e+02 0.000000000000000000e+00 0.000000000000000000e+00 4.734663478093997506e-08
3.900000000000000000e+02 0.000000000000000000e+00 0.000000000000000000e+00 4.735162587995533352e-08
3.910000000000000000e+02 0.000000000000000000e+00 0.000000000000000000e+00 4.735631776767768866e-08
3.920000000000000000e+02 0.000000000000000000e+00 0.000000000000000000e+00 4.736072317650245321e-08
3.930000000000000000e+02 0.000000000000000000e+00 0.000000000000000000e+00 4.736486757122058499e-08
3.940000000000000000e+02 0.000000000000000000e+00 0.000000000000000000e+00 4.736875095183201782e-08
3.950000000000000000e+02 0.000000000000000000e+00 0.000000000000000000e+00 4.737238605073224386e-08
3.960000000000000000e+02 0.000000000000000000e+00 0.000000000000000000e+00 4.737579196651440537e-08
3.970000000000000000e+02 0.000000000000000000e+00 0.000000000000000000e+00 4.737898143157396802e-08
3.980000000000000000e+02 0.000000000000000000e+00 0.000000000000000000e+00 4.738196717830637764e-08
3.990000000000000000e+02 0.000000000000000000e+00 0.000000000000000000e+00 4.738475557290935052e-08
4.000000000000000000e+02 0.000000000000000000e+00 0.000000000000000000e+00 4.738735934777833249e-08
4.010000000000000000e+02 0.000000000000000000e+00 0.000000000000000000e+00 4.738980396770421519e-08
4.020000000000000000e+02 0.000000000000000000e+00 0.000000000000000000e+00 4.739208943268701186e-08
4.030000000000000000e+02 0.000000000000000000e+00 0.000000000000000000e+00 4.739422847512216832e-08
4.040000000000000000e+02 0.000000000000000000e+00 0.000000000000000000e+00 4.739624019360284670e-08
4.050000000000000000e+02 0.000000000000000000e+00 0.000000000000000000e+00 4.739813732052450604e-08
4.060000000000000000e+02 0.000000000000000000e+00 0.000000000000000000e+00 4.739992622208485603e-08
4.070000000000000000e+02 0.000000000000000000e+00 0.000000000000000000e+00 4.740162599687707864e-08
4.080000000000000000e+02 0.000000000000000000e+00 0.000000000000000000e+00 4.740324301109889677e-08
4.090000000000000000e+02 0.000000000000000000e+00 0.000000000000000000e+00 4.740478999714574302e-08
4.100000000000000000e+02 0.000000000000000000e+00 0.000000000000000000e+00 4.740628605361081260e-08
4.110000000000000000e+02 0.000000000000000000e+00 0.000000000000000000e+00 4.740773754669180855e-08
4.120000000000000000e+02 0.000000000000000000e+00 0.000000000000000000e+00 4.740915720878418995e-08
4.130000000000000000e+02 0.000000000000000000e+00 0.000000000000000000e+00 4.741055777228340261e-08
4.140000000000000000e+02 0.000000000000000000e+00 0.000000000000000000e+00 4.741195196958489236e-08
4.150000000000000000e+02 0.000000000000000000e+00 0.000000000000000000e+00 4.741335253308409179e-08
4.160000000000000000e+02 0.000000000000000000e+00 0.000000000000000000e+00 4.741476582897875027e-08
4.170000000000000000e+02 0.000000000000000000e+00 0.000000000000000000e+00 4.741621095586202332e-08
4.180000000000000000e+02 0.000000000000000000e+00 0.000000000000000000e+00 4.741770064612936336e-08
4.190000000000000000e+02 0.000000000000000000e+00 0.000000000000000000e+00 4.741923489978077041e-08
4.200000000000000000e+02 0.000000000000000000e+00 0.000000000000000000e+00 4.742083918160714934e-08
4.210000000000000000e+02 0.000000000000000000e+00 0.000000000000000000e+00 4.742251349160846706e-08
4.220000000000000000e+02 0.000000000000000000e+00 0.000000000000000000e+00 4.742427692837791217e-08
4.230000000000000000e+02 0.000000000000000000e+00 0.000000000000000000e+00 4.742613585811323404e-08
4.240000000000000000e+02 0.000000000000000000e+00 0.000000000000000000e+00 4.742810301320985203e-08
4.250000000000000000e+02 0.000000000000000000e+00 0.000000000000000000e+00 4.743019112606321197e-08
4.260000000000000000e+02 0.000000000000000000e+00 0.000000000000000000e+00 4.743240656287104999e-08
4.270000000000000000e+02 0.000000000000000000e+00 0.000000000000000000e+00 4.743476842222654807e-08
4.280000000000000000e+02 0.000000000000000000e+00 0.000000000000000000e+00 4.743727670412967313e-08
4.290000000000000000e+02 0.000000000000000000e+00 0.000000000000000000e+00 4.743995050717362036e-08
4.300000000000000000e+02 0.000000000000000000e+00 0.000000000000000000e+00 4.744279619755609283e-08
4.310000000000000000e+02 0.000000000000000000e+00 0.000000000000000000e+00 4.744582650767256284e-08
4.320000000000000000e+02 0.000000000000000000e+00 0.000000000000000000e+00 4.744904780372074666e-08
4.330000000000000000e+02 0.000000000000000000e+00 0.000000000000000000e+00 4.745247281809608352e-08
4.340000000000000000e+02 0.000000000000000000e+00 0.000000000000000000e+00 4.745610155079858003e-08
4.350000000000000000e+02 0.000000000000000000e+00 0.000000000000000000e+00 4.745995946661912122e-08
4.360000000000000000e+02 0.000000000000000000e+00 0.000000000000000000e+00 4.746404656555772032e-08
4.370000000000000000e+02 0.000000000000000000e+00 0.000000000000000000e+00 4.746837558000982978e-08
4.380000000000000000e+02 0.000000000000000000e+00 0.000000000000000000e+00 4.747295287617314603e-08
4.390000000000000000e+02 0.000000000000000000e+00 0.000000000000000000e+00 4.747779118644314799e-08
4.400000000000000000e+02 0.000000000000000000e+00 0.000000000000000000e+00 4.748289051081980258e-08
4.410000000000000000e+02 0.000000000000000000e+00 0.000000000000000000e+00 4.748826994789631160e-08
4.420000000000000000e+02 0.000000000000000000e+00 0.000000000000000000e+00 4.749392949767266184e-08
4.430000000000000000e+02 0.000000000000000000e+00 0.000000000000000000e+00 4.749988825874201540e-08
4.440000000000000000e+02 0.000000000000000000e+00 0.000000000000000000e+00 4.750613986490667585e-08
4.450000000000000000e+02 0.000000000000000000e+00 0.000000000000000000e+00 4.751270341475978545e-08
4.460000000000000000e+02 0.000000000000000000e+00 0.000000000000000000e+00 4.751957890830135743e-08
4.470000000000000000e+02 0.000000000000000000e+00 0.000000000000000000e+00 4.752678544412454730e-08
4.480000000000000000e+02 0.000000000000000000e+00 0.000000000000000000e+00 4.753431665603165862e-08
4.490000000000000000e+02 0.000000000000000000e+00 0.000000000000000000e+00 4.754218527641812396e-08
4.500000000000000000e+02 0.000000000000000000e+00 0.000000000000000000e+00 4.755040403767938917e-08
4.510000000000000000e+02 0.000000000000000000e+00 0.000000000000000000e+00 4.755897293981544761e-08
4.520000000000000000e+02 0.000000000000000000e+00 0.000000000000000000e+00 4.756790471522177159e-08
4.530000000000000000e+02 0.000000000000000000e+00 0.000000000000000000e+00 4.757719936389834124e-08
4.540000000000000000e+02 0.000000000000000000e+00 0.000000000000000000e+00 4.758686325204287949e-08
4.550000000000000000e+02 0.000000000000000000e+00 0.000000000000000000e+00 4.759690911205083877e-08
4.560000000000000000e+02 0.000000000000000000e+00 0.000000000000000000e+00 4.760733694392222571e-08
4.570000000000000000e+02 0.000000000000000000e+00 0.000000000000000000e+00 4.761815948005247288e-08
4.580000000000000000e+02 0.000000000000000000e+00 0.000000000000000000e+00 4.762937672044158029e-08
4.590000000000000000e+02 0.000000000000000000e+00 0.000000000000000000e+00 4.764099503128729732e-08
4.600000000000000000e+02 0.000000000000000000e+00 0.000000000000000000e+00 4.765302077878732042e-08
4.610000000000000000e+02 0.000000000000000000e+00 0.000000000000000000e+00 4.766545396294166282e-08
4.620000000000000000e+02 0.000000000000000000e+00 0.000000000000000000e+00 4.767830731614576372e-08
4.630000000000000000e+02 0.000000000000000000e+00 0.000000000000000000e+00 4.769158083839962312e-08
4.640000000000000000e+02 0.000000000000000000e+00 0.000000000000000000e+00 4.770528089590096394e-08
4.650000000000000000e+02 0.000000000000000000e+00 0.000000000000000000e+00 4.771941385484752894e-08
4.660000000000000000e+02 0.000000000000000000e+00 0.000000000000000000e+00 4.773397971523929165e-08
4.670000000000000000e+02 0.000000000000000000e+00 0.000000000000000000e+00 4.774897847707628516e-08
4.680000000000000000e+02 0.000000000000000000e+00 0.000000000000000000e+00 4.776442923895164512e-08
4.690000000000000000e+02 0.000000000000000000e+00 0.000000000000000000e+00 4.778031926846993893e-08
4.700000000000000000e+02 0.000000000000000000e+00 0.000000000000000000e+00 4.779665493182888952e-08
4.710000000000000000e+02 0.000000000000000000e+00 0.000000000000000000e+00 4.781344896142394269e-08
4.720000000000000000e+02 0.000000000000000000e+00 0.000000000000000000e+00 4.783069499105737555e-08
4.730000000000000000e+02 0.000000000000000000e+00 0.000000000000000000e+00 4.784840575312466038e-08
4.740000000000000000e+02 0.000000000000000000e+00 0.000000000000000000e+00 4.786656851523029181e-08
4.750000000000000000e+02 0.000000000000000000e+00 0.000000000000000000e+00 4.788520237596749150e-08
4.760000000000000000e+02 0.000000000000000000e+00 0.000000000000000000e+00 4.790429460294080041e-08
4.770000000000000000e+02 0.000000000000000000e+00 0.000000000000000000e+00 4.792386429474338726e-08
4.780000000000000000e+02 0.000000000000000000e+00 0.000000000000000000e+00 4.794389235278206347e-08
4.790000000000000000e+02 0.000000000000000000e+00 0.000000000000000000e+00 4.796439787565003086e-08
4.800000000000000000e+02 0.000000000000000000e+00 0.000000000000000000e+00 4.798537449714954005e-08
4.810000000000000000e+02 0.000000000000000000e+00 0.000000000000000000e+00 4.800682858347832719e-08
4.820000000000000000e+02 0.000000000000000000e+00 0.000000000000000000e+00 4.802876013463639227e-08
4.830000000000000000e+02 0.000000000000000000e+00 0.000000000000000000e+00 4.805116278442600577e-08
4.840000000000000000e+02 0.000000000000000000e+00 0.000000000000000000e+00 4.807404289904489060e-08
4.850000000000000000e+02 0.000000000000000000e+00 0.000000000000000000e+00 4.809740047849305999e-08
4.860000000000000000e+02 0.000000000000000000e+00 0.000000000000000000e+00 4.812124188896823024e-08
4.870000000000000000e+02 0.000000000000000000e+00 0.000000000000000000e+00 4.814555439807494891e-08
4.880000000000000000e+02 0.000000000000000000e+00 0.000000000000000000e+00 4.817035073820866182e-08
4.890000000000000000e+02 0.000000000000000000e+00 0.000000000000000000e+00 4.819562454317165267e-08
4.900000000000000000e+02 0.000000000000000000e+00 0.000000000000000000e+00 4.822137581296392147e-08
4.910000000000000000e+02 0.000000000000000000e+00 0.000000000000000000e+00 4.824761091378319775e-08
4.920000000000000000e+02 0.000000000000000000e+00 0.000000000000000000e+00 4.827431711323400258e-08
4.930000000000000000e+02 0.000000000000000000e+00 0.000000000000000000e+00 4.830150077751411184e-08
4.940000000000000000e+02 0.000000000000000000e+00 0.000000000000000000e+00 4.832916190662347919e-08
4.950000000000000000e+02 0.000000000000000000e+00 0.000000000000000000e+00 4.835729413436440819e-08
4.960000000000000000e+02 0.000000000000000000e+00 0.000000000000000000e+00 4.838590382693460190e-08
4.970000000000000000e+02 0.000000000000000000e+00 0.000000000000000000e+00 4.841498461813635065e-08
4.980000000000000000e+02 0.000000000000000000e+00 0.000000000000000000e+00 4.844453014177192490e-08
4.990000000000000000e+02 0.000000000000000000e+00 0.000000000000000000e+00 4.847455313023679033e-08
5.000000000000000000e+02 0.000000000000000000e+00 0.000000000000000000e+00 4.850503448493774512e-08
5.010000000000000000e+02 0.000000000000000000e+00 0.000000000000000000e+00 4.853598057207254527e-08
5.020000000000000000e+02 0.000000000000000000e+00 0.000000000000000000e+00 4.856739139164115107e-08
5.030000000000000000e+02 0.000000000000000000e+00 0.000000000000000000e+00 4.859925421124815640e-08
5.040000000000000000e+02 0.000000000000000000e+00 0.000000000000000000e+00 4.863158176328897401e-08
5.050000000000000000e+02 0.000000000000000000e+00 0.000000000000000000e+00 4.866435494917045500e-08
5.060000000000000000e+02 0.000000000000000000e+00 0.000000000000000000e+00 4.869758013509031567e-08
5.070000000000000000e+02 0.000000000000000000e+00 0.000000000000000000e+00 4.873125732104856264e-08
5.080000000000000000e+02 0.000000000000000000e+00 0.000000000000000000e+00 4.876537377464973685e-08
5.090000000000000000e+02 0.000000000000000000e+00 0.000000000000000000e+00 4.879992949589385816e-08
5.100000000000000000e+02 0.000000000000000000e+00 0.000000000000000000e+00 4.883491811858317717e-08
5.110000000000000000e+02 0.000000000000000000e+00 0.000000000000000000e+00 4.887034600891543666e-08
5.120000000000000000e+02 0.000000000000000000e+00 0.000000000000000000e+00 4.890620043449517756e-08
5.130000000000000000e+02 0.000000000000000000e+00 0.000000000000000000e+00 4.894247502912467697e-08
5.140000000000000000e+02 0.000000000000000000e+00 0.000000000000000000e+00 4.897917615900167104e-08
5.150000000000000000e+02 0.000000000000000000e+00 0.000000000000000000e+00 4.901628472553298440e-08
5.160000000000000000e+02 0.000000000000000000e+00 0.000000000000000000e+00 4.905380709491632673e-08
5.170000000000000000e+02 0.000000000000000000e+00 0.000000000000000000e+00 4.909173690095398175e-08
5.180000000000000000e+02 0.000000000000000000e+00 0.000000000000000000e+00 4.913006141125051024e-08
5.190000000000000000e+02 0.000000000000000000e+00 0.000000000000000000e+00 4.916878699200364835e-08
5.200000000000000000e+02 0.000000000000000000e+00 0.000000000000000000e+00 4.920790091081789070e-08
5.210000000000000000e+02 0.000000000000000000e+00 0.000000000000000000e+00 4.924740316769331008e-08
5.220000000000000000e+02 0.000000000000000000e+00 0.000000000000000000e+00 4.928728103023440774e-08
5.230000000000000000e+02 0.000000000000000000e+00 0.000000000000000000e+00 4.932753449844121675e-08
5.240000000000000000e+02 0.000000000000000000e+00 0.000000000000000000e+00 4.936815720611598773e-08
5.250000000000000000e+02 0.000000000000000000e+00 0.000000000000000000e+00 4.940913642086328810e-08
5.260000000000000000e+02 0.000000000000000000e+00 0.000000000000000000e+00 4.945047214268312448e-08
5.270000000000000000e+02 0.000000000000000000e+00 0.000000000000000000e+00 4.949216437157546377e-08
5.280000000000000000e+02 0.000000000000000000e+00 0.000000000000000000e+00 4.953419400894718356e-08
5.290000000000000000e+02 0.000000000000000000e+00 0.000000000000000000e+00 4.957656105479823754e-08
5.300000000000000000e+02 0.000000000000000000e+00 0.000000000000000000e+00 4.961925914293093587e-08
5.310000000000000000e+02 0.000000000000000000e+00 0.000000000000000000e+00 4.966227554094981949e-08
5.320000000000000000e+02 0.000000000000000000e+00 0.000000000000000000e+00 4.970561024885487518e-08
5.330000000000000000e+02 0.000000000000000000e+00 0.000000000000000000e+00 4.974925690044839326e-08
5.340000000000000000e+02 0.000000000000000000e+00 0.000000000000000000e+00 4.979320276333492128e-08
5.350000000000000000e+02 0.000000000000000000e+00 0.000000000000000000e+00 4.983744147131674957e-08
5.360000000000000000e+02 0.000000000000000000e+00 0.000000000000000000e+00 4.988196665819614198e-08
5.370000000000000000e+02 0.000000000000000000e+00 0.000000000000000000e+00 4.992677832397309850e-08
5.380000000000000000e+02 0.000000000000000000e+00 0.000000000000000000e+00 4.997185737005445042e-08
5.390000000000000000e+02 0.000000000000000000e+00 0.000000000000000000e+00 5.001720379644019772e-08
5.400000000000000000e+02 0.000000000000000000e+00 0.000000000000000000e+00 5.006280487073487473e-08
5.410000000000000000e+02 0.000000000000000000e+00 0.000000000000000000e+00 5.010865422674079162e-08
5.420000000000000000e+02 0.000000000000000000e+00 0.000000000000000000e+00 5.015475186445792192e-08
5.430000000000000000e+02 0.000000000000000000e+00 0.000000000000000000e+00 5.020107868529311015e-08
5.440000000000000000e+02 0.000000000000000000e+00 0.000000000000000000e+00 5.024762832304862675e-08
5.450000000000000000e+02 0.000000000000000000e+00 0.000000000000000000e+00 5.029440077772447836e-08
5.460000000000000000e+02 0.000000000000000000e+00 0.000000000000000000e+00 5.034137695072747638e-08
5.470000000000000000e+02 0.000000000000000000e+00 0.000000000000000000e+00 5.038856320825536358e-08
5.480000000000000000e+02 0.000000000000000000e+00 0.000000000000000000e+00 5.043593408551724170e-08
5.490000000000000000e+02 0.000000000000000000e+00 0.000000000000000000e+00 5.048349594871082040e-08
5.500000000000000000e+02 0.000000000000000000e+00 0.000000000000000000e+00 5.053122969924295081e-08
5.510000000000000000e+02 0.000000000000000000e+00 0.000000000000000000e+00 5.057913533711361308e-08
5.520000000000000000e+02 0.000000000000000000e+00 0.000000000000000000e+00 5.062720012992735476e-08
5.530000000000000000e+02 0.000000000000000000e+00 0.000000000000000000e+00 5.067541771148647280e-08
5.540000000000000000e+02 0.000000000000000000e+00 0.000000000000000000e+00 5.072378171559324428e-08
5.550000000000000000e+02 0.000000000000000000e+00 0.000000000000000000e+00 5.077227940985221014e-08
5.560000000000000000e+02 0.000000000000000000e+00 0.000000000000000000e+00 5.082090442806564085e-08
5.570000000000000000e+02 0.000000000000000000e+00 0.000000000000000000e+00 5.086964403783810383e-08
5.580000000000000000e+02 0.000000000000000000e+00 0.000000000000000000e+00 5.091849823916959246e-08
5.590000000000000000e+02 0.000000000000000000e+00 0.000000000000000000e+00 5.096744793346693139e-08
5.600000000000000000e+02 0.000000000000000000e+00 0.000000000000000000e+00 5.101649948692785676e-08
5.610000000000000000e+02 0.000000000000000000e+00 0.000000000000000000e+00 5.106562743476146368e-08
5.620000000000000000e+02 0.000000000000000000e+00 0.000000000000000000e+00 5.111483814316548832e-08
5.630000000000000000e+02 0.000000000000000000e+00 0.000000000000000000e+00 5.116411887974445175e-08
5.640000000000000000e+02 0.000000000000000000e+00 0.000000000000000000e+00 5.121345054590521832e-08
5.650000000000000000e+02 0.000000000000000000e+00 0.000000000000000000e+00 5.126283950784549772e-08
5.660000000000000000e+02 0.000000000000000000e+00 0.000000000000000000e+00 5.131227303316983751e-08
5.670000000000000000e+02 0.000000000000000000e+00 0.000000000000000000e+00 5.136173838948279185e-08
5.680000000000000000e+02 0.000000000000000000e+00 0.000000000000000000e+00 5.141122921058665107e-08
5.690000000000000000e+02 0.000000000000000000e+00 0.000000000000000000e+00 5.146074549648140195e-08
5.700000000000000000e+02 0.000000000000000000e+00 0.000000000000000000e+00 5.151026814857387573e-08
5.710000000000000000e+02 0.000000000000000000e+00 0.000000000000000000e+00 5.155979716686406581e-08
5.720000000000000000e+02 0.000000000000000000e+00 0.000000000000000000e+00 5.160931981895653959e-08
5.730000000000000000e+02 0.000000000000000000e+00 0.000000000000000000e+00 5.165882973865356755e-08
5.740000000000000000e+02 0.000000000000000000e+00 0.000000000000000000e+00 5.170832055975742678e-08
5.750000000000000000e+02 0.000000000000000000e+00 0.000000000000000000e+00 5.175778591607040097e-08
5.760000000000000000e+02 0.000000000000000000e+00 0.000000000000000000e+00 5.180721307519701123e-08
5.770000000000000000e+02 0.000000000000000000e+00 0.000000000000000000e+00 5.185659567093956772e-08
5.780000000000000000e+02 0.000000000000000000e+00 0.000000000000000000e+00 5.190592733710032106e-08
5.790000000000000000e+02 0.000000000000000000e+00 0.000000000000000000e+00 5.195520807367930434e-08
5.800000000000000000e+02 0.000000000000000000e+00 0.000000000000000000e+00 5.200441878208331574e-08
5.810000000000000000e+02 0.000000000000000000e+00 0.000000000000000000e+00 5.205356582851009802e-08
5.820000000000000000e+02 0.000000000000000000e+00 0.000000000000000000e+00 5.210262374816874630e-08
5.830000000000000000e+02 0.000000000000000000e+00 0.000000000000000000e+00 5.215160527345469978e-08
5.840000000000000000e+02 0.000000000000000000e+00 0.000000000000000000e+00 5.220048493957708006e-08
5.850000000000000000e+02 0.000000000000000000e+00 0.000000000000000000e+00 5.224927547893133295e-08
5.860000000000000000e+02 0.000000000000000000e+00 0.000000000000000000e+00 5.229795142672655358e-08
5.870000000000000000e+02 0.000000000000000000e+00 0.000000000000000000e+00 5.234651914916049132e-08
5.880000000000000000e+02 0.000000000000000000e+00 0.000000000000000000e+00 5.239497228003537695e-08
5.890000000000000000e+02 0.000000000000000000e+00 0.000000000000000000e+00 5.244329808695579110e-08
5.900000000000000000e+02 0.000000000000000000e+00 0.000000000000000000e+00 5.249149020372403073e-08
5.910000000000000000e+02 0.000000000000000000e+00 0.000000000000000000e+00 5.253954863034006273e-08
5.920000000000000000e+02 0.000000000000000000e+00 0.000000000000000000e+00 5.258746700060617082e-08
5.930000000000000000e+02 0.000000000000000000e+00 0.000000000000000000e+00 5.263523258212689594e-08
5.940000000000000000e+02 0.000000000000000000e+00 0.000000000000000000e+00 5.268285174109999409e-08
5.950000000000000000e+02 0.000000000000000000e+00 0.000000000000000000e+00 5.273030537893228329e-08
5.960000000000000000e+02 0.000000000000000000e+00 0.000000000000000000e+00 5.277759986182146661e-08
5.970000000000000000e+02 0.000000000000000000e+00 0.000000000000000000e+00 5.282472882356982775e-08
5.980000000000000000e+02 0.000000000000000000e+00 0.000000000000000000e+00 5.287167316558423107e-08
5.990000000000000000e+02 0.000000000000000000e+00 0.000000000000000000e+00 5.291844562026008268e-08
6.000000000000000000e+02 0.000000000000000000e+00 0.000000000000000000e+00 5.296503345520193675e-08
6.010000000000000000e+02 0.000000000000000000e+00 0.000000000000000000e+00 5.301143667040980653e-08
6.020000000000000000e+02 0.000000000000000000e+00 0.000000000000000000e+00 5.305764889968596249e-08
6.030000000000000000e+02 0.000000000000000000e+00 0.000000000000000000e+00 5.310365741063497203e-08
6.040000000000000000e+02 0.000000000000000000e+00 0.000000000000000000e+00 5.314946856945453822e-08
6.050000000000000000e+02 0.000000000000000000e+00 0.000000000000000000e+00 5.319507600994694475e-08
6.060000000000000000e+02 0.000000000000000000e+00 0.000000000000000000e+00 5.324047336591448197e-08
6.070000000000000000e+02 0.000000000000000000e+00 0.000000000000000000e+00 5.328566063735713662e-08
6.080000000000000000e+02 0.000000000000000000e+00 0.000000000000000000e+00 5.333063145807718579e-08
6.090000000000000000e+02 0.000000000000000000e+00 0.000000000000000000e+00 5.337538582807462950e-08
6.100000000000000000e+02 0.000000000000000000e+00 0.000000000000000000e+00 5.341991738115173158e-08
6.110000000000000000e+02 0.000000000000000000e+00 0.000000000000000000e+00 5.346421975111080222e-08
6.120000000000000000e+02 0.000000000000000000e+00 0.000000000000000000e+00 5.350829930414952463e-08
6.130000000000000000e+02 0.000000000000000000e+00 0.000000000000000000e+00 5.355214330787248606e-08
6.140000000000000000e+02 0.000000000000000000e+00 0.000000000000000000e+00 5.359575176227966666e-08
6.150000000000000000e+02 0.000000000000000000e+00 0.000000000000000000e+00 5.363912466737105982e-08
6.160000000000000000e+02 0.000000000000000000e+00 0.000000000000000000e+00 5.368226202314669201e-08
6.170000000000000000e+02 0.000000000000000000e+00 0.000000000000000000e+00 5.372515746340883370e-08
6.180000000000000000e+02 0.000000000000000000e+00 0.000000000000000000e+00 5.376780462195972888e-08
6.190000000000000000e+02 0.000000000000000000e+00 0.000000000000000000e+00 5.381020349879941726e-08
6.200000000000000000e+02 0.000000000000000000e+00 0.000000000000000000e+00 5.385236046012558206e-08
6.210000000000000000e+02 0.000000000000000000e+00 0.000000000000000000e+00 5.389426277354282376e-08
6.220000000000000000e+02 0.000000000000000000e+00 0.000000000000000000e+00 5.393591680524883882e-08
6.230000000000000000e+02 0.000000000000000000e+00 0.000000000000000000e+00 5.397731618904589769e-08
6.240000000000000000e+02 0.000000000000000000e+00 0.000000000000000000e+00 5.401846092493401363e-08
6.250000000000000000e+02 0.000000000000000000e+00 0.000000000000000000e+00 5.405935101291319323e-08
6.260000000000000000e+02 0.000000000000000000e+00 0.000000000000000000e+00 5.409997372058796422e-08
6.270000000000000000e+02 0.000000000000000000e+00 0.000000000000000000e+00 5.414034814655150855e-08
6.280000000000000000e+02 0.000000000000000000e+00 0.000000000000000000e+00 5.418045519221066412e-08
6.290000000000000000e+02 0.000000000000000000e+00 0.000000000000000000e+00 5.422030122376316045e-08
6.300000000000000000e+02 0.000000000000000000e+00 0.000000000000000000e+00 5.425988624120897107e-08
6.310000000000000000e+02 0.000000000000000000e+00 0.000000000000000000e+00 5.429921024454810922e-08
6.320000000000000000e+02 0.000000000000000000e+00 0.000000000000000000e+00 5.433826686758287183e-08
6.330000000000000000e+02 0.000000000000000000e+00 0.000000000000000000e+00 5.437705611031322583e-08
6.340000000000000000e+02 0.000000000000000000e+00 0.000000000000000000e+00 5.441558433893690735e-08
6.350000000000000000e+02 0.000000000000000000e+00 0.000000000000000000e+00 5.445384518725621334e-08
6.360000000000000000e+02 0.000000000000000000e+00 0.000000000000000000e+00 5.449183228907336794e-08
6.370000000000000000e+02 0.000000000000000000e+00 0.000000000000000000e+00 5.452955837678388316e-08
6.380000000000000000e+02 0.000000000000000000e+00 0.000000000000000000e+00 5.456701071799226685e-08
6.390000000000000000e+02 0.000000000000000000e+00 0.000000000000000000e+00 5.460419567889625515e-08
6.400000000000000000e+02 0.000000000000000000e+00 0.000000000000000000e+00 5.464111325949585469e-08
6.410000000000000000e+02 0.000000000000000000e+00 0.000000000000000000e+00 5.467776345979104560e-08
6.420000000000000000e+02 0.000000000000000000e+00 0.000000000000000000e+00 5.471413991358413807e-08
6.430000000000000000e+02 0.000000000000000000e+00 0.000000000000000000e+00 5.475024898707282854e-08
6.440000000000000000e+02 0.000000000000000000e+00 0.000000000000000000e+00 5.478608431405939409e-08
6.450000000000000000e+02 0.000000000000000000e+00 0.000000000000000000e+00 5.482165226074157087e-08
6.460000000000000000e+02 0.000000000000000000e+00 0.000000000000000000e+00 5.485695282711934566e-08
6.470000000000000000e+02 0.000000000000000000e+00 0.000000000000000000e+00 5.489197964699502861e-08
6.480000000000000000e+02 0.000000000000000000e+00 0.000000000000000000e+00 5.492673272036856018e-08
6.490000000000000000e+02 0.000000000000000000e+00 0.000000000000000000e+00 5.496122477963544575e-08
6.500000000000000000e+02 0.000000000000000000e+00 0.000000000000000000e+00 5.499544309240020640e-08
6.510000000000000000e+02 0.000000000000000000e+00 0.000000000000000000e+00 5.502938765866283552e-08
6.520000000000000000e+02 0.000000000000000000e+00 0.000000000000000000e+00 5.506307121081881202e-08
6.530000000000000000e+02 0.000000000000000000e+00 0.000000000000000000e+00 5.509648101647265699e-08
6.540000000000000000e+02 0.000000000000000000e+00 0.000000000000000000e+00 5.512962344182211319e-08
6.550000000000000000e+02 0.000000000000000000e+00 0.000000000000000000e+00 5.516249848686718062e-08
6.560000000000000000e+02 0.000000000000000000e+00 0.000000000000000000e+00 5.519510615160785267e-08
6.570000000000000000e+02 0.000000000000000000e+00 0.000000000000000000e+00 5.522744643604412272e-08
6.580000000000000000e+02 0.000000000000000000e+00 0.000000000000000000e+00 5.525951934017599738e-08
6.590000000000000000e+02 0.000000000000000000e+00 0.000000000000000000e+00 5.529132486400348989e-08
6.600000000000000000e+02 0.000000000000000000e+00 0.000000000000000000e+00 5.532286300752656716e-08
6.610000000000000000e+02 0.000000000000000000e+00 0.000000000000000000e+00 5.535414013694299181e-08
6.620000000000000000e+02 0.000000000000000000e+00 0.000000000000000000e+00 5.538514988605502108e-08
6.630000000000000000e+02 0.000000000000000000e+00 0.000000000000000000e+00 5.541589225486263511e-08
6.640000000000000000e+02 0.000000000000000000e+00 0.000000000000000000e+00 5.544637360956359651e-08
6.650000000000000000e+02 0.000000000000000000e+00 0.000000000000000000e+00 5.547659395015789207e-08
6.660000000000000000e+02 0.000000000000000000e+00 0.000000000000000000e+00 5.550654691044778562e-08
6.670000000000000000e+02 0.000000000000000000e+00 0.000000000000000000e+00 5.553624522282873622e-08
6.680000000000000000e+02 0.000000000000000000e+00 0.000000000000000000e+00 5.556567615490529144e-08
6.690000000000000000e+02 0.000000000000000000e+00 0.000000000000000000e+00 5.559484607287517419e-08
6.700000000000000000e+02 0.000000000000000000e+00 0.000000000000000000e+00 5.562376134293611399e-08
6.710000000000000000e+02 0.000000000000000000e+00 0.000000000000000000e+00 5.565241559889037470e-08
6.720000000000000000e+02 0.000000000000000000e+00 0.000000000000000000e+00 5.568081520693569247e-08
6.730000000000000000e+02 0.000000000000000000e+00 0.000000000000000000e+00 5.570895380087435100e-08
6.740000000000000000e+02 0.000000000000000000e+00 0.000000000000000000e+00 5.573683774690404012e-08
6.750000000000000000e+02 0.000000000000000000e+00 0.000000000000000000e+00 5.576447341122251582e-08
6.760000000000000000e+02 0.000000000000000000e+00 0.000000000000000000e+00 5.579184806143431905e-08
6.770000000000000000e+02 0.000000000000000000e+00 0.000000000000000000e+00 5.581896806373717933e-08
6.780000000000000000e+02 0.000000000000000000e+00 0.000000000000000000e+00 5.584583978432880635e-08
6.790000000000000000e+02 0.000000000000000000e+00 0.000000000000000000e+00 5.587246322320922657e-08
6.800000000000000000e+02 0.000000000000000000e+00 0.000000000000000000e+00 5.589883838037840691e-08
6.810000000000000000e+02 0.000000000000000000e+00 0.000000000000000000e+00 5.592496525583638706e-08
6.820000000000000000e+02 0.000000000000000000e+00 0.000000000000000000e+00 5.595084384958312733e-08
6.830000000000000000e+02 0.000000000000000000e+00 0.000000000000000000e+00 5.597648052781636387e-08
6.840000000000000000e+02 0.000000000000000000e+00 0.000000000000000000e+00 5.600187529053610328e-08
6.850000000000000000e+02 0.000000000000000000e+00 0.000000000000000000e+00 5.602702813774235219e-08
6.860000000000000000e+02 0.000000000000000000e+00 0.000000000000000000e+00 5.605193906943509075e-08
6.870000000000000000e+02 0.000000000000000000e+00 0.000000000000000000e+00 5.607661445181206833e-08
6.880000000000000000e+02 0.000000000000000000e+00 0.000000000000000000e+00 5.610105428487325185e-08
6.890000000000000000e+02 0.000000000000000000e+00 0.000000000000000000e+00 5.612526493481639731e-08
6.900000000000000000e+02 0.000000000000000000e+00 0.000000000000000000e+00 5.614923366924602580e-08
6.910000000000000000e+02 0.000000000000000000e+00 0.000000000000000000e+00 5.617297322055760961e-08
6.920000000000000000e+02 0.000000000000000000e+00 0.000000000000000000e+00 5.619648358875115535e-08
6.930000000000000000e+02 0.000000000000000000e+00 0.000000000000000000e+00 5.621977114002437271e-08
6.940000000000000000e+02 0.000000000000000000e+00 0.000000000000000000e+00 5.624282314198178278e-08
6.950000000000000000e+02 0.000000000000000000e+00 0.000000000000000000e+00 5.626565869321662046e-08
6.960000000000000000e+02 0.000000000000000000e+00 0.000000000000000000e+00 5.628827779372883943e-08
6.970000000000000000e+02 0.000000000000000000e+00 0.000000000000000000e+00 5.631067407732072340e-08
6.980000000000000000e+02 0.000000000000000000e+00 0.000000000000000000e+00 5.633285391019001513e-08
6.990000000000000000e+02 0.000000000000000000e+00 0.000000000000000000e+00 5.635481729233669478e-08
7.000000000000000000e+02 0.000000000000000000e+00 0.000000000000000000e+00 5.637657695615621477e-08
7.010000000000000000e+02 0.000000000000000000e+00 0.000000000000000000e+00 5.639812653545085882e-08
7.020000000000000000e+02 0.000000000000000000e+00 0.000000000000000000e+00 5.641947239641834984e-08
7.030000000000000000e+02 0.000000000000000000e+00 0.000000000000000000e+00 5.644061453905868121e-08
7.040000000000000000e+02 0.000000000000000000e+00 0.000000000000000000e+00 5.646155932956956260e-08
7.050000000000000000e+02 0.000000000000000000e+00 0.000000000000000000e+00 5.648230676795103373e-08
7.060000000000000000e+02 0.000000000000000000e+00 0.000000000000000000e+00 5.650286322040078442e-08
7.070000000000000000e+02 0.000000000000000000e+00 0.000000000000000000e+00 5.652323505311654419e-08
7.080000000000000000e+02 0.000000000000000000e+00 0.000000000000000000e+00 5.654341589990059675e-08
7.090000000000000000e+02 0.000000000000000000e+00 0.000000000000000000e+00 5.656341849314838794e-08
7.100000000000000000e+02 0.000000000000000000e+00 0.000000000000000000e+00 5.658324283285990450e-08
7.110000000000000000e+02 0.000000000000000000e+00 0.000000000000000000e+00 5.660288891903516629e-08
7.120000000000000000e+02 0.000000000000000000e+00 0.000000000000000000e+00 5.662236948406961914e-08
7.130000000000000000e+02 0.000000000000000000e+00 0.000000000000000000e+00 5.664167816176552029e-08
7.140000000000000000e+02 0.000000000000000000e+00 0.000000000000000000e+00 5.666082768451834863e-08
7.150000000000000000e+02 0.000000000000000000e+00 0.000000000000000000e+00 5.667981168613033495e-08
7.160000000000000000e+02 0.000000000000000000e+00 0.000000000000000000e+00 5.669864926519470091e-08
7.170000000000000000e+02 0.000000000000000000e+00 0.000000000000000000e+00 5.671733405551369052e-08
7.180000000000000000e+02 0.000000000000000000e+00 0.000000000000000000e+00 5.673587242328502669e-08
7.190000000000000000e+02 0.000000000000000000e+00 0.000000000000000000e+00 5.675427073470645879e-08
7.200000000000000000e+02 0.000000000000000000e+00 0.000000000000000000e+00 5.677252898977797360e-08
7.210000000000000000e+02 0.000000000000000000e+00 0.000000000000000000e+00 5.679065992089499047e-08
7.220000000000000000e+02 0.000000000000000000e+00 0.000000000000000000e+00 5.680865716185981295e-08
7.230000000000000000e+02 0.000000000000000000e+00 0.000000000000000000e+00 5.682653981126562964e-08
7.240000000000000000e+02 0.000000000000000000e+00 0.000000000000000000e+00 5.684429513671695500e-08
7.250000000000000000e+02 0.000000000000000000e+00 0.000000000000000000e+00 5.686194223680698424e-08
7.260000000000000000e+02 0.000000000000000000e+00 0.000000000000000000e+00 5.687947474533799446e-08
7.270000000000000000e+02 0.000000000000000000e+00 0.000000000000000000e+00 5.689690539470541161e-08
7.280000000000000000e+02 0.000000000000000000e+00 0.000000000000000000e+00 5.691424055110699170e-08
7.290000000000000000e+02 0.000000000000000000e+00 0.000000000000000000e+00 5.693148021454270165e-08
7.300000000000000000e+02 0.000000000000000000e+00 0.000000000000000000e+00 5.694863075121028421e-08
7.310000000000000000e+02 0.000000000000000000e+00 0.000000000000000000e+00 5.696570489350518521e-08
7.320000000000000000e+02 0.000000000000000000e+00 0.000000000000000000e+00 5.698269627522966851e-08
7.330000000000000000e+02 0.000000000000000000e+00 0.000000000000000000e+00 5.699961762877919978e-08
7.340000000000000000e+02 0.000000000000000000e+00 0.000000000000000000e+00 5.701647532035148869e-08
7.350000000000000000e+02 0.000000000000000000e+00 0.000000000000000000e+00 5.703326934994654186e-08
7.360000000000000000e+02 0.000000000000000000e+00 0.000000000000000000e+00 5.705001244995981174e-08
7.370000000000000000e+02 0.000000000000000000e+00 0.000000000000000000e+00 5.706670462039129833e-08
7.380000000000000000e+02 0.000000000000000000e+00 0.000000000000000000e+00 5.708335859363642759e-08
7.390000000000000000e+02 0.000000000000000000e+00 0.000000000000000000e+00 5.709996800349750309e-08
7.400000000000000000e+02 0.000000000000000000e+00 0.000000000000000000e+00 5.711655194856766709e-08
7.410000000000000000e+02 0.000000000000000000e+00 0.000000000000000000e+00 5.713310406264923638e-08
7.420000000000000000e+02 0.000000000000000000e+00 0.000000000000000000e+00 5.714963707813761047e-08
7.430000000000000000e+02 0.000000000000000000e+00 0.000000000000000000e+00 5.716615099503283567e-08
7.440000000000000000e+02 0.000000000000000000e+00 0.000000000000000000e+00 5.718265854573031149e-08
7.450000000000000000e+02 0.000000000000000000e+00 0.000000000000000000e+00 5.719916609642781378e-08
7.460000000000000000e+02 0.000000000000000000e+00 0.000000000000000000e+00 5.721566728092757992e-08
7.470000000000000000e+02 0.000000000000000000e+00 0.000000000000000000e+00 5.723218119782279851e-08
7.480000000000000000e+02 0.000000000000000000e+00 0.000000000000000000e+00 5.724870784711346292e-08
7.490000000000000000e+02 0.000000000000000000e+00 0.000000000000000000e+00 5.726525359499729606e-08
7.500000000000000000e+02 0.000000000000000000e+00 0.000000000000000000e+00 5.728182480767202747e-08
7.510000000000000000e+02 0.000000000000000000e+00 0.000000000000000000e+00 5.729842785133537344e-08
7.520000000000000000e+02 0.000000000000000000e+00 0.000000000000000000e+00 5.731506909218505026e-08
7.530000000000000000e+02 0.000000000000000000e+00 0.000000000000000000e+00 5.733174853022109764e-08
7.540000000000000000e+02 0.000000000000000000e+00 0.000000000000000000e+00 5.734847889783891508e-08
7.550000000000000000e+02 0.000000000000000000e+00 0.000000000000000000e+00 5.736526019503850920e-08
7.560000000000000000e+02 0.000000000000000000e+00 0.000000000000000000e+00 5.738209878801764923e-08
7.570000000000000000e+02 0.000000000000000000e+00 0.000000000000000000e+00 5.739900740917172805e-08
7.580000000000000000e+02 0.000000000000000000e+00 0.000000000000000000e+00 5.741598605850077214e-08
7.590000000000000000e+02 0.000000000000000000e+00 0.000000000000000000e+00 5.743304110220249117e-08
7.600000000000000000e+02 0.000000000000000000e+00 0.000000000000000000e+00 5.745017254027690500e-08
7.610000000000000000e+02 0.000000000000000000e+00 0.000000000000000000e+00 5.746739310511945283e-08
7.620000000000000000e+02 0.000000000000000000e+00 0.000000000000000000e+00 5.748470916292785095e-08
7.630000000000000000e+02 0.000000000000000000e+00 0.000000000000000000e+00 5.750212071370209275e-08
7.640000000000000000e+02 0.000000000000000000e+00 0.000000000000000000e+00 5.751964048983765714e-08
7.650000000000000000e+02 0.000000000000000000e+00 0.000000000000000000e+00 5.753726849133452427e-08
7.660000000000000000e+02 0.000000000000000000e+00 0.000000000000000000e+00 5.755500471819268089e-08
7.670000000000000000e+02 0.000000000000000000e+00 0.000000000000000000e+00 5.757286826900531561e-08
7.680000000000000000e+02 0.000000000000000000e+00 0.000000000000000000e+00 5.759085277757469227e-08
7.690000000000000000e+02 0.000000000000000000e+00 0.000000000000000000e+00 5.760896461009856687e-08
7.700000000000000000e+02 0.000000000000000000e+00 0.000000000000000000e+00 5.762721649897233892e-08
7.710000000000000000e+02 0.000000000000000000e+00 0.000000000000000000e+00 5.764560844419602826e-08
7.720000000000000000e+02 0.000000000000000000e+00 0.000000000000000000e+00 5.766414044576965474e-08
7.730000000000000000e+02 0.000000000000000000e+00 0.000000000000000000e+00 5.768282523608863112e-08
7.740000000000000000e+02 0.000000000000000000e+00 0.000000000000000000e+00 5.770166281515299046e-08
7.750000000000000000e+02 0.000000000000000000e+00 0.000000000000000000e+00 5.772065954916044907e-08
7.760000000000000000e+02 0.000000000000000000e+00 0.000000000000000000e+00 5.773982180430871001e-08
7.770000000000000000e+02 0.000000000000000000e+00 0.000000000000000000e+00 5.775914958059779312e-08
7.780000000000000000e+02 0.000000000000000000e+00 0.000000000000000000e+00 5.777865561042313762e-08
7.790000000000000000e+02 0.000000000000000000e+00 0.000000000000000000e+00 5.779833352758700736e-08
7.800000000000000000e+02 0.000000000000000000e+00 0.000000000000000000e+00 5.781819606448488786e-08
7.810000000000000000e+02 0.000000000000000000e+00 0.000000000000000000e+00 5.783824958731446234e-08
7.820000000000000000e+02 0.000000000000000000e+00 0.000000000000000000e+00 5.785848772987803434e-08
7.830000000000000000e+02 0.000000000000000000e+00 0.000000000000000000e+00 5.787892322457103647e-08
7.840000000000000000e+02 0.000000000000000000e+00 0.000000000000000000e+00 5.789955607139346210e-08
7.850000000000000000e+02 0.000000000000000000e+00 0.000000000000000000e+00 5.792039263654305399e-08
7.860000000000000000e+02 0.000000000000000000e+00 0.000000000000000000e+00 5.794143928621752183e-08
7.870000000000000000e+02 0.000000000000000000e+00 0.000000000000000000e+00 5.796269602041687223e-08
7.880000000000000000e+02 0.000000000000000000e+00 0.000000000000000000e+00 5.798416283914111842e-08
7.890000000000000000e+02 0.000000000000000000e+00 0.000000000000000000e+00 5.800585247478566654e-08
7.900000000000000000e+02 0.000000000000000000e+00 0.000000000000000000e+00 5.802775856115284659e-08
7.910000000000000000e+02 0.000000000000000000e+00 0.000000000000000000e+00 5.804989383063806470e-08
7.920000000000000000e+02 0.000000000000000000e+00 0.000000000000000000e+00 5.807225828324134073e-08
7.930000000000000000e+02 0.000000000000000000e+00 0.000000000000000000e+00 5.809485828516039097e-08
7.940000000000000000e+02 0.000000000000000000e+00 0.000000000000000000e+00 5.811768747019749250e-08
7.950000000000000000e+02 0.000000000000000000e+00 0.000000000000000000e+00 5.814075220455036824e-08
7.960000000000000000e+02 0.000000000000000000e+00 0.000000000000000000e+00 5.816406522061447064e-08
7.970000000000000000e+02 0.000000000000000000e+00 0.000000000000000000e+00 5.818762015219206353e-08
7.980000000000000000e+02 0.000000000000000000e+00 0.000000000000000000e+00 5.821141699928316016e-08
7.990000000000000000e+02 0.000000000000000000e+00 0.000000000000000000e+00 5.823546849428320636e-08
8.000000000000000000e+02 0.000000000000000000e+00 0.000000000000000000e+00 5.825977463719220873e-08
8.010000000000000000e+02 0.000000000000000000e+00 0.000000000000000000e+00 5.828432906181243113e-08
8.020000000000000000e+02 0.000000000000000000e+00 0.000000000000000000e+00 5.830914450053931277e-08
8.030000000000000000e+02 0.000000000000000000e+00 0.000000000000000000e+00 5.833422095337288013e-08
8.040000000000000000e+02 0.000000000000000000e+00 0.000000000000000000e+00 5.835955205411537719e-08
8.050000000000000000e+02 0.000000000000000000e+00 0.000000000000000000e+00 5.838515053516228287e-08
8.060000000000000000e+02 0.000000000000000000e+00 0.000000000000000000e+00 5.841101639651357070e-08
8.070000000000000000e+02 0.000000000000000000e+00 0.000000000000000000e+00 5.843714963816926053e-08
8.080000000000000000e+02 0.000000000000000000e+00 0.000000000000000000e+00 5.846354389393162284e-08
8.090000000000000000e+02 0.000000000000000000e+00 0.000000000000000000e+00 5.849021826239381973e-08
8.100000000000000000e+02 0.000000000000000000e+00 0.000000000000000000e+00 5.851716001116042525e-08
8.110000000000000000e+02 0.000000000000000000e+00 0.000000000000000000e+00 5.854437550642914906e-08
8.120000000000000000e+02 0.000000000000000000e+00 0.000000000000000000e+00 5.857187111439770085e-08
8.130000000000000000e+02 0.000000000000000000e+00 0.000000000000000000e+00 5.859963410267063479e-08
8.140000000000000000e+02 0.000000000000000000e+00 0.000000000000000000e+00 5.862767720364343641e-08
8.150000000000000000e+02 0.000000000000000000e+00 0.000000000000000000e+00 5.865600041731605938e-08
8.160000000000000000e+02 0.000000000000000000e+00 0.000000000000000000e+00 5.868459737749081389e-08
8.170000000000000000e+02 0.000000000000000000e+00 0.000000000000000000e+00 5.871348081656313252e-08
8.180000000000000000e+02 0.000000000000000000e+00 0.000000000000000000e+00 5.874263800213756944e-08
8.190000000000000000e+02 0.000000000000000000e+00 0.000000000000000000e+00 5.877208166660957710e-08
8.200000000000000000e+02 0.000000000000000000e+00 0.000000000000000000e+00 5.880179907758369644e-08
8.210000000000000000e+02 0.000000000000000000e+00 0.000000000000000000e+00 5.883180296745537990e-08
8.220000000000000000e+02 0.000000000000000000e+00 0.000000000000000000e+00 5.886208697002689134e-08
8.230000000000000000e+02 0.000000000000000000e+00 0.000000000000000000e+00 5.889265108529827707e-08
8.240000000000000000e+02 0.000000000000000000e+00 0.000000000000000000e+00 5.892349531326946431e-08
8.250000000000000000e+02 0.000000000000000000e+00 0.000000000000000000e+00 5.895462602013824875e-08
8.260000000000000000e+02 0.000000000000000000e+00 0.000000000000000000e+00 5.898603047350914487e-08
8.270000000000000000e+02 0.000000000000000000e+00 0.000000000000000000e+00 5.901772140577759850e-08
8.280000000000000000e+02 0.000000000000000000e+00 0.000000000000000000e+00 5.904968608454818366e-08
8.290000000000000000e+02 0.000000000000000000e+00 0.000000000000000000e+00 5.908193724221632632e-08
8.300000000000000000e+02 0.000000000000000000e+00 0.000000000000000000e+00 5.911446214638658066e-08
8.310000000000000000e+02 0.000000000000000000e+00 0.000000000000000000e+00 5.914726716325668283e-08
8.320000000000000000e+02 0.000000000000000000e+00 0.000000000000000000e+00 5.918034592662890329e-08
8.330000000000000000e+02 0.000000000000000000e+00 0.000000000000000000e+00 5.921370480270096497e-08
8.340000000000000000e+02 0.000000000000000000e+00 0.000000000000000000e+00 5.924733742527513832e-08
8.350000000000000000e+02 0.000000000000000000e+00 0.000000000000000000e+00 5.928123742815370706e-08
8.360000000000000000e+02 0.000000000000000000e+00 0.000000000000000000e+00 5.931541754373213024e-08
8.370000000000000000e+02 0.000000000000000000e+00 0.000000000000000000e+00 5.934986503961494219e-08
8.380000000000000000e+02 0.000000000000000000e+00 0.000000000000000000e+00 5.938457991580214952e-08
8.390000000000000000e+02 0.000000000000000000e+00 0.000000000000000000e+00 5.941956217229374563e-08
8.400000000000000000e+02 0.000000000000000000e+00 0.000000000000000000e+00 5.945481180908973711e-08
8.410000000000000000e+02 0.000000000000000000e+00 0.000000000000000000e+00 5.949032882619013060e-08
8.420000000000000000e+02 0.000000000000000000e+00 0.000000000000000000e+00 5.952610685739718333e-08
8.430000000000000000e+02 0.000000000000000000e+00 0.000000000000000000e+00 5.956213953651319886e-08
8.440000000000000000e+02 0.000000000000000000e+00 0.000000000000000000e+00 5.959843322973586700e-08
8.450000000000000000e+02 0.000000000000000000e+00 0.000000000000000000e+00 5.963498793706520100e-08
8.460000000000000000e+02 0.000000000000000000e+00 0.000000000000000000e+00 5.967179092610577489e-08
8.470000000000000000e+02 0.000000000000000000e+00 0.000000000000000000e+00 5.970884219685756881e-08
8.480000000000000000e+02 0.000000000000000000e+00 0.000000000000000000e+00 5.974614811551831891e-08
8.490000000000000000e+02 0.000000000000000000e+00 0.000000000000000000e+00 5.978369594969255289e-08
8.500000000000000000e+02 0.000000000000000000e+00 0.000000000000000000e+00 5.982149206557802014e-08
8.510000000000000000e+02 0.000000000000000000e+00 0.000000000000000000e+00 5.985952373077926159e-08
8.520000000000000000e+02 0.000000000000000000e+00 0.000000000000000000e+00 5.989779094529627726e-08
8.530000000000000000e+02 0.000000000000000000e+00 0.000000000000000000e+00 5.993630007532677681e-08
8.540000000000000000e+02 0.000000000000000000e+00 0.000000000000000000e+00 5.997503202227763122e-08
8.550000000000000000e+02 0.000000000000000000e+00 0.000000000000000000e+00 6.001399951854424660e-08
8.560000000000000000e+02 0.000000000000000000e+00 0.000000000000000000e+00 6.005318983173120360e-08
8.570000000000000000e+02 0.000000000000000000e+00 0.000000000000000000e+00 6.009260296183847574e-08
8.580000000000000000e+02 0.000000000000000000e+00 0.000000000000000000e+00 6.013223254266835337e-08
8.590000000000000000e+02 0.000000000000000000e+00 0.000000000000000000e+00 6.017207857422083646e-08
8.600000000000000000e+02 0.000000000000000000e+00 0.000000000000000000e+00 6.021214105649593826e-08
8.610000000000000000e+02 0.000000000000000000e+00 0.000000000000000000e+00 6.025240725709819971e-08
8.620000000000000000e+02 0.000000000000000000e+00 0.000000000000000000e+00 6.029288354222531726e-08
8.630000000000000000e+02 0.000000000000000000e+00 0.000000000000000000e+00 6.033355717948188477e-08
8.640000000000000000e+02 0.000000000000000000e+00 0.000000000000000000e+00 6.037443453506559870e-08
8.650000000000000000e+02 0.000000000000000000e+00 0.000000000000000000e+00 6.041550287658103969e-08
8.660000000000000000e+02 0.000000000000000000e+00 0.000000000000000000e+00 6.045676220402818127e-08
8.670000000000000000e+02 0.000000000000000000e+00 0.000000000000000000e+00 6.049820615120931376e-08
8.680000000000000000e+02 0.000000000000000000e+00 0.000000000000000000e+00 6.053984108432214685e-08
8.690000000000000000e+02 0.000000000000000000e+00 0.000000000000000000e+00 6.058164790477353826e-08
8.700000000000000000e+02 0.000000000000000000e+00 0.000000000000000000e+00 6.062363297876117120e-08
8.710000000000000000e+02 0.000000000000000000e+00 0.000000000000000000e+00 6.066578994008734923e-08
8.720000000000000000e+02 0.000000000000000000e+00 0.000000000000000000e+00 6.070811242255433620e-08
8.730000000000000000e+02 0.000000000000000000e+00 0.000000000000000000e+00 6.075060042616217182e-08
8.740000000000000000e+02 0.000000000000000000e+00 0.000000000000000000e+00 6.079324758471306701e-08
8.750000000000000000e+02 0.000000000000000000e+00 0.000000000000000000e+00 6.083604753200933854e-08
8.760000000000000000e+02 0.000000000000000000e+00 0.000000000000000000e+00 6.087900026805097320e-08
8.770000000000000000e+02 0.000000000000000000e+00 0.000000000000000000e+00 6.092209942664026130e-08
8.780000000000000000e+02 0.000000000000000000e+00 0.000000000000000000e+00 6.096534500777718960e-08
8.790000000000000000e+02 0.000000000000000000e+00 0.000000000000000000e+00 6.100872427906632553e-08
8.800000000000000000e+02 0.000000000000000000e+00 0.000000000000000000e+00 6.105224360670535228e-08
8.810000000000000000e+02 0.000000000000000000e+00 0.000000000000000000e+00 6.109589025829889021e-08
8.820000000000000000e+02 0.000000000000000000e+00 0.000000000000000000e+00 6.113965786764916346e-08
8.830000000000000000e+02 0.000000000000000000e+00 0.000000000000000000e+00 6.118355280095390819e-08
8.840000000000000000e+02 0.000000000000000000e+00 0.000000000000000000e+00 6.122756232581766533e-08
8.850000000000000000e+02 0.000000000000000000e+00 0.000000000000000000e+00 6.127168644224048782e-08
8.860000000000000000e+02 0.000000000000000000e+00 0.000000000000000000e+00 6.131591878402457334e-08
8.870000000000000000e+02 0.000000000000000000e+00 0.000000000000000000e+00 6.136025935116997483e-08
8.880000000000000000e+02 0.000000000000000000e+00 0.000000000000000000e+00 6.140469541128123324e-08
8.890000000000000000e+02 0.000000000000000000e+00 0.000000000000000000e+00 6.144922696435834856e-08
8.900000000000000000e+02 0.000000000000000000e+00 0.000000000000000000e+00 6.149385401040130756e-08
8.910000000000000000e+02 0.000000000000000000e+00 0.000000000000000000e+00 6.153856381701469088e-08
8.920000000000000000e+02 0.000000000000000000e+00 0.000000000000000000e+00 6.158336275039619497e-08
8.930000000000000000e+02 0.000000000000000000e+00 0.000000000000000000e+00 6.162823807815038723e-08
8.940000000000000000e+02 0.000000000000000000e+00 0.000000000000000000e+00 6.167318343407954476e-08
8.950000000000000000e+02 0.000000000000000000e+00 0.000000000000000000e+00 6.171820518438137724e-08
8.960000000000000000e+02 0.000000000000000000e+00 0.000000000000000000e+00 6.176329696285816174e-08
8.970000000000000000e+02 0.000000000000000000e+00 0.000000000000000000e+00 6.180844603711446568e-08
8.980000000000000000e+02 0.000000000000000000e+00 0.000000000000000000e+00 6.185365240715028907e-08
8.990000000000000000e+02 0.000000000000000000e+00 0.000000000000000000e+00 6.189890970676790898e-08
9.000000000000000000e+02 0.000000000000000000e+00 0.000000000000000000e+00 6.194421793596731219e-08
9.010000000000000000e+02 0.000000000000000000e+00 0.000000000000000000e+00 6.198957709474849870e-08
9.020000000000000000e+02 0.000000000000000000e+00 0.000000000000000000e+00 6.203496808451829976e-08
9.030000000000000000e+02 0.000000000000000000e+00 0.000000000000000000e+00 6.208039727147445154e-08
9.040000000000000000e+02 0.000000000000000000e+00 0.000000000000000000e+00 6.212586465561695401e-08
9.050000000000000000e+02 0.000000000000000000e+00 0.000000000000000000e+00 6.217135113835261199e-08
9.060000000000000000e+02 0.000000000000000000e+00 0.000000000000000000e+00 6.221686308587917485e-08
9.070000000000000000e+02 0.000000000000000000e+00 0.000000000000000000e+00 6.226240049819664259e-08
9.080000000000000000e+02 0.000000000000000000e+00 0.000000000000000000e+00 6.230794427671180677e-08
9.090000000000000000e+02 0.000000000000000000e+00 0.000000000000000000e+00 6.235350715382015293e-08
9.100000000000000000e+02 0.000000000000000000e+00 0.000000000000000000e+00 6.239907003092849908e-08
9.110000000000000000e+02 0.000000000000000000e+00 0.000000000000000000e+00 6.244463290803685847e-08
9.120000000000000000e+02 0.000000000000000000e+00 0.000000000000000000e+00 6.249020215134291430e-08
9.130000000000000000e+02 0.000000000000000000e+00 0.000000000000000000e+00 6.253575866225352431e-08
9.140000000000000000e+02 0.000000000000000000e+00 0.000000000000000000e+00 6.258130880696645111e-08
9.150000000000000000e+02 0.000000000000000000e+00 0.000000000000000000e+00 6.262684621928389238e-08
9.160000000000000000e+02 0.000000000000000000e+00 0.000000000000000000e+00 6.267236453300816492e-08
9.170000000000000000e+02 0.000000000000000000e+00 0.000000000000000000e+00 6.271785738194157228e-08
9.180000000000000000e+02 0.000000000000000000e+00 0.000000000000000000e+00 6.276332476608406152e-08
9.190000000000000000e+02 0.000000000000000000e+00 0.000000000000000000e+00 6.280876031923792297e-08
9.200000000000000000e+02 0.000000000000000000e+00 0.000000000000000000e+00 6.285416404140316986e-08
9.210000000000000000e+02 0.000000000000000000e+00 0.000000000000000000e+00 6.289952956638211898e-08
9.220000000000000000e+02 0.000000000000000000e+00 0.000000000000000000e+00 6.294485689417467769e-08
9.230000000000000000e+02 0.000000000000000000e+00 0.000000000000000000e+00 6.299013329238545311e-08
9.240000000000000000e+02 0.000000000000000000e+00 0.000000000000000000e+00 6.303536512721218137e-08
9.250000000000000000e+02 0.000000000000000000e+00 0.000000000000000000e+00 6.308053966625937697e-08
9.260000000000000000e+02 0.000000000000000000e+00 0.000000000000000000e+00 6.312565690952706635e-08
9.270000000000000000e+02 0.000000000000000000e+00 0.000000000000000000e+00 6.317071049081751338e-08
9.280000000000000000e+02 0.000000000000000000e+00 0.000000000000000000e+00 6.321570677632846744e-08
9.290000000000000000e+02 0.000000000000000000e+00 0.000000000000000000e+00 6.326062666746672009e-08
9.300000000000000000e+02 0.000000000000000000e+00 0.000000000000000000e+00 6.330548289662773038e-08
9.310000000000000000e+02 0.000000000000000000e+00 0.000000000000000000e+00 6.335025636521835606e-08
9.320000000000000000e+02 0.000000000000000000e+00 0.000000000000000000e+00 6.339495343943629356e-08
9.330000000000000000e+02 0.000000000000000000e+00 0.000000000000000000e+00 6.343956775308380673e-08
9.340000000000000000e+02 0.000000000000000000e+00 0.000000000000000000e+00 6.348409293996318590e-08
9.350000000000000000e+02 0.000000000000000000e+00 0.000000000000000000e+00 6.352852900007443108e-08
9.360000000000000000e+02 0.000000000000000000e+00 0.000000000000000000e+00 6.357286956721984581e-08
9.370000000000000000e+02 0.000000000000000000e+00 0.000000000000000000e+00 6.361712100759711330e-08
9.380000000000000000e+02 0.000000000000000000e+00 0.000000000000000000e+00 6.366126422261307806e-08
9.390000000000000000e+02 0.000000000000000000e+00 0.000000000000000000e+00 6.370533104325636787e-08
9.400000000000000000e+02 0.000000000000000000e+00 0.000000000000000000e+00 6.374925780754974039e-08
9.410000000000000000e+02 0.000000000000000000e+00 0.000000000000000000e+00 6.379305724788861497e-08
9.420000000000000000e+02 0.000000000000000000e+00 0.000000000000000000e+00 6.383679302625026043e-08
9.430000000000000000e+02 0.000000000000000000e+00 0.000000000000000000e+00 6.388040148065746088e-08
9.440000000000000000e+02 0.000000000000000000e+00 0.000000000000000000e+00 6.392388261111016340e-08
9.450000000000000000e+02 0.000000000000000000e+00 0.000000000000000000e+00 6.396723641760839444e-08
9.460000000000000000e+02 0.000000000000000000e+00 0.000000000000000000e+00 6.401046290015214078e-08
9.470000000000000000e+02 0.000000000000000000e+00 0.000000000000000000e+00 6.405356205874144211e-08
9.480000000000000000e+02 0.000000000000000000e+00 0.000000000000000000e+00 6.409653389337624550e-08
9.490000000000000000e+02 0.000000000000000000e+00 0.000000000000000000e+00 6.413937840405657742e-08
9.500000000000000000e+02 0.000000000000000000e+00 0.000000000000000000e+00 6.418203192880522199e-08
9.510000000000000000e+02 0.000000000000000000e+00 0.000000000000000000e+00 6.422462179157659773e-08
9.520000000000000000e+02 0.000000000000000000e+00 0.000000000000000000e+00 6.426702066841627288e-08
9.530000000000000000e+02 0.000000000000000000e+00 0.000000000000000000e+00 6.430929222130148979e-08
9.540000000000000000e+02 0.000000000000000000e+00 0.000000000000000000e+00 6.435143645023222200e-08
9.550000000000000000e+02 0.000000000000000000e+00 0.000000000000000000e+00 6.439338969323124038e-08
9.560000000000000000e+02 0.000000000000000000e+00 0.000000000000000000e+00 6.443521561227580053e-08
9.570000000000000000e+02 0.000000000000000000e+00 0.000000000000000000e+00 6.447691420736587596e-08
9.580000000000000000e+02 0.000000000000000000e+00 0.000000000000000000e+00 6.451842181652423758e-08
9.590000000000000000e+02 0.000000000000000000e+00 0.000000000000000000e+00 6.455980210172814095e-08
9.600000000000000000e+02 0.000000000000000000e+00 0.000000000000000000e+00 6.460099140100031727e-08
9.610000000000000000e+02 0.000000000000000000e+00 0.000000000000000000e+00 6.464198971434079299e-08
9.620000000000000000e+02 0.000000000000000000e+00 0.000000000000000000e+00 6.468286070372679724e-08
9.630000000000000000e+02 0.000000000000000000e+00 0.000000000000000000e+00 6.472354070718107443e-08
9.640000000000000000e+02 0.000000000000000000e+00 0.000000000000000000e+00 6.476409338668089339e-08
9.650000000000000000e+02 0.000000000000000000e+00 0.000000000000000000e+00 6.480445508024899852e-08
9.660000000000000000e+02 0.000000000000000000e+00 0.000000000000000000e+00 6.484462578788538982e-08
9.670000000000000000e+02 0.000000000000000000e+00 0.000000000000000000e+00 6.488460550959008053e-08
9.680000000000000000e+02 0.000000000000000000e+00 0.000000000000000000e+00 6.492445790734028654e-08
9.690000000000000000e+02 0.000000000000000000e+00 0.000000000000000000e+00 6.496405565718154960e-08
9.700000000000000000e+02 0.000000000000000000e+00 0.000000000000000000e+00 6.500352608306834119e-08
9.710000000000000000e+02 0.000000000000000000e+00 0.000000000000000000e+00 6.504280552302343219e-08
9.720000000000000000e+02 0.000000000000000000e+00 0.000000000000000000e+00 6.508189397704678290e-08
9.730000000000000000e+02 0.000000000000000000e+00 0.000000000000000000e+00 6.512085510711568860e-08
9.740000000000000000e+02 0.000000000000000000e+00 0.000000000000000000e+00 6.515956158927563812e-08
9.750000000000000000e+02 0.000000000000000000e+00 0.000000000000000000e+00 6.519807708550388706e-08
9.760000000000000000e+02 0.000000000000000000e+00 0.000000000000000000e+00 6.523640159580040893e-08
9.770000000000000000e+02 0.000000000000000000e+00 0.000000000000000000e+00 6.527459878214245933e-08
9.780000000000000000e+02 0.000000000000000000e+00 0.000000000000000000e+00 6.531254132057556679e-08
9.790000000000000000e+02 0.000000000000000000e+00 0.000000000000000000e+00 6.535029287307696042e-08
9.800000000000000000e+02 0.000000000000000000e+00 0.000000000000000000e+00 6.538785343964665346e-08
9.810000000000000000e+02 0.000000000000000000e+00 0.000000000000000000e+00 6.542528668226186179e-08
9.820000000000000000e+02 0.000000000000000000e+00 0.000000000000000000e+00 6.546246527696812718e-08
9.830000000000000000e+02 0.000000000000000000e+00 0.000000000000000000e+00 6.549938922376543639e-08
9.840000000000000000e+02 0.000000000000000000e+00 0.000000000000000000e+00 6.553618584660830060e-08
9.850000000000000000e+02 0.000000000000000000e+00 0.000000000000000000e+00 6.557279148351942452e-08
9.860000000000000000e+02 0.000000000000000000e+00 0.000000000000000000e+00 6.560920613449884784e-08
9.870000000000000000e+02 0.000000000000000000e+00 0.000000000000000000e+00 6.564536613756932822e-08
9.880000000000000000e+02 0.000000000000000000e+00 0.000000000000000000e+00 6.568133515470810801e-08
9.890000000000000000e+02 0.000000000000000000e+00 0.000000000000000000e+00 6.571711318591516074e-08
9.900000000000000000e+02 0.000000000000000000e+00 0.000000000000000000e+00 6.575270023119051287e-08
9.910000000000000000e+02 0.000000000000000000e+00 0.000000000000000000e+00 6.578809629053413795e-08
9.920000000000000000e+02 0.000000000000000000e+00 0.000000000000000000e+00 6.582323770196883332e-08
9.930000000000000000e+02 0.000000000000000000e+00 0.000000000000000000e+00 6.585825178944905722e-08
9.940000000000000000e+02 0.000000000000000000e+00 0.000000000000000000e+00 6.589301122902032493e-08
9.950000000000000000e+02 0.000000000000000000e+00 0.000000000000000000e+00 6.592757968265987883e-08
9.960000000000000000e+02 0.000000000000000000e+00 0.000000000000000000e+00 6.596195715036773213e-08
9.970000000000000000e+02 0.000000000000000000e+00 0.000000000000000000e+00 6.599614363214387160e-08
9.980000000000000000e+02 0.000000000000000000e+00 0.000000000000000000e+00 6.603007546601106814e-08
9.990000000000000000e+02 0.000000000000000000e+00 0.000000000000000000e+00 6.606387997592377996e-08
1.000000000000000000e+03 0.000000000000000000e+00 0.000000000000000000e+00 6.609742983792754884e-08
1.001000000000000000e+03 0.000000000000000000e+00 0.000000000000000000e+00 6.613078871399963037e-08
1.002000000000000000e+03 0.000000000000000000e+00 0.000000000000000000e+00 6.616395660413995837e-08
1.003000000000000000e+03 0.000000000000000000e+00 0.000000000000000000e+00 6.619693350834859901e-08
1.004000000000000000e+03 0.000000000000000000e+00 0.000000000000000000e+00 6.622965576464829670e-08
1.005000000000000000e+03 0.000000000000000000e+00 0.000000000000000000e+00 6.626225069699352293e-08
1.006000000000000000e+03 0.000000000000000000e+00 0.000000000000000000e+00 6.629459098142980621e-08
1.007000000000000000e+03 0.000000000000000000e+00 0.000000000000000000e+00 6.632680394191159154e-08
1.008000000000000000e+03 0.000000000000000000e+00 0.000000000000000000e+00 6.635876225448444717e-08
1.009000000000000000e+03 0.000000000000000000e+00 0.000000000000000000e+00 6.639052958112560221e-08
1.010000000000000000e+03 0.000000000000000000e+00 0.000000000000000000e+00 6.642210592183501695e-08
1.011000000000000000e+03 0.000000000000000000e+00 0.000000000000000000e+00 6.645355493858998670e-08
1.012000000000000000e+03 0.000000000000000000e+00 0.000000000000000000e+00 6.648474930743600026e-08
1.013000000000000000e+03 0.000000000000000000e+00 0.000000000000000000e+00 6.651575269035027353e-08
1.014000000000000000e+03 0.000000000000000000e+00 0.000000000000000000e+00 6.654662874931011503e-08
1.015000000000000000e+03 0.000000000000000000e+00 0.000000000000000000e+00 6.657725016036101358e-08
1.016000000000000000e+03 0.000000000000000000e+00 0.000000000000000000e+00 6.660774424745740096e-08
1.017000000000000000e+03 0.000000000000000000e+00 0.000000000000000000e+00 6.663804734862211422e-08
1.018000000000000000e+03 0.000000000000000000e+00 0.000000000000000000e+00 6.666815946385508718e-08
1.019000000000000000e+03 0.000000000000000000e+00 0.000000000000000000e+00 6.669808059315635956e-08
1.020000000000000000e+03 0.000000000000000000e+00 0.000000000000000000e+00 6.672787439850317369e-08
1.021000000000000000e+03 0.000000000000000000e+00 0.000000000000000000e+00 6.675747721791826077e-08
1.022000000000000000e+03 0.000000000000000000e+00 0.000000000000000000e+00 6.678688905140164725e-08
1.023000000000000000e+03 0.000000000000000000e+00 0.000000000000000000e+00 6.681610989895331991e-08
1.024000000000000000e+03 0.000000000000000000e+00 0.000000000000000000e+00 6.684520342255052110e-08
1.025000000000000000e+03 0.000000000000000000e+00 0.000000000000000000e+00 6.687410596021599523e-08
1.026000000000000000e+03 0.000000000000000000e+00 0.000000000000000000e+00 6.690288117392701112e-08
1.027000000000000000e+03 0.000000000000000000e+00 0.000000000000000000e+00 6.693146540170632641e-08
1.028000000000000000e+03 0.000000000000000000e+00 0.000000000000000000e+00 6.695992230553115701e-08
1.029000000000000000e+03 0.000000000000000000e+00 0.000000000000000000e+00 6.698818822342427377e-08
1.030000000000000000e+03 0.000000000000000000e+00 0.000000000000000000e+00 6.701632681736291907e-08
1.031000000000000000e+03 0.000000000000000000e+00 0.000000000000000000e+00 6.704433808734709289e-08
1.032000000000000000e+03 0.000000000000000000e+00 0.000000000000000000e+00 6.707215837139956613e-08
1.033000000000000000e+03 0.000000000000000000e+00 0.000000000000000000e+00 6.709991499347478377e-08
1.034000000000000000e+03 0.000000000000000000e+00 0.000000000000000000e+00 6.712748062961831406e-08
1.035000000000000000e+03 0.000000000000000000e+00 0.000000000000000000e+00 6.715485527983011729e-08
1.036000000000000000e+03 0.000000000000000000e+00 0.000000000000000000e+00 6.718216626806467816e-08
1.037000000000000000e+03 0.000000000000000000e+00 0.000000000000000000e+00 6.720934993234476756e-08
1.038000000000000000e+03 0.000000000000000000e+00 0.000000000000000000e+00 6.723634261069315638e-08
1.039000000000000000e+03 0.000000000000000000e+00 0.000000000000000000e+00 6.726327162706431607e-08
1.040000000000000000e+03 0.000000000000000000e+00 0.000000000000000000e+00 6.729007331948097782e-08
1.041000000000000000e+03 0.000000000000000000e+00 0.000000000000000000e+00 6.731674768794318134e-08
1.042000000000000000e+03 0.000000000000000000e+00 0.000000000000000000e+00 6.734329473245092662e-08
1.043000000000000000e+03 0.000000000000000000e+00 0.000000000000000000e+00 6.736971445300416072e-08
1.044000000000000000e+03 0.000000000000000000e+00 0.000000000000000000e+00 6.739607051158019217e-08
1.045000000000000000e+03 0.000000000000000000e+00 0.000000000000000000e+00 6.742229924620172568e-08
1.046000000000000000e+03 0.000000000000000000e+00 0.000000000000000000e+00 6.744846431884604331e-08
1.047000000000000000e+03 0.000000000000000000e+00 0.000000000000000000e+00 6.747450206753586299e-08
1.048000000000000000e+03 0.000000000000000000e+00 0.000000000000000000e+00 6.750041249227123768e-08
1.049000000000000000e+03 0.000000000000000000e+00 0.000000000000000000e+00 6.752632291700658589e-08
1.050000000000000000e+03 0.000000000000000000e+00 0.000000000000000000e+00 6.755204235581024675e-08
1.051000000000000000e+03 0.000000000000000000e+00 0.000000000000000000e+00 6.757776179461389437e-08
1.052000000000000000e+03 0.000000000000000000e+00 0.000000000000000000e+00 6.760335390946308376e-08
1.053000000000000000e+03 0.000000000000000000e+00 0.000000000000000000e+00 6.762888236233501755e-08
1.054000000000000000e+03 0.000000000000000000e+00 0.000000000000000000e+00 6.765441081520695135e-08
1.055000000000000000e+03 0.000000000000000000e+00 0.000000000000000000e+00 6.767974828214717132e-08
1.056000000000000000e+03 0.000000000000000000e+00 0.000000000000000000e+00 6.770508574908740453e-08
1.057000000000000000e+03 0.000000000000000000e+00 0.000000000000000000e+00 6.773042321602763774e-08
1.058000000000000000e+03 0.000000000000000000e+00 0.000000000000000000e+00 6.775563335901338624e-08
1.059000000000000000e+03 0.000000000000000000e+00 0.000000000000000000e+00 6.778077984002190562e-08
1.060000000000000000e+03 0.000000000000000000e+00 0.000000000000000000e+00 6.780592632103043823e-08
1.061000000000000000e+03 0.000000000000000000e+00 0.000000000000000000e+00 6.783100914006170203e-08
1.062000000000000000e+03 0.000000000000000000e+00 0.000000000000000000e+00 6.785602829711576317e-08
1.063000000000000000e+03 0.000000000000000000e+00 0.000000000000000000e+00 6.788104745416981108e-08
1.064000000000000000e+03 0.000000000000000000e+00 0.000000000000000000e+00 6.790600294924661664e-08
1.065000000000000000e+03 0.000000000000000000e+00 0.000000000000000000e+00 6.793095844432342219e-08
1.066000000000000000e+03 0.000000000000000000e+00 0.000000000000000000e+00 6.795591393940024098e-08
1.067000000000000000e+03 0.000000000000000000e+00 0.000000000000000000e+00 6.798080577249981742e-08
1.068000000000000000e+03 0.000000000000000000e+00 0.000000000000000000e+00 6.800569760559938062e-08
1.069000000000000000e+03 0.000000000000000000e+00 0.000000000000000000e+00 6.803058943869895706e-08
1.070000000000000000e+03 0.000000000000000000e+00 0.000000000000000000e+00 6.805548127179852026e-08
1.071000000000000000e+03 0.000000000000000000e+00 0.000000000000000000e+00 6.808037310489809670e-08
1.072000000000000000e+03 0.000000000000000000e+00 0.000000000000000000e+00 6.810526493799765990e-08
1.073000000000000000e+03 0.000000000000000000e+00 0.000000000000000000e+00 6.813015677109724958e-08
1.074000000000000000e+03 0.000000000000000000e+00 0.000000000000000000e+00 6.815504860419681278e-08
1.075000000000000000e+03 0.000000000000000000e+00 0.000000000000000000e+00 6.818000409927363157e-08
1.076000000000000000e+03 0.000000000000000000e+00 0.000000000000000000e+00 6.820495959435043712e-08
1.077000000000000000e+03 0.000000000000000000e+00 0.000000000000000000e+00 6.822991508942724268e-08
1.078000000000000000e+03 0.000000000000000000e+00 0.000000000000000000e+00 6.825487058450406147e-08
1.079000000000000000e+03 0.000000000000000000e+00 0.000000000000000000e+00 6.827995340353533850e-08
1.080000000000000000e+03 0.000000000000000000e+00 0.000000000000000000e+00 6.830497256058938641e-08
1.081000000000000000e+03 0.000000000000000000e+00 0.000000000000000000e+00 6.833011904159789256e-08
1.082000000000000000e+03 0.000000000000000000e+00 0.000000000000000000e+00 6.835526552260641194e-08
1.083000000000000000e+03 0.000000000000000000e+00 0.000000000000000000e+00 6.838047566559217367e-08
1.084000000000000000e+03 0.000000000000000000e+00 0.000000000000000000e+00 6.840574947055517776e-08
1.085000000000000000e+03 0.000000000000000000e+00 0.000000000000000000e+00 6.843108693749539773e-08
1.086000000000000000e+03 0.000000000000000000e+00 0.000000000000000000e+00 6.845642440443563094e-08
1.087000000000000000e+03 0.000000000000000000e+00 0.000000000000000000e+00 6.848188919533033562e-08
1.088000000000000000e+03 0.000000000000000000e+00 0.000000000000000000e+00 6.850741764820226941e-08
1.089000000000000000e+03 0.000000000000000000e+00 0.000000000000000000e+00 6.853300976305144557e-08
1.090000000000000000e+03 0.000000000000000000e+00 0.000000000000000000e+00 6.855866553987786407e-08
1.091000000000000000e+03 0.000000000000000000e+00 0.000000000000000000e+00 6.858444864065875405e-08
1.092000000000000000e+03 0.000000000000000000e+00 0.000000000000000000e+00 6.861029540341687314e-08
1.093000000000000000e+03 0.000000000000000000e+00 0.000000000000000000e+00 6.863620582815223459e-08
1.094000000000000000e+03 0.000000000000000000e+00 0.000000000000000000e+00 6.866224357684206751e-08
1.095000000000000000e+03 0.000000000000000000e+00 0.000000000000000000e+00 6.868834498750912955e-08
1.096000000000000000e+03 0.000000000000000000e+00 0.000000000000000000e+00 6.871457372213068953e-08
1.097000000000000000e+03 0.000000000000000000e+00 0.000000000000000000e+00 6.874092978070670775e-08
1.098000000000000000e+03 0.000000000000000000e+00 0.000000000000000000e+00 6.876734950125994185e-08
1.099000000000000000e+03 0.000000000000000000e+00 0.000000000000000000e+00 6.879389654576768712e-08
1.100000000000000000e+03 0.000000000000000000e+00 0.000000000000000000e+00 6.882057091422989064e-08
1.101000000000000000e+03 0.000000000000000000e+00 0.000000000000000000e+00 6.884730894466932327e-08
1.102000000000000000e+03 0.000000000000000000e+00 0.000000000000000000e+00 6.887423796104046973e-08
1.103000000000000000e+03 0.000000000000000000e+00 0.000000000000000000e+00 6.890129430136610090e-08
1.104000000000000000e+03 0.000000000000000000e+00 0.000000000000000000e+00 6.892841430366896118e-08
1.105000000000000000e+03 0.000000000000000000e+00 0.000000000000000000e+00 6.895572529190352206e-08
1.106000000000000000e+03 0.000000000000000000e+00 0.000000000000000000e+00 6.898316360409256764e-08
1.107000000000000000e+03 0.000000000000000000e+00 0.000000000000000000e+00 6.901072924023608469e-08
1.108000000000000000e+03 0.000000000000000000e+00 0.000000000000000000e+00 6.903842220033407322e-08
1.109000000000000000e+03 0.000000000000000000e+00 0.000000000000000000e+00 6.906624248438653322e-08
1.110000000000000000e+03 0.000000000000000000e+00 0.000000000000000000e+00 6.909425375437072027e-08
1.111000000000000000e+03 0.000000000000000000e+00 0.000000000000000000e+00 6.912239234830936557e-08
1.112000000000000000e+03 0.000000000000000000e+00 0.000000000000000000e+00 6.915072192817971146e-08
1.113000000000000000e+03 0.000000000000000000e+00 0.000000000000000000e+00 6.917917883200454205e-08
1.114000000000000000e+03 0.000000000000000000e+00 0.000000000000000000e+00 6.920776305978385735e-08
1.115000000000000000e+03 0.000000000000000000e+00 0.000000000000000000e+00 6.923653827349486000e-08
1.116000000000000000e+03 0.000000000000000000e+00 0.000000000000000000e+00 6.926544081116034737e-08
1.117000000000000000e+03 0.000000000000000000e+00 0.000000000000000000e+00 6.929459799673479091e-08
1.118000000000000000e+03 0.000000000000000000e+00 0.000000000000000000e+00 6.932381884428645033e-08
1.119000000000000000e+03 0.000000000000000000e+00 0.000000000000000000e+00 6.935329433974707917e-08
1.120000000000000000e+03 0.000000000000000000e+00 0.000000000000000000e+00 6.938289715916216624e-08
1.121000000000000000e+03 0.000000000000000000e+00 0.000000000000000000e+00 6.941269096450898038e-08
1.122000000000000000e+03 0.000000000000000000e+00 0.000000000000000000e+00 6.944261209381023952e-08
1.123000000000000000e+03 0.000000000000000000e+00 0.000000000000000000e+00 6.947278787102048130e-08
1.124000000000000000e+03 0.000000000000000000e+00 0.000000000000000000e+00 6.950309097218515486e-08
1.125000000000000000e+03 0.000000000000000000e+00 0.000000000000000000e+00 6.953358505928158194e-08
1.126000000000000000e+03 0.000000000000000000e+00 0.000000000000000000e+00 6.956427013230969638e-08
1.127000000000000000e+03 0.000000000000000000e+00 0.000000000000000000e+00 6.959514619126952465e-08
1.128000000000000000e+03 0.000000000000000000e+00 0.000000000000000000e+00 6.962614957418383762e-08
1.129000000000000000e+03 0.000000000000000000e+00 0.000000000000000000e+00 6.965740760500706706e-08
1.130000000000000000e+03 0.000000000000000000e+00 0.000000000000000000e+00 6.968885662176202357e-08
1.131000000000000000e+03 0.000000000000000000e+00 0.000000000000000000e+00 6.972049662444869390e-08
1.132000000000000000e+03 0.000000000000000000e+00 0.000000000000000000e+00 6.975226395108983571e-08
1.133000000000000000e+03 0.000000000000000000e+00 0.000000000000000000e+00 6.978428592563992045e-08
1.134000000000000000e+03 0.000000000000000000e+00 0.000000000000000000e+00 6.981649888612173226e-08
1.135000000000000000e+03 0.000000000000000000e+00 0.000000000000000000e+00 6.984890283253524466e-08
1.136000000000000000e+03 0.000000000000000000e+00 0.000000000000000000e+00 6.988149776488045765e-08
1.137000000000000000e+03 0.000000000000000000e+00 0.000000000000000000e+00 6.991428368315738446e-08
1.138000000000000000e+03 0.000000000000000000e+00 0.000000000000000000e+00 6.994726058736603834e-08
1.139000000000000000e+03 0.000000000000000000e+00 0.000000000000000000e+00 6.998049213948362192e-08
1.140000000000000000e+03 0.000000000000000000e+00 0.000000000000000000e+00 7.001385101555567698e-08
1.141000000000000000e+03 0.000000000000000000e+00 0.000000000000000000e+00 7.004746453953670145e-08
1.142000000000000000e+03 0.000000000000000000e+00 0.000000000000000000e+00 7.008126904944941327e-08
1.143000000000000000e+03 0.000000000000000000e+00 0.000000000000000000e+00 7.011526454529383893e-08
1.144000000000000000e+03 0.000000000000000000e+00 0.000000000000000000e+00 7.014945102706997840e-08
1.145000000000000000e+03 0.000000000000000000e+00 0.000000000000000000e+00 7.018382849477781847e-08
1.146000000000000000e+03 0.000000000000000000e+00 0.000000000000000000e+00 7.021839694841738560e-08
1.147000000000000000e+03 0.000000000000000000e+00 0.000000000000000000e+00 7.025322004996588243e-08
1.148000000000000000e+03 0.000000000000000000e+00 0.000000000000000000e+00 7.028823413744610633e-08
1.149000000000000000e+03 0.000000000000000000e+00 0.000000000000000000e+00 7.032343921085803081e-08
1.150000000000000000e+03 0.000000000000000000e+00 0.000000000000000000e+00 7.035883527020166913e-08
1.151000000000000000e+03 0.000000000000000000e+00 0.000000000000000000e+00 7.039442231547702126e-08
1.152000000000000000e+03 0.000000000000000000e+00 0.000000000000000000e+00 7.043020034668407399e-08
1.153000000000000000e+03 0.000000000000000000e+00 0.000000000000000000e+00 7.046623302580008290e-08
1.154000000000000000e+03 0.000000000000000000e+00 0.000000000000000000e+00 7.050239302887056328e-08
1.155000000000000000e+03 0.000000000000000000e+00 0.000000000000000000e+00 7.053880767984998660e-08
1.156000000000000000e+03 0.000000000000000000e+00 0.000000000000000000e+00 7.057541331676112375e-08
1.157000000000000000e+03 0.000000000000000000e+00 0.000000000000000000e+00 7.061214627762673237e-08
1.158000000000000000e+03 0.000000000000000000e+00 0.000000000000000000e+00 7.064913388640127070e-08
1.159000000000000000e+03 0.000000000000000000e+00 0.000000000000000000e+00 7.068631248110756256e-08
1.160000000000000000e+03 0.000000000000000000e+00 0.000000000000000000e+00 7.072368206174554178e-08
1.161000000000000000e+03 0.000000000000000000e+00 0.000000000000000000e+00 7.076124262831520835e-08
1.162000000000000000e+03 0.000000000000000000e+00 0.000000000000000000e+00 7.079899418081662845e-08
1.163000000000000000e+03 0.000000000000000000e+00 0.000000000000000000e+00 7.083693671924972267e-08
1.164000000000000000e+03 0.000000000000000000e+00 0.000000000000000000e+00 7.087500658163731483e-08
1.165000000000000000e+03 0.000000000000000000e+00 0.000000000000000000e+00 7.091333109193383671e-08
1.166000000000000000e+03 0.000000000000000000e+00 0.000000000000000000e+00 7.095184658816207241e-08
1.167000000000000000e+03 0.000000000000000000e+00 0.000000000000000000e+00 7.099048940834479281e-08
1.168000000000000000e+03 0.000000000000000000e+00 0.000000000000000000e+00 7.102932321445920057e-08
1.169000000000000000e+03 0.000000000000000000e+00 0.000000000000000000e+00 7.106834800650534863e-08
1.170000000000000000e+03 0.000000000000000000e+00 0.000000000000000000e+00 7.110756378448318404e-08
1.171000000000000000e+03 0.000000000000000000e+00 0.000000000000000000e+00 7.114697054839273328e-08
1.172000000000000000e+03 0.000000000000000000e+00 0.000000000000000000e+00 7.118650463625676722e-08
1.173000000000000000e+03 0.000000000000000000e+00 0.000000000000000000e+00 7.122622971005250175e-08
1.174000000000000000e+03 0.000000000000000000e+00 0.000000000000000000e+00 7.126608210780270776e-08
1.175000000000000000e+03 0.000000000000000000e+00 0.000000000000000000e+00 7.130618915346188318e-08
1.176000000000000000e+03 0.000000000000000000e+00 0.000000000000000000e+00 7.134635986109826125e-08
1.177000000000000000e+03 0.000000000000000000e+00 0.000000000000000000e+00 7.138672155466637961e-08
1.178000000000000000e+03 0.000000000000000000e+00 0.000000000000000000e+00 7.142727423416618533e-08
1.179000000000000000e+03 0.000000000000000000e+00 0.000000000000000000e+00 7.146795423762046252e-08
1.180000000000000000e+03 0.000000000000000000e+00 0.000000000000000000e+00 7.150882522700648001e-08
1.181000000000000000e+03 0.000000000000000000e+00 0.000000000000000000e+00 7.154975987836971338e-08
1.182000000000000000e+03 0.000000000000000000e+00 0.000000000000000000e+00 7.159094917764188970e-08
1.183000000000000000e+03 0.000000000000000000e+00 0.000000000000000000e+00 7.163220213889130836e-08
1.184000000000000000e+03 0.000000000000000000e+00 0.000000000000000000e+00 7.167364608607244086e-08
1.185000000000000000e+03 0.000000000000000000e+00 0.000000000000000000e+00 7.171515369523080247e-08
1.186000000000000000e+03 0.000000000000000000e+00 0.000000000000000000e+00 7.175685229032087791e-08
1.187000000000000000e+03 0.000000000000000000e+00 0.000000000000000000e+00 7.179867820936543805e-08
1.188000000000000000e+03 0.000000000000000000e+00 0.000000000000000000e+00 7.184063145236445643e-08
1.189000000000000000e+03 0.000000000000000000e+00 0.000000000000000000e+00 7.188277568129518864e-08
1.190000000000000000e+03 0.000000000000000000e+00 0.000000000000000000e+00 7.192498357220314997e-08
1.191000000000000000e+03 0.000000000000000000e+00 0.000000000000000000e+00 7.196731878706560923e-08
1.192000000000000000e+03 0.000000000000000000e+00 0.000000000000000000e+00 7.200971766390528438e-08
1.193000000000000000e+03 0.000000000000000000e+00 0.000000000000000000e+00 7.205230752667667336e-08
1.194000000000000000e+03 0.000000000000000000e+00 0.000000000000000000e+00 7.209496105142530469e-08
1.195000000000000000e+03 0.000000000000000000e+00 0.000000000000000000e+00 7.213774190012840749e-08
1.196000000000000000e+03 0.000000000000000000e+00 0.000000000000000000e+00 7.218065007278596853e-08
1.197000000000000000e+03 0.000000000000000000e+00 0.000000000000000000e+00 7.222362190742078516e-08
1.198000000000000000e+03 0.000000000000000000e+00 0.000000000000000000e+00 7.226672106601007326e-08
1.199000000000000000e+03 0.000000000000000000e+00 0.000000000000000000e+00 7.230988388657659047e-08
1.200000000000000000e+03 0.000000000000000000e+00 0.000000000000000000e+00 7.235317403109759240e-08
1.201000000000000000e+03 0.000000000000000000e+00 0.000000000000000000e+00 7.239652783759582344e-08
1.202000000000000000e+03 0.000000000000000000e+00 0.000000000000000000e+00 7.243994530607128360e-08
1.203000000000000000e+03 0.000000000000000000e+00 0.000000000000000000e+00 7.248349009850124171e-08
1.204000000000000000e+03 0.000000000000000000e+00 0.000000000000000000e+00 7.252709855290841569e-08
1.205000000000000000e+03 0.000000000000000000e+00 0.000000000000000000e+00 7.257077066929284527e-08
1.206000000000000000e+03 0.000000000000000000e+00 0.000000000000000000e+00 7.261450644765449073e-08
1.207000000000000000e+03 0.000000000000000000e+00 0.000000000000000000e+00 7.265830588799337854e-08
1.208000000000000000e+03 0.000000000000000000e+00 0.000000000000000000e+00 7.270216899030950870e-08
1.209000000000000000e+03 0.000000000000000000e+00 0.000000000000000000e+00 7.274609575460286799e-08
1.210000000000000000e+03 0.000000000000000000e+00 0.000000000000000000e+00 7.279008618087345639e-08
1.211000000000000000e+03 0.000000000000000000e+00 0.000000000000000000e+00 7.283414026912131362e-08
1.212000000000000000e+03 0.000000000000000000e+00 0.000000000000000000e+00 7.287819435736913114e-08
1.213000000000000000e+03 0.000000000000000000e+00 0.000000000000000000e+00 7.292231210759421748e-08
1.214000000000000000e+03 0.000000000000000000e+00 0.000000000000000000e+00 7.296649351979651971e-08
1.215000000000000000e+03 0.000000000000000000e+00 0.000000000000000000e+00 7.301073859397606429e-08
1.216000000000000000e+03 0.000000000000000000e+00 0.000000000000000000e+00 7.305498366815560888e-08
1.217000000000000000e+03 0.000000000000000000e+00 0.000000000000000000e+00 7.309922874233515346e-08
1.218000000000000000e+03 0.000000000000000000e+00 0.000000000000000000e+00 7.314353747849194039e-08
1.219000000000000000e+03 0.000000000000000000e+00 0.000000000000000000e+00 7.318784621464874056e-08
1.220000000000000000e+03 0.000000000000000000e+00 0.000000000000000000e+00 7.323215495080551426e-08
1.221000000000000000e+03 0.000000000000000000e+00 0.000000000000000000e+00 7.327652734893954355e-08
1.222000000000000000e+03 0.000000000000000000e+00 0.000000000000000000e+00 7.332089974707355961e-08
1.223000000000000000e+03 0.000000000000000000e+00 0.000000000000000000e+00 7.336527214520758889e-08
1.224000000000000000e+03 0.000000000000000000e+00 0.000000000000000000e+00 7.340964454334159171e-08
1.225000000000000000e+03 0.000000000000000000e+00 0.000000000000000000e+00 7.345401694147560777e-08
1.226000000000000000e+03 0.000000000000000000e+00 0.000000000000000000e+00 7.349838933960965029e-08
1.227000000000000000e+03 0.000000000000000000e+00 0.000000000000000000e+00 7.354276173774365311e-08
1.228000000000000000e+03 0.000000000000000000e+00 0.000000000000000000e+00 7.358707047390042681e-08
1.229000000000000000e+03 0.000000000000000000e+00 0.000000000000000000e+00 7.363144287203446933e-08
1.230000000000000000e+03 0.000000000000000000e+00 0.000000000000000000e+00 7.367575160819122980e-08
1.231000000000000000e+03 0.000000000000000000e+00 0.000000000000000000e+00 7.372006034434802997e-08
1.232000000000000000e+03 0.000000000000000000e+00 0.000000000000000000e+00 7.376430541852757455e-08
1.233000000000000000e+03 0.000000000000000000e+00 0.000000000000000000e+00 7.380855049270711913e-08
1.234000000000000000e+03 0.000000000000000000e+00 0.000000000000000000e+00 7.385273190490942136e-08
1.235000000000000000e+03 0.000000000000000000e+00 0.000000000000000000e+00 7.389691331711173682e-08
1.236000000000000000e+03 0.000000000000000000e+00 0.000000000000000000e+00 7.394096740535958082e-08
1.237000000000000000e+03 0.000000000000000000e+00 0.000000000000000000e+00 7.398508515558465393e-08
1.238000000000000000e+03 0.000000000000000000e+00 0.000000000000000000e+00 7.402907558185526880e-08
1.239000000000000000e+03 0.000000000000000000e+00 0.000000000000000000e+00 7.407306600812584397e-08
1.240000000000000000e+03 0.000000000000000000e+00 0.000000000000000000e+00 7.411692911044197413e-08
1.241000000000000000e+03 0.000000000000000000e+00 0.000000000000000000e+00 7.416079221275810430e-08
1.242000000000000000e+03 0.000000000000000000e+00 0.000000000000000000e+00 7.420459165309700534e-08
1.243000000000000000e+03 0.000000000000000000e+00 0.000000000000000000e+00 7.424826376948142169e-08
1.244000000000000000e+03 0.000000000000000000e+00 0.000000000000000000e+00 7.429193588586582479e-08
1.245000000000000000e+03 0.000000000000000000e+00 0.000000000000000000e+00 7.433548067829576966e-08
1.246000000000000000e+03 0.000000000000000000e+00 0.000000000000000000e+00 7.437896180874845894e-08
1.247000000000000000e+03 0.000000000000000000e+00 0.000000000000000000e+00 7.442237927722395881e-08
1.248000000000000000e+03 0.000000000000000000e+00 0.000000000000000000e+00 7.446566942174493426e-08
1.249000000000000000e+03 0.000000000000000000e+00 0.000000000000000000e+00 7.450889590428869383e-08
1.250000000000000000e+03 0.000000000000000000e+00 0.000000000000000000e+00 7.455199506287798193e-08
1.251000000000000000e+03 0.000000000000000000e+00 0.000000000000000000e+00 7.459503055949002768e-08
1.252000000000000000e+03 0.000000000000000000e+00 0.000000000000000000e+00 7.463793873214760195e-08
1.253000000000000000e+03 0.000000000000000000e+00 0.000000000000000000e+00 7.468078324282794710e-08
1.254000000000000000e+03 0.000000000000000000e+00 0.000000000000000000e+00 7.472350042955380755e-08
1.255000000000000000e+03 0.000000000000000000e+00 0.000000000000000000e+00 7.476609029232519653e-08
1.256000000000000000e+03 0.000000000000000000e+00 0.000000000000000000e+00 7.480855283114211403e-08
1.257000000000000000e+03 0.000000000000000000e+00 0.000000000000000000e+00 7.485088804600457330e-08
1.258000000000000000e+03 0.000000000000000000e+00 0.000000000000000000e+00 7.489309593691253463e-08
1.259000000000000000e+03 0.000000000000000000e+00 0.000000000000000000e+00 7.493524016584326683e-08
1.260000000000000000e+03 0.000000000000000000e+00 0.000000000000000000e+00 7.497719340884229845e-08
1.261000000000000000e+03 0.000000000000000000e+00 0.000000000000000000e+00 7.501901932788684536e-08
1.262000000000000000e+03 0.000000000000000000e+00 0.000000000000000000e+00 7.506071792297692079e-08
1.263000000000000000e+03 0.000000000000000000e+00 0.000000000000000000e+00 7.510228919411251153e-08
1.264000000000000000e+03 0.000000000000000000e+00 0.000000000000000000e+00 7.514366947931642814e-08
1.265000000000000000e+03 0.000000000000000000e+00 0.000000000000000000e+00 7.518498610254306269e-08
1.266000000000000000e+03 0.000000000000000000e+00 0.000000000000000000e+00 7.522611173983800988e-08
1.267000000000000000e+03 0.000000000000000000e+00 0.000000000000000000e+00 7.526704639120124325e-08
1.268000000000000000e+03 0.000000000000000000e+00 0.000000000000000000e+00 7.530785371861000515e-08
1.269000000000000000e+03 0.000000000000000000e+00 0.000000000000000000e+00 7.534853372206429558e-08
1.270000000000000000e+03 0.000000000000000000e+00 0.000000000000000000e+00 7.538902273958688541e-08
1.271000000000000000e+03 0.000000000000000000e+00 0.000000000000000000e+00 7.542932077117773496e-08
1.272000000000000000e+03 0.000000000000000000e+00 0.000000000000000000e+00 7.546949147881413949e-08
1.273000000000000000e+03 0.000000000000000000e+00 0.000000000000000000e+00 7.550953486249605933e-08
1.274000000000000000e+03 0.000000000000000000e+00 0.000000000000000000e+00 7.554932359826903621e-08
1.275000000000000000e+03 0.000000000000000000e+00 0.000000000000000000e+00 7.558898501008754163e-08
1.276000000000000000e+03 0.000000000000000000e+00 0.000000000000000000e+00 7.562845543597431999e-08
1.277000000000000000e+03 0.000000000000000000e+00 0.000000000000000000e+00 7.566773487592941099e-08
1.278000000000000000e+03 0.000000000000000000e+00 0.000000000000000000e+00 7.570688699193001728e-08
1.279000000000000000e+03 0.000000000000000000e+00 0.000000000000000000e+00 7.574578446002168063e-08
1.280000000000000000e+03 0.000000000000000000e+00 0.000000000000000000e+00 7.578455460415884603e-08
1.281000000000000000e+03 0.000000000000000000e+00 0.000000000000000000e+00 7.582313376236433732e-08
1.282000000000000000e+03 0.000000000000000000e+00 0.000000000000000000e+00 7.586145827266085919e-08
1.283000000000000000e+03 0.000000000000000000e+00 0.000000000000000000e+00 7.589965545900289636e-08
1.284000000000000000e+03 0.000000000000000000e+00 0.000000000000000000e+00 7.593766165941325940e-08
1.285000000000000000e+03 0.000000000000000000e+00 0.000000000000000000e+00 7.597541321191465304e-08
1.286000000000000000e+03 0.000000000000000000e+00 0.000000000000000000e+00 7.601303744046157520e-08
1.287000000000000000e+03 0.000000000000000000e+00 0.000000000000000000e+00 7.605040702109956765e-08
1.288000000000000000e+03 0.000000000000000000e+00 0.000000000000000000e+00 7.608758561580581980e-08
1.289000000000000000e+03 0.000000000000000000e+00 0.000000000000000000e+00 7.612463688655761372e-08
1.290000000000000000e+03 0.000000000000000000e+00 0.000000000000000000e+00 7.616136984742322234e-08
1.291000000000000000e+03 0.000000000000000000e+00 0.000000000000000000e+00 7.619797548433435949e-08
1.292000000000000000e+03 0.000000000000000000e+00 0.000000000000000000e+00 7.623439013531378281e-08
1.293000000000000000e+03 0.000000000000000000e+00 0.000000000000000000e+00 7.627055013838427643e-08
1.294000000000000000e+03 0.000000000000000000e+00 0.000000000000000000e+00 7.630651915552302974e-08
1.295000000000000000e+03 0.000000000000000000e+00 0.000000000000000000e+00 7.634229718673010894e-08
1.296000000000000000e+03 0.000000000000000000e+00 0.000000000000000000e+00 7.637782057002820549e-08
1.297000000000000000e+03 0.000000000000000000e+00 0.000000000000000000e+00 7.641321662937184380e-08
1.298000000000000000e+03 0.000000000000000000e+00 0.000000000000000000e+00 7.644835804080652594e-08
1.299000000000000000e+03 0.000000000000000000e+00 0.000000000000000000e+00 7.648324480433226513e-08
1.300000000000000000e+03 0.000000000000000000e+00 0.000000000000000000e+00 7.651794058192630373e-08
1.301000000000000000e+03 0.000000000000000000e+00 0.000000000000000000e+00 7.655244537358865497e-08
1.302000000000000000e+03 0.000000000000000000e+00 0.000000000000000000e+00 7.658675917931925268e-08
1.303000000000000000e+03 0.000000000000000000e+00 0.000000000000000000e+00 7.662081833714092069e-08
1.304000000000000000e+03 0.000000000000000000e+00 0.000000000000000000e+00 7.665468650903087487e-08
1.305000000000000000e+03 0.000000000000000000e+00 0.000000000000000000e+00 7.668836369498911522e-08
1.306000000000000000e+03 0.000000000000000000e+00 0.000000000000000000e+00 7.672178623303841263e-08
1.307000000000000000e+03 0.000000000000000000e+00 0.000000000000000000e+00 7.675501778515600945e-08
1.308000000000000000e+03 0.000000000000000000e+00 0.000000000000000000e+00 7.678799468936463685e-08
1.309000000000000000e+03 0.000000000000000000e+00 0.000000000000000000e+00 7.682078060764157690e-08
1.310000000000000000e+03 0.000000000000000000e+00 0.000000000000000000e+00 7.685337553998681636e-08
1.311000000000000000e+03 0.000000000000000000e+00 0.000000000000000000e+00 7.688577948640028905e-08
1.312000000000000000e+03 0.000000000000000000e+00 0.000000000000000000e+00 7.691792878490485851e-08
1.313000000000000000e+03 0.000000000000000000e+00 0.000000000000000000e+00 7.694982343550048502e-08
1.314000000000000000e+03 0.000000000000000000e+00 0.000000000000000000e+00 7.698159076214162682e-08
1.315000000000000000e+03 0.000000000000000000e+00 0.000000000000000000e+00 7.701310344087381245e-08
1.316000000000000000e+03 0.000000000000000000e+00 0.000000000000000000e+00 7.704442513367431072e-08
1.317000000000000000e+03 0.000000000000000000e+00 0.000000000000000000e+00 7.707549217856582634e-08
1.318000000000000000e+03 0.000000000000000000e+00 0.000000000000000000e+00 7.710636823752568107e-08
1.319000000000000000e+03 0.000000000000000000e+00 0.000000000000000000e+00 7.713705331055378228e-08
1.320000000000000000e+03 0.000000000000000000e+00 0.000000000000000000e+00 7.716754739765019613e-08
1.321000000000000000e+03 0.000000000000000000e+00 0.000000000000000000e+00 7.719778683683765380e-08
1.322000000000000000e+03 0.000000000000000000e+00 0.000000000000000000e+00 7.722789895207064000e-08
1.323000000000000000e+03 0.000000000000000000e+00 0.000000000000000000e+00 7.725775641939467002e-08
1.324000000000000000e+03 0.000000000000000000e+00 0.000000000000000000e+00 7.728742290078701268e-08
1.325000000000000000e+03 0.000000000000000000e+00 0.000000000000000000e+00 7.731683473427038593e-08
1.326000000000000000e+03 0.000000000000000000e+00 0.000000000000000000e+00 7.734611924379928771e-08
1.327000000000000000e+03 0.000000000000000000e+00 0.000000000000000000e+00 7.737514910541925978e-08
1.328000000000000000e+03 0.000000000000000000e+00 0.000000000000000000e+00 7.740398798110750478e-08
1.329000000000000000e+03 0.000000000000000000e+00 0.000000000000000000e+00 7.743269953284130479e-08
1.330000000000000000e+03 0.000000000000000000e+00 0.000000000000000000e+00 7.746115643666610891e-08
1.331000000000000000e+03 0.000000000000000000e+00 0.000000000000000000e+00 7.748942235455923892e-08
1.332000000000000000e+03 0.000000000000000000e+00 0.000000000000000000e+00 7.751749728652062862e-08
1.333000000000000000e+03 0.000000000000000000e+00 0.000000000000000000e+00 7.754544489452758656e-08
1.334000000000000000e+03 0.000000000000000000e+00 0.000000000000000000e+00 7.757313785462556185e-08
1.335000000000000000e+03 0.000000000000000000e+00 0.000000000000000000e+00 7.760063982879184979e-08
1.336000000000000000e+03 0.000000000000000000e+00 0.000000000000000000e+00 7.762801447900366625e-08
1.337000000000000000e+03 0.000000000000000000e+00 0.000000000000000000e+00 7.765519814328375565e-08
1.338000000000000000e+03 0.000000000000000000e+00 0.000000000000000000e+00 7.768219082163214447e-08
1.339000000000000000e+03 0.000000000000000000e+00 0.000000000000000000e+00 7.770899251404881945e-08
1.340000000000000000e+03 0.000000000000000000e+00 0.000000000000000000e+00 7.773566688251102297e-08
1.341000000000000000e+03 0.000000000000000000e+00 0.000000000000000000e+00 7.776215026504151266e-08
1.342000000000000000e+03 0.000000000000000000e+00 0.000000000000000000e+00 7.778844266164030176e-08
1.343000000000000000e+03 0.000000000000000000e+00 0.000000000000000000e+00 7.781460773428460615e-08
1.344000000000000000e+03 0.000000000000000000e+00 0.000000000000000000e+00 7.784058182099719672e-08
1.345000000000000000e+03 0.000000000000000000e+00 0.000000000000000000e+00 7.786642858375531581e-08
1.346000000000000000e+03 0.000000000000000000e+00 0.000000000000000000e+00 7.789208436058173432e-08
1.347000000000000000e+03 0.000000000000000000e+00 0.000000000000000000e+00 7.791761281345366811e-08
1.348000000000000000e+03 0.000000000000000000e+00 0.000000000000000000e+00 7.794301394237114367e-08
1.349000000000000000e+03 0.000000000000000000e+00 0.000000000000000000e+00 7.796822408535690541e-08
1.350000000000000000e+03 0.000000000000000000e+00 0.000000000000000000e+00 7.799337056636541155e-08
1.351000000000000000e+03 0.000000000000000000e+00 0.000000000000000000e+00 7.801832606144221711e-08
1.352000000000000000e+03 0.000000000000000000e+00 0.000000000000000000e+00 7.804315423256456443e-08
1.353000000000000000e+03 0.000000000000000000e+00 0.000000000000000000e+00 7.806779141775518469e-08
1.354000000000000000e+03 0.000000000000000000e+00 0.000000000000000000e+00 7.809236494096857583e-08
1.355000000000000000e+03 0.000000000000000000e+00 0.000000000000000000e+00 7.811681114022749550e-08
1.356000000000000000e+03 0.000000000000000000e+00 0.000000000000000000e+00 7.814113001553193046e-08
1.357000000000000000e+03 0.000000000000000000e+00 0.000000000000000000e+00 7.816538522885914953e-08
1.358000000000000000e+03 0.000000000000000000e+00 0.000000000000000000e+00 7.818944945625462832e-08
1.359000000000000000e+03 0.000000000000000000e+00 0.000000000000000000e+00 7.821345002167289122e-08
1.360000000000000000e+03 0.000000000000000000e+00 0.000000000000000000e+00 7.823732326313666941e-08
1.361000000000000000e+03 0.000000000000000000e+00 0.000000000000000000e+00 7.826113284262323171e-08
1.362000000000000000e+03 0.000000000000000000e+00 0.000000000000000000e+00 7.828481509815530932e-08
1.363000000000000000e+03 0.000000000000000000e+00 0.000000000000000000e+00 7.830837002973290221e-08
1.364000000000000000e+03 0.000000000000000000e+00 0.000000000000000000e+00 7.833192496131050834e-08
1.365000000000000000e+03 0.000000000000000000e+00 0.000000000000000000e+00 7.835535256893362976e-08
1.366000000000000000e+03 0.000000000000000000e+00 0.000000000000000000e+00 7.837865285260227971e-08
1.367000000000000000e+03 0.000000000000000000e+00 0.000000000000000000e+00 7.840195313627094290e-08
1.368000000000000000e+03 0.000000000000000000e+00 0.000000000000000000e+00 7.842512609598509491e-08
1.369000000000000000e+03 0.000000000000000000e+00 0.000000000000000000e+00 7.844829905569928662e-08
1.370000000000000000e+03 0.000000000000000000e+00 0.000000000000000000e+00 7.847134469145899363e-08
1.371000000000000000e+03 0.000000000000000000e+00 0.000000000000000000e+00 7.849439032721868740e-08
1.372000000000000000e+03 0.000000000000000000e+00 0.000000000000000000e+00 7.851737230100117852e-08
1.373000000000000000e+03 0.000000000000000000e+00 0.000000000000000000e+00 7.854029061280641405e-08
1.374000000000000000e+03 0.000000000000000000e+00 0.000000000000000000e+00 7.856314526263442047e-08
1.375000000000000000e+03 0.000000000000000000e+00 0.000000000000000000e+00 7.858599991246240042e-08
1.376000000000000000e+03 0.000000000000000000e+00 0.000000000000000000e+00 7.860885456229040683e-08
1.377000000000000000e+03 0.000000000000000000e+00 0.000000000000000000e+00 7.863164555014115766e-08
1.378000000000000000e+03 0.000000000000000000e+00 0.000000000000000000e+00 7.865437287601466613e-08
1.379000000000000000e+03 0.000000000000000000e+00 0.000000000000000000e+00 7.867716386386544343e-08
1.380000000000000000e+03 0.000000000000000000e+00 0.000000000000000000e+00 7.869989118973895191e-08
1.381000000000000000e+03 0.000000000000000000e+00 0.000000000000000000e+00 7.872261851561248685e-08
1.382000000000000000e+03 0.000000000000000000e+00 0.000000000000000000e+00 7.874528217950877944e-08
1.383000000000000000e+03 0.000000000000000000e+00 0.000000000000000000e+00 7.876800950538228791e-08
1.384000000000000000e+03 0.000000000000000000e+00 0.000000000000000000e+00 7.879073683125580962e-08
1.385000000000000000e+03 0.000000000000000000e+00 0.000000000000000000e+00 7.881352781910658692e-08
1.386000000000000000e+03 0.000000000000000000e+00 0.000000000000000000e+00 7.883625514498009539e-08
1.387000000000000000e+03 0.000000000000000000e+00 0.000000000000000000e+00 7.885904613283085946e-08
1.388000000000000000e+03 0.000000000000000000e+00 0.000000000000000000e+00 7.888183712068162352e-08
1.389000000000000000e+03 0.000000000000000000e+00 0.000000000000000000e+00 7.890469177050961670e-08
1.390000000000000000e+03 0.000000000000000000e+00 0.000000000000000000e+00 7.892754642033759665e-08
1.391000000000000000e+03 0.000000000000000000e+00 0.000000000000000000e+00 7.895046473214284542e-08
1.392000000000000000e+03 0.000000000000000000e+00 0.000000000000000000e+00 7.897338304394806772e-08
1.393000000000000000e+03 0.000000000000000000e+00 0.000000000000000000e+00 7.899642867970777472e-08
1.394000000000000000e+03 0.000000000000000000e+00 0.000000000000000000e+00 7.901947431546748173e-08
1.395000000000000000e+03 0.000000000000000000e+00 0.000000000000000000e+00 7.904258361320444432e-08
1.396000000000000000e+03 0.000000000000000000e+00 0.000000000000000000e+00 7.906582023489585192e-08
1.397000000000000000e+03 0.000000000000000000e+00 0.000000000000000000e+00 7.908905685658725952e-08
1.398000000000000000e+03 0.000000000000000000e+00 0.000000000000000000e+00 7.911242080223313859e-08
1.399000000000000000e+03 0.000000000000000000e+00 0.000000000000000000e+00 7.913578474787905736e-08
1.400000000000000000e+03 0.000000000000000000e+00 0.000000000000000000e+00 7.915933967945665025e-08
1.401000000000000000e+03 0.000000000000000000e+00 0.000000000000000000e+00 7.918289461103424315e-08
1.402000000000000000e+03 0.000000000000000000e+00 0.000000000000000000e+00 7.920657686656632075e-08
1.403000000000000000e+03 0.000000000000000000e+00 0.000000000000000000e+00 7.923038644605285659e-08
1.404000000000000000e+03 0.000000000000000000e+00 0.000000000000000000e+00 7.925425968751664801e-08
1.405000000000000000e+03 0.000000000000000000e+00 0.000000000000000000e+00 7.927826025293489768e-08
1.406000000000000000e+03 0.000000000000000000e+00 0.000000000000000000e+00 7.930238814230763205e-08
1.407000000000000000e+03 0.000000000000000000e+00 0.000000000000000000e+00 7.932664335563485113e-08
1.408000000000000000e+03 0.000000000000000000e+00 0.000000000000000000e+00 7.935096223093928609e-08
1.409000000000000000e+03 0.000000000000000000e+00 0.000000000000000000e+00 7.937547209217544811e-08
1.410000000000000000e+03 0.000000000000000000e+00 0.000000000000000000e+00 7.940010927736605513e-08
1.411000000000000000e+03 0.000000000000000000e+00 0.000000000000000000e+00 7.942487378651117333e-08
1.412000000000000000e+03 0.000000000000000000e+00 0.000000000000000000e+00 7.944976561961073653e-08
1.413000000000000000e+03 0.000000000000000000e+00 0.000000000000000000e+00 7.947478477666478444e-08
1.414000000000000000e+03 0.000000000000000000e+00 0.000000000000000000e+00 7.949999491965054618e-08
1.415000000000000000e+03 0.000000000000000000e+00 0.000000000000000000e+00 7.952533238659076615e-08
1.416000000000000000e+03 0.000000000000000000e+00 0.000000000000000000e+00 7.955086083946272642e-08
1.417000000000000000e+03 0.000000000000000000e+00 0.000000000000000000e+00 7.957651661628911845e-08
1.418000000000000000e+03 0.000000000000000000e+00 0.000000000000000000e+00 7.960236337904725078e-08
1.419000000000000000e+03 0.000000000000000000e+00 0.000000000000000000e+00 7.962840112773708370e-08
1.420000000000000000e+03 0.000000000000000000e+00 0.000000000000000000e+00 7.965456620038137486e-08
1.421000000000000000e+03 0.000000000000000000e+00 0.000000000000000000e+00 7.968092225895740631e-08
1.422000000000000000e+03 0.000000000000000000e+00 0.000000000000000000e+00 7.970753296544235424e-08
1.423000000000000000e+03 0.000000000000000000e+00 0.000000000000000000e+00 7.973427099588181334e-08
1.424000000000000000e+03 0.000000000000000000e+00 0.000000000000000000e+00 7.976120001225294657e-08
1.425000000000000000e+03 0.000000000000000000e+00 0.000000000000000000e+00 7.978832001455582009e-08
1.426000000000000000e+03 0.000000000000000000e+00 0.000000000000000000e+00 7.981569466476761008e-08
1.427000000000000000e+03 0.000000000000000000e+00 0.000000000000000000e+00 7.984319663893392448e-08
1.428000000000000000e+03 0.000000000000000000e+00 0.000000000000000000e+00 7.987095326100911566e-08
1.429000000000000000e+03 0.000000000000000000e+00 0.000000000000000000e+00 7.989890086901604713e-08
1.430000000000000000e+03 0.000000000000000000e+00 0.000000000000000000e+00 7.992710312493193478e-08
1.431000000000000000e+03 0.000000000000000000e+00 0.000000000000000000e+00 7.995549636677953625e-08
1.432000000000000000e+03 0.000000000000000000e+00 0.000000000000000000e+00 7.998408059455885155e-08
1.433000000000000000e+03 0.000000000000000000e+00 0.000000000000000000e+00 8.001291947024709656e-08
1.434000000000000000e+03 0.000000000000000000e+00 0.000000000000000000e+00 8.004201299384428451e-08
1.435000000000000000e+03 0.000000000000000000e+00 0.000000000000000000e+00 8.007129750337318629e-08
1.436000000000000000e+03 0.000000000000000000e+00 0.000000000000000000e+00 8.010083666081105748e-08
1.437000000000000000e+03 0.000000000000000000e+00 0.000000000000000000e+00 8.013063046615787162e-08
1.438000000000000000e+03 0.000000000000000000e+00 0.000000000000000000e+00 8.016067891941361546e-08
1.439000000000000000e+03 0.000000000000000000e+00 0.000000000000000000e+00 8.019091835860107313e-08
1.440000000000000000e+03 0.000000000000000000e+00 0.000000000000000000e+00 8.022141244569747375e-08
1.441000000000000000e+03 0.000000000000000000e+00 0.000000000000000000e+00 8.025222484268008613e-08
1.442000000000000000e+03 0.000000000000000000e+00 0.000000000000000000e+00 8.028322822559438586e-08
1.443000000000000000e+03 0.000000000000000000e+00 0.000000000000000000e+00 8.031448625641761531e-08
1.444000000000000000e+03 0.000000000000000000e+00 0.000000000000000000e+00 8.034599893514982741e-08
1.445000000000000000e+03 0.000000000000000000e+00 0.000000000000000000e+00 8.037782992376818509e-08
1.446000000000000000e+03 0.000000000000000000e+00 0.000000000000000000e+00 8.040985189831829631e-08
1.447000000000000000e+03 0.000000000000000000e+00 0.000000000000000000e+00 8.044219218275455312e-08
1.448000000000000000e+03 0.000000000000000000e+00 0.000000000000000000e+00 8.047478711509977934e-08
1.449000000000000000e+03 0.000000000000000000e+00 0.000000000000000000e+00 8.050763669535394851e-08
1.450000000000000000e+03 0.000000000000000000e+00 0.000000000000000000e+00 8.054080458549430298e-08
1.451000000000000000e+03 0.000000000000000000e+00 0.000000000000000000e+00 8.057422712354358715e-08
1.452000000000000000e+03 0.000000000000000000e+00 0.000000000000000000e+00 8.060790430950184074e-08
1.453000000000000000e+03 0.000000000000000000e+00 0.000000000000000000e+00 8.064189980534629286e-08
1.454000000000000000e+03 0.000000000000000000e+00 0.000000000000000000e+00 8.067614994909966146e-08
1.455000000000000000e+03 0.000000000000000000e+00 0.000000000000000000e+00 8.071065474076195976e-08
1.456000000000000000e+03 0.000000000000000000e+00 0.000000000000000000e+00 8.074547784231048307e-08
1.457000000000000000e+03 0.000000000000000000e+00 0.000000000000000000e+00 8.078061925374516520e-08
1.458000000000000000e+03 0.000000000000000000e+00 0.000000000000000000e+00 8.081601531308880351e-08
1.459000000000000000e+03 0.000000000000000000e+00 0.000000000000000000e+00 8.085166602034138477e-08
1.460000000000000000e+03 0.000000000000000000e+00 0.000000000000000000e+00 8.088769869945739368e-08
1.461000000000000000e+03 0.000000000000000000e+00 0.000000000000000000e+00 8.092392236450510317e-08
1.462000000000000000e+03 0.000000000000000000e+00 0.000000000000000000e+00 8.096052800141624032e-08
1.463000000000000000e+03 0.000000000000000000e+00 0.000000000000000000e+00 8.099738828623632041e-08
1.464000000000000000e+03 0.000000000000000000e+00 0.000000000000000000e+00 8.103450321896535669e-08
1.465000000000000000e+03 0.000000000000000000e+00 0.000000000000000000e+00 8.107200012355780737e-08
1.466000000000000000e+03 0.000000000000000000e+00 0.000000000000000000e+00 8.110975167605920100e-08
1.467000000000000000e+03 0.000000000000000000e+00 0.000000000000000000e+00 8.114782153844677993e-08
1.468000000000000000e+03 0.000000000000000000e+00 0.000000000000000000e+00 8.118614604874331504e-08
1.469000000000000000e+03 0.000000000000000000e+00 0.000000000000000000e+00 8.122478886892602221e-08
1.470000000000000000e+03 0.000000000000000000e+00 0.000000000000000000e+00 8.126374999899491468e-08
1.471000000000000000e+03 0.000000000000000000e+00 0.000000000000000000e+00 8.130302943895001891e-08
1.472000000000000000e+03 0.000000000000000000e+00 0.000000000000000000e+00 8.134256352681402639e-08
1.473000000000000000e+03 0.000000000000000000e+00 0.000000000000000000e+00 8.138241592456424563e-08
1.474000000000000000e+03 0.000000000000000000e+00 0.000000000000000000e+00 8.142258663220062370e-08
1.475000000000000000e+03 0.000000000000000000e+00 0.000000000000000000e+00 8.146307564972321353e-08
1.476000000000000000e+03 0.000000000000000000e+00 0.000000000000000000e+00 8.150381931515473308e-08
1.477000000000000000e+03 0.000000000000000000e+00 0.000000000000000000e+00 8.154488129047245116e-08
1.478000000000000000e+03 0.000000000000000000e+00 0.000000000000000000e+00 8.158626157567632806e-08
1.479000000000000000e+03 0.000000000000000000e+00 0.000000000000000000e+00 8.162796017076641673e-08
1.480000000000000000e+03 0.000000000000000000e+00 0.000000000000000000e+00 8.166991341376543511e-08
1.481000000000000000e+03 0.000000000000000000e+00 0.000000000000000000e+00 8.171218496665063879e-08
1.482000000000000000e+03 0.000000000000000000e+00 0.000000000000000000e+00 8.175477482942202777e-08
1.483000000000000000e+03 0.000000000000000000e+00 0.000000000000000000e+00 8.179768300207960204e-08
1.484000000000000000e+03 0.000000000000000000e+00 0.000000000000000000e+00 8.184084582264613250e-08
1.485000000000000000e+03 0.000000000000000000e+00 0.000000000000000000e+00 8.188432695309884825e-08
1.486000000000000000e+03 0.000000000000000000e+00 0.000000000000000000e+00 8.192812639343770959e-08
1.487000000000000000e+03 0.000000000000000000e+00 0.000000000000000000e+00 8.197218048168556681e-08
1.488000000000000000e+03 0.000000000000000000e+00 0.000000000000000000e+00 8.201661654179681199e-08
1.489000000000000000e+03 0.000000000000000000e+00 0.000000000000000000e+00 8.206124358783981069e-08
1.490000000000000000e+03 0.000000000000000000e+00 0.000000000000000000e+00 8.210625260574618410e-08
1.491000000000000000e+03 0.000000000000000000e+00 0.000000000000000000e+00 8.215151627156151370e-08
1.492000000000000000e+03 0.000000000000000000e+00 0.000000000000000000e+00 8.219709824726304182e-08
1.493000000000000000e+03 0.000000000000000000e+00 0.000000000000000000e+00 8.224293487087349965e-08
1.494000000000000000e+03 0.000000000000000000e+00 0.000000000000000000e+00 8.228908980437012955e-08
1.495000000000000000e+03 0.000000000000000000e+00 0.000000000000000000e+00 8.233549938577574210e-08
1.496000000000000000e+03 0.000000000000000000e+00 0.000000000000000000e+00 8.238222727706753994e-08
1.497000000000000000e+03 0.000000000000000000e+00 0.000000000000000000e+00 8.242920981626824102e-08
1.498000000000000000e+03 0.000000000000000000e+00 0.000000000000000000e+00 8.247651066535516710e-08
1.499000000000000000e+03 0.000000000000000000e+00 0.000000000000000000e+00 8.252412982432825202e-08
1.500000000000000000e+03 0.000000000000000000e+00 0.000000000000000000e+00 8.257200363121030634e-08
1.501000000000000000e+03 0.000000000000000000e+00 0.000000000000000000e+00 8.262013208600130361e-08
1.502000000000000000e+03 0.000000000000000000e+00 0.000000000000000000e+00 8.266851518870121735e-08
1.503000000000000000e+03 0.000000000000000000e+00 0.000000000000000000e+00 8.271721660128735610e-08
1.504000000000000000e+03 0.000000000000000000e+00 0.000000000000000000e+00 8.276623632375965367e-08
1.505000000000000000e+03 0.000000000000000000e+00 0.000000000000000000e+00 8.281544703216366507e-08
1.506000000000000000e+03 0.000000000000000000e+00 0.000000000000000000e+00 8.286497605045386177e-08
1.507000000000000000e+03 0.000000000000000000e+00 0.000000000000000000e+00 8.291475971665301464e-08
1.508000000000000000e+03 0.000000000000000000e+00 0.000000000000000000e+00 8.296479803076111046e-08
1.509000000000000000e+03 0.000000000000000000e+00 0.000000000000000000e+00 8.301509099277812275e-08
1.510000000000000000e+03 0.000000000000000000e+00 0.000000000000000000e+00 8.306563860270411770e-08
1.511000000000000000e+03 0.000000000000000000e+00 0.000000000000000000e+00 8.311650452251628470e-08
1.512000000000000000e+03 0.000000000000000000e+00 0.000000000000000000e+00 8.316756142826017876e-08
1.513000000000000000e+03 0.000000000000000000e+00 0.000000000000000000e+00 8.321893664389023166e-08
1.514000000000000000e+03 0.000000000000000000e+00 0.000000000000000000e+00 8.327050284545201161e-08
1.515000000000000000e+03 0.000000000000000000e+00 0.000000000000000000e+00 8.332232369492272127e-08
1.516000000000000000e+03 0.000000000000000000e+00 0.000000000000000000e+00 8.337439919230240035e-08
1.517000000000000000e+03 0.000000000000000000e+00 0.000000000000000000e+00 8.342672933759102236e-08
1.518000000000000000e+03 0.000000000000000000e+00 0.000000000000000000e+00 8.347925046881133174e-08
1.519000000000000000e+03 0.000000000000000000e+00 0.000000000000000000e+00 8.353208990991785288e-08
1.520000000000000000e+03 0.000000000000000000e+00 0.000000000000000000e+00 8.358512033695607461e-08
1.521000000000000000e+03 0.000000000000000000e+00 0.000000000000000000e+00 8.363834174992599694e-08
1.522000000000000000e+03 0.000000000000000000e+00 0.000000000000000000e+00 8.369181781080488867e-08
1.523000000000000000e+03 0.000000000000000000e+00 0.000000000000000000e+00 8.374554851959268365e-08
1.524000000000000000e+03 0.000000000000000000e+00 0.000000000000000000e+00 8.379947021431224539e-08
1.525000000000000000e+03 0.000000000000000000e+00 0.000000000000000000e+00 8.385358289496346802e-08
1.526000000000000000e+03 0.000000000000000000e+00 0.000000000000000000e+00 8.390795022352367329e-08
1.527000000000000000e+03 0.000000000000000000e+00 0.000000000000000000e+00 8.396250853801556593e-08
1.528000000000000000e+03 0.000000000000000000e+00 0.000000000000000000e+00 8.401725783843917238e-08
1.529000000000000000e+03 0.000000000000000000e+00 0.000000000000000000e+00 8.407226178677173502e-08
1.530000000000000000e+03 0.000000000000000000e+00 0.000000000000000000e+00 8.412739305905878236e-08
1.531000000000000000e+03 0.000000000000000000e+00 0.000000000000000000e+00 8.418277897925475941e-08
1.532000000000000000e+03 0.000000000000000000e+00 0.000000000000000000e+00 8.423829222340520794e-08
1.533000000000000000e+03 0.000000000000000000e+00 0.000000000000000000e+00 8.429406011546459940e-08
1.534000000000000000e+03 0.000000000000000000e+00 0.000000000000000000e+00 8.434995533147847558e-08
1.535000000000000000e+03 0.000000000000000000e+00 0.000000000000000000e+00 8.440604153342406558e-08
1.536000000000000000e+03 0.000000000000000000e+00 0.000000000000000000e+00 8.446231872130136940e-08
1.537000000000000000e+03 0.000000000000000000e+00 0.000000000000000000e+00 8.451872323313314470e-08
1.538000000000000000e+03 0.000000000000000000e+00 0.000000000000000000e+00 8.457538239287383647e-08
1.539000000000000000e+03 0.000000000000000000e+00 0.000000000000000000e+00 8.463210521459178383e-08
1.540000000000000000e+03 0.000000000000000000e+00 0.000000000000000000e+00 8.468901902224145825e-08
1.541000000000000000e+03 0.000000000000000000e+00 0.000000000000000000e+00 8.474612381582283326e-08
1.542000000000000000e+03 0.000000000000000000e+00 0.000000000000000000e+00 8.480335593335866651e-08
1.543000000000000000e+03 0.000000000000000000e+00 0.000000000000000000e+00 8.486071537484897123e-08
1.544000000000000000e+03 0.000000000000000000e+00 0.000000000000000000e+00 8.491820214029378713e-08
1.545000000000000000e+03 0.000000000000000000e+00 0.000000000000000000e+00 8.497581622969304802e-08
1.546000000000000000e+03 0.000000000000000000e+00 0.000000000000000000e+00 8.503362130502402275e-08
1.547000000000000000e+03 0.000000000000000000e+00 0.000000000000000000e+00 8.509149004233223983e-08
1.548000000000000000e+03 0.000000000000000000e+00 0.000000000000000000e+00 8.514954976557217073e-08
1.549000000000000000e+03 0.000000000000000000e+00 0.000000000000000000e+00 8.520767315078931751e-08
1.550000000000000000e+03 0.000000000000000000e+00 0.000000000000000000e+00 8.526592385996097548e-08
1.551000000000000000e+03 0.000000000000000000e+00 0.000000000000000000e+00 8.532430189308706521e-08
1.552000000000000000e+03 0.000000000000000000e+00 0.000000000000000000e+00 8.538280725016765288e-08
1.553000000000000000e+03 0.000000000000000000e+00 0.000000000000000000e+00 8.544137626922546967e-08
1.554000000000000000e+03 0.000000000000000000e+00 0.000000000000000000e+00 8.550000895026051558e-08
1.555000000000000000e+03 0.000000000000000000e+00 0.000000000000000000e+00 8.555876895525004620e-08
1.556000000000000000e+03 0.000000000000000000e+00 0.000000000000000000e+00 8.561759262221680593e-08
1.557000000000000000e+03 0.000000000000000000e+00 0.000000000000000000e+00 8.567654361313803714e-08
1.558000000000000000e+03 0.000000000000000000e+00 0.000000000000000000e+00 8.573555826603652393e-08
1.559000000000000000e+03 0.000000000000000000e+00 0.000000000000000000e+00 8.579463658091223985e-08
1.560000000000000000e+03 0.000000000000000000e+00 0.000000000000000000e+00 8.585377855776517164e-08
1.561000000000000000e+03 0.000000000000000000e+00 0.000000000000000000e+00 8.591298419659534579e-08
1.562000000000000000e+03 0.000000000000000000e+00 0.000000000000000000e+00 8.597225349740278877e-08
1.563000000000000000e+03 0.000000000000000000e+00 0.000000000000000000e+00 8.603158646018744763e-08
1.564000000000000000e+03 0.000000000000000000e+00 0.000000000000000000e+00 8.609098308494933560e-08
1.565000000000000000e+03 0.000000000000000000e+00 0.000000000000000000e+00 8.615037970971122358e-08
1.566000000000000000e+03 0.000000000000000000e+00 0.000000000000000000e+00 8.620983999645035391e-08
1.567000000000000000e+03 0.000000000000000000e+00 0.000000000000000000e+00 8.626936394516673983e-08
1.568000000000000000e+03 0.000000000000000000e+00 0.000000000000000000e+00 8.632888789388311251e-08
1.569000000000000000e+03 0.000000000000000000e+00 0.000000000000000000e+00 8.638841184259947196e-08
1.570000000000000000e+03 0.000000000000000000e+00 0.000000000000000000e+00 8.644799945329306052e-08
1.571000000000000000e+03 0.000000000000000000e+00 0.000000000000000000e+00 8.650758706398667556e-08
1.572000000000000000e+03 0.000000000000000000e+00 0.000000000000000000e+00 8.656723833665751972e-08
1.573000000000000000e+03 0.000000000000000000e+00 0.000000000000000000e+00 8.662682594735114799e-08
1.574000000000000000e+03 0.000000000000000000e+00 0.000000000000000000e+00 8.668647722002197891e-08
1.575000000000000000e+03 0.000000000000000000e+00 0.000000000000000000e+00 8.674612849269280983e-08
1.576000000000000000e+03 0.000000000000000000e+00 0.000000000000000000e+00 8.680571610338642486e-08
1.577000000000000000e+03 0.000000000000000000e+00 0.000000000000000000e+00 8.686536737605726902e-08
1.578000000000000000e+03 0.000000000000000000e+00 0.000000000000000000e+00 8.692495498675087082e-08
1.579000000000000000e+03 0.000000000000000000e+00 0.000000000000000000e+00 8.698460625942171498e-08
1.580000000000000000e+03 0.000000000000000000e+00 0.000000000000000000e+00 8.704413020813810089e-08
1.581000000000000000e+03 0.000000000000000000e+00 0.000000000000000000e+00 8.710371781883167622e-08
1.582000000000000000e+03 0.000000000000000000e+00 0.000000000000000000e+00 8.716324176754806214e-08
1.583000000000000000e+03 0.000000000000000000e+00 0.000000000000000000e+00 8.722270205428719247e-08
1.584000000000000000e+03 0.000000000000000000e+00 0.000000000000000000e+00 8.728216234102632280e-08
1.585000000000000000e+03 0.000000000000000000e+00 0.000000000000000000e+00 8.734155896578821078e-08
1.586000000000000000e+03 0.000000000000000000e+00 0.000000000000000000e+00 8.740095559055012522e-08
1.587000000000000000e+03 0.000000000000000000e+00 0.000000000000000000e+00 8.746022489135752849e-08
1.588000000000000000e+03 0.000000000000000000e+00 0.000000000000000000e+00 8.751949419216495823e-08
1.589000000000000000e+03 0.000000000000000000e+00 0.000000000000000000e+00 8.757869983099514562e-08
1.590000000000000000e+03 0.000000000000000000e+00 0.000000000000000000e+00 8.763784180784807742e-08
1.591000000000000000e+03 0.000000000000000000e+00 0.000000000000000000e+00 8.769692012272380656e-08
1.592000000000000000e+03 0.000000000000000000e+00 0.000000000000000000e+00 8.775593477562226689e-08
1.593000000000000000e+03 0.000000000000000000e+00 0.000000000000000000e+00 8.781488576654351133e-08
1.594000000000000000e+03 0.000000000000000000e+00 0.000000000000000000e+00 8.787370943351027107e-08
1.595000000000000000e+03 0.000000000000000000e+00 0.000000000000000000e+00 8.793246943849981492e-08
1.596000000000000000e+03 0.000000000000000000e+00 0.000000000000000000e+00 8.799116578151208994e-08
1.597000000000000000e+03 0.000000000000000000e+00 0.000000000000000000e+00 8.804973480056991997e-08
1.598000000000000000e+03 0.000000000000000000e+00 0.000000000000000000e+00 8.810824015765048117e-08
1.599000000000000000e+03 0.000000000000000000e+00 0.000000000000000000e+00 8.816661819077661061e-08
1.600000000000000000e+03 0.000000000000000000e+00 0.000000000000000000e+00 8.822493256192549769e-08
1.601000000000000000e+03 0.000000000000000000e+00 0.000000000000000000e+00 8.828311960911988683e-08
1.602000000000000000e+03 0.000000000000000000e+00 0.000000000000000000e+00 8.834124299433703362e-08
1.603000000000000000e+03 0.000000000000000000e+00 0.000000000000000000e+00 8.839923905559972217e-08
1.604000000000000000e+03 0.000000000000000000e+00 0.000000000000000000e+00 8.845710779290792601e-08
1.605000000000000000e+03 0.000000000000000000e+00 0.000000000000000000e+00 8.851484920626167161e-08
1.606000000000000000e+03 0.000000000000000000e+00 0.000000000000000000e+00 8.857246329566094575e-08
1.607000000000000000e+03 0.000000000000000000e+00 0.000000000000000000e+00 8.862995006110572194e-08
1.608000000000000000e+03 0.000000000000000000e+00 0.000000000000000000e+00 8.868737316457329548e-08
1.609000000000000000e+03 0.000000000000000000e+00 0.000000000000000000e+00 8.874460528210911549e-08
1.610000000000000000e+03 0.000000000000000000e+00 0.000000000000000000e+00 8.880171007569051697e-08
1.611000000000000000e+03 0.000000000000000000e+00 0.000000000000000000e+00 8.885868754531739404e-08
1.612000000000000000e+03 0.000000000000000000e+00 0.000000000000000000e+00 8.891553769098982611e-08
1.613000000000000000e+03 0.000000000000000000e+00 0.000000000000000000e+00 8.897226051270777347e-08
1.614000000000000000e+03 0.000000000000000000e+00 0.000000000000000000e+00 8.902879234849403347e-08
1.615000000000000000e+03 0.000000000000000000e+00 0.000000000000000000e+00 8.908519686032578230e-08
1.616000000000000000e+03 0.000000000000000000e+00 0.000000000000000000e+00 8.914147404820308613e-08
1.617000000000000000e+03 0.000000000000000000e+00 0.000000000000000000e+00 8.919762391212590524e-08
1.618000000000000000e+03 0.000000000000000000e+00 0.000000000000000000e+00 8.925358279011702377e-08
1.619000000000000000e+03 0.000000000000000000e+00 0.000000000000000000e+00 8.930935068217641524e-08
1.620000000000000000e+03 0.000000000000000000e+00 0.000000000000000000e+00 8.936499125028134847e-08
1.621000000000000000e+03 0.000000000000000000e+00 0.000000000000000000e+00 8.942050449443179699e-08
1.622000000000000000e+03 0.000000000000000000e+00 0.000000000000000000e+00 8.947582675265053169e-08
1.623000000000000000e+03 0.000000000000000000e+00 0.000000000000000000e+00 8.953095802493756580e-08
1.624000000000000000e+03 0.000000000000000000e+00 0.000000000000000000e+00 8.958596197327012844e-08
1.625000000000000000e+03 0.000000000000000000e+00 0.000000000000000000e+00 8.964077493567096401e-08
1.626000000000000000e+03 0.000000000000000000e+00 0.000000000000000000e+00 8.969546057411734135e-08
1.627000000000000000e+03 0.000000000000000000e+00 0.000000000000000000e+00 8.974995522663201810e-08
1.628000000000000000e+03 0.000000000000000000e+00 0.000000000000000000e+00 8.980425889321498102e-08
1.629000000000000000e+03 0.000000000000000000e+00 0.000000000000000000e+00 8.985837157386620365e-08
1.630000000000000000e+03 0.000000000000000000e+00 0.000000000000000000e+00 8.991235693056299451e-08
1.631000000000000000e+03 0.000000000000000000e+00 0.000000000000000000e+00 8.996615130132804507e-08
1.632000000000000000e+03 0.000000000000000000e+00 0.000000000000000000e+00 9.001975468616139504e-08
1.633000000000000000e+03 0.000000000000000000e+00 0.000000000000000000e+00 9.007316708506304443e-08
1.634000000000000000e+03 0.000000000000000000e+00 0.000000000000000000e+00 9.012645216001020910e-08
1.635000000000000000e+03 0.000000000000000000e+00 0.000000000000000000e+00 9.017954624902564672e-08
1.636000000000000000e+03 0.000000000000000000e+00 0.000000000000000000e+00 9.023244935210941022e-08
1.637000000000000000e+03 0.000000000000000000e+00 0.000000000000000000e+00 9.028516146926143342e-08
1.638000000000000000e+03 0.000000000000000000e+00 0.000000000000000000e+00 9.033768260048175603e-08
1.639000000000000000e+03 0.000000000000000000e+00 0.000000000000000000e+00 9.039001274577039128e-08
1.640000000000000000e+03 0.000000000000000000e+00 0.000000000000000000e+00 9.044221556710451536e-08
1.641000000000000000e+03 0.000000000000000000e+00 0.000000000000000000e+00 9.049422740250696531e-08
1.642000000000000000e+03 0.000000000000000000e+00 0.000000000000000000e+00 9.054604825197767498e-08
1.643000000000000000e+03 0.000000000000000000e+00 0.000000000000000000e+00 9.059767811551667081e-08
1.644000000000000000e+03 0.000000000000000000e+00 0.000000000000000000e+00 9.064911699312399253e-08
1.645000000000000000e+03 0.000000000000000000e+00 0.000000000000000000e+00 9.070036488479957395e-08
1.646000000000000000e+03 0.000000000000000000e+00 0.000000000000000000e+00 9.075148545252069713e-08
1.647000000000000000e+03 0.000000000000000000e+00 0.000000000000000000e+00 9.080241503431009325e-08
1.648000000000000000e+03 0.000000000000000000e+00 0.000000000000000000e+00 9.085315363016781526e-08
1.649000000000000000e+03 0.000000000000000000e+00 0.000000000000000000e+00 9.090370124009379696e-08
1.650000000000000000e+03 0.000000000000000000e+00 0.000000000000000000e+00 9.095405786408807808e-08
1.651000000000000000e+03 0.000000000000000000e+00 0.000000000000000000e+00 9.100422350215063213e-08
1.652000000000000000e+03 0.000000000000000000e+00 0.000000000000000000e+00 9.105426181625871472e-08
1.653000000000000000e+03 0.000000000000000000e+00 0.000000000000000000e+00 9.110410914443510995e-08
1.654000000000000000e+03 0.000000000000000000e+00 0.000000000000000000e+00 9.115376548667976488e-08
1.655000000000000000e+03 0.000000000000000000e+00 0.000000000000000000e+00 9.120329450496996158e-08
1.656000000000000000e+03 0.000000000000000000e+00 0.000000000000000000e+00 9.125263253732845768e-08
1.657000000000000000e+03 0.000000000000000000e+00 0.000000000000000000e+00 9.130177958375522673e-08
1.658000000000000000e+03 0.000000000000000000e+00 0.000000000000000000e+00 9.135073564425029518e-08
1.659000000000000000e+03 0.000000000000000000e+00 0.000000000000000000e+00 9.139956438079089216e-08
1.660000000000000000e+03 0.000000000000000000e+00 0.000000000000000000e+00 9.144820213139977532e-08
1.661000000000000000e+03 0.000000000000000000e+00 0.000000000000000000e+00 9.149671255805418701e-08
1.662000000000000000e+03 0.000000000000000000e+00 0.000000000000000000e+00 9.154503199877688487e-08
1.663000000000000000e+03 0.000000000000000000e+00 0.000000000000000000e+00 9.159322411554511125e-08
1.664000000000000000e+03 0.000000000000000000e+00 0.000000000000000000e+00 9.164122524638163705e-08
1.665000000000000000e+03 0.000000000000000000e+00 0.000000000000000000e+00 9.168909905326367814e-08
1.666000000000000000e+03 0.000000000000000000e+00 0.000000000000000000e+00 9.173678187421399217e-08
1.667000000000000000e+03 0.000000000000000000e+00 0.000000000000000000e+00 9.178433737120986120e-08
1.668000000000000000e+03 0.000000000000000000e+00 0.000000000000000000e+00 9.183176554425124552e-08
1.669000000000000000e+03 0.000000000000000000e+00 0.000000000000000000e+00 9.187900273136092925e-08
1.670000000000000000e+03 0.000000000000000000e+00 0.000000000000000000e+00 9.192611259451611504e-08
1.671000000000000000e+03 0.000000000000000000e+00 0.000000000000000000e+00 9.197309513371684259e-08
1.672000000000000000e+03 0.000000000000000000e+00 0.000000000000000000e+00 9.201995034896309867e-08
1.673000000000000000e+03 0.000000000000000000e+00 0.000000000000000000e+00 9.206667824025488328e-08
1.674000000000000000e+03 0.000000000000000000e+00 0.000000000000000000e+00 9.211321514561496729e-08
1.675000000000000000e+03 0.000000000000000000e+00 0.000000000000000000e+00 9.215968838899778249e-08
1.676000000000000000e+03 0.000000000000000000e+00 0.000000000000000000e+00 9.220603430842613945e-08
1.677000000000000000e+03 0.000000000000000000e+00 0.000000000000000000e+00 9.225225290390002493e-08
1.678000000000000000e+03 0.000000000000000000e+00 0.000000000000000000e+00 9.229828051344222306e-08
1.679000000000000000e+03 0.000000000000000000e+00 0.000000000000000000e+00 9.234430812298438148e-08
1.680000000000000000e+03 0.000000000000000000e+00 0.000000000000000000e+00 9.239014474659485255e-08
1.681000000000000000e+03 0.000000000000000000e+00 0.000000000000000000e+00 9.243591770822808127e-08
1.682000000000000000e+03 0.000000000000000000e+00 0.000000000000000000e+00 9.248156334590683851e-08
1.683000000000000000e+03 0.000000000000000000e+00 0.000000000000000000e+00 9.252708165963109781e-08
1.684000000000000000e+03 0.000000000000000000e+00 0.000000000000000000e+00 9.257253631137816770e-08
1.685000000000000000e+03 0.000000000000000000e+00 0.000000000000000000e+00 9.261792730114795553e-08
1.686000000000000000e+03 0.000000000000000000e+00 0.000000000000000000e+00 9.266319096696329836e-08
1.687000000000000000e+03 0.000000000000000000e+00 0.000000000000000000e+00 9.270839097080142530e-08
1.688000000000000000e+03 0.000000000000000000e+00 0.000000000000000000e+00 9.275346365068502783e-08
1.689000000000000000e+03 0.000000000000000000e+00 0.000000000000000000e+00 9.279853633056864360e-08
1.690000000000000000e+03 0.000000000000000000e+00 0.000000000000000000e+00 9.284348168649780113e-08
1.691000000000000000e+03 0.000000000000000000e+00 0.000000000000000000e+00 9.288836338044971631e-08
1.692000000000000000e+03 0.000000000000000000e+00 0.000000000000000000e+00 9.293318141242440237e-08
1.693000000000000000e+03 0.000000000000000000e+00 0.000000000000000000e+00 9.297799944439908842e-08
1.694000000000000000e+03 0.000000000000000000e+00 0.000000000000000000e+00 9.302269015241928978e-08
1.695000000000000000e+03 0.000000000000000000e+00 0.000000000000000000e+00 9.306738086043947789e-08
1.696000000000000000e+03 0.000000000000000000e+00 0.000000000000000000e+00 9.311200790648243689e-08
1.697000000000000000e+03 0.000000000000000000e+00 0.000000000000000000e+00 9.315657129054818000e-08
1.698000000000000000e+03 0.000000000000000000e+00 0.000000000000000000e+00 9.320113467461389665e-08
1.699000000000000000e+03 0.000000000000000000e+00 0.000000000000000000e+00 9.324569805867962653e-08
1.700000000000000000e+03 0.000000000000000000e+00 0.000000000000000000e+00 9.329019778076814052e-08
1.701000000000000000e+03 0.000000000000000000e+00 0.000000000000000000e+00 9.333463384087938569e-08
1.702000000000000000e+03 0.000000000000000000e+00 0.000000000000000000e+00 9.337913356296788646e-08
1.703000000000000000e+03 0.000000000000000000e+00 0.000000000000000000e+00 9.342356962307914486e-08
1.704000000000000000e+03 0.000000000000000000e+00 0.000000000000000000e+00 9.346800568319039003e-08
1.705000000000000000e+03 0.000000000000000000e+00 0.000000000000000000e+00 9.351244174330167491e-08
1.706000000000000000e+03 0.000000000000000000e+00 0.000000000000000000e+00 9.355687780341290685e-08
1.707000000000000000e+03 0.000000000000000000e+00 0.000000000000000000e+00 9.360137752550143408e-08
1.708000000000000000e+03 0.000000000000000000e+00 0.000000000000000000e+00 9.364581358561267925e-08
1.709000000000000000e+03 0.000000000000000000e+00 0.000000000000000000e+00 9.369031330770116678e-08
1.710000000000000000e+03 0.000000000000000000e+00 0.000000000000000000e+00 9.373481302978965430e-08
1.711000000000000000e+03 0.000000000000000000e+00 0.000000000000000000e+00 9.377931275187815506e-08
1.712000000000000000e+03 0.000000000000000000e+00 0.000000000000000000e+00 9.382387613594388494e-08
1.713000000000000000e+03 0.000000000000000000e+00 0.000000000000000000e+00 9.386850318198684394e-08
1.714000000000000000e+03 0.000000000000000000e+00 0.000000000000000000e+00 9.391319389000704529e-08
1.715000000000000000e+03 0.000000000000000000e+00 0.000000000000000000e+00 9.395788459802727311e-08
1.716000000000000000e+03 0.000000000000000000e+00 0.000000000000000000e+00 9.400263896802470358e-08
1.717000000000000000e+03 0.000000000000000000e+00 0.000000000000000000e+00 9.404739333802213405e-08
1.718000000000000000e+03 0.000000000000000000e+00 0.000000000000000000e+00 9.409227503197404923e-08
1.719000000000000000e+03 0.000000000000000000e+00 0.000000000000000000e+00 9.413722038790321999e-08
1.720000000000000000e+03 0.000000000000000000e+00 0.000000000000000000e+00 9.418222940580959341e-08
1.721000000000000000e+03 0.000000000000000000e+00 0.000000000000000000e+00 9.422736574767043829e-08
1.722000000000000000e+03 0.000000000000000000e+00 0.000000000000000000e+00 9.427250208953130965e-08
1.723000000000000000e+03 0.000000000000000000e+00 0.000000000000000000e+00 9.431776575534663924e-08
1.724000000000000000e+03 0.000000000000000000e+00 0.000000000000000000e+00 9.436315674511646678e-08
1.725000000000000000e+03 0.000000000000000000e+00 0.000000000000000000e+00 9.440861139686351019e-08
1.726000000000000000e+03 0.000000000000000000e+00 0.000000000000000000e+00 9.445412971058778273e-08
1.727000000000000000e+03 0.000000000000000000e+00 0.000000000000000000e+00 9.449983901024378233e-08
1.728000000000000000e+03 0.000000000000000000e+00 0.000000000000000000e+00 9.454561197187701104e-08
1.729000000000000000e+03 0.000000000000000000e+00 0.000000000000000000e+00 9.459151225746472446e-08
1.730000000000000000e+03 0.000000000000000000e+00 0.000000000000000000e+00 9.463753986700688289e-08
1.731000000000000000e+03 0.000000000000000000e+00 0.000000000000000000e+00 9.468369480050352602e-08
1.732000000000000000e+03 0.000000000000000000e+00 0.000000000000000000e+00 9.472997705795465386e-08
1.733000000000000000e+03 0.000000000000000000e+00 0.000000000000000000e+00 9.477638663936026640e-08
1.734000000000000000e+03 0.000000000000000000e+00 0.000000000000000000e+00 9.482298720669756630e-08
1.735000000000000000e+03 0.000000000000000000e+00 0.000000000000000000e+00 9.486965143601210856e-08
1.736000000000000000e+03 0.000000000000000000e+00 0.000000000000000000e+00 9.491657031323559376e-08
1.737000000000000000e+03 0.000000000000000000e+00 0.000000000000000000e+00 9.496355285243632131e-08
1.738000000000000000e+03 0.000000000000000000e+00 0.000000000000000000e+00 9.501079003954601827e-08
1.739000000000000000e+03 0.000000000000000000e+00 0.000000000000000000e+00 9.505815455061014701e-08
1.740000000000000000e+03 0.000000000000000000e+00 0.000000000000000000e+00 9.510564638562876045e-08
1.741000000000000000e+03 0.000000000000000000e+00 0.000000000000000000e+00 9.515339286855634330e-08
1.742000000000000000e+03 0.000000000000000000e+00 0.000000000000000000e+00 9.520126667543837115e-08
1.743000000000000000e+03 0.000000000000000000e+00 0.000000000000000000e+00 9.524933146825213931e-08
1.744000000000000000e+03 0.000000000000000000e+00 0.000000000000000000e+00 9.529758724699760805e-08
1.745000000000000000e+03 0.000000000000000000e+00 0.000000000000000000e+00 9.534603401167476414e-08
1.746000000000000000e+03 0.000000000000000000e+00 0.000000000000000000e+00 9.539473542426087642e-08
1.747000000000000000e+03 0.000000000000000000e+00 0.000000000000000000e+00 9.544356416080148664e-08
1.748000000000000000e+03 0.000000000000000000e+00 0.000000000000000000e+00 9.549264754525101333e-08
1.749000000000000000e+03 0.000000000000000000e+00 0.000000000000000000e+00 9.554192191563228032e-08
1.750000000000000000e+03 0.000000000000000000e+00 0.000000000000000000e+00 9.559138727194522142e-08
1.751000000000000000e+03 0.000000000000000000e+00 0.000000000000000000e+00 9.564110727616713194e-08
1.752000000000000000e+03 0.000000000000000000e+00 0.000000000000000000e+00 9.569101826632075629e-08
1.753000000000000000e+03 0.000000000000000000e+00 0.000000000000000000e+00 9.574118390438332358e-08
1.754000000000000000e+03 0.000000000000000000e+00 0.000000000000000000e+00 9.579160419035483382e-08
1.755000000000000000e+03 0.000000000000000000e+00 0.000000000000000000e+00 9.584221546225807111e-08
1.756000000000000000e+03 0.000000000000000000e+00 0.000000000000000000e+00 9.589308138207023812e-08
1.757000000000000000e+03 0.000000000000000000e+00 0.000000000000000000e+00 9.594420194979134806e-08
1.758000000000000000e+03 0.000000000000000000e+00 0.000000000000000000e+00 9.599551350344417184e-08
1.759000000000000000e+03 0.000000000000000000e+00 0.000000000000000000e+00 9.604714336698316767e-08
1.760000000000000000e+03 0.000000000000000000e+00 0.000000000000000000e+00 9.609896421645390381e-08
1.761000000000000000e+03 0.000000000000000000e+00 0.000000000000000000e+00 9.615110337581078553e-08
1.762000000000000000e+03 0.000000000000000000e+00 0.000000000000000000e+00 9.620343352109942078e-08
1.763000000000000000e+03 0.000000000000000000e+00 0.000000000000000000e+00 9.625608197627422810e-08
1.764000000000000000e+03 0.000000000000000000e+00 0.000000000000000000e+00 9.630898507935796513e-08
1.765000000000000000e+03 0.000000000000000000e+00 0.000000000000000000e+00 9.636214283035067157e-08
1.766000000000000000e+03 0.000000000000000000e+00 0.000000000000000000e+00 9.641555522925230771e-08
1.767000000000000000e+03 0.000000000000000000e+00 0.000000000000000000e+00 9.646928593804011592e-08
1.768000000000000000e+03 0.000000000000000000e+00 0.000000000000000000e+00 9.652320763275966443e-08
1.769000000000000000e+03 0.000000000000000000e+00 0.000000000000000000e+00 9.657751129934261412e-08
1.770000000000000000e+03 0.000000000000000000e+00 0.000000000000000000e+00 9.663200595185727763e-08
1.771000000000000000e+03 0.000000000000000000e+00 0.000000000000000000e+00 9.668681891425812644e-08
1.772000000000000000e+03 0.000000000000000000e+00 0.000000000000000000e+00 9.674195018654516055e-08
1.773000000000000000e+03 0.000000000000000000e+00 0.000000000000000000e+00 9.679733610674113760e-08
1.774000000000000000e+03 0.000000000000000000e+00 0.000000000000000000e+00 9.685304033682331318e-08
1.775000000000000000e+03 0.000000000000000000e+00 0.000000000000000000e+00 9.690899921481441848e-08
1.776000000000000000e+03 0.000000000000000000e+00 0.000000000000000000e+00 9.696534006466895142e-08
1.777000000000000000e+03 0.000000000000000000e+00 0.000000000000000000e+00 9.702187190045519819e-08
1.778000000000000000e+03 0.000000000000000000e+00 0.000000000000000000e+00 9.707878570810485938e-08
1.779000000000000000e+03 0.000000000000000000e+00 0.000000000000000000e+00 9.713595416366347674e-08
1.780000000000000000e+03 0.000000000000000000e+00 0.000000000000000000e+00 9.719344092910823970e-08
1.781000000000000000e+03 0.000000000000000000e+00 0.000000000000000000e+00 9.725124600443924089e-08
1.782000000000000000e+03 0.000000000000000000e+00 0.000000000000000000e+00 9.730930572767914532e-08
1.783000000000000000e+03 0.000000000000000000e+00 0.000000000000000000e+00 9.736774742278250388e-08
1.784000000000000000e+03 0.000000000000000000e+00 0.000000000000000000e+00 9.742644376579477891e-08
1.785000000000000000e+03 0.000000000000000000e+00 0.000000000000000000e+00 9.748545841869326570e-08
1.786000000000000000e+03 0.000000000000000000e+00 0.000000000000000000e+00 9.754479138147791132e-08
1.787000000000000000e+03 0.000000000000000000e+00 0.000000000000000000e+00 9.760444265414875548e-08
1.788000000000000000e+03 0.000000000000000000e+00 0.000000000000000000e+00 9.766441223670578493e-08
1.789000000000000000e+03 0.000000000000000000e+00 0.000000000000000000e+00 9.772470012914901291e-08
1.790000000000000000e+03 0.000000000000000000e+00 0.000000000000000000e+00 9.778524266950114414e-08
1.791000000000000000e+03 0.000000000000000000e+00 0.000000000000000000e+00 9.784616718171674272e-08
1.792000000000000000e+03 0.000000000000000000e+00 0.000000000000000000e+00 9.790741000381850013e-08
1.793000000000000000e+03 0.000000000000000000e+00 0.000000000000000000e+00 9.796890747382918724e-08
1.794000000000000000e+03 0.000000000000000000e+00 0.000000000000000000e+00 9.803078691570335495e-08
1.795000000000000000e+03 0.000000000000000000e+00 0.000000000000000000e+00 9.809298466746364178e-08
1.796000000000000000e+03 0.000000000000000000e+00 0.000000000000000000e+00 9.815543706713289802e-08
1.797000000000000000e+03 0.000000000000000000e+00 0.000000000000000000e+00 9.821827143866559515e-08
1.798000000000000000e+03 0.000000000000000000e+00 0.000000000000000000e+00 9.828136045810720875e-08
1.799000000000000000e+03 0.000000000000000000e+00 0.000000000000000000e+00 9.834483144941223677e-08
1.800000000000000000e+03 0.000000000000000000e+00 0.000000000000000000e+00 9.840855708862624744e-08
1.801000000000000000e+03 0.000000000000000000e+00 0.000000000000000000e+00 9.847266469970365929e-08
1.802000000000000000e+03 0.000000000000000000e+00 0.000000000000000000e+00 9.853702695869002732e-08
1.803000000000000000e+03 0.000000000000000000e+00 0.000000000000000000e+00 9.860177118953982300e-08
1.804000000000000000e+03 0.000000000000000000e+00 0.000000000000000000e+00 9.866677006829854838e-08
1.805000000000000000e+03 0.000000000000000000e+00 0.000000000000000000e+00 9.873208725694344583e-08
1.806000000000000000e+03 0.000000000000000000e+00 0.000000000000000000e+00 9.879778641745178417e-08
1.807000000000000000e+03 0.000000000000000000e+00 0.000000000000000000e+00 9.886374022586907869e-08
1.808000000000000000e+03 0.000000000000000000e+00 0.000000000000000000e+00 9.893001234417254526e-08
1.809000000000000000e+03 0.000000000000000000e+00 0.000000000000000000e+00 9.899660277236219714e-08
1.810000000000000000e+03 0.000000000000000000e+00 0.000000000000000000e+00 9.906344784846076549e-08
1.811000000000000000e+03 0.000000000000000000e+00 0.000000000000000000e+00 9.913067489642280119e-08
1.812000000000000000e+03 0.000000000000000000e+00 0.000000000000000000e+00 9.919815659229375337e-08
1.813000000000000000e+03 0.000000000000000000e+00 0.000000000000000000e+00 9.926595659805091732e-08
1.814000000000000000e+03 0.000000000000000000e+00 0.000000000000000000e+00 9.933401125171701097e-08
1.815000000000000000e+03 0.000000000000000000e+00 0.000000000000000000e+00 9.940244787724651904e-08
1.816000000000000000e+03 0.000000000000000000e+00 0.000000000000000000e+00 9.947113915068499653e-08
1.817000000000000000e+03 0.000000000000000000e+00 0.000000000000000000e+00 9.954008507203240372e-08
1.818000000000000000e+03 0.000000000000000000e+00 0.000000000000000000e+00 9.960941296524323856e-08
1.819000000000000000e+03 0.000000000000000000e+00 0.000000000000000000e+00 9.967893184438576077e-08
1.820000000000000000e+03 0.000000000000000000e+00 0.000000000000000000e+00 9.974883269539171062e-08
1.821000000000000000e+03 0.000000000000000000e+00 0.000000000000000000e+00 9.981892453232938753e-08
1.822000000000000000e+03 0.000000000000000000e+00 0.000000000000000000e+00 9.988933467915324974e-08
1.823000000000000000e+03 0.000000000000000000e+00 0.000000000000000000e+00 9.996006313586327077e-08
1.824000000000000000e+03 0.000000000000000000e+00 0.000000000000000000e+00 1.000310462404822612e-07
1.825000000000000000e+03 0.000000000000000000e+00 0.000000000000000000e+00 1.001022839930102211e-07
1.826000000000000000e+03 0.000000000000000000e+00 0.000000000000000000e+00 1.001737763934470710e-07
1.827000000000000000e+03 0.000000000000000000e+00 0.000000000000000000e+00 1.002455871037701591e-07
1.828000000000000000e+03 0.000000000000000000e+00 0.000000000000000000e+00 1.003176524620021504e-07
1.829000000000000000e+03 0.000000000000000000e+00 0.000000000000000000e+00 1.003899724681431244e-07
1.830000000000000000e+03 0.000000000000000000e+00 0.000000000000000000e+00 1.004625471221930149e-07
1.831000000000000000e+03 0.000000000000000000e+00 0.000000000000000000e+00 1.005353764241518615e-07
1.832000000000000000e+03 0.000000000000000000e+00 0.000000000000000000e+00 1.006084603740196643e-07
1.833000000000000000e+03 0.000000000000000000e+00 0.000000000000000000e+00 1.006817989717964366e-07
1.834000000000000000e+03 0.000000000000000000e+00 0.000000000000000000e+00 1.007553285555048565e-07
1.835000000000000000e+03 0.000000000000000000e+00 0.000000000000000000e+00 1.008291764490995014e-07
1.836000000000000000e+03 0.000000000000000000e+00 0.000000000000000000e+00 1.009032153286258601e-07
1.837000000000000000e+03 0.000000000000000000e+00 0.000000000000000000e+00 1.009775088560611485e-07
1.838000000000000000e+03 0.000000000000000000e+00 0.000000000000000000e+00 1.010519933694281375e-07
1.839000000000000000e+03 0.000000000000000000e+00 0.000000000000000000e+00 1.011267325307040960e-07
1.840000000000000000e+03 0.000000000000000000e+00 0.000000000000000000e+00 1.012016626779117814e-07
1.841000000000000000e+03 0.000000000000000000e+00 0.000000000000000000e+00 1.012768474730283966e-07
1.842000000000000000e+03 0.000000000000000000e+00 0.000000000000000000e+00 1.013522232540766992e-07
1.843000000000000000e+03 0.000000000000000000e+00 0.000000000000000000e+00 1.014278536830339579e-07
1.844000000000000000e+03 0.000000000000000000e+00 0.000000000000000000e+00 1.015036114359457146e-07
1.845000000000000000e+03 0.000000000000000000e+00 0.000000000000000000e+00 1.015796238367664010e-07
1.846000000000000000e+03 0.000000000000000000e+00 0.000000000000000000e+00 1.016558272235188144e-07
1.847000000000000000e+03 0.000000000000000000e+00 0.000000000000000000e+00 1.017321579342256729e-07
1.848000000000000000e+03 0.000000000000000000e+00 0.000000000000000000e+00 1.018087432928415008e-07
1.849000000000000000e+03 0.000000000000000000e+00 0.000000000000000000e+00 1.018854559754118133e-07
1.850000000000000000e+03 0.000000000000000000e+00 0.000000000000000000e+00 1.019624233058910424e-07
1.851000000000000000e+03 0.000000000000000000e+00 0.000000000000000000e+00 1.020394542983475138e-07
1.852000000000000000e+03 0.000000000000000000e+00 0.000000000000000000e+00 1.021167399387129281e-07
1.853000000000000000e+03 0.000000000000000000e+00 0.000000000000000000e+00 1.021941529030328536e-07
1.854000000000000000e+03 0.000000000000000000e+00 0.000000000000000000e+00 1.022716931913072241e-07
1.855000000000000000e+03 0.000000000000000000e+00 0.000000000000000000e+00 1.023494244655132952e-07
1.856000000000000000e+03 0.000000000000000000e+00 0.000000000000000000e+00 1.024272830636738378e-07
1.857000000000000000e+03 0.000000000000000000e+00 0.000000000000000000e+00 1.025053326477661075e-07
1.858000000000000000e+03 0.000000000000000000e+00 0.000000000000000000e+00 1.025834458938356062e-07
1.859000000000000000e+03 0.000000000000000000e+00 0.000000000000000000e+00 1.026617501258368188e-07
1.860000000000000000e+03 0.000000000000000000e+00 0.000000000000000000e+00 1.027401180198152738e-07
1.861000000000000000e+03 0.000000000000000000e+00 0.000000000000000000e+00 1.028186132377482134e-07
1.862000000000000000e+03 0.000000000000000000e+00 0.000000000000000000e+00 1.028972357796356113e-07
1.863000000000000000e+03 0.000000000000000000e+00 0.000000000000000000e+00 1.029759856454774806e-07
1.864000000000000000e+03 0.000000000000000000e+00 0.000000000000000000e+00 1.030548628352738215e-07
1.865000000000000000e+03 0.000000000000000000e+00 0.000000000000000000e+00 1.031337400250701491e-07
1.866000000000000000e+03 0.000000000000000000e+00 0.000000000000000000e+00 1.032128082007982037e-07
1.867000000000000000e+03 0.000000000000000000e+00 0.000000000000000000e+00 1.032918763765262451e-07
1.868000000000000000e+03 0.000000000000000000e+00 0.000000000000000000e+00 1.033710718762087845e-07
1.869000000000000000e+03 0.000000000000000000e+00 0.000000000000000000e+00 1.034503310378685530e-07
1.870000000000000000e+03 0.000000000000000000e+00 0.000000000000000000e+00 1.035296538615055506e-07
1.871000000000000000e+03 0.000000000000000000e+00 0.000000000000000000e+00 1.036090403471197905e-07
1.872000000000000000e+03 0.000000000000000000e+00 0.000000000000000000e+00 1.036884904947112596e-07
1.873000000000000000e+03 0.000000000000000000e+00 0.000000000000000000e+00 1.037679406423027287e-07
1.874000000000000000e+03 0.000000000000000000e+00 0.000000000000000000e+00 1.038474544518714401e-07
1.875000000000000000e+03 0.000000000000000000e+00 0.000000000000000000e+00 1.039270319234173806e-07
1.876000000000000000e+03 0.000000000000000000e+00 0.000000000000000000e+00 1.040066093949633476e-07
1.877000000000000000e+03 0.000000000000000000e+00 0.000000000000000000e+00 1.040862505284865305e-07
1.878000000000000000e+03 0.000000000000000000e+00 0.000000000000000000e+00 1.041658916620097134e-07
1.879000000000000000e+03 0.000000000000000000e+00 0.000000000000000000e+00 1.042455327955328831e-07
1.880000000000000000e+03 0.000000000000000000e+00 0.000000000000000000e+00 1.043252375910333083e-07
1.881000000000000000e+03 0.000000000000000000e+00 0.000000000000000000e+00 1.044048787245565045e-07
1.882000000000000000e+03 0.000000000000000000e+00 0.000000000000000000e+00 1.044845198580796873e-07
1.883000000000000000e+03 0.000000000000000000e+00 0.000000000000000000e+00 1.045641609916028570e-07
1.884000000000000000e+03 0.000000000000000000e+00 0.000000000000000000e+00 1.046438021251260531e-07
1.885000000000000000e+03 0.000000000000000000e+00 0.000000000000000000e+00 1.047233795966719937e-07
1.886000000000000000e+03 0.000000000000000000e+00 0.000000000000000000e+00 1.048029570682179342e-07
1.887000000000000000e+03 0.000000000000000000e+00 0.000000000000000000e+00 1.048824708777866456e-07
1.888000000000000000e+03 0.000000000000000000e+00 0.000000000000000000e+00 1.049619846873553703e-07
1.889000000000000000e+03 0.000000000000000000e+00 0.000000000000000000e+00 1.050414348349468658e-07
1.890000000000000000e+03 0.000000000000000000e+00 0.000000000000000000e+00 1.051208213205610925e-07
1.891000000000000000e+03 0.000000000000000000e+00 0.000000000000000000e+00 1.052001441441981034e-07
1.892000000000000000e+03 0.000000000000000000e+00 0.000000000000000000e+00 1.052794033058578454e-07
1.893000000000000000e+03 0.000000000000000000e+00 0.000000000000000000e+00 1.053585988055403715e-07
1.894000000000000000e+03 0.000000000000000000e+00 0.000000000000000000e+00 1.054377306432456685e-07
1.895000000000000000e+03 0.000000000000000000e+00 0.000000000000000000e+00 1.055167351569964808e-07
1.896000000000000000e+03 0.000000000000000000e+00 0.000000000000000000e+00 1.055956760087700508e-07
1.897000000000000000e+03 0.000000000000000000e+00 0.000000000000000000e+00 1.056745531985664048e-07
1.898000000000000000e+03 0.000000000000000000e+00 0.000000000000000000e+00 1.057533030644082874e-07
1.899000000000000000e+03 0.000000000000000000e+00 0.000000000000000000e+00 1.058319256062956721e-07
1.900000000000000000e+03 0.000000000000000000e+00 0.000000000000000000e+00 1.059104208242285985e-07
1.901000000000000000e+03 0.000000000000000000e+00 0.000000000000000000e+00 1.059888523801842958e-07
1.902000000000000000e+03 0.000000000000000000e+00 0.000000000000000000e+00 1.060671566121854687e-07
1.903000000000000000e+03 0.000000000000000000e+00 0.000000000000000000e+00 1.061452698582549939e-07
1.904000000000000000e+03 0.000000000000000000e+00 0.000000000000000000e+00 1.062233194423472635e-07
1.905000000000000000e+03 0.000000000000000000e+00 0.000000000000000000e+00 1.063011780405078061e-07
1.906000000000000000e+03 0.000000000000000000e+00 0.000000000000000000e+00 1.063789093147138904e-07
1.907000000000000000e+03 0.000000000000000000e+00 0.000000000000000000e+00 1.064565132649654901e-07
1.908000000000000000e+03 0.000000000000000000e+00 0.000000000000000000e+00 1.065339262292854024e-07
1.909000000000000000e+03 0.000000000000000000e+00 0.000000000000000000e+00 1.066112118696508167e-07
1.910000000000000000e+03 0.000000000000000000e+00 0.000000000000000000e+00 1.066883065240845305e-07
1.911000000000000000e+03 0.000000000000000000e+00 0.000000000000000000e+00 1.067652101925865701e-07
1.912000000000000000e+03 0.000000000000000000e+00 0.000000000000000000e+00 1.068419865371340853e-07
1.913000000000000000e+03 0.000000000000000000e+00 0.000000000000000000e+00 1.069185718957498867e-07
1.914000000000000000e+03 0.000000000000000000e+00 0.000000000000000000e+00 1.069949662684340007e-07
1.915000000000000000e+03 0.000000000000000000e+00 0.000000000000000000e+00 1.070711696551864142e-07
1.916000000000000000e+03 0.000000000000000000e+00 0.000000000000000000e+00 1.071471820560070873e-07
1.917000000000000000e+03 0.000000000000000000e+00 0.000000000000000000e+00 1.072230034708960731e-07
1.918000000000000000e+03 0.000000000000000000e+00 0.000000000000000000e+00 1.072986338998533451e-07
1.919000000000000000e+03 0.000000000000000000e+00 0.000000000000000000e+00 1.073740733428789165e-07
1.920000000000000000e+03 0.000000000000000000e+00 0.000000000000000000e+00 1.074492581379955184e-07
1.921000000000000000e+03 0.000000000000000000e+00 0.000000000000000000e+00 1.075242519471804198e-07
1.922000000000000000e+03 0.000000000000000000e+00 0.000000000000000000e+00 1.075990547704335941e-07
1.923000000000000000e+03 0.000000000000000000e+00 0.000000000000000000e+00 1.076736029457778652e-07
1.924000000000000000e+03 0.000000000000000000e+00 0.000000000000000000e+00 1.077479601351903827e-07
1.925000000000000000e+03 0.000000000000000000e+00 0.000000000000000000e+00 1.078220626766939574e-07
1.926000000000000000e+03 0.000000000000000000e+00 0.000000000000000000e+00 1.078959105702886022e-07
1.927000000000000000e+03 0.000000000000000000e+00 0.000000000000000000e+00 1.079695674779515465e-07
1.928000000000000000e+03 0.000000000000000000e+00 0.000000000000000000e+00 1.080429697377055082e-07
1.929000000000000000e+03 0.000000000000000000e+00 0.000000000000000000e+00 1.081161173495505534e-07
1.930000000000000000e+03 0.000000000000000000e+00 0.000000000000000000e+00 1.081890739754638715e-07
1.931000000000000000e+03 0.000000000000000000e+00 0.000000000000000000e+00 1.082617122914910308e-07
1.932000000000000000e+03 0.000000000000000000e+00 0.000000000000000000e+00 1.083341596215864365e-07
1.933000000000000000e+03 0.000000000000000000e+00 0.000000000000000000e+00 1.084063523037729258e-07
1.934000000000000000e+03 0.000000000000000000e+00 0.000000000000000000e+00 1.084782903380504854e-07
1.935000000000000000e+03 0.000000000000000000e+00 0.000000000000000000e+00 1.085499100624418200e-07
1.936000000000000000e+03 0.000000000000000000e+00 0.000000000000000000e+00 1.086213388009014804e-07
1.937000000000000000e+03 0.000000000000000000e+00 0.000000000000000000e+00 1.086925128914521450e-07
1.938000000000000000e+03 0.000000000000000000e+00 0.000000000000000000e+00 1.087634323340939063e-07
1.939000000000000000e+03 0.000000000000000000e+00 0.000000000000000000e+00 1.088340971288267247e-07
1.940000000000000000e+03 0.000000000000000000e+00 0.000000000000000000e+00 1.089044436136733446e-07
1.941000000000000000e+03 0.000000000000000000e+00 0.000000000000000000e+00 1.089745354506109950e-07
1.942000000000000000e+03 0.000000000000000000e+00 0.000000000000000000e+00 1.090444363016169713e-07
1.943000000000000000e+03 0.000000000000000000e+00 0.000000000000000000e+00 1.091140188427367359e-07
1.944000000000000000e+03 0.000000000000000000e+00 0.000000000000000000e+00 1.091833467359475575e-07
1.945000000000000000e+03 0.000000000000000000e+00 0.000000000000000000e+00 1.092523563192722203e-07
1.946000000000000000e+03 0.000000000000000000e+00 0.000000000000000000e+00 1.093211749166651692e-07
1.947000000000000000e+03 0.000000000000000000e+00 0.000000000000000000e+00 1.093896752041719064e-07
1.948000000000000000e+03 0.000000000000000000e+00 0.000000000000000000e+00 1.094579208437697007e-07
1.949000000000000000e+03 0.000000000000000000e+00 0.000000000000000000e+00 1.095259118354585652e-07
1.950000000000000000e+03 0.000000000000000000e+00 0.000000000000000000e+00 1.095936481792384868e-07
1.951000000000000000e+03 0.000000000000000000e+00 0.000000000000000000e+00 1.096610662131321966e-07
1.952000000000000000e+03 0.000000000000000000e+00 0.000000000000000000e+00 1.097282932610942323e-07
1.953000000000000000e+03 0.000000000000000000e+00 0.000000000000000000e+00 1.097952019991700430e-07
1.954000000000000000e+03 0.000000000000000000e+00 0.000000000000000000e+00 1.098618560893369373e-07
1.955000000000000000e+03 0.000000000000000000e+00 0.000000000000000000e+00 1.099282555315948753e-07
1.956000000000000000e+03 0.000000000000000000e+00 0.000000000000000000e+00 1.099944003259438704e-07
1.957000000000000000e+03 0.000000000000000000e+00 0.000000000000000000e+00 1.100602904723839094e-07
1.958000000000000000e+03 0.000000000000000000e+00 0.000000000000000000e+00 1.101259259709150186e-07
1.959000000000000000e+03 0.000000000000000000e+00 0.000000000000000000e+00 1.101912431595599293e-07
1.960000000000000000e+03 0.000000000000000000e+00 0.000000000000000000e+00 1.102563693622731129e-07
1.961000000000000000e+03 0.000000000000000000e+00 0.000000000000000000e+00 1.103212409170773933e-07
1.962000000000000000e+03 0.000000000000000000e+00 0.000000000000000000e+00 1.103858578239726778e-07
1.963000000000000000e+03 0.000000000000000000e+00 0.000000000000000000e+00 1.104501564209818299e-07
1.964000000000000000e+03 0.000000000000000000e+00 0.000000000000000000e+00 1.105143276940364841e-07
1.965000000000000000e+03 0.000000000000000000e+00 0.000000000000000000e+00 1.105781806572049530e-07
1.966000000000000000e+03 0.000000000000000000e+00 0.000000000000000000e+00 1.106417789724644790e-07
1.967000000000000000e+03 0.000000000000000000e+00 0.000000000000000000e+00 1.107051863017922779e-07
1.968000000000000000e+03 0.000000000000000000e+00 0.000000000000000000e+00 1.107683389832111338e-07
1.969000000000000000e+03 0.000000000000000000e+00 0.000000000000000000e+00 1.108313006786982760e-07
1.970000000000000000e+03 0.000000000000000000e+00 0.000000000000000000e+00 1.108940077262765016e-07
1.971000000000000000e+03 0.000000000000000000e+00 0.000000000000000000e+00 1.109565237879230002e-07
1.972000000000000000e+03 0.000000000000000000e+00 0.000000000000000000e+00 1.110187852016605559e-07
1.973000000000000000e+03 0.000000000000000000e+00 0.000000000000000000e+00 1.110808556294663977e-07
1.974000000000000000e+03 0.000000000000000000e+00 0.000000000000000000e+00 1.111427350713405125e-07
1.975000000000000000e+03 0.000000000000000000e+00 0.000000000000000000e+00 1.112044235272829266e-07
1.976000000000000000e+03 0.000000000000000000e+00 0.000000000000000000e+00 1.112658573353164111e-07
1.977000000000000000e+03 0.000000000000000000e+00 0.000000000000000000e+00 1.113271638193954241e-07
1.978000000000000000e+03 0.000000000000000000e+00 0.000000000000000000e+00 1.113882156555654545e-07
1.979000000000000000e+03 0.000000000000000000e+00 0.000000000000000000e+00 1.114491401677810266e-07
1.980000000000000000e+03 0.000000000000000000e+00 0.000000000000000000e+00 1.115098736940648981e-07
1.981000000000000000e+03 0.000000000000000000e+00 0.000000000000000000e+00 1.115704162344170558e-07
1.982000000000000000e+03 0.000000000000000000e+00 0.000000000000000000e+00 1.116307677888374996e-07
1.983000000000000000e+03 0.000000000000000000e+00 0.000000000000000000e+00 1.116909920193034853e-07
1.984000000000000000e+03 0.000000000000000000e+00 0.000000000000000000e+00 1.117510889258149730e-07
1.985000000000000000e+03 0.000000000000000000e+00 0.000000000000000000e+00 1.118109948463947601e-07
1.986000000000000000e+03 0.000000000000000000e+00 0.000000000000000000e+00 1.118707734430200757e-07
1.987000000000000000e+03 0.000000000000000000e+00 0.000000000000000000e+00 1.119304247156909199e-07
1.988000000000000000e+03 0.000000000000000000e+00 0.000000000000000000e+00 1.119899486644072661e-07
1.989000000000000000e+03 0.000000000000000000e+00 0.000000000000000000e+00 1.120493452891691805e-07
1.990000000000000000e+03 0.000000000000000000e+00 0.000000000000000000e+00 1.121086145899766102e-07
1.991000000000000000e+03 0.000000000000000000e+00 0.000000000000000000e+00 1.121677565668295553e-07
1.992000000000000000e+03 0.000000000000000000e+00 0.000000000000000000e+00 1.122268348817052712e-07
1.993000000000000000e+03 0.000000000000000000e+00 0.000000000000000000e+00 1.122858495346037448e-07
1.994000000000000000e+03 0.000000000000000000e+00 0.000000000000000000e+00 1.123447368635477468e-07
1.995000000000000000e+03 0.000000000000000000e+00 0.000000000000000000e+00 1.124034968685372510e-07
1.996000000000000000e+03 0.000000000000000000e+00 0.000000000000000000e+00 1.124622568735267948e-07
1.997000000000000000e+03 0.000000000000000000e+00 0.000000000000000000e+00 1.125209532165390831e-07
1.998000000000000000e+03 0.000000000000000000e+00 0.000000000000000000e+00 1.125795222355968999e-07
1.999000000000000000e+03 0.000000000000000000e+00 0.000000000000000000e+00 1.126380912546547035e-07
2.000000000000000000e+03 0.000000000000000000e+00 0.000000000000000000e+00 1.126965966117353044e-07
2.001000000000000000e+03 0.000000000000000000e+00 0.000000000000000000e+00 1.127551019688158788e-07
2.002000000000000000e+03 0.000000000000000000e+00 0.000000000000000000e+00 1.128135436639192241e-07
2.003000000000000000e+03 0.000000000000000000e+00 0.000000000000000000e+00 1.128720490209998250e-07
2.004000000000000000e+03 0.000000000000000000e+00 0.000000000000000000e+00 1.129304907161031571e-07
2.005000000000000000e+03 0.000000000000000000e+00 0.000000000000000000e+00 1.129889324112065157e-07
2.006000000000000000e+03 0.000000000000000000e+00 0.000000000000000000e+00 1.130473741063098477e-07
2.007000000000000000e+03 0.000000000000000000e+00 0.000000000000000000e+00 1.131058158014131798e-07
2.008000000000000000e+03 0.000000000000000000e+00 0.000000000000000000e+00 1.131643211584937543e-07
2.009000000000000000e+03 0.000000000000000000e+00 0.000000000000000000e+00 1.132228265155743287e-07
2.010000000000000000e+03 0.000000000000000000e+00 0.000000000000000000e+00 1.132813955346321587e-07
2.011000000000000000e+03 0.000000000000000000e+00 0.000000000000000000e+00 1.133400282156672179e-07
2.012000000000000000e+03 0.000000000000000000e+00 0.000000000000000000e+00 1.133986608967022770e-07
2.013000000000000000e+03 0.000000000000000000e+00 0.000000000000000000e+00 1.134574209016917812e-07
2.014000000000000000e+03 0.000000000000000000e+00 0.000000000000000000e+00 1.135162445686585674e-07
2.015000000000000000e+03 0.000000000000000000e+00 0.000000000000000000e+00 1.135751955595797986e-07
2.016000000000000000e+03 0.000000000000000000e+00 0.000000000000000000e+00 1.136342102124782721e-07
2.017000000000000000e+03 0.000000000000000000e+00 0.000000000000000000e+00 1.136932885273540013e-07
2.018000000000000000e+03 0.000000000000000000e+00 0.000000000000000000e+00 1.137525578281614046e-07
2.019000000000000000e+03 0.000000000000000000e+00 0.000000000000000000e+00 1.138118907909460502e-07
2.020000000000000000e+03 0.000000000000000000e+00 0.000000000000000000e+00 1.138714147396624493e-07
2.021000000000000000e+03 0.000000000000000000e+00 0.000000000000000000e+00 1.139310660123332935e-07
2.022000000000000000e+03 0.000000000000000000e+00 0.000000000000000000e+00 1.139908446089585826e-07
2.023000000000000000e+03 0.000000000000000000e+00 0.000000000000000000e+00 1.140508141915156121e-07
2.024000000000000000e+03 0.000000000000000000e+00 0.000000000000000000e+00 1.141109747600043554e-07
2.025000000000000000e+03 0.000000000000000000e+00 0.000000000000000000e+00 1.141712626524475436e-07
2.026000000000000000e+03 0.000000000000000000e+00 0.000000000000000000e+00 1.142318051927997278e-07
2.027000000000000000e+03 0.000000000000000000e+00 0.000000000000000000e+00 1.142925387190835861e-07
2.028000000000000000e+03 0.000000000000000000e+00 0.000000000000000000e+00 1.143534632312991450e-07
2.029000000000000000e+03 0.000000000000000000e+00 0.000000000000000000e+00 1.144145787294464706e-07
2.030000000000000000e+03 0.000000000000000000e+00 0.000000000000000000e+00 1.144760125374799154e-07
2.031000000000000000e+03 0.000000000000000000e+00 0.000000000000000000e+00 1.145376373314451004e-07
2.032000000000000000e+03 0.000000000000000000e+00 0.000000000000000000e+00 1.145995167733192417e-07
2.033000000000000000e+03 0.000000000000000000e+00 0.000000000000000000e+00 1.146617145250795550e-07
2.034000000000000000e+03 0.000000000000000000e+00 0.000000000000000000e+00 1.147241032627715821e-07
2.035000000000000000e+03 0.000000000000000000e+00 0.000000000000000000e+00 1.147868739723269972e-07
2.036000000000000000e+03 0.000000000000000000e+00 0.000000000000000000e+00 1.148498356678141790e-07
2.037000000000000000e+03 0.000000000000000000e+00 0.000000000000000000e+00 1.149131793351647488e-07
2.038000000000000000e+03 0.000000000000000000e+00 0.000000000000000000e+00 1.149768413124015039e-07
2.039000000000000000e+03 0.000000000000000000e+00 0.000000000000000000e+00 1.150407579375472284e-07
2.040000000000000000e+03 0.000000000000000000e+00 0.000000000000000000e+00 1.151050565345563276e-07
2.041000000000000000e+03 0.000000000000000000e+00 0.000000000000000000e+00 1.151697371034288809e-07
2.042000000000000000e+03 0.000000000000000000e+00 0.000000000000000000e+00 1.152347359821876327e-07
2.043000000000000000e+03 0.000000000000000000e+00 0.000000000000000000e+00 1.153000531708325302e-07
2.044000000000000000e+03 0.000000000000000000e+00 0.000000000000000000e+00 1.153658159933180976e-07
2.045000000000000000e+03 0.000000000000000000e+00 0.000000000000000000e+00 1.154319607876670928e-07
2.046000000000000000e+03 0.000000000000000000e+00 0.000000000000000000e+00 1.154984875538795023e-07
2.047000000000000000e+03 0.000000000000000000e+00 0.000000000000000000e+00 1.155653962919553527e-07
2.048000000000000000e+03 0.000000000000000000e+00 0.000000000000000000e+00 1.156327506638718334e-07
2.049000000000000000e+03 0.000000000000000000e+00 0.000000000000000000e+00 1.157005506696289576e-07
2.050000000000000000e+03 0.000000000000000000e+00 0.000000000000000000e+00 1.157687326472495492e-07
2.051000000000000000e+03 0.000000000000000000e+00 0.000000000000000000e+00 1.158374239206880002e-07
2.052000000000000000e+03 0.000000000000000000e+00 0.000000000000000000e+00 1.159065608279671345e-07
2.053000000000000000e+03 0.000000000000000000e+00 0.000000000000000000e+00 1.159761433690869123e-07
2.054000000000000000e+03 0.000000000000000000e+00 0.000000000000000000e+00 1.160462352060245627e-07
2.055000000000000000e+03 0.000000000000000000e+00 0.000000000000000000e+00 1.161167726768028964e-07
2.056000000000000000e+03 0.000000000000000000e+00 0.000000000000000000e+00 1.161878194433991160e-07
2.057000000000000000e+03 0.000000000000000000e+00 0.000000000000000000e+00 1.162594391677904770e-07
2.058000000000000000e+03 0.000000000000000000e+00 0.000000000000000000e+00 1.163315045260224948e-07
2.059000000000000000e+03 0.000000000000000000e+00 0.000000000000000000e+00 1.164041428420496541e-07
2.060000000000000000e+03 0.000000000000000000e+00 0.000000000000000000e+00 1.164772904538946596e-07
2.061000000000000000e+03 0.000000000000000000e+00 0.000000000000000000e+00 1.165510110235348065e-07
2.062000000000000000e+03 0.000000000000000000e+00 0.000000000000000000e+00 1.166252408889928923e-07
2.063000000000000000e+03 0.000000000000000000e+00 0.000000000000000000e+00 1.167001073742233355e-07
2.064000000000000000e+03 0.000000000000000000e+00 0.000000000000000000e+00 1.167754831552716513e-07
2.065000000000000000e+03 0.000000000000000000e+00 0.000000000000000000e+00 1.168514955560923376e-07
2.066000000000000000e+03 0.000000000000000000e+00 0.000000000000000000e+00 1.169280809147081390e-07
2.067000000000000000e+03 0.000000000000000000e+00 0.000000000000000000e+00 1.170052392311190951e-07
2.068000000000000000e+03 0.000000000000000000e+00 0.000000000000000000e+00 1.170830341673024218e-07
2.069000000000000000e+03 0.000000000000000000e+00 0.000000000000000000e+00 1.171614657232581059e-07
2.070000000000000000e+03 0.000000000000000000e+00 0.000000000000000000e+00 1.172405338989861473e-07
2.071000000000000000e+03 0.000000000000000000e+00 0.000000000000000000e+00 1.173201750325093434e-07
2.072000000000000000e+03 0.000000000000000000e+00 0.000000000000000000e+00 1.174005164477821260e-07
2.073000000000000000e+03 0.000000000000000000e+00 0.000000000000000000e+00 1.174815581448044951e-07
2.074000000000000000e+03 0.000000000000000000e+00 0.000000000000000000e+00 1.175631727996220719e-07
2.075000000000000000e+03 0.000000000000000000e+00 0.000000000000000000e+00 1.176455513981663980e-07
2.076000000000000000e+03 0.000000000000000000e+00 0.000000000000000000e+00 1.177285666164831477e-07
2.077000000000000000e+03 0.000000000000000000e+00 0.000000000000000000e+00 1.178122821165494839e-07
2.078000000000000000e+03 0.000000000000000000e+00 0.000000000000000000e+00 1.178966978983654198e-07
2.079000000000000000e+03 0.000000000000000000e+00 0.000000000000000000e+00 1.179817502999537395e-07
2.080000000000000000e+03 0.000000000000000000e+00 0.000000000000000000e+00 1.180676303072461172e-07
2.081000000000000000e+03 0.000000000000000000e+00 0.000000000000000000e+00 1.181541469343108787e-07
2.082000000000000000e+03 0.000000000000000000e+00 0.000000000000000000e+00 1.182414275051024690e-07
2.083000000000000000e+03 0.000000000000000000e+00 0.000000000000000000e+00 1.183294720196208881e-07
2.084000000000000000e+03 0.000000000000000000e+00 0.000000000000000000e+00 1.184182168158889335e-07
2.085000000000000000e+03 0.000000000000000000e+00 0.000000000000000000e+00 1.185077255558838209e-07
2.086000000000000000e+03 0.000000000000000000e+00 0.000000000000000000e+00 1.185979982396055239e-07
2.087000000000000000e+03 0.000000000000000000e+00 0.000000000000000000e+00 1.186890985290313378e-07
2.088000000000000000e+03 0.000000000000000000e+00 0.000000000000000000e+00 1.187808991002067514e-07
2.089000000000000000e+03 0.000000000000000000e+00 0.000000000000000000e+00 1.188735272770862230e-07
2.090000000000000000e+03 0.000000000000000000e+00 0.000000000000000000e+00 1.189669193976925498e-07
2.091000000000000000e+03 0.000000000000000000e+00 0.000000000000000000e+00 1.190610754620257188e-07
2.092000000000000000e+03 0.000000000000000000e+00 0.000000000000000000e+00 1.191560591320629721e-07
2.093000000000000000e+03 0.000000000000000000e+00 0.000000000000000000e+00 1.192518704078042966e-07
2.094000000000000000e+03 0.000000000000000000e+00 0.000000000000000000e+00 1.193485092892496924e-07
2.095000000000000000e+03 0.000000000000000000e+00 0.000000000000000000e+00 1.194459757763991460e-07
2.096000000000000000e+03 0.000000000000000000e+00 0.000000000000000000e+00 1.195442062072755079e-07
2.097000000000000000e+03 0.000000000000000000e+00 0.000000000000000000e+00 1.196433279058331305e-07
2.098000000000000000e+03 0.000000000000000000e+00 0.000000000000000000e+00 1.197432772100948109e-07
2.099000000000000000e+03 0.000000000000000000e+00 0.000000000000000000e+00 1.198440541200606023e-07
2.100000000000000000e+03 0.000000000000000000e+00 0.000000000000000000e+00 1.199457222977077336e-07
2.101000000000000000e+03 0.000000000000000000e+00 0.000000000000000000e+00 1.200482180810588965e-07
2.102000000000000000e+03 0.000000000000000000e+00 0.000000000000000000e+00 1.201515414701141702e-07
2.103000000000000000e+03 0.000000000000000000e+00 0.000000000000000000e+00 1.202558197888279601e-07
2.104000000000000000e+03 0.000000000000000000e+00 0.000000000000000000e+00 1.203608620512686053e-07
2.105000000000000000e+03 0.000000000000000000e+00 0.000000000000000000e+00 1.204668592433678197e-07
2.106000000000000000e+03 0.000000000000000000e+00 0.000000000000000000e+00 1.205736840411710920e-07
2.107000000000000000e+03 0.000000000000000000e+00 0.000000000000000000e+00 1.206814637686329334e-07
2.108000000000000000e+03 0.000000000000000000e+00 0.000000000000000000e+00 1.207900711017988328e-07
2.109000000000000000e+03 0.000000000000000000e+00 0.000000000000000000e+00 1.208996333646233013e-07
2.110000000000000000e+03 0.000000000000000000e+00 0.000000000000000000e+00 1.210100232331518542e-07
2.111000000000000000e+03 0.000000000000000000e+00 0.000000000000000000e+00 1.211213680313389233e-07
2.112000000000000000e+03 0.000000000000000000e+00 0.000000000000000000e+00 1.212335404352301033e-07
2.113000000000000000e+03 0.000000000000000000e+00 0.000000000000000000e+00 1.213466677687797995e-07
2.114000000000000000e+03 0.000000000000000000e+00 0.000000000000000000e+00 1.214607500319880648e-07
2.115000000000000000e+03 0.000000000000000000e+00 0.000000000000000000e+00 1.215757235628776701e-07
2.116000000000000000e+03 0.000000000000000000e+00 0.000000000000000000e+00 1.216915883614485625e-07
2.117000000000000000e+03 0.000000000000000000e+00 0.000000000000000000e+00 1.218083444277007685e-07
2.118000000000000000e+03 0.000000000000000000e+00 0.000000000000000000e+00 1.219261190855887991e-07
2.119000000000000000e+03 0.000000000000000000e+00 0.000000000000000000e+00 1.220447213491808612e-07
2.120000000000000000e+03 0.000000000000000000e+00 0.000000000000000000e+00 1.221642785424314925e-07
2.121000000000000000e+03 0.000000000000000000e+00 0.000000000000000000e+00 1.222847906653406929e-07
2.122000000000000000e+03 0.000000000000000000e+00 0.000000000000000000e+00 1.224062577179084094e-07
2.123000000000000000e+03 0.000000000000000000e+00 0.000000000000000000e+00 1.225286160381574925e-07
2.124000000000000000e+03 0.000000000000000000e+00 0.000000000000000000e+00 1.226519292880650652e-07
2.125000000000000000e+03 0.000000000000000000e+00 0.000000000000000000e+00 1.227761338056539780e-07
2.126000000000000000e+03 0.000000000000000000e+00 0.000000000000000000e+00 1.229013569148786626e-07
2.127000000000000000e+03 0.000000000000000000e+00 0.000000000000000000e+00 1.230274076298074580e-07
2.128000000000000000e+03 0.000000000000000000e+00 0.000000000000000000e+00 1.231544769363720517e-07
2.129000000000000000e+03 0.000000000000000000e+00 0.000000000000000000e+00 1.232825011725951616e-07
2.130000000000000000e+03 0.000000000000000000e+00 0.000000000000000000e+00 1.234114166764996114e-07
2.131000000000000000e+03 0.000000000000000000e+00 0.000000000000000000e+00 1.235412871100625510e-07
2.132000000000000000e+03 0.000000000000000000e+00 0.000000000000000000e+00 1.236720488113068836e-07
2.133000000000000000e+03 0.000000000000000000e+00 0.000000000000000000e+00 1.238037654422097323e-07
2.134000000000000000e+03 0.000000000000000000e+00 0.000000000000000000e+00 1.239365006647483793e-07
2.135000000000000000e+03 0.000000000000000000e+00 0.000000000000000000e+00 1.240700634929910842e-07
2.136000000000000000e+03 0.000000000000000000e+00 0.000000000000000000e+00 1.242046449128695874e-07
2.137000000000000000e+03 0.000000000000000000e+00 0.000000000000000000e+00 1.243401176004294306e-07
2.138000000000000000e+03 0.000000000000000000e+00 0.000000000000000000e+00 1.244765452176477900e-07
2.139000000000000000e+03 0.000000000000000000e+00 0.000000000000000000e+00 1.246138641025474894e-07
2.140000000000000000e+03 0.000000000000000000e+00 0.000000000000000000e+00 1.247521379171057314e-07
2.141000000000000000e+03 0.000000000000000000e+00 0.000000000000000000e+00 1.248913666613225161e-07
2.142000000000000000e+03 0.000000000000000000e+00 0.000000000000000000e+00 1.250314866732206143e-07
2.143000000000000000e+03 0.000000000000000000e+00 0.000000000000000000e+00 1.251725616147772552e-07
2.144000000000000000e+03 0.000000000000000000e+00 0.000000000000000000e+00 1.253145278240152361e-07
2.145000000000000000e+03 0.000000000000000000e+00 0.000000000000000000e+00 1.254574489629117597e-07
2.146000000000000000e+03 0.000000000000000000e+00 0.000000000000000000e+00 1.256012613694895968e-07
2.147000000000000000e+03 0.000000000000000000e+00 0.000000000000000000e+00 1.257460287057259765e-07
2.148000000000000000e+03 0.000000000000000000e+00 0.000000000000000000e+00 1.258916873096436963e-07
2.149000000000000000e+03 0.000000000000000000e+00 0.000000000000000000e+00 1.260382371812427031e-07
2.150000000000000000e+03 0.000000000000000000e+00 0.000000000000000000e+00 1.261856783205230500e-07
2.151000000000000000e+03 0.000000000000000000e+00 0.000000000000000000e+00 1.263340743894619395e-07
2.152000000000000000e+03 0.000000000000000000e+00 0.000000000000000000e+00 1.264833617260821160e-07
2.153000000000000000e+03 0.000000000000000000e+00 0.000000000000000000e+00 1.266334766684064035e-07
2.154000000000000000e+03 0.000000000000000000e+00 0.000000000000000000e+00 1.267845465403892071e-07
2.155000000000000000e+03 0.000000000000000000e+00 0.000000000000000000e+00 1.269365076800533508e-07
2.156000000000000000e+03 0.000000000000000000e+00 0.000000000000000000e+00 1.270892964254215788e-07
2.157000000000000000e+03 0.000000000000000000e+00 0.000000000000000000e+00 1.272430401004483496e-07
2.158000000000000000e+03 0.000000000000000000e+00 0.000000000000000000e+00 1.273976113811792047e-07
2.159000000000000000e+03 0.000000000000000000e+00 0.000000000000000000e+00 1.275530102676141443e-07
2.160000000000000000e+03 0.000000000000000000e+00 0.000000000000000000e+00 1.277093004217303709e-07
2.161000000000000000e+03 0.000000000000000000e+00 0.000000000000000000e+00 1.278664818435279111e-07
2.162000000000000000e+03 0.000000000000000000e+00 0.000000000000000000e+00 1.280244908710295622e-07
2.163000000000000000e+03 0.000000000000000000e+00 0.000000000000000000e+00 1.281833275042352712e-07
2.164000000000000000e+03 0.000000000000000000e+00 0.000000000000000000e+00 1.283429917431450382e-07
2.165000000000000000e+03 0.000000000000000000e+00 0.000000000000000000e+00 1.285035472497361716e-07
2.166000000000000000e+03 0.000000000000000000e+00 0.000000000000000000e+00 1.286648667000541074e-07
2.167000000000000000e+03 0.000000000000000000e+00 0.000000000000000000e+00 1.288270774180533568e-07
2.168000000000000000e+03 0.000000000000000000e+00 0.000000000000000000e+00 1.289900520797794879e-07
2.169000000000000000e+03 0.000000000000000000e+00 0.000000000000000000e+00 1.291538543472096505e-07
2.170000000000000000e+03 0.000000000000000000e+00 0.000000000000000000e+00 1.293184842203438975e-07
2.171000000000000000e+03 0.000000000000000000e+00 0.000000000000000000e+00 1.294838780372049998e-07
2.172000000000000000e+03 0.000000000000000000e+00 0.000000000000000000e+00 1.296500357977929310e-07
2.173000000000000000e+03 0.000000000000000000e+00 0.000000000000000000e+00 1.298170211640849730e-07
2.174000000000000000e+03 0.000000000000000000e+00 0.000000000000000000e+00 1.299847704741038174e-07
2.175000000000000000e+03 0.000000000000000000e+00 0.000000000000000000e+00 1.301532837278495172e-07
2.176000000000000000e+03 0.000000000000000000e+00 0.000000000000000000e+00 1.303225609253220457e-07
2.177000000000000000e+03 0.000000000000000000e+00 0.000000000000000000e+00 1.304925384045442004e-07
2.178000000000000000e+03 0.000000000000000000e+00 0.000000000000000000e+00 1.306633434894704131e-07
2.179000000000000000e+03 0.000000000000000000e+00 0.000000000000000000e+00 1.308347851941690228e-07
2.180000000000000000e+03 0.000000000000000000e+00 0.000000000000000000e+00 1.310070545045716641e-07
2.181000000000000000e+03 0.000000000000000000e+00 0.000000000000000000e+00 1.311799604347467023e-07
2.182000000000000000e+03 0.000000000000000000e+00 0.000000000000000000e+00 1.313536303086485695e-07
2.183000000000000000e+03 0.000000000000000000e+00 0.000000000000000000e+00 1.315279368023228336e-07
2.184000000000000000e+03 0.000000000000000000e+00 0.000000000000000000e+00 1.317030072397239002e-07
2.185000000000000000e+03 0.000000000000000000e+00 0.000000000000000000e+00 1.318787142968973638e-07
2.186000000000000000e+03 0.000000000000000000e+00 0.000000000000000000e+00 1.320550579738431980e-07
2.187000000000000000e+03 0.000000000000000000e+00 0.000000000000000000e+00 1.322321019325386054e-07
2.188000000000000000e+03 0.000000000000000000e+00 0.000000000000000000e+00 1.324097825110064099e-07
2.189000000000000000e+03 0.000000000000000000e+00 0.000000000000000000e+00 1.325881633712238142e-07
2.190000000000000000e+03 0.000000000000000000e+00 0.000000000000000000e+00 1.327671171892363334e-07
2.191000000000000000e+03 0.000000000000000000e+00 0.000000000000000000e+00 1.329467076270212232e-07
2.192000000000000000e+03 0.000000000000000000e+00 0.000000000000000000e+00 1.331268710226012545e-07
2.193000000000000000e+03 0.000000000000000000e+00 0.000000000000000000e+00 1.333076710379536564e-07
2.194000000000000000e+03 0.000000000000000000e+00 0.000000000000000000e+00 1.334890440111011468e-07
2.195000000000000000e+03 0.000000000000000000e+00 0.000000000000000000e+00 1.336710536040210343e-07
2.196000000000000000e+03 0.000000000000000000e+00 0.000000000000000000e+00 1.338535724927588342e-07
2.197000000000000000e+03 0.000000000000000000e+00 0.000000000000000000e+00 1.340366643392917755e-07
2.198000000000000000e+03 0.000000000000000000e+00 0.000000000000000000e+00 1.342203291436198054e-07
2.199000000000000000e+03 0.000000000000000000e+00 0.000000000000000000e+00 1.344045032437657476e-07
2.200000000000000000e+03 0.000000000000000000e+00 0.000000000000000000e+00 1.345891866397295757e-07
2.201000000000000000e+03 0.000000000000000000e+00 0.000000000000000000e+00 1.347743793315113162e-07
2.202000000000000000e+03 0.000000000000000000e+00 0.000000000000000000e+00 1.349600813191109161e-07
2.203000000000000000e+03 0.000000000000000000e+00 0.000000000000000000e+00 1.351462926025284548e-07
2.204000000000000000e+03 0.000000000000000000e+00 0.000000000000000000e+00 1.353330131817638794e-07
2.205000000000000000e+03 0.000000000000000000e+00 0.000000000000000000e+00 1.355201157328627052e-07
2.206000000000000000e+03 0.000000000000000000e+00 0.000000000000000000e+00 1.357077275797794169e-07
2.207000000000000000e+03 0.000000000000000000e+00 0.000000000000000000e+00 1.358957850605367853e-07
2.208000000000000000e+03 0.000000000000000000e+00 0.000000000000000000e+00 1.360842245131576344e-07
2.209000000000000000e+03 0.000000000000000000e+00 0.000000000000000000e+00 1.362731095996190608e-07
2.210000000000000000e+03 0.000000000000000000e+00 0.000000000000000000e+00 1.364624403199211969e-07
2.211000000000000000e+03 0.000000000000000000e+00 0.000000000000000000e+00 1.366521530120867341e-07
2.212000000000000000e+03 0.000000000000000000e+00 0.000000000000000000e+00 1.368421840141384435e-07
2.213000000000000000e+03 0.000000000000000000e+00 0.000000000000000000e+00 1.370326606500308361e-07
2.214000000000000000e+03 0.000000000000000000e+00 0.000000000000000000e+00 1.372234555958094272e-07
2.215000000000000000e+03 0.000000000000000000e+00 0.000000000000000000e+00 1.374145688514741374e-07
2.216000000000000000e+03 0.000000000000000000e+00 0.000000000000000000e+00 1.376060004170250727e-07
2.217000000000000000e+03 0.000000000000000000e+00 0.000000000000000000e+00 1.377978139544394356e-07
2.218000000000000000e+03 0.000000000000000000e+00 0.000000000000000000e+00 1.379899458017399705e-07
2.219000000000000000e+03 0.000000000000000000e+00 0.000000000000000000e+00 1.381823322969494484e-07
2.220000000000000000e+03 0.000000000000000000e+00 0.000000000000000000e+00 1.383749734400678957e-07
2.221000000000000000e+03 0.000000000000000000e+00 0.000000000000000000e+00 1.385679328930725151e-07
2.222000000000000000e+03 0.000000000000000000e+00 0.000000000000000000e+00 1.387611469939860510e-07
2.223000000000000000e+03 0.000000000000000000e+00 0.000000000000000000e+00 1.389545520808313271e-07
2.224000000000000000e+03 0.000000000000000000e+00 0.000000000000000000e+00 1.391482118155855462e-07
2.225000000000000000e+03 0.000000000000000000e+00 0.000000000000000000e+00 1.393421261982487347e-07
2.226000000000000000e+03 0.000000000000000000e+00 0.000000000000000000e+00 1.395362315668436106e-07
2.227000000000000000e+03 0.000000000000000000e+00 0.000000000000000000e+00 1.397305279213701738e-07
2.228000000000000000e+03 0.000000000000000000e+00 0.000000000000000000e+00 1.399250152618284773e-07
2.229000000000000000e+03 0.000000000000000000e+00 0.000000000000000000e+00 1.401196935882184682e-07
2.230000000000000000e+03 0.000000000000000000e+00 0.000000000000000000e+00 1.403144992385629437e-07
2.231000000000000000e+03 0.000000000000000000e+00 0.000000000000000000e+00 1.405094322128619040e-07
2.232000000000000000e+03 0.000000000000000000e+00 0.000000000000000000e+00 1.407044925111153490e-07
2.233000000000000000e+03 0.000000000000000000e+00 0.000000000000000000e+00 1.408997437953004549e-07
2.234000000000000000e+03 0.000000000000000000e+00 0.000000000000000000e+00 1.410950587414628428e-07
2.235000000000000000e+03 0.000000000000000000e+00 0.000000000000000000e+00 1.412905010115796890e-07
2.236000000000000000e+03 0.000000000000000000e+00 0.000000000000000000e+00 1.414860069436737643e-07
2.237000000000000000e+03 0.000000000000000000e+00 0.000000000000000000e+00 1.416815765377450951e-07
2.238000000000000000e+03 0.000000000000000000e+00 0.000000000000000000e+00 1.418772097937936551e-07
2.239000000000000000e+03 0.000000000000000000e+00 0.000000000000000000e+00 1.420729067118194442e-07
2.240000000000000000e+03 0.000000000000000000e+00 0.000000000000000000e+00 1.422686672918224889e-07
2.241000000000000000e+03 0.000000000000000000e+00 0.000000000000000000e+00 1.424644278718255072e-07
2.242000000000000000e+03 0.000000000000000000e+00 0.000000000000000000e+00 1.426601884518285783e-07
2.243000000000000000e+03 0.000000000000000000e+00 0.000000000000000000e+00 1.428560126938087992e-07
2.244000000000000000e+03 0.000000000000000000e+00 0.000000000000000000e+00 1.430517732738118439e-07
2.245000000000000000e+03 0.000000000000000000e+00 0.000000000000000000e+00 1.432475338538148621e-07
2.246000000000000000e+03 0.000000000000000000e+00 0.000000000000000000e+00 1.434432944338178804e-07
2.247000000000000000e+03 0.000000000000000000e+00 0.000000000000000000e+00 1.436390550138209515e-07
2.248000000000000000e+03 0.000000000000000000e+00 0.000000000000000000e+00 1.438346882698694851e-07
2.249000000000000000e+03 0.000000000000000000e+00 0.000000000000000000e+00 1.440303215259180715e-07
2.250000000000000000e+03 0.000000000000000000e+00 0.000000000000000000e+00 1.442258274580121203e-07
2.251000000000000000e+03 0.000000000000000000e+00 0.000000000000000000e+00 1.444213333901062221e-07
2.252000000000000000e+03 0.000000000000000000e+00 0.000000000000000000e+00 1.446167119982458656e-07
2.253000000000000000e+03 0.000000000000000000e+00 0.000000000000000000e+00 1.448120269444082006e-07
2.254000000000000000e+03 0.000000000000000000e+00 0.000000000000000000e+00 1.450071509046388747e-07
2.255000000000000000e+03 0.000000000000000000e+00 0.000000000000000000e+00 1.452022748648695223e-07
2.256000000000000000e+03 0.000000000000000000e+00 0.000000000000000000e+00 1.453972078391684826e-07
2.257000000000000000e+03 0.000000000000000000e+00 0.000000000000000000e+00 1.455920134895129847e-07
2.258000000000000000e+03 0.000000000000000000e+00 0.000000000000000000e+00 1.457866918159029755e-07
2.259000000000000000e+03 0.000000000000000000e+00 0.000000000000000000e+00 1.459812428183385082e-07
2.260000000000000000e+03 0.000000000000000000e+00 0.000000000000000000e+00 1.461756028348423534e-07
2.261000000000000000e+03 0.000000000000000000e+00 0.000000000000000000e+00 1.463697718654144584e-07
2.262000000000000000e+03 0.000000000000000000e+00 0.000000000000000000e+00 1.465638135720321052e-07
2.263000000000000000e+03 0.000000000000000000e+00 0.000000000000000000e+00 1.467576642927180116e-07
2.264000000000000000e+03 0.000000000000000000e+00 0.000000000000000000e+00 1.469513240274722307e-07
2.265000000000000000e+03 0.000000000000000000e+00 0.000000000000000000e+00 1.471447927762947624e-07
2.266000000000000000e+03 0.000000000000000000e+00 0.000000000000000000e+00 1.473380068772082983e-07
2.267000000000000000e+03 0.000000000000000000e+00 0.000000000000000000e+00 1.475310936541673759e-07
2.268000000000000000e+03 0.000000000000000000e+00 0.000000000000000000e+00 1.477239257832175106e-07
2.269000000000000000e+03 0.000000000000000000e+00 0.000000000000000000e+00 1.479165032643587023e-07
2.270000000000000000e+03 0.000000000000000000e+00 0.000000000000000000e+00 1.481088897595682067e-07
2.271000000000000000e+03 0.000000000000000000e+00 0.000000000000000000e+00 1.483010216068687151e-07
2.272000000000000000e+03 0.000000000000000000e+00 0.000000000000000000e+00 1.484929624682375627e-07
2.273000000000000000e+03 0.000000000000000000e+00 0.000000000000000000e+00 1.486845850197202118e-07
2.274000000000000000e+03 0.000000000000000000e+00 0.000000000000000000e+00 1.488760165852711471e-07
2.275000000000000000e+03 0.000000000000000000e+00 0.000000000000000000e+00 1.490671298409359102e-07
2.276000000000000000e+03 0.000000000000000000e+00 0.000000000000000000e+00 1.492580521106689067e-07
2.277000000000000000e+03 0.000000000000000000e+00 0.000000000000000000e+00 1.494486560705157839e-07
2.278000000000000000e+03 0.000000000000000000e+00 0.000000000000000000e+00 1.496390053824536654e-07
2.279000000000000000e+03 0.000000000000000000e+00 0.000000000000000000e+00 1.498291000464826568e-07
2.280000000000000000e+03 0.000000000000000000e+00 0.000000000000000000e+00 1.500188764006254232e-07
2.281000000000000000e+03 0.000000000000000000e+00 0.000000000000000000e+00 1.502083981068592466e-07
2.282000000000000000e+03 0.000000000000000000e+00 0.000000000000000000e+00 1.503976015032068980e-07
2.283000000000000000e+03 0.000000000000000000e+00 0.000000000000000000e+00 1.505865502516455800e-07
2.284000000000000000e+03 0.000000000000000000e+00 0.000000000000000000e+00 1.507752443521753455e-07
2.285000000000000000e+03 0.000000000000000000e+00 0.000000000000000000e+00 1.509635564808416834e-07
2.286000000000000000e+03 0.000000000000000000e+00 0.000000000000000000e+00 1.511516776235762809e-07
2.287000000000000000e+03 0.000000000000000000e+00 0.000000000000000000e+00 1.513394167944475038e-07
2.288000000000000000e+03 0.000000000000000000e+00 0.000000000000000000e+00 1.515269013174097307e-07
2.289000000000000000e+03 0.000000000000000000e+00 0.000000000000000000e+00 1.517140675304858386e-07
2.290000000000000000e+03 0.000000000000000000e+00 0.000000000000000000e+00 1.519009790956529505e-07
2.291000000000000000e+03 0.000000000000000000e+00 0.000000000000000000e+00 1.520875086889566613e-07
2.292000000000000000e+03 0.000000000000000000e+00 0.000000000000000000e+00 1.522737836343513762e-07
2.293000000000000000e+03 0.000000000000000000e+00 0.000000000000000000e+00 1.524597402698599720e-07
2.294000000000000000e+03 0.000000000000000000e+00 0.000000000000000000e+00 1.526454422574595984e-07
2.295000000000000000e+03 0.000000000000000000e+00 0.000000000000000000e+00 1.528308259351730262e-07
2.296000000000000000e+03 0.000000000000000000e+00 0.000000000000000000e+00 1.530158913030002819e-07
2.297000000000000000e+03 0.000000000000000000e+00 0.000000000000000000e+00 1.532006383609413392e-07
2.298000000000000000e+03 0.000000000000000000e+00 0.000000000000000000e+00 1.533851307709735064e-07
2.299000000000000000e+03 0.000000000000000000e+00 0.000000000000000000e+00 1.535693048711194222e-07
2.300000000000000000e+03 0.000000000000000000e+00 0.000000000000000000e+00 1.537532243233563950e-07
2.301000000000000000e+03 0.000000000000000000e+00 0.000000000000000000e+00 1.539367618037299931e-07
2.302000000000000000e+03 0.000000000000000000e+00 0.000000000000000000e+00 1.541201082981718774e-07
2.303000000000000000e+03 0.000000000000000000e+00 0.000000000000000000e+00 1.543031364827275366e-07
2.304000000000000000e+03 0.000000000000000000e+00 0.000000000000000000e+00 1.544858463573970238e-07
2.305000000000000000e+03 0.000000000000000000e+00 0.000000000000000000e+00 1.546683015841575946e-07
2.306000000000000000e+03 0.000000000000000000e+00 0.000000000000000000e+00 1.548504385010319668e-07
2.307000000000000000e+03 0.000000000000000000e+00 0.000000000000000000e+00 1.550323844319745987e-07
2.308000000000000000e+03 0.000000000000000000e+00 0.000000000000000000e+00 1.552140120530310585e-07
2.309000000000000000e+03 0.000000000000000000e+00 0.000000000000000000e+00 1.553953213642013198e-07
2.310000000000000000e+03 0.000000000000000000e+00 0.000000000000000000e+00 1.555764396894399467e-07
2.311000000000000000e+03 0.000000000000000000e+00 0.000000000000000000e+00 1.557573033667695513e-07
2.312000000000000000e+03 0.000000000000000000e+00 0.000000000000000000e+00 1.559378487342129838e-07
2.313000000000000000e+03 0.000000000000000000e+00 0.000000000000000000e+00 1.561182031157247289e-07
2.314000000000000000e+03 0.000000000000000000e+00 0.000000000000000000e+00 1.562983028493275576e-07
2.315000000000000000e+03 0.000000000000000000e+00 0.000000000000000000e+00 1.564782115969985930e-07
2.316000000000000000e+03 0.000000000000000000e+00 0.000000000000000000e+00 1.566578020347834828e-07
2.317000000000000000e+03 0.000000000000000000e+00 0.000000000000000000e+00 1.568372651486139144e-07
2.318000000000000000e+03 0.000000000000000000e+00 0.000000000000000000e+00 1.570164099525581474e-07
2.319000000000000000e+03 0.000000000000000000e+00 0.000000000000000000e+00 1.571954274325479223e-07
2.320000000000000000e+03 0.000000000000000000e+00 0.000000000000000000e+00 1.573741902646287541e-07
2.321000000000000000e+03 0.000000000000000000e+00 0.000000000000000000e+00 1.575527621107778457e-07
2.322000000000000000e+03 0.000000000000000000e+00 0.000000000000000000e+00 1.577311429709952235e-07
2.323000000000000000e+03 0.000000000000000000e+00 0.000000000000000000e+00 1.579093965072581694e-07
2.324000000000000000e+03 0.000000000000000000e+00 0.000000000000000000e+00 1.580873953956121725e-07
2.325000000000000000e+03 0.000000000000000000e+00 0.000000000000000000e+00 1.582652669600116379e-07
2.326000000000000000e+03 0.000000000000000000e+00 0.000000000000000000e+00 1.584430112004566980e-07
2.327000000000000000e+03 0.000000000000000000e+00 0.000000000000000000e+00 1.586205644549699913e-07
2.328000000000000000e+03 0.000000000000000000e+00 0.000000000000000000e+00 1.587979903855288264e-07
2.329000000000000000e+03 0.000000000000000000e+00 0.000000000000000000e+00 1.589752253301559742e-07
2.330000000000000000e+03 0.000000000000000000e+00 0.000000000000000000e+00 1.591523966128058663e-07
2.331000000000000000e+03 0.000000000000000000e+00 0.000000000000000000e+00 1.593294405715013002e-07
2.332000000000000000e+03 0.000000000000000000e+00 0.000000000000000000e+00 1.595064208682195050e-07
2.333000000000000000e+03 0.000000000000000000e+00 0.000000000000000000e+00 1.596832738409831722e-07
2.334000000000000000e+03 0.000000000000000000e+00 0.000000000000000000e+00 1.598599994897924605e-07
2.335000000000000000e+03 0.000000000000000000e+00 0.000000000000000000e+00 1.600367251386016694e-07
2.336000000000000000e+03 0.000000000000000000e+00 0.000000000000000000e+00 1.602133234634564466e-07
2.337000000000000000e+03 0.000000000000000000e+00 0.000000000000000000e+00 1.603898581263339681e-07
2.338000000000000000e+03 0.000000000000000000e+00 0.000000000000000000e+00 1.605663927892114897e-07
2.339000000000000000e+03 0.000000000000000000e+00 0.000000000000000000e+00 1.607428637901117821e-07
2.340000000000000000e+03 0.000000000000000000e+00 0.000000000000000000e+00 1.609193347910121010e-07
2.341000000000000000e+03 0.000000000000000000e+00 0.000000000000000000e+00 1.610957421299351379e-07
2.342000000000000000e+03 0.000000000000000000e+00 0.000000000000000000e+00 1.612721494688582012e-07
2.343000000000000000e+03 0.000000000000000000e+00 0.000000000000000000e+00 1.614486204697584936e-07
2.344000000000000000e+03 0.000000000000000000e+00 0.000000000000000000e+00 1.616250278086815305e-07
2.345000000000000000e+03 0.000000000000000000e+00 0.000000000000000000e+00 1.618014988095818494e-07
2.346000000000000000e+03 0.000000000000000000e+00 0.000000000000000000e+00 1.619780334724593709e-07
2.347000000000000000e+03 0.000000000000000000e+00 0.000000000000000000e+00 1.621545681353369190e-07
2.348000000000000000e+03 0.000000000000000000e+00 0.000000000000000000e+00 1.623312301221688988e-07
2.349000000000000000e+03 0.000000000000000000e+00 0.000000000000000000e+00 1.625078921090009315e-07
2.350000000000000000e+03 0.000000000000000000e+00 0.000000000000000000e+00 1.626846814197873695e-07
2.351000000000000000e+03 0.000000000000000000e+00 0.000000000000000000e+00 1.628615343925511161e-07
2.352000000000000000e+03 0.000000000000000000e+00 0.000000000000000000e+00 1.630385146892692944e-07
2.353000000000000000e+03 0.000000000000000000e+00 0.000000000000000000e+00 1.632156223099419575e-07
2.354000000000000000e+03 0.000000000000000000e+00 0.000000000000000000e+00 1.633928572545690787e-07
2.355000000000000000e+03 0.000000000000000000e+00 0.000000000000000000e+00 1.635702195231507112e-07
2.356000000000000000e+03 0.000000000000000000e+00 0.000000000000000000e+00 1.637477091156867754e-07
2.357000000000000000e+03 0.000000000000000000e+00 0.000000000000000000e+00 1.639253896941545799e-07
2.358000000000000000e+03 0.000000000000000000e+00 0.000000000000000000e+00 1.641032612585540718e-07
2.359000000000000000e+03 0.000000000000000000e+00 0.000000000000000000e+00 1.642812601469080219e-07
2.360000000000000000e+03 0.000000000000000000e+00 0.000000000000000000e+00 1.644595136831709679e-07
2.361000000000000000e+03 0.000000000000000000e+00 0.000000000000000000e+00 1.646379582053656277e-07
2.362000000000000000e+03 0.000000000000000000e+00 0.000000000000000000e+00 1.648166573754692040e-07
2.363000000000000000e+03 0.000000000000000000e+00 0.000000000000000000e+00 1.649955475315044676e-07
2.364000000000000000e+03 0.000000000000000000e+00 0.000000000000000000e+00 1.651746923354487007e-07
2.365000000000000000e+03 0.000000000000000000e+00 0.000000000000000000e+00 1.653540917873019031e-07
2.366000000000000000e+03 0.000000000000000000e+00 0.000000000000000000e+00 1.655337458870639956e-07
2.367000000000000000e+03 0.000000000000000000e+00 0.000000000000000000e+00 1.657137182967123395e-07
2.368000000000000000e+03 0.000000000000000000e+00 0.000000000000000000e+00 1.658939453542696000e-07
2.369000000000000000e+03 0.000000000000000000e+00 0.000000000000000000e+00 1.660744907217130324e-07
2.370000000000000000e+03 0.000000000000000000e+00 0.000000000000000000e+00 1.662553543990426899e-07
2.371000000000000000e+03 0.000000000000000000e+00 0.000000000000000000e+00 1.664365363862584930e-07
2.372000000000000000e+03 0.000000000000000000e+00 0.000000000000000000e+00 1.666180366833605211e-07
2.373000000000000000e+03 0.000000000000000000e+00 0.000000000000000000e+00 1.667999189523259239e-07
2.374000000000000000e+03 0.000000000000000000e+00 0.000000000000000000e+00 1.669821195311774987e-07
2.375000000000000000e+03 0.000000000000000000e+00 0.000000000000000000e+00 1.671647657438697568e-07
2.376000000000000000e+03 0.000000000000000000e+00 0.000000000000000000e+00 1.673477302664482134e-07
2.377000000000000000e+03 0.000000000000000000e+00 0.000000000000000000e+00 1.675310767608900712e-07
2.378000000000000000e+03 0.000000000000000000e+00 0.000000000000000000e+00 1.677148688891725858e-07
2.379000000000000000e+03 0.000000000000000000e+00 0.000000000000000000e+00 1.678990429893185545e-07
2.380000000000000000e+03 0.000000000000000000e+00 0.000000000000000000e+00 1.680836627233051270e-07
2.381000000000000000e+03 0.000000000000000000e+00 0.000000000000000000e+00 1.682686644291551537e-07
2.382000000000000000e+03 0.000000000000000000e+00 0.000000000000000000e+00 1.684541754308230398e-07
2.383000000000000000e+03 0.000000000000000000e+00 0.000000000000000000e+00 1.686401320663316620e-07
2.384000000000000000e+03 0.000000000000000000e+00 0.000000000000000000e+00 1.688264706737036325e-07
2.385000000000000000e+03 0.000000000000000000e+00 0.000000000000000000e+00 1.690133822388707709e-07
2.386000000000000000e+03 0.000000000000000000e+00 0.000000000000000000e+00 1.692007394378785396e-07
2.387000000000000000e+03 0.000000000000000000e+00 0.000000000000000000e+00 1.693885422707269651e-07
2.388000000000000000e+03 0.000000000000000000e+00 0.000000000000000000e+00 1.695769180613705321e-07
2.389000000000000000e+03 0.000000000000000000e+00 0.000000000000000000e+00 1.697657394858547559e-07
2.390000000000000000e+03 0.000000000000000000e+00 0.000000000000000000e+00 1.699550702061568920e-07
2.391000000000000000e+03 0.000000000000000000e+00 0.000000000000000000e+00 1.701449738842541166e-07
2.392000000000000000e+03 0.000000000000000000e+00 0.000000000000000000e+00 1.703353868581692801e-07
2.393000000000000000e+03 0.000000000000000000e+00 0.000000000000000000e+00 1.705263727898795321e-07
2.394000000000000000e+03 0.000000000000000000e+00 0.000000000000000000e+00 1.707178680174077229e-07
2.395000000000000000e+03 0.000000000000000000e+00 0.000000000000000000e+00 1.709099362027310023e-07
2.396000000000000000e+03 0.000000000000000000e+00 0.000000000000000000e+00 1.711025773458494496e-07
2.397000000000000000e+03 0.000000000000000000e+00 0.000000000000000000e+00 1.712957914467630119e-07
2.398000000000000000e+03 0.000000000000000000e+00 0.000000000000000000e+00 1.714895785054717157e-07
2.399000000000000000e+03 0.000000000000000000e+00 0.000000000000000000e+00 1.716839385219755080e-07
2.400000000000000000e+03 0.000000000000000000e+00 0.000000000000000000e+00 1.718788714962744683e-07
2.401000000000000000e+03 0.000000000000000000e+00 0.000000000000000000e+00 1.720744410903457992e-07
2.402000000000000000e+03 0.000000000000000000e+00 0.000000000000000000e+00 1.722706473041895007e-07
2.403000000000000000e+03 0.000000000000000000e+00 0.000000000000000000e+00 1.724674264758283171e-07
2.404000000000000000e+03 0.000000000000000000e+00 0.000000000000000000e+00 1.726647786052622222e-07
2.405000000000000000e+03 0.000000000000000000e+00 0.000000000000000000e+00 1.728628310164458063e-07
2.406000000000000000e+03 0.000000000000000000e+00 0.000000000000000000e+00 1.730614563854245054e-07
2.407000000000000000e+03 0.000000000000000000e+00 0.000000000000000000e+00 1.732607183741755487e-07
2.408000000000000000e+03 0.000000000000000000e+00 0.000000000000000000e+00 1.734606169826989890e-07
2.409000000000000000e+03 0.000000000000000000e+00 0.000000000000000000e+00 1.736611522109947735e-07
2.410000000000000000e+03 0.000000000000000000e+00 0.000000000000000000e+00 1.738623240590629285e-07
2.411000000000000000e+03 0.000000000000000000e+00 0.000000000000000000e+00 1.740641325269034542e-07
2.412000000000000000e+03 0.000000000000000000e+00 0.000000000000000000e+00 1.742665776145163240e-07
2.413000000000000000e+03 0.000000000000000000e+00 0.000000000000000000e+00 1.744697229838788464e-07
2.414000000000000000e+03 0.000000000000000000e+00 0.000000000000000000e+00 1.746735049730137129e-07
2.415000000000000000e+03 0.000000000000000000e+00 0.000000000000000000e+00 1.748779235819209236e-07
2.416000000000000000e+03 0.000000000000000000e+00 0.000000000000000000e+00 1.750830424725777605e-07
2.417000000000000000e+03 0.000000000000000000e+00 0.000000000000000000e+00 1.752887979830069679e-07
2.418000000000000000e+03 0.000000000000000000e+00 0.000000000000000000e+00 1.754951901132085195e-07
2.419000000000000000e+03 0.000000000000000000e+00 0.000000000000000000e+00 1.757022825251596972e-07
2.420000000000000000e+03 0.000000000000000000e+00 0.000000000000000000e+00 1.759100115568832456e-07
2.421000000000000000e+03 0.000000000000000000e+00 0.000000000000000000e+00 1.761183772083791645e-07
2.422000000000000000e+03 0.000000000000000000e+00 0.000000000000000000e+00 1.763274431416246567e-07
2.423000000000000000e+03 0.000000000000000000e+00 0.000000000000000000e+00 1.765371456946425460e-07
2.424000000000000000e+03 0.000000000000000000e+00 0.000000000000000000e+00 1.767475485294100350e-07
2.425000000000000000e+03 0.000000000000000000e+00 0.000000000000000000e+00 1.769585879839498681e-07
2.426000000000000000e+03 0.000000000000000000e+00 0.000000000000000000e+00 1.771703277202393538e-07
2.427000000000000000e+03 0.000000000000000000e+00 0.000000000000000000e+00 1.773827040763011572e-07
2.428000000000000000e+03 0.000000000000000000e+00 0.000000000000000000e+00 1.775957170521353842e-07
2.429000000000000000e+03 0.000000000000000000e+00 0.000000000000000000e+00 1.778093666477419288e-07
2.430000000000000000e+03 0.000000000000000000e+00 0.000000000000000000e+00 1.780237165250980731e-07
2.431000000000000000e+03 0.000000000000000000e+00 0.000000000000000000e+00 1.782387030222266144e-07
2.432000000000000000e+03 0.000000000000000000e+00 0.000000000000000000e+00 1.784543261391275264e-07
2.433000000000000000e+03 0.000000000000000000e+00 0.000000000000000000e+00 1.786705858758007825e-07
2.434000000000000000e+03 0.000000000000000000e+00 0.000000000000000000e+00 1.788874822322464357e-07
2.435000000000000000e+03 0.000000000000000000e+00 0.000000000000000000e+00 1.791050152084644329e-07
2.436000000000000000e+03 0.000000000000000000e+00 0.000000000000000000e+00 1.793231848044547743e-07
2.437000000000000000e+03 0.000000000000000000e+00 0.000000000000000000e+00 1.795419273582403102e-07
2.438000000000000000e+03 0.000000000000000000e+00 0.000000000000000000e+00 1.797613701937754192e-07
2.439000000000000000e+03 0.000000000000000000e+00 0.000000000000000000e+00 1.799813223251284142e-07
2.440000000000000000e+03 0.000000000000000000e+00 0.000000000000000000e+00 1.802019747382310089e-07
2.441000000000000000e+03 0.000000000000000000e+00 0.000000000000000000e+00 1.804232001091287450e-07
2.442000000000000000e+03 0.000000000000000000e+00 0.000000000000000000e+00 1.806449984378216226e-07
2.443000000000000000e+03 0.000000000000000000e+00 0.000000000000000000e+00 1.808673697243095888e-07
2.444000000000000000e+03 0.000000000000000000e+00 0.000000000000000000e+00 1.810903139685926964e-07
2.445000000000000000e+03 0.000000000000000000e+00 0.000000000000000000e+00 1.813138311706709720e-07
2.446000000000000000e+03 0.000000000000000000e+00 0.000000000000000000e+00 1.815379213305443890e-07
2.447000000000000000e+03 0.000000000000000000e+00 0.000000000000000000e+00 1.817625844482129211e-07
2.448000000000000000e+03 0.000000000000000000e+00 0.000000000000000000e+00 1.819877568616993126e-07
2.449000000000000000e+03 0.000000000000000000e+00 0.000000000000000000e+00 1.822135022329808455e-07
2.450000000000000000e+03 0.000000000000000000e+00 0.000000000000000000e+00 1.824396932381030617e-07
2.451000000000000000e+03 0.000000000000000000e+00 0.000000000000000000e+00 1.826664572010203929e-07
2.452000000000000000e+03 0.000000000000000000e+00 0.000000000000000000e+00 1.828937304597556365e-07
2.453000000000000000e+03 0.000000000000000000e+00 0.000000000000000000e+00 1.831214493523315104e-07
2.454000000000000000e+03 0.000000000000000000e+00 0.000000000000000000e+00 1.833496138787480410e-07
2.455000000000000000e+03 0.000000000000000000e+00 0.000000000000000000e+00 1.835783513629597131e-07
2.456000000000000000e+03 0.000000000000000000e+00 0.000000000000000000e+00 1.838074708190348393e-07
2.457000000000000000e+03 0.000000000000000000e+00 0.000000000000000000e+00 1.840370359089505694e-07
2.458000000000000000e+03 0.000000000000000000e+00 0.000000000000000000e+00 1.842670466327069297e-07
2.459000000000000000e+03 0.000000000000000000e+00 0.000000000000000000e+00 1.844974393283267707e-07
2.460000000000000000e+03 0.000000000000000000e+00 0.000000000000000000e+00 1.847282776577872684e-07
2.461000000000000000e+03 0.000000000000000000e+00 0.000000000000000000e+00 1.849594979591111937e-07
2.462000000000000000e+03 0.000000000000000000e+00 0.000000000000000000e+00 1.851911002322984674e-07
2.463000000000000000e+03 0.000000000000000000e+00 0.000000000000000000e+00 1.854230208153719924e-07
2.464000000000000000e+03 0.000000000000000000e+00 0.000000000000000000e+00 1.856553233703089716e-07
2.465000000000000000e+03 0.000000000000000000e+00 0.000000000000000000e+00 1.858879442351320700e-07
2.466000000000000000e+03 0.000000000000000000e+00 0.000000000000000000e+00 1.861208834098413668e-07
2.467000000000000000e+03 0.000000000000000000e+00 0.000000000000000000e+00 1.863541408944368357e-07
2.468000000000000000e+03 0.000000000000000000e+00 0.000000000000000000e+00 1.865876530269412741e-07
2.469000000000000000e+03 0.000000000000000000e+00 0.000000000000000000e+00 1.868214198073546289e-07
2.470000000000000000e+03 0.000000000000000000e+00 0.000000000000000000e+00 1.870555048976542351e-07
2.471000000000000000e+03 0.000000000000000000e+00 0.000000000000000000e+00 1.872897809738854758e-07
2.472000000000000000e+03 0.000000000000000000e+00 0.000000000000000000e+00 1.875242480360484304e-07
2.473000000000000000e+03 0.000000000000000000e+00 0.000000000000000000e+00 1.877589697461203278e-07
2.474000000000000000e+03 0.000000000000000000e+00 0.000000000000000000e+00 1.879938187801467894e-07
2.475000000000000000e+03 0.000000000000000000e+00 0.000000000000000000e+00 1.882289224620820880e-07
2.476000000000000000e+03 0.000000000000000000e+00 0.000000000000000000e+00 1.884640898059946952e-07
2.477000000000000000e+03 0.000000000000000000e+00 0.000000000000000000e+00 1.886993844738617606e-07
2.478000000000000000e+03 0.000000000000000000e+00 0.000000000000000000e+00 1.889348064656833107e-07
2.479000000000000000e+03 0.000000000000000000e+00 0.000000000000000000e+00 1.891703557814592926e-07
2.480000000000000000e+03 0.000000000000000000e+00 0.000000000000000000e+00 1.894059050972353274e-07
2.481000000000000000e+03 0.000000000000000000e+00 0.000000000000000000e+00 1.896415817369657940e-07
2.482000000000000000e+03 0.000000000000000000e+00 0.000000000000000000e+00 1.898772583766962342e-07
2.483000000000000000e+03 0.000000000000000000e+00 0.000000000000000000e+00 1.901129350164267802e-07
2.484000000000000000e+03 0.000000000000000000e+00 0.000000000000000000e+00 1.903486116561572467e-07
2.485000000000000000e+03 0.000000000000000000e+00 0.000000000000000000e+00 1.905842882958876869e-07
2.486000000000000000e+03 0.000000000000000000e+00 0.000000000000000000e+00 1.908199012736409508e-07
2.487000000000000000e+03 0.000000000000000000e+00 0.000000000000000000e+00 1.910553869274397300e-07
2.488000000000000000e+03 0.000000000000000000e+00 0.000000000000000000e+00 1.912908725812384828e-07
2.489000000000000000e+03 0.000000000000000000e+00 0.000000000000000000e+00 1.915261672491055482e-07
2.490000000000000000e+03 0.000000000000000000e+00 0.000000000000000000e+00 1.917613982549953580e-07
2.491000000000000000e+03 0.000000000000000000e+00 0.000000000000000000e+00 1.919964382749534805e-07
2.492000000000000000e+03 0.000000000000000000e+00 0.000000000000000000e+00 1.922313509709571183e-07
2.493000000000000000e+03 0.000000000000000000e+00 0.000000000000000000e+00 1.924660090190518131e-07
2.494000000000000000e+03 0.000000000000000000e+00 0.000000000000000000e+00 1.927004760812147676e-07
2.495000000000000000e+03 0.000000000000000000e+00 0.000000000000000000e+00 1.929347521574460083e-07
2.496000000000000000e+03 0.000000000000000000e+00 0.000000000000000000e+00 1.931687099237911563e-07
2.497000000000000000e+03 0.000000000000000000e+00 0.000000000000000000e+00 1.934024130422272820e-07
2.498000000000000000e+03 0.000000000000000000e+00 0.000000000000000000e+00 1.936357978507772356e-07
2.499000000000000000e+03 0.000000000000000000e+00 0.000000000000000000e+00 1.938688643494409907e-07
2.500000000000000000e+03 0.000000000000000000e+00 0.000000000000000000e+00 1.941015488762413446e-07
2.501000000000000000e+03 0.000000000000000000e+00 0.000000000000000000e+00 1.943339150931555000e-07
2.502000000000000000e+03 0.000000000000000000e+00 0.000000000000000000e+00 1.945658993382062542e-07
2.503000000000000000e+03 0.000000000000000000e+00 0.000000000000000000e+00 1.947974379494163516e-07
2.504000000000000000e+03 0.000000000000000000e+00 0.000000000000000000e+00 1.950285309267857658e-07
2.505000000000000000e+03 0.000000000000000000e+00 0.000000000000000000e+00 1.952592419322918053e-07
2.506000000000000000e+03 0.000000000000000000e+00 0.000000000000000000e+00 1.954893799800027033e-07
2.507000000000000000e+03 0.000000000000000000e+00 0.000000000000000000e+00 1.957190723938728916e-07
2.508000000000000000e+03 0.000000000000000000e+00 0.000000000000000000e+00 1.959482555119251940e-07
2.509000000000000000e+03 0.000000000000000000e+00 0.000000000000000000e+00 1.961768656721824079e-07
2.510000000000000000e+03 0.000000000000000000e+00 0.000000000000000000e+00 1.964049028746444803e-07
2.511000000000000000e+03 0.000000000000000000e+00 0.000000000000000000e+00 1.966323671193114376e-07
2.512000000000000000e+03 0.000000000000000000e+00 0.000000000000000000e+00 1.968591947442059980e-07
2.513000000000000000e+03 0.000000000000000000e+00 0.000000000000000000e+00 1.970854494113054433e-07
2.514000000000000000e+03 0.000000000000000000e+00 0.000000000000000000e+00 1.973110037966552889e-07
2.515000000000000000e+03 0.000000000000000000e+00 0.000000000000000000e+00 1.975359215622327639e-07
2.516000000000000000e+03 0.000000000000000000e+00 0.000000000000000000e+00 1.977601390460606392e-07
2.517000000000000000e+03 0.000000000000000000e+00 0.000000000000000000e+00 1.979836562481388883e-07
2.518000000000000000e+03 0.000000000000000000e+00 0.000000000000000000e+00 1.982064095064902556e-07
2.519000000000000000e+03 0.000000000000000000e+00 0.000000000000000000e+00 1.984284624830921027e-07
2.520000000000000000e+03 0.000000000000000000e+00 0.000000000000000000e+00 1.986496878539898388e-07
2.521000000000000000e+03 0.000000000000000000e+00 0.000000000000000000e+00 1.988701492811607461e-07
2.522000000000000000e+03 0.000000000000000000e+00 0.000000000000000000e+00 1.990897831026275425e-07
2.523000000000000000e+03 0.000000000000000000e+00 0.000000000000000000e+00 1.993085893183902545e-07
2.524000000000000000e+03 0.000000000000000000e+00 0.000000000000000000e+00 1.995265042664717059e-07
2.525000000000000000e+03 0.000000000000000000e+00 0.000000000000000000e+00 1.997435916088490465e-07
2.526000000000000000e+03 0.000000000000000000e+00 0.000000000000000000e+00 1.999597876835450470e-07
2.527000000000000000e+03 0.000000000000000000e+00 0.000000000000000000e+00 2.001750288285825048e-07
2.528000000000000000e+03 0.000000000000000000e+00 0.000000000000000000e+00 2.003893787059387285e-07
2.529000000000000000e+03 0.000000000000000000e+00 0.000000000000000000e+00 2.006027736536363566e-07
2.530000000000000000e+03 0.000000000000000000e+00 0.000000000000000000e+00 2.008152773336525918e-07
2.531000000000000000e+03 0.000000000000000000e+00 0.000000000000000000e+00 2.010266987600559055e-07
2.532000000000000000e+03 0.000000000000000000e+00 0.000000000000000000e+00 2.012371652568005971e-07
2.533000000000000000e+03 0.000000000000000000e+00 0.000000000000000000e+00 2.014466768238868255e-07
2.534000000000000000e+03 0.000000000000000000e+00 0.000000000000000000e+00 2.016551061373599471e-07
2.535000000000000000e+03 0.000000000000000000e+00 0.000000000000000000e+00 2.018625168591973234e-07
2.536000000000000000e+03 0.000000000000000000e+00 0.000000000000000000e+00 2.020688453274216458e-07
2.537000000000000000e+03 0.000000000000000000e+00 0.000000000000000000e+00 2.022740915420329939e-07
2.538000000000000000e+03 0.000000000000000000e+00 0.000000000000000000e+00 2.024782555030312087e-07
2.539000000000000000e+03 0.000000000000000000e+00 0.000000000000000000e+00 2.026813372104164490e-07
2.540000000000000000e+03 0.000000000000000000e+00 0.000000000000000000e+00 2.028832730022114594e-07
2.541000000000000000e+03 0.000000000000000000e+00 0.000000000000000000e+00 2.030841265403934424e-07
2.542000000000000000e+03 0.000000000000000000e+00 0.000000000000000000e+00 2.032837705010079662e-07
2.543000000000000000e+03 0.000000000000000000e+00 0.000000000000000000e+00 2.034823322080093833e-07
2.544000000000000000e+03 0.000000000000000000e+00 0.000000000000000000e+00 2.036796843374433148e-07
2.545000000000000000e+03 0.000000000000000000e+00 0.000000000000000000e+00 2.038758905512870163e-07
2.546000000000000000e+03 0.000000000000000000e+00 0.000000000000000000e+00 2.040708871875632057e-07
2.547000000000000000e+03 0.000000000000000000e+00 0.000000000000000000e+00 2.042646742462719095e-07
2.548000000000000000e+03 0.000000000000000000e+00 0.000000000000000000e+00 2.044572517274131012e-07
2.549000000000000000e+03 0.000000000000000000e+00 0.000000000000000000e+00 2.046486196309868073e-07
2.550000000000000000e+03 0.000000000000000000e+00 0.000000000000000000e+00 2.048387779569930014e-07
2.551000000000000000e+03 0.000000000000000000e+00 0.000000000000000000e+00 2.050276630434544542e-07
2.552000000000000000e+03 0.000000000000000000e+00 0.000000000000000000e+00 2.052153385523483950e-07
2.553000000000000000e+03 0.000000000000000000e+00 0.000000000000000000e+00 2.054017408216976476e-07
2.554000000000000000e+03 0.000000000000000000e+00 0.000000000000000000e+00 2.055868698515021060e-07
2.555000000000000000e+03 0.000000000000000000e+00 0.000000000000000000e+00 2.057707893037391582e-07
2.556000000000000000e+03 0.000000000000000000e+00 0.000000000000000000e+00 2.059533718544541607e-07
2.557000000000000000e+03 0.000000000000000000e+00 0.000000000000000000e+00 2.061347448276016776e-07
2.558000000000000000e+03 0.000000000000000000e+00 0.000000000000000000e+00 2.063147808992272507e-07
2.559000000000000000e+03 0.000000000000000000e+00 0.000000000000000000e+00 2.064936073932852852e-07
2.560000000000000000e+03 0.000000000000000000e+00 0.000000000000000000e+00 2.066710969858213494e-07
2.561000000000000000e+03 0.000000000000000000e+00 0.000000000000000000e+00 2.068472496768354963e-07
2.562000000000000000e+03 0.000000000000000000e+00 0.000000000000000000e+00 2.070221927902820516e-07
2.563000000000000000e+03 0.000000000000000000e+00 0.000000000000000000e+00 2.071957990022067161e-07
2.564000000000000000e+03 0.000000000000000000e+00 0.000000000000000000e+00 2.073681319745866394e-07
2.565000000000000000e+03 0.000000000000000000e+00 0.000000000000000000e+00 2.075391917074218215e-07
2.566000000000000000e+03 0.000000000000000000e+00 0.000000000000000000e+00 2.077089145387349803e-07
2.567000000000000000e+03 0.000000000000000000e+00 0.000000000000000000e+00 2.078773641305033979e-07
2.568000000000000000e+03 0.000000000000000000e+00 0.000000000000000000e+00 2.080444768207499247e-07
2.569000000000000000e+03 0.000000000000000000e+00 0.000000000000000000e+00 2.082103162714517367e-07
2.570000000000000000e+03 0.000000000000000000e+00 0.000000000000000000e+00 2.083748824826087546e-07
2.571000000000000000e+03 0.000000000000000000e+00 0.000000000000000000e+00 2.085381754542210313e-07
2.572000000000000000e+03 0.000000000000000000e+00 0.000000000000000000e+00 2.087001951862885933e-07
2.573000000000000000e+03 0.000000000000000000e+00 0.000000000000000000e+00 2.088609416788113612e-07
2.574000000000000000e+03 0.000000000000000000e+00 0.000000000000000000e+00 2.090204149317894673e-07
2.575000000000000000e+03 0.000000000000000000e+00 0.000000000000000000e+00 2.091786149452227792e-07
2.576000000000000000e+03 0.000000000000000000e+00 0.000000000000000000e+00 2.093355417191113765e-07
2.577000000000000000e+03 0.000000000000000000e+00 0.000000000000000000e+00 2.094911952534552855e-07
2.578000000000000000e+03 0.000000000000000000e+00 0.000000000000000000e+00 2.096456392102316559e-07
2.579000000000000000e+03 0.000000000000000000e+00 0.000000000000000000e+00 2.097988735894404878e-07
2.580000000000000000e+03 0.000000000000000000e+00 0.000000000000000000e+00 2.099508347291046844e-07
2.581000000000000000e+03 0.000000000000000000e+00 0.000000000000000000e+00 2.101015862912012895e-07
2.582000000000000000e+03 0.000000000000000000e+00 0.000000000000000000e+00 2.102511282757304620e-07
2.583000000000000000e+03 0.000000000000000000e+00 0.000000000000000000e+00 2.103995243446693779e-07
2.584000000000000000e+03 0.000000000000000000e+00 0.000000000000000000e+00 2.105467108360407024e-07
2.585000000000000000e+03 0.000000000000000000e+00 0.000000000000000000e+00 2.106926877498446207e-07
2.586000000000000000e+03 0.000000000000000000e+00 0.000000000000000000e+00 2.108375824100354852e-07
2.587000000000000000e+03 0.000000000000000000e+00 0.000000000000000000e+00 2.109812674926588376e-07
2.588000000000000000e+03 0.000000000000000000e+00 0.000000000000000000e+00 2.111238066596919335e-07
2.589000000000000000e+03 0.000000000000000000e+00 0.000000000000000000e+00 2.112652635731120285e-07
2.590000000000000000e+03 0.000000000000000000e+00 0.000000000000000000e+00 2.114056382329190697e-07
2.591000000000000000e+03 0.000000000000000000e+00 0.000000000000000000e+00 2.115449306391131099e-07
2.592000000000000000e+03 0.000000000000000000e+00 0.000000000000000000e+00 2.116830771297168408e-07
2.593000000000000000e+03 0.000000000000000000e+00 0.000000000000000000e+00 2.118202686906620819e-07
2.594000000000000000e+03 0.000000000000000000e+00 0.000000000000000000e+00 2.119563779979942163e-07
2.595000000000000000e+03 0.000000000000000000e+00 0.000000000000000000e+00 2.120914687136906583e-07
2.596000000000000000e+03 0.000000000000000000e+00 0.000000000000000000e+00 2.122255408377512756e-07
2.597000000000000000e+03 0.000000000000000000e+00 0.000000000000000000e+00 2.123586580321533502e-07
2.598000000000000000e+03 0.000000000000000000e+00 0.000000000000000000e+00 2.124907566349196002e-07
2.599000000000000000e+03 0.000000000000000000e+00 0.000000000000000000e+00 2.126219639700045630e-07
2.600000000000000000e+03 0.000000000000000000e+00 0.000000000000000000e+00 2.127522800374081594e-07
2.601000000000000000e+03 0.000000000000000000e+00 0.000000000000000000e+00 2.128816411751532925e-07
2.602000000000000000e+03 0.000000000000000000e+00 0.000000000000000000e+00 2.130101747071943147e-07
2.603000000000000000e+03 0.000000000000000000e+00 0.000000000000000000e+00 2.131378169715540234e-07
2.604000000000000000e+03 0.000000000000000000e+00 0.000000000000000000e+00 2.132646316302096742e-07
2.605000000000000000e+03 0.000000000000000000e+00 0.000000000000000000e+00 2.133906186831611611e-07
2.606000000000000000e+03 0.000000000000000000e+00 0.000000000000000000e+00 2.135158417923858721e-07
2.607000000000000000e+03 0.000000000000000000e+00 0.000000000000000000e+00 2.136403009578837278e-07
2.608000000000000000e+03 0.000000000000000000e+00 0.000000000000000000e+00 2.137640598416320367e-07
2.609000000000000000e+03 0.000000000000000000e+00 0.000000000000000000e+00 2.138870547816534110e-07
2.610000000000000000e+03 0.000000000000000000e+00 0.000000000000000000e+00 2.140093494399252384e-07
2.611000000000000000e+03 0.000000000000000000e+00 0.000000000000000000e+00 2.141310074784246953e-07
2.612000000000000000e+03 0.000000000000000000e+00 0.000000000000000000e+00 2.142520288971517551e-07
2.613000000000000000e+03 0.000000000000000000e+00 0.000000000000000000e+00 2.143724773580836999e-07
2.614000000000000000e+03 0.000000000000000000e+00 0.000000000000000000e+00 2.144922891992432741e-07
2.615000000000000000e+03 0.000000000000000000e+00 0.000000000000000000e+00 2.146115917445849359e-07
2.616000000000000000e+03 0.000000000000000000e+00 0.000000000000000000e+00 2.147303213321315092e-07
2.617000000000000000e+03 0.000000000000000000e+00 0.000000000000000000e+00 2.148486052858373993e-07
2.618000000000000000e+03 0.000000000000000000e+00 0.000000000000000000e+00 2.149663799437254564e-07
2.619000000000000000e+03 0.000000000000000000e+00 0.000000000000000000e+00 2.150837089677727774e-07
2.620000000000000000e+03 0.000000000000000000e+00 0.000000000000000000e+00 2.152005923579794150e-07
2.621000000000000000e+03 0.000000000000000000e+00 0.000000000000000000e+00 2.153171574382999601e-07
2.622000000000000000e+03 0.000000000000000000e+00 0.000000000000000000e+00 2.154333405467570510e-07
2.623000000000000000e+03 0.000000000000000000e+00 0.000000000000000000e+00 2.155491416833507143e-07
2.624000000000000000e+03 0.000000000000000000e+00 0.000000000000000000e+00 2.156646881720354082e-07
2.625000000000000000e+03 0.000000000000000000e+00 0.000000000000000000e+00 2.157799800128111591e-07
2.626000000000000000e+03 0.000000000000000000e+00 0.000000000000000000e+00 2.158950172056780200e-07
2.627000000000000000e+03 0.000000000000000000e+00 0.000000000000000000e+00 2.160098634126131141e-07
2.628000000000000000e+03 0.000000000000000000e+00 0.000000000000000000e+00 2.161245186336165209e-07
2.629000000000000000e+03 0.000000000000000000e+00 0.000000000000000000e+00 2.162390465306654695e-07
2.630000000000000000e+03 0.000000000000000000e+00 0.000000000000000000e+00 2.163534471037599333e-07
2.631000000000000000e+03 0.000000000000000000e+00 0.000000000000000000e+00 2.164677840148771151e-07
2.632000000000000000e+03 0.000000000000000000e+00 0.000000000000000000e+00 2.165819936020398651e-07
2.633000000000000000e+03 0.000000000000000000e+00 0.000000000000000000e+00 2.166962668511798707e-07
2.634000000000000000e+03 0.000000000000000000e+00 0.000000000000000000e+00 2.168104764383425943e-07
2.635000000000000000e+03 0.000000000000000000e+00 0.000000000000000000e+00 2.169248133494598025e-07
2.636000000000000000e+03 0.000000000000000000e+00 0.000000000000000000e+00 2.170391502605769843e-07
2.637000000000000000e+03 0.000000000000000000e+00 0.000000000000000000e+00 2.171536144956487038e-07
2.638000000000000000e+03 0.000000000000000000e+00 0.000000000000000000e+00 2.172682697166521106e-07
2.639000000000000000e+03 0.000000000000000000e+00 0.000000000000000000e+00 2.173830522616099756e-07
2.640000000000000000e+03 0.000000000000000000e+00 0.000000000000000000e+00 2.174980257924996074e-07
2.641000000000000000e+03 0.000000000000000000e+00 0.000000000000000000e+00 2.176131903093208471e-07
2.642000000000000000e+03 0.000000000000000000e+00 0.000000000000000000e+00 2.177286731360283648e-07
2.643000000000000000e+03 0.000000000000000000e+00 0.000000000000000000e+00 2.178444742726220016e-07
2.644000000000000000e+03 0.000000000000000000e+00 0.000000000000000000e+00 2.179605937191018105e-07
2.645000000000000000e+03 0.000000000000000000e+00 0.000000000000000000e+00 2.180770314754679237e-07
2.646000000000000000e+03 0.000000000000000000e+00 0.000000000000000000e+00 2.181938512036973323e-07
2.647000000000000000e+03 0.000000000000000000e+00 0.000000000000000000e+00 2.183111165657674241e-07
2.648000000000000000e+03 0.000000000000000000e+00 0.000000000000000000e+00 2.184288912236554813e-07
2.649000000000000000e+03 0.000000000000000000e+00 0.000000000000000000e+00 2.185471115153840628e-07
2.650000000000000000e+03 0.000000000000000000e+00 0.000000000000000000e+00 2.186658411029306626e-07
2.651000000000000000e+03 0.000000000000000000e+00 0.000000000000000000e+00 2.187850799862951218e-07
2.652000000000000000e+03 0.000000000000000000e+00 0.000000000000000000e+00 2.189049554894319515e-07
2.653000000000000000e+03 0.000000000000000000e+00 0.000000000000000000e+00 2.190254039503638699e-07
2.654000000000000000e+03 0.000000000000000000e+00 0.000000000000000000e+00 2.191464890310682117e-07
2.655000000000000000e+03 0.000000000000000000e+00 0.000000000000000000e+00 2.192682743935220474e-07
2.656000000000000000e+03 0.000000000000000000e+00 0.000000000000000000e+00 2.193907600377256152e-07
2.657000000000000000e+03 0.000000000000000000e+00 0.000000000000000000e+00 2.195140096256559588e-07
2.658000000000000000e+03 0.000000000000000000e+00 0.000000000000000000e+00 2.196379594953359551e-07
2.659000000000000000e+03 0.000000000000000000e+00 0.000000000000000000e+00 2.197627369707200094e-07
2.660000000000000000e+03 0.000000000000000000e+00 0.000000000000000000e+00 2.198882783898308924e-07
2.661000000000000000e+03 0.000000000000000000e+00 0.000000000000000000e+00 2.200147747386003447e-07
2.662000000000000000e+03 0.000000000000000000e+00 0.000000000000000000e+00 2.201420350310966257e-07
2.663000000000000000e+03 0.000000000000000000e+00 0.000000000000000000e+00 2.202703139152287050e-07
2.664000000000000000e+03 0.000000000000000000e+00 0.000000000000000000e+00 2.203994840670420713e-07
2.665000000000000000e+03 0.000000000000000000e+00 0.000000000000000000e+00 2.205296091485139804e-07
2.666000000000000000e+03 0.000000000000000000e+00 0.000000000000000000e+00 2.206607528216217141e-07
2.667000000000000000e+03 0.000000000000000000e+00 0.000000000000000000e+00 2.207928514243879375e-07
2.668000000000000000e+03 0.000000000000000000e+00 0.000000000000000000e+00 2.209260959427445233e-07
2.669000000000000000e+03 0.000000000000000000e+00 0.000000000000000000e+00 2.210603590527368544e-07
2.670000000000000000e+03 0.000000000000000000e+00 0.000000000000000000e+00 2.211957680783194156e-07
2.671000000000000000e+03 0.000000000000000000e+00 0.000000000000000000e+00 2.213322593575150570e-07
2.672000000000000000e+03 0.000000000000000000e+00 0.000000000000000000e+00 2.214698965523009020e-07
2.673000000000000000e+03 0.000000000000000000e+00 0.000000000000000000e+00 2.216088069866315411e-07
2.674000000000000000e+03 0.000000000000000000e+00 0.000000000000000000e+00 2.217488633365524102e-07
2.675000000000000000e+03 0.000000000000000000e+00 0.000000000000000000e+00 2.218901292640407649e-07
2.676000000000000000e+03 0.000000000000000000e+00 0.000000000000000000e+00 2.220326684310738873e-07
2.677000000000000000e+03 0.000000000000000000e+00 0.000000000000000000e+00 2.221764808376516979e-07
2.678000000000000000e+03 0.000000000000000000e+00 0.000000000000000000e+00 2.223216301457514789e-07
2.679000000000000000e+03 0.000000000000000000e+00 0.000000000000000000e+00 2.224681163553733095e-07
2.680000000000000000e+03 0.000000000000000000e+00 0.000000000000000000e+00 2.226158758045397755e-07
2.681000000000000000e+03 0.000000000000000000e+00 0.000000000000000000e+00 2.227650994791827494e-07
2.682000000000000000e+03 0.000000000000000000e+00 0.000000000000000000e+00 2.229156600553477201e-07
2.683000000000000000e+03 0.000000000000000000e+00 0.000000000000000000e+00 2.230676848569890929e-07
2.684000000000000000e+03 0.000000000000000000e+00 0.000000000000000000e+00 2.232211102221296915e-07
2.685000000000000000e+03 0.000000000000000000e+00 0.000000000000000000e+00 2.233759998127466923e-07
2.686000000000000000e+03 0.000000000000000000e+00 0.000000000000000000e+00 2.235323536288402010e-07
2.687000000000000000e+03 0.000000000000000000e+00 0.000000000000000000e+00 2.236902353323873409e-07
2.688000000000000000e+03 0.000000000000000000e+00 0.000000000000000000e+00 2.238496449233881384e-07
2.689000000000000000e+03 0.000000000000000000e+00 0.000000000000000000e+00 2.240106460638199286e-07
2.690000000000000000e+03 0.000000000000000000e+00 0.000000000000000000e+00 2.241731114297281209e-07
2.691000000000000000e+03 0.000000000000000000e+00 0.000000000000000000e+00 2.243372320070445085e-07
2.692000000000000000e+03 0.000000000000000000e+00 0.000000000000000000e+00 2.245028804718145273e-07
2.693000000000000000e+03 0.000000000000000000e+00 0.000000000000000000e+00 2.246701841479927944e-07
2.694000000000000000e+03 0.000000000000000000e+00 0.000000000000000000e+00 2.248391430355790979e-07
2.695000000000000000e+03 0.000000000000000000e+00 0.000000000000000000e+00 2.250096934725963676e-07
2.696000000000000000e+03 0.000000000000000000e+00 0.000000000000000000e+00 2.251818991210218062e-07
2.697000000000000000e+03 0.000000000000000000e+00 0.000000000000000000e+00 2.253558236428326163e-07
2.698000000000000000e+03 0.000000000000000000e+00 0.000000000000000000e+00 2.255314033760516481e-07
2.699000000000000000e+03 0.000000000000000000e+00 0.000000000000000000e+00 2.257086383206787164e-07
2.700000000000000000e+03 0.000000000000000000e+00 0.000000000000000000e+00 2.258876558006684913e-07
2.701000000000000000e+03 0.000000000000000000e+00 0.000000000000000000e+00 2.260683284920664614e-07
2.702000000000000000e+03 0.000000000000000000e+00 0.000000000000000000e+00 2.262507837188269792e-07
2.703000000000000000e+03 0.000000000000000000e+00 0.000000000000000000e+00 2.264349578189728685e-07
2.704000000000000000e+03 0.000000000000000000e+00 0.000000000000000000e+00 2.266209144544814642e-07
2.705000000000000000e+03 0.000000000000000000e+00 0.000000000000000000e+00 2.268086536253526871e-07
2.706000000000000000e+03 0.000000000000000000e+00 0.000000000000000000e+00 2.269981116696092285e-07
2.707000000000000000e+03 0.000000000000000000e+00 0.000000000000000000e+00 2.271893522492284764e-07
2.708000000000000000e+03 0.000000000000000000e+00 0.000000000000000000e+00 2.273824390261876069e-07
2.709000000000000000e+03 0.000000000000000000e+00 0.000000000000000000e+00 2.275772446765320560e-07
2.710000000000000000e+03 0.000000000000000000e+00 0.000000000000000000e+00 2.277738965242164672e-07
2.711000000000000000e+03 0.000000000000000000e+00 0.000000000000000000e+00 2.279723309072633731e-07
2.712000000000000000e+03 0.000000000000000000e+00 0.000000000000000000e+00 2.281726114876502676e-07
2.713000000000000000e+03 0.000000000000000000e+00 0.000000000000000000e+00 2.283746746033996832e-07
2.714000000000000000e+03 0.000000000000000000e+00 0.000000000000000000e+00 2.285785202545117789e-07
2.715000000000000000e+03 0.000000000000000000e+00 0.000000000000000000e+00 2.287842121029637572e-07
2.716000000000000000e+03 0.000000000000000000e+00 0.000000000000000000e+00 2.289917501487556182e-07
2.717000000000000000e+03 0.000000000000000000e+00 0.000000000000000000e+00 2.292010707299100534e-07
2.718000000000000000e+03 0.000000000000000000e+00 0.000000000000000000e+00 2.294122375084043712e-07
2.719000000000000000e+03 0.000000000000000000e+00 0.000000000000000000e+00 2.296252504842385716e-07
2.720000000000000000e+03 0.000000000000000000e+00 0.000000000000000000e+00 2.298400459954354521e-07
2.721000000000000000e+03 0.000000000000000000e+00 0.000000000000000000e+00 2.300566877039720829e-07
2.722000000000000000e+03 0.000000000000000000e+00 0.000000000000000000e+00 2.302751119478714202e-07
2.723000000000000000e+03 0.000000000000000000e+00 0.000000000000000000e+00 2.304953823891105872e-07
2.724000000000000000e+03 0.000000000000000000e+00 0.000000000000000000e+00 2.307174353657124078e-07
2.725000000000000000e+03 0.000000000000000000e+00 0.000000000000000000e+00 2.309412708776768819e-07
2.726000000000000000e+03 0.000000000000000000e+00 0.000000000000000000e+00 2.311669525869811857e-07
2.727000000000000000e+03 0.000000000000000000e+00 0.000000000000000000e+00 2.313944168316480637e-07
2.728000000000000000e+03 0.000000000000000000e+00 0.000000000000000000e+00 2.316236636116776482e-07
2.729000000000000000e+03 0.000000000000000000e+00 0.000000000000000000e+00 2.318546929270698597e-07
2.730000000000000000e+03 0.000000000000000000e+00 0.000000000000000000e+00 2.320875047778246983e-07
2.731000000000000000e+03 0.000000000000000000e+00 0.000000000000000000e+00 2.323220355019648555e-07
2.732000000000000000e+03 0.000000000000000000e+00 0.000000000000000000e+00 2.325583487614677192e-07
2.733000000000000000e+03 0.000000000000000000e+00 0.000000000000000000e+00 2.327964445563331834e-07
2.734000000000000000e+03 0.000000000000000000e+00 0.000000000000000000e+00 2.330362592245840986e-07
2.735000000000000000e+03 0.000000000000000000e+00 0.000000000000000000e+00 2.332777291042431561e-07
2.736000000000000000e+03 0.000000000000000000e+00 0.000000000000000000e+00 2.335209815192647613e-07
2.737000000000000000e+03 0.000000000000000000e+00 0.000000000000000000e+00 2.337658891456945354e-07
2.738000000000000000e+03 0.000000000000000000e+00 0.000000000000000000e+00 2.340124519835325312e-07
2.739000000000000000e+03 0.000000000000000000e+00 0.000000000000000000e+00 2.342606700327786429e-07
2.740000000000000000e+03 0.000000000000000000e+00 0.000000000000000000e+00 2.345105432934329235e-07
2.741000000000000000e+03 0.000000000000000000e+00 0.000000000000000000e+00 2.347620717654953729e-07
2.742000000000000000e+03 0.000000000000000000e+00 0.000000000000000000e+00 2.350151917869887090e-07
2.743000000000000000e+03 0.000000000000000000e+00 0.000000000000000000e+00 2.352699033579129585e-07
2.744000000000000000e+03 0.000000000000000000e+00 0.000000000000000000e+00 2.355262064782681212e-07
2.745000000000000000e+03 0.000000000000000000e+00 0.000000000000000000e+00 2.357840374860770474e-07
2.746000000000000000e+03 0.000000000000000000e+00 0.000000000000000000e+00 2.360433963813396048e-07
2.747000000000000000e+03 0.000000000000000000e+00 0.000000000000000000e+00 2.363042831640558464e-07
2.748000000000000000e+03 0.000000000000000000e+00 0.000000000000000000e+00 2.365666341722485165e-07
2.749000000000000000e+03 0.000000000000000000e+00 0.000000000000000000e+00 2.368305130678948972e-07
2.750000000000000000e+03 0.000000000000000000e+00 0.000000000000000000e+00 2.370957925270404244e-07
2.751000000000000000e+03 0.000000000000000000e+00 0.000000000000000000e+00 2.373624725496852304e-07
2.752000000000000000e+03 0.000000000000000000e+00 0.000000000000000000e+00 2.376305531358292094e-07
2.753000000000000000e+03 0.000000000000000000e+00 0.000000000000000000e+00 2.378999706234951058e-07
2.754000000000000000e+03 0.000000000000000000e+00 0.000000000000000000e+00 2.381707886746603074e-07
2.755000000000000000e+03 0.000000000000000000e+00 0.000000000000000000e+00 2.384428799653702503e-07
2.756000000000000000e+03 0.000000000000000000e+00 0.000000000000000000e+00 2.387162444956249079e-07
2.757000000000000000e+03 0.000000000000000000e+00 0.000000000000000000e+00 2.389908186034469716e-07
2.758000000000000000e+03 0.000000000000000000e+00 0.000000000000000000e+00 2.392666659508139354e-07
2.759000000000000000e+03 0.000000000000000000e+00 0.000000000000000000e+00 2.395437228757483054e-07
2.760000000000000000e+03 0.000000000000000000e+00 0.000000000000000000e+00 2.398219257162728524e-07
2.761000000000000000e+03 0.000000000000000000e+00 0.000000000000000000e+00 2.401012108104105062e-07
2.762000000000000000e+03 0.000000000000000000e+00 0.000000000000000000e+00 2.403816418201384959e-07
2.763000000000000000e+03 0.000000000000000000e+00 0.000000000000000000e+00 2.406630914215021515e-07
2.764000000000000000e+03 0.000000000000000000e+00 0.000000000000000000e+00 2.409455596145016848e-07
2.765000000000000000e+03 0.000000000000000000e+00 0.000000000000000000e+00 2.412290463991369369e-07
2.766000000000000000e+03 0.000000000000000000e+00 0.000000000000000000e+00 2.415134244514535554e-07
2.767000000000000000e+03 0.000000000000000000e+00 0.000000000000000000e+00 2.417987574334287167e-07
2.768000000000000000e+03 0.000000000000000000e+00 0.000000000000000000e+00 2.420849816830851385e-07
2.769000000000000000e+03 0.000000000000000000e+00 0.000000000000000000e+00 2.423720335384456977e-07
2.770000000000000000e+03 0.000000000000000000e+00 0.000000000000000000e+00 2.426599129995103413e-07
2.771000000000000000e+03 0.000000000000000000e+00 0.000000000000000000e+00 2.429484927423245581e-07
2.772000000000000000e+03 0.000000000000000000e+00 0.000000000000000000e+00 2.432378364288656303e-07
2.773000000000000000e+03 0.000000000000000000e+00 0.000000000000000000e+00 2.435278167351790466e-07
2.774000000000000000e+03 0.000000000000000000e+00 0.000000000000000000e+00 2.438184973232420890e-07
2.775000000000000000e+03 0.000000000000000000e+00 0.000000000000000000e+00 2.441096872071230174e-07
2.776000000000000000e+03 0.000000000000000000e+00 0.000000000000000000e+00 2.444014500487991137e-07
2.777000000000000000e+03 0.000000000000000000e+00 0.000000000000000000e+00 2.446937858482702720e-07
2.778000000000000000e+03 0.000000000000000000e+00 0.000000000000000000e+00 2.449865036196048580e-07
2.779000000000000000e+03 0.000000000000000000e+00 0.000000000000000000e+00 2.452796670247802067e-07
2.780000000000000000e+03 0.000000000000000000e+00 0.000000000000000000e+00 2.455731487398416480e-07
2.781000000000000000e+03 0.000000000000000000e+00 0.000000000000000000e+00 2.458670124267665170e-07
2.782000000000000000e+03 0.000000000000000000e+00 0.000000000000000000e+00 2.461611307616003554e-07
2.783000000000000000e+03 0.000000000000000000e+00 0.000000000000000000e+00 2.464554400823658282e-07
2.784000000000000000e+03 0.000000000000000000e+00 0.000000000000000000e+00 2.467499403890631471e-07
2.785000000000000000e+03 0.000000000000000000e+00 0.000000000000000000e+00 2.470446316816920476e-07
2.786000000000000000e+03 0.000000000000000000e+00 0.000000000000000000e+00 2.473393229743210010e-07
2.787000000000000000e+03 0.000000000000000000e+00 0.000000000000000000e+00 2.476340779289272364e-07
2.788000000000000000e+03 0.000000000000000000e+00 0.000000000000000000e+00 2.479288328835333660e-07
2.789000000000000000e+03 0.000000000000000000e+00 0.000000000000000000e+00 2.482234605141850902e-07
2.790000000000000000e+03 0.000000000000000000e+00 0.000000000000000000e+00 2.485180244828596383e-07
2.791000000000000000e+03 0.000000000000000000e+00 0.000000000000000000e+00 2.488123974656023402e-07
2.792000000000000000e+03 0.000000000000000000e+00 0.000000000000000000e+00 2.491065158004361786e-07
2.793000000000000000e+03 0.000000000000000000e+00 0.000000000000000000e+00 2.494003794873610476e-07
2.794000000000000000e+03 0.000000000000000000e+00 0.000000000000000000e+00 2.496938612024224889e-07
2.795000000000000000e+03 0.000000000000000000e+00 0.000000000000000000e+00 2.499870246075977317e-07
2.796000000000000000e+03 0.000000000000000000e+00 0.000000000000000000e+00 2.502796787169551944e-07
2.797000000000000000e+03 0.000000000000000000e+00 0.000000000000000000e+00 2.505718235304946125e-07
2.798000000000000000e+03 0.000000000000000000e+00 0.000000000000000000e+00 2.508634590482161976e-07
2.799000000000000000e+03 0.000000000000000000e+00 0.000000000000000000e+00 2.511544579461654386e-07
2.800000000000000000e+03 0.000000000000000000e+00 0.000000000000000000e+00 2.514448202243422825e-07
2.801000000000000000e+03 0.000000000000000000e+00 0.000000000000000000e+00 2.517344185587923241e-07
2.802000000000000000e+03 0.000000000000000000e+00 0.000000000000000000e+00 2.520232529495154574e-07
2.803000000000000000e+03 0.000000000000000000e+00 0.000000000000000000e+00 2.523112597345345593e-07
2.804000000000000000e+03 0.000000000000000000e+00 0.000000000000000000e+00 2.525983752518723476e-07
2.805000000000000000e+03 0.000000000000000000e+00 0.000000000000000000e+00 2.528845358395515403e-07
2.806000000000000000e+03 0.000000000000000000e+00 0.000000000000000000e+00 2.531696778355949612e-07
2.807000000000000000e+03 0.000000000000000000e+00 0.000000000000000000e+00 2.534538012400026104e-07
2.808000000000000000e+03 0.000000000000000000e+00 0.000000000000000000e+00 2.537367787288200825e-07
2.809000000000000000e+03 0.000000000000000000e+00 0.000000000000000000e+00 2.540185466400699895e-07
2.810000000000000000e+03 0.000000000000000000e+00 0.000000000000000000e+00 2.542991049737523316e-07
2.811000000000000000e+03 0.000000000000000000e+00 0.000000000000000000e+00 2.545783900678899854e-07
2.812000000000000000e+03 0.000000000000000000e+00 0.000000000000000000e+00 2.548563382605056689e-07
2.813000000000000000e+03 0.000000000000000000e+00 0.000000000000000000e+00 2.551328222276449768e-07
2.814000000000000000e+03 0.000000000000000000e+00 0.000000000000000000e+00 2.554079056312849265e-07
2.815000000000000000e+03 0.000000000000000000e+00 0.000000000000000000e+00 2.556814611474712714e-07
2.816000000000000000e+03 0.000000000000000000e+00 0.000000000000000000e+00 2.559534251142267295e-07
2.817000000000000000e+03 0.000000000000000000e+00 0.000000000000000000e+00 2.562237338695740188e-07
2.818000000000000000e+03 0.000000000000000000e+00 0.000000000000000000e+00 2.564923874135130864e-07
2.819000000000000000e+03 0.000000000000000000e+00 0.000000000000000000e+00 2.567592584220896327e-07
2.820000000000000000e+03 0.000000000000000000e+00 0.000000000000000000e+00 2.570243468953034990e-07
2.821000000000000000e+03 0.000000000000000000e+00 0.000000000000000000e+00 2.572875891711775091e-07
2.822000000000000000e+03 0.000000000000000000e+00 0.000000000000000000e+00 2.575488579257571519e-07
2.823000000000000000e+03 0.000000000000000000e+00 0.000000000000000000e+00 2.578082168210196563e-07
2.824000000000000000e+03 0.000000000000000000e+00 0.000000000000000000e+00 2.580654748710334411e-07
2.825000000000000000e+03 0.000000000000000000e+00 0.000000000000000000e+00 2.583206957377755764e-07
2.826000000000000000e+03 0.000000000000000000e+00 0.000000000000000000e+00 2.585738157592689391e-07
2.827000000000000000e+03 0.000000000000000000e+00 0.000000000000000000e+00 2.588246439495817888e-07
2.828000000000000000e+03 0.000000000000000000e+00 0.000000000000000000e+00 2.590733076326685837e-07
2.829000000000000000e+03 0.000000000000000000e+00 0.000000000000000000e+00 2.593196158225975837e-07
2.830000000000000000e+03 0.000000000000000000e+00 0.000000000000000000e+00 2.595635685193687886e-07
2.831000000000000000e+03 0.000000000000000000e+00 0.000000000000000000e+00 2.598051657229823043e-07
2.832000000000000000e+03 0.000000000000000000e+00 0.000000000000000000e+00 2.600442164475063907e-07
2.833000000000000000e+03 0.000000000000000000e+00 0.000000000000000000e+00 2.602807843549181179e-07
2.834000000000000000e+03 0.000000000000000000e+00 0.000000000000000000e+00 2.605148057832404156e-07
2.835000000000000000e+03 0.000000000000000000e+00 0.000000000000000000e+00 2.607461534085188786e-07
2.836000000000000000e+03 0.000000000000000000e+00 0.000000000000000000e+00 2.609748908927305243e-07
2.837000000000000000e+03 0.000000000000000000e+00 0.000000000000000000e+00 2.612008272499437710e-07
2.838000000000000000e+03 0.000000000000000000e+00 0.000000000000000000e+00 2.614240261421359010e-07
2.839000000000000000e+03 0.000000000000000000e+00 0.000000000000000000e+00 2.616444239073294733e-07
2.840000000000000000e+03 0.000000000000000000e+00 0.000000000000000000e+00 2.618619568835475236e-07
2.841000000000000000e+03 0.000000000000000000e+00 0.000000000000000000e+00 2.620765614088126108e-07
2.842000000000000000e+03 0.000000000000000000e+00 0.000000000000000000e+00 2.622881738211476119e-07
2.843000000000000000e+03 0.000000000000000000e+00 0.000000000000000000e+00 2.624967941205524208e-07
2.844000000000000000e+03 0.000000000000000000e+00 0.000000000000000000e+00 2.627023586450499674e-07
2.845000000000000000e+03 0.000000000000000000e+00 0.000000000000000000e+00 2.629048673946401457e-07
2.846000000000000000e+03 0.000000000000000000e+00 0.000000000000000000e+00 2.631042567073456737e-07
2.847000000000000000e+03 0.000000000000000000e+00 0.000000000000000000e+00 2.633003992592120401e-07
2.848000000000000000e+03 0.000000000000000000e+00 0.000000000000000000e+00 2.634933587122166330e-07
2.849000000000000000e+03 0.000000000000000000e+00 0.000000000000000000e+00 2.636830714043822233e-07
2.850000000000000000e+03 0.000000000000000000e+00 0.000000000000000000e+00 2.638694736737314229e-07
2.851000000000000000e+03 0.000000000000000000e+00 0.000000000000000000e+00 2.640525018582871086e-07
2.852000000000000000e+03 0.000000000000000000e+00 0.000000000000000000e+00 2.642322196200264567e-07
2.853000000000000000e+03 0.000000000000000000e+00 0.000000000000000000e+00 2.644084996349951147e-07
2.854000000000000000e+03 0.000000000000000000e+00 0.000000000000000000e+00 2.645812782412156418e-07
2.855000000000000000e+03 0.000000000000000000e+00 0.000000000000000000e+00 2.647506827626426550e-07
2.856000000000000000e+03 0.000000000000000000e+00 0.000000000000000000e+00 2.649164585513671850e-07
2.857000000000000000e+03 0.000000000000000000e+00 0.000000000000000000e+00 2.650787329313436900e-07
2.858000000000000000e+03 0.000000000000000000e+00 0.000000000000000000e+00 2.652374422405948878e-07
2.859000000000000000e+03 0.000000000000000000e+00 0.000000000000000000e+00 2.653925228171436024e-07
2.860000000000000000e+03 0.000000000000000000e+00 0.000000000000000000e+00 2.655439109990126575e-07
2.861000000000000000e+03 0.000000000000000000e+00 0.000000000000000000e+00 2.656916704481791764e-07
2.862000000000000000e+03 0.000000000000000000e+00 0.000000000000000000e+00 2.658357375026659300e-07
2.863000000000000000e+03 0.000000000000000000e+00 0.000000000000000000e+00 2.659760485004957950e-07
2.864000000000000000e+03 0.000000000000000000e+00 0.000000000000000000e+00 2.661126034416686126e-07
2.865000000000000000e+03 0.000000000000000000e+00 0.000000000000000000e+00 2.662454023261844887e-07
2.866000000000000000e+03 0.000000000000000000e+00 0.000000000000000000e+00 2.663743814920661941e-07
2.867000000000000000e+03 0.000000000000000000e+00 0.000000000000000000e+00 2.664995409393136231e-07
2.868000000000000000e+03 0.000000000000000000e+00 0.000000000000000000e+00 2.666208806679268814e-07
2.869000000000000000e+03 0.000000000000000000e+00 0.000000000000000000e+00 2.667382733539514579e-07
2.870000000000000000e+03 0.000000000000000000e+00 0.000000000000000000e+00 2.668518463213418638e-07
2.871000000000000000e+03 0.000000000000000000e+00 0.000000000000000000e+00 2.669615359081207641e-07
2.872000000000000000e+03 0.000000000000000000e+00 0.000000000000000000e+00 2.670672784523110355e-07
2.873000000000000000e+03 0.000000000000000000e+00 0.000000000000000000e+00 2.671690739539126251e-07
2.874000000000000000e+03 0.000000000000000000e+00 0.000000000000000000e+00 2.672669224129255329e-07
2.875000000000000000e+03 0.000000000000000000e+00 0.000000000000000000e+00 2.673608238293497589e-07
2.876000000000000000e+03 0.000000000000000000e+00 0.000000000000000000e+00 2.674507145412080210e-07
2.877000000000000000e+03 0.000000000000000000e+00 0.000000000000000000e+00 2.675366582104776013e-07
2.878000000000000000e+03 0.000000000000000000e+00 0.000000000000000000e+00 2.676185911751813237e-07
2.879000000000000000e+03 0.000000000000000000e+00 0.000000000000000000e+00 2.676965134353190821e-07
2.880000000000000000e+03 0.000000000000000000e+00 0.000000000000000000e+00 2.677704886528682647e-07
2.881000000000000000e+03 0.000000000000000000e+00 0.000000000000000000e+00 2.678403895038742542e-07
2.882000000000000000e+03 0.000000000000000000e+00 0.000000000000000000e+00 2.679062796503142799e-07
2.883000000000000000e+03 0.000000000000000000e+00 0.000000000000000000e+00 2.679681590921883947e-07
2.884000000000000000e+03 0.000000000000000000e+00 0.000000000000000000e+00 2.680260278294965985e-07
2.885000000000000000e+03 0.000000000000000000e+00 0.000000000000000000e+00 2.680798858622389444e-07
2.886000000000000000e+03 0.000000000000000000e+00 0.000000000000000000e+00 2.681296695284379914e-07
2.887000000000000000e+03 0.000000000000000000e+00 0.000000000000000000e+00 2.681754424900712863e-07
2.888000000000000000e+03 0.000000000000000000e+00 0.000000000000000000e+00 2.682172047471386173e-07
2.889000000000000000e+03 0.000000000000000000e+00 0.000000000000000000e+00 2.682548926376628083e-07
2.890000000000000000e+03 0.000000000000000000e+00 0.000000000000000000e+00 2.682886334855982116e-07
2.891000000000000000e+03 0.000000000000000000e+00 0.000000000000000000e+00 2.683183636289677569e-07
2.892000000000000000e+03 0.000000000000000000e+00 0.000000000000000000e+00 2.683440194057942151e-07
2.893000000000000000e+03 0.000000000000000000e+00 0.000000000000000000e+00 2.683657281400319385e-07
2.894000000000000000e+03 0.000000000000000000e+00 0.000000000000000000e+00 2.683834898316810331e-07
2.895000000000000000e+03 0.000000000000000000e+00 0.000000000000000000e+00 2.683972408187641639e-07
2.896000000000000000e+03 0.000000000000000000e+00 0.000000000000000000e+00 2.684069811012813307e-07
2.897000000000000000e+03 0.000000000000000000e+00 0.000000000000000000e+00 2.684128380031871508e-07
2.898000000000000000e+03 0.000000000000000000e+00 0.000000000000000000e+00 2.684146842005270070e-07
2.899000000000000000e+03 0.000000000000000000e+00 0.000000000000000000e+00 2.684126470172554634e-07
2.900000000000000000e+03 0.000000000000000000e+00 0.000000000000000000e+00 2.684066627913952381e-07
2.901000000000000000e+03 0.000000000000000000e+00 0.000000000000000000e+00 2.683967951849234542e-07
2.902000000000000000e+03 0.000000000000000000e+00 0.000000000000000000e+00 2.683830441978403764e-07
2.903000000000000000e+03 0.000000000000000000e+00 0.000000000000000000e+00 2.683654734921230221e-07
2.904000000000000000e+03 0.000000000000000000e+00 0.000000000000000000e+00 2.683440194057942151e-07
2.905000000000000000e+03 0.000000000000000000e+00 0.000000000000000000e+00 2.683187456008311845e-07
2.906000000000000000e+03 0.000000000000000000e+00 0.000000000000000000e+00 2.682896520772340363e-07
2.907000000000000000e+03 0.000000000000000000e+00 0.000000000000000000e+00 2.682568024969798936e-07
2.908000000000000000e+03 0.000000000000000000e+00 0.000000000000000000e+00 2.682201331980914744e-07
2.909000000000000000e+03 0.000000000000000000e+00 0.000000000000000000e+00 2.681797715045233957e-07
2.910000000000000000e+03 0.000000000000000000e+00 0.000000000000000000e+00 2.681357174162754988e-07
2.911000000000000000e+03 0.000000000000000000e+00 0.000000000000000000e+00 2.680879072713707133e-07
2.912000000000000000e+03 0.000000000000000000e+00 0.000000000000000000e+00 2.680364683937634445e-07
2.913000000000000000e+03 0.000000000000000000e+00 0.000000000000000000e+00 2.679814007834536395e-07
2.914000000000000000e+03 0.000000000000000000e+00 0.000000000000000000e+00 2.679227681024186333e-07
2.915000000000000000e+03 0.000000000000000000e+00 0.000000000000000000e+00 2.678605066886809850e-07
2.916000000000000000e+03 0.000000000000000000e+00 0.000000000000000000e+00 2.677946802042181884e-07
2.917000000000000000e+03 0.000000000000000000e+00 0.000000000000000000e+00 2.677253523110074198e-07
2.918000000000000000e+03 0.000000000000000000e+00 0.000000000000000000e+00 2.676524593470712911e-07
2.919000000000000000e+03 0.000000000000000000e+00 0.000000000000000000e+00 2.675761922983416485e-07
2.920000000000000000e+03 0.000000000000000000e+00 0.000000000000000000e+00 2.674964238408640338e-07
2.921000000000000000e+03 0.000000000000000000e+00 0.000000000000000000e+00 2.674132812985927994e-07
2.922000000000000000e+03 0.000000000000000000e+00 0.000000000000000000e+00 2.673267646715281041e-07
2.923000000000000000e+03 0.000000000000000000e+00 0.000000000000000000e+00 2.672369376216470182e-07
2.924000000000000000e+03 0.000000000000000000e+00 0.000000000000000000e+00 2.671437364869724184e-07
2.925000000000000000e+03 0.000000000000000000e+00 0.000000000000000000e+00 2.670473522534359391e-07
2.926000000000000000e+03 0.000000000000000000e+00 0.000000000000000000e+00 2.669476575970831222e-07
2.927000000000000000e+03 0.000000000000000000e+00 0.000000000000000000e+00 2.668448435038458138e-07
2.928000000000000000e+03 0.000000000000000000e+00 0.000000000000000000e+00 2.667387826497693438e-07
2.929000000000000000e+03 0.000000000000000000e+00 0.000000000000000000e+00 2.666296660207856115e-07
2.930000000000000000e+03 0.000000000000000000e+00 0.000000000000000000e+00 2.665173662929399468e-07
2.931000000000000000e+03 0.000000000000000000e+00 0.000000000000000000e+00 2.664020744521641430e-07
2.932000000000000000e+03 0.000000000000000000e+00 0.000000000000000000e+00 2.662837904984582529e-07
2.933000000000000000e+03 0.000000000000000000e+00 0.000000000000000000e+00 2.661625144318222237e-07
2.934000000000000000e+03 0.000000000000000000e+00 0.000000000000000000e+00 2.660382462522561083e-07
2.935000000000000000e+03 0.000000000000000000e+00 0.000000000000000000e+00 2.659111132837142590e-07
2.936000000000000000e+03 0.000000000000000000e+00 0.000000000000000000e+00 2.657811155261968347e-07
2.937000000000000000e+03 0.000000000000000000e+00 0.000000000000000000e+00 2.656483166416809056e-07
2.938000000000000000e+03 0.000000000000000000e+00 0.000000000000000000e+00 2.655127166301665777e-07
2.939000000000000000e+03 0.000000000000000000e+00 0.000000000000000000e+00 2.653743791536311860e-07
2.940000000000000000e+03 0.000000000000000000e+00 0.000000000000000000e+00 2.652333042120745186e-07
2.941000000000000000e+03 0.000000000000000000e+00 0.000000000000000000e+00 2.650896191294511927e-07
2.942000000000000000e+03 0.000000000000000000e+00 0.000000000000000000e+00 2.649432602437838203e-07
2.943000000000000000e+03 0.000000000000000000e+00 0.000000000000000000e+00 2.647943548790270714e-07
2.944000000000000000e+03 0.000000000000000000e+00 0.000000000000000000e+00 2.646429030351807871e-07
2.945000000000000000e+03 0.000000000000000000e+00 0.000000000000000000e+00 2.644889683742223026e-07
2.946000000000000000e+03 0.000000000000000000e+00 0.000000000000000000e+00 2.643326145581288468e-07
2.947000000000000000e+03 0.000000000000000000e+00 0.000000000000000000e+00 2.641737779249231378e-07
2.948000000000000000e+03 0.000000000000000000e+00 0.000000000000000000e+00 2.640125857985596338e-07
2.949000000000000000e+03 0.000000000000000000e+00 0.000000000000000000e+00 2.638491018410156697e-07
2.950000000000000000e+03 0.000000000000000000e+00 0.000000000000000000e+00 2.636833260522911927e-07
2.951000000000000000e+03 0.000000000000000000e+00 0.000000000000000000e+00 2.635152584323860968e-07
2.952000000000000000e+03 0.000000000000000000e+00 0.000000000000000000e+00 2.633450263052550521e-07
2.953000000000000000e+03 0.000000000000000000e+00 0.000000000000000000e+00 2.631726296708978467e-07
2.954000000000000000e+03 0.000000000000000000e+00 0.000000000000000000e+00 2.629981321912918687e-07
2.955000000000000000e+03 0.000000000000000000e+00 0.000000000000000000e+00 2.628215975284144001e-07
2.956000000000000000e+03 0.000000000000000000e+00 0.000000000000000000e+00 2.626429620202881059e-07
2.957000000000000000e+03 0.000000000000000000e+00 0.000000000000000000e+00 2.624624166528446205e-07
2.958000000000000000e+03 0.000000000000000000e+00 0.000000000000000000e+00 2.622798341021296444e-07
2.959000000000000000e+03 0.000000000000000000e+00 0.000000000000000000e+00 2.620954690160519354e-07
2.960000000000000000e+03 0.000000000000000000e+00 0.000000000000000000e+00 2.619091940706571411e-07
2.961000000000000000e+03 0.000000000000000000e+00 0.000000000000000000e+00 2.617211365898998256e-07
2.962000000000000000e+03 0.000000000000000000e+00 0.000000000000000000e+00 2.615256306578056974e-07
2.963000000000000000e+03 0.000000000000000000e+00 0.000000000000000000e+00 2.613285968382579644e-07
2.964000000000000000e+03 0.000000000000000000e+00 0.000000000000000000e+00 2.611274886521669856e-07
2.965000000000000000e+03 0.000000000000000000e+00 0.000000000000000000e+00 2.609250435645541423e-07
2.966000000000000000e+03 0.000000000000000000e+00 0.000000000000000000e+00 2.607194790400566486e-07
2.967000000000000000e+03 0.000000000000000000e+00 0.000000000000000000e+00 2.605127685999689250e-07
2.968000000000000000e+03 0.000000000000000000e+00 0.000000000000000000e+00 2.603035116807916660e-07
2.969000000000000000e+03 0.000000000000000000e+00 0.000000000000000000e+00 2.600932361699786353e-07
2.970000000000000000e+03 0.000000000000000000e+00 0.000000000000000000e+00 2.598808598139168319e-07
2.971000000000000000e+03 0.000000000000000000e+00 0.000000000000000000e+00 2.596674648662192567e-07
2.972000000000000000e+03 0.000000000000000000e+00 0.000000000000000000e+00 2.594524147071134598e-07
2.973000000000000000e+03 0.000000000000000000e+00 0.000000000000000000e+00 2.592364732803264022e-07
2.974000000000000000e+03 0.000000000000000000e+00 0.000000000000000000e+00 2.590191312900400923e-07
2.975000000000000000e+03 0.000000000000000000e+00 0.000000000000000000e+00 2.588010253560269271e-07
2.976000000000000000e+03 0.000000000000000000e+00 0.000000000000000000e+00 2.585817098444463556e-07
2.977000000000000000e+03 0.000000000000000000e+00 0.000000000000000000e+00 2.583617577130932813e-07
2.978000000000000000e+03 0.000000000000000000e+00 0.000000000000000000e+00 2.581407869901045410e-07
2.979000000000000000e+03 0.000000000000000000e+00 0.000000000000000000e+00 2.579193069712978090e-07
2.980000000000000000e+03 0.000000000000000000e+00 0.000000000000000000e+00 2.576969993467870455e-07
2.981000000000000000e+03 0.000000000000000000e+00 0.000000000000000000e+00 2.574743097504129073e-07
2.982000000000000000e+03 0.000000000000000000e+00 0.000000000000000000e+00 2.572509835342663720e-07
2.983000000000000000e+03 0.000000000000000000e+00 0.000000000000000000e+00 2.570272753462564090e-07
2.984000000000000000e+03 0.000000000000000000e+00 0.000000000000000000e+00 2.568031215244057893e-07
2.985000000000000000e+03 0.000000000000000000e+00 0.000000000000000000e+00 2.565787767166234293e-07
2.986000000000000000e+03 0.000000000000000000e+00 0.000000000000000000e+00 2.563540499369776417e-07
2.987000000000000000e+03 0.000000000000000000e+00 0.000000000000000000e+00 2.561291958333774487e-07
2.988000000000000000e+03 0.000000000000000000e+00 0.000000000000000000e+00 2.559042144058227446e-07
2.989000000000000000e+03 0.000000000000000000e+00 0.000000000000000000e+00 2.556791693162908114e-07
2.990000000000000000e+03 0.000000000000000000e+00 0.000000000000000000e+00 2.554539969028044199e-07
2.991000000000000000e+03 0.000000000000000000e+00 0.000000000000000000e+00 2.552289518132724337e-07
2.992000000000000000e+03 0.000000000000000000e+00 0.000000000000000000e+00 2.550039703857177296e-07
2.993000000000000000e+03 0.000000000000000000e+00 0.000000000000000000e+00 2.547791162821174837e-07
2.994000000000000000e+03 0.000000000000000000e+00 0.000000000000000000e+00 2.545544531644489781e-07
2.995000000000000000e+03 0.000000000000000000e+00 0.000000000000000000e+00 2.543300446946893360e-07
2.996000000000000000e+03 0.000000000000000000e+00 0.000000000000000000e+00 2.541058908728387693e-07
2.997000000000000000e+03 0.000000000000000000e+00 0.000000000000000000e+00 2.538821190228515772e-07
2.998000000000000000e+03 0.000000000000000000e+00 0.000000000000000000e+00 2.536587291447278128e-07
2.999000000000000000e+03 0.000000000000000000e+00 0.000000000000000000e+00 2.534357212384673702e-07
3.000000000000000000e+03 0.000000000000000000e+00 0.000000000000000000e+00 2.532132226280249723e-07
