# All N_ell in µK^2, no ell factors
# from https://github.com/simonsobs/so_noise_models/tree/master/LAT_comp_sep_noise/v3.1.0, using goal noise for standard ILC
# ell = [10, 8000], the missing noise for TT is replaced by a big value to remove information at that ell
# ell   |   N_ell_TT   |   N_ell_EE
1.000000000000000000e+01 1.000000000000000000e+07 7.435049999999999906e-04
1.100000000000000000e+01 1.000000000000000000e+07 6.572880000000000129e-04
1.200000000000000000e+01 1.000000000000000000e+07 5.883130000000000304e-04
1.300000000000000000e+01 1.000000000000000000e+07 5.320490000000000419e-04
1.400000000000000000e+01 1.000000000000000000e+07 4.853969999999999878e-04
1.500000000000000000e+01 1.000000000000000000e+07 4.461679999999999878e-04
1.600000000000000000e+01 1.000000000000000000e+07 4.127760000000000066e-04
1.700000000000000000e+01 1.000000000000000000e+07 3.840499999999999838e-04
1.800000000000000000e+01 1.000000000000000000e+07 3.591050000000000253e-04
1.900000000000000000e+01 1.000000000000000000e+07 3.372609999999999953e-04
2.000000000000000000e+01 1.000000000000000000e+07 3.179899999999999827e-04
2.100000000000000000e+01 1.000000000000000000e+07 3.008740000000000199e-04
2.200000000000000000e+01 1.000000000000000000e+07 2.855789999999999978e-04
2.300000000000000000e+01 1.000000000000000000e+07 2.718350000000000020e-04
2.400000000000000000e+01 1.000000000000000000e+07 2.594229999999999995e-04
2.500000000000000000e+01 1.000000000000000000e+07 2.481609999999999979e-04
2.600000000000000000e+01 1.000000000000000000e+07 2.378989999999999935e-04
2.700000000000000000e+01 1.000000000000000000e+07 2.285110000000000082e-04
2.800000000000000000e+01 1.000000000000000000e+07 2.198900000000000106e-04
2.900000000000000000e+01 1.000000000000000000e+07 2.119479999999999975e-04
3.000000000000000000e+01 1.000000000000000000e+07 2.046069999999999877e-04
3.100000000000000000e+01 1.000000000000000000e+07 1.978019999999999876e-04
3.200000000000000000e+01 1.000000000000000000e+07 1.914759999999999943e-04
3.300000000000000000e+01 1.000000000000000000e+07 1.855790000000000065e-04
3.400000000000000000e+01 1.000000000000000000e+07 1.800700000000000022e-04
3.500000000000000000e+01 1.000000000000000000e+07 1.749110000000000064e-04
3.600000000000000000e+01 1.000000000000000000e+07 1.700689999999999873e-04
3.700000000000000000e+01 1.000000000000000000e+07 1.655139999999999877e-04
3.800000000000000000e+01 1.000000000000000000e+07 1.612229999999999978e-04
3.900000000000000000e+01 1.000000000000000000e+07 1.571710000000000034e-04
4.000000000000000000e+01 1.023319999999999953e-04 1.533399999999999922e-04
4.100000000000000000e+01 1.023259999999999957e-04 1.497100000000000015e-04
4.200000000000000000e+01 1.023199999999999961e-04 1.462660000000000121e-04
4.300000000000000000e+01 1.023129999999999943e-04 1.429930000000000046e-04
4.400000000000000000e+01 1.023069999999999947e-04 1.398790000000000070e-04
4.500000000000000000e+01 1.023009999999999951e-04 1.369110000000000043e-04
4.600000000000000000e+01 1.022949999999999955e-04 1.340790000000000016e-04
4.700000000000000000e+01 1.022879999999999937e-04 1.313739999999999927e-04
4.800000000000000000e+01 1.022819999999999941e-04 1.287860000000000101e-04
4.900000000000000000e+01 1.022759999999999945e-04 1.263079999999999975e-04
5.000000000000000000e+01 1.022699999999999949e-04 1.239319999999999918e-04
5.100000000000000000e+01 1.022630000000000067e-04 1.216519999999999933e-04
5.200000000000000000e+01 1.022569999999999935e-04 1.194620000000000024e-04
5.300000000000000000e+01 1.022509999999999939e-04 1.173560000000000060e-04
5.400000000000000000e+01 1.022449999999999943e-04 1.153290000000000066e-04
5.500000000000000000e+01 1.022380000000000061e-04 1.133769999999999955e-04
5.600000000000000000e+01 1.022320000000000065e-04 1.114940000000000001e-04
5.700000000000000000e+01 1.022259999999999933e-04 1.096780000000000026e-04
5.800000000000000000e+01 1.022199999999999937e-04 1.079240000000000055e-04
5.900000000000000000e+01 1.022130000000000055e-04 1.062280000000000001e-04
6.000000000000000000e+01 1.022070000000000059e-04 1.045889999999999976e-04
6.100000000000000000e+01 1.022010000000000063e-04 1.030020000000000008e-04
6.200000000000000000e+01 1.021950000000000066e-04 1.014659999999999938e-04
6.300000000000000000e+01 1.021880000000000048e-04 9.997670000000000114e-05
6.400000000000000000e+01 1.021820000000000052e-04 9.853279999999999960e-05
6.500000000000000000e+01 1.021760000000000056e-04 9.713180000000000403e-05
6.600000000000000000e+01 1.021690000000000038e-04 9.577169999999999650e-05
6.700000000000000000e+01 1.021630000000000042e-04 9.445060000000000673e-05
6.800000000000000000e+01 1.021570000000000046e-04 9.316650000000000322e-05
6.900000000000000000e+01 1.021510000000000050e-04 9.191790000000000301e-05
7.000000000000000000e+01 1.021440000000000032e-04 9.070320000000000259e-05
7.100000000000000000e+01 1.021380000000000036e-04 8.952090000000000546e-05
7.200000000000000000e+01 1.021320000000000040e-04 8.836950000000000154e-05
7.300000000000000000e+01 1.021260000000000044e-04 8.724769999999999477e-05
7.400000000000000000e+01 1.021190000000000026e-04 8.615440000000000305e-05
7.500000000000000000e+01 1.021130000000000030e-04 8.508819999999999622e-05
7.600000000000000000e+01 1.021070000000000034e-04 8.404829999999999962e-05
7.700000000000000000e+01 1.021010000000000038e-04 8.303340000000000362e-05
7.800000000000000000e+01 1.020940000000000020e-04 8.204259999999999949e-05
7.900000000000000000e+01 1.020729999999999966e-04 8.107500000000000557e-05
8.000000000000000000e+01 1.020349999999999946e-04 8.012980000000000656e-05
8.100000000000000000e+01 1.019979999999999948e-04 7.920600000000000025e-05
8.200000000000000000e+01 1.019609999999999950e-04 7.830290000000000546e-05
8.300000000000000000e+01 1.019230000000000065e-04 7.741969999999999332e-05
8.400000000000000000e+01 1.018860000000000067e-04 7.655569999999999617e-05
8.500000000000000000e+01 1.018489999999999934e-04 7.571029999999999915e-05
8.600000000000000000e+01 1.018119999999999935e-04 7.488279999999999394e-05
8.700000000000000000e+01 1.017740000000000051e-04 7.407260000000000634e-05
8.800000000000000000e+01 1.017370000000000053e-04 7.327909999999999437e-05
8.900000000000000000e+01 1.017000000000000055e-04 7.250180000000000437e-05
9.000000000000000000e+01 1.016630000000000056e-04 7.174009999999999437e-05
9.100000000000000000e+01 1.016260000000000058e-04 7.099360000000000414e-05
9.200000000000000000e+01 1.015880000000000038e-04 7.026170000000000527e-05
9.300000000000000000e+01 1.015510000000000040e-04 6.954399999999999688e-05
9.400000000000000000e+01 1.015140000000000042e-04 6.884010000000000519e-05
9.500000000000000000e+01 1.014770000000000044e-04 6.814949999999999524e-05
9.600000000000000000e+01 1.014400000000000046e-04 6.747190000000000023e-05
9.700000000000000000e+01 1.014030000000000047e-04 6.680679999999999876e-05
9.800000000000000000e+01 1.013660000000000049e-04 6.615380000000000349e-05
9.900000000000000000e+01 1.013290000000000051e-04 6.551279999999999387e-05
1.000000000000000000e+02 1.012920000000000053e-04 6.488319999999999570e-05
1.010000000000000000e+02 1.012550000000000055e-04 6.426479999999999498e-05
1.020000000000000000e+02 1.012180000000000057e-04 6.365729999999999783e-05
1.030000000000000000e+02 1.011810000000000059e-04 6.306030000000000337e-05
1.040000000000000000e+02 1.011430000000000038e-04 6.247359999999999762e-05
1.050000000000000000e+02 1.011070000000000062e-04 6.189690000000000025e-05
1.060000000000000000e+02 1.010700000000000064e-04 6.132990000000000381e-05
1.070000000000000000e+02 1.010330000000000066e-04 6.077250000000000132e-05
1.080000000000000000e+02 1.009960000000000068e-04 6.022419999999999846e-05
1.090000000000000000e+02 1.009589999999999934e-04 5.968500000000000199e-05
1.100000000000000000e+02 1.009219999999999936e-04 5.915449999999999750e-05
1.110000000000000000e+02 1.008849999999999938e-04 5.863259999999999832e-05
1.120000000000000000e+02 1.008479999999999940e-04 5.811899999999999700e-05
1.130000000000000000e+02 1.008109999999999941e-04 5.761349999999999989e-05
1.140000000000000000e+02 1.007739999999999943e-04 5.711599999999999999e-05
1.150000000000000000e+02 1.007369999999999945e-04 5.662629999999999687e-05
1.160000000000000000e+02 1.006999999999999947e-04 5.614409999999999665e-05
1.170000000000000000e+02 1.006639999999999971e-04 5.566919999999999887e-05
1.180000000000000000e+02 1.006269999999999973e-04 5.520159999999999678e-05
1.190000000000000000e+02 1.029069999999999958e-04 5.474109999999999669e-05
1.200000000000000000e+02 1.076620000000000002e-04 5.428739999999999797e-05
1.210000000000000000e+02 1.126369999999999992e-04 5.384050000000000061e-05
1.220000000000000000e+02 1.178420000000000010e-04 5.340009999999999717e-05
1.230000000000000000e+02 1.232870000000000005e-04 5.296620000000000120e-05
1.240000000000000000e+02 1.289840000000000105e-04 5.253849999999999851e-05
1.250000000000000000e+02 1.349450000000000031e-04 5.211710000000000284e-05
1.260000000000000000e+02 1.411800000000000002e-04 5.170159999999999979e-05
1.270000000000000000e+02 1.477039999999999939e-04 5.129210000000000312e-05
1.280000000000000000e+02 1.545299999999999994e-04 5.088829999999999862e-05
1.290000000000000000e+02 1.616699999999999886e-04 5.049019999999999984e-05
1.300000000000000000e+02 1.691410000000000125e-04 5.009759999999999956e-05
1.310000000000000000e+02 1.769569999999999932e-04 4.971039999999999758e-05
1.320000000000000000e+02 1.851339999999999930e-04 4.932850000000000044e-05
1.330000000000000000e+02 1.936890000000000085e-04 4.895190000000000137e-05
1.340000000000000000e+02 2.026390000000000092e-04 4.858029999999999971e-05
1.350000000000000000e+02 2.120029999999999961e-04 4.821380000000000246e-05
1.360000000000000000e+02 2.217999999999999974e-04 4.785210000000000217e-05
1.370000000000000000e+02 2.320489999999999868e-04 4.749529999999999909e-05
1.380000000000000000e+02 2.427720000000000127e-04 4.714319999999999953e-05
1.390000000000000000e+02 2.539899999999999992e-04 4.679560000000000306e-05
1.400000000000000000e+02 2.657269999999999988e-04 4.645270000000000334e-05
1.410000000000000000e+02 2.780060000000000213e-04 4.611419999999999972e-05
1.420000000000000000e+02 2.908529999999999883e-04 4.577999999999999875e-05
1.430000000000000000e+02 3.042930000000000222e-04 4.545020000000000066e-05
1.440000000000000000e+02 3.183540000000000219e-04 4.512449999999999800e-05
1.450000000000000000e+02 3.330650000000000104e-04 4.480299999999999777e-05
1.460000000000000000e+02 3.484560000000000261e-04 4.448559999999999976e-05
1.470000000000000000e+02 3.645580000000000153e-04 4.417209999999999675e-05
1.480000000000000000e+02 3.814040000000000095e-04 4.386250000000000229e-05
1.490000000000000000e+02 3.990280000000000020e-04 4.355680000000000283e-05
1.500000000000000000e+02 4.174669999999999792e-04 4.325489999999999815e-05
1.510000000000000000e+02 4.367579999999999813e-04 4.295670000000000158e-05
1.520000000000000000e+02 4.569400000000000263e-04 4.266219999999999957e-05
1.530000000000000000e+02 4.780550000000000164e-04 4.237119999999999846e-05
1.540000000000000000e+02 5.001460000000000324e-04 4.208379999999999847e-05
1.550000000000000000e+02 5.232569999999999539e-04 4.179979999999999915e-05
1.560000000000000000e+02 5.474370000000000104e-04 4.151920000000000052e-05
1.570000000000000000e+02 5.727339999999999818e-04 4.124200000000000256e-05
1.580000000000000000e+02 5.991990000000000207e-04 4.096809999999999829e-05
1.590000000000000000e+02 5.986200000000000115e-04 4.069740000000000103e-05
1.600000000000000000e+02 5.710739999999999740e-04 4.042989999999999724e-05
1.610000000000000000e+02 5.447950000000000449e-04 4.016560000000000047e-05
1.620000000000000000e+02 5.197249999999999613e-04 3.990439999999999694e-05
1.630000000000000000e+02 4.958090000000000500e-04 3.964609999999999977e-05
1.640000000000000000e+02 4.729940000000000186e-04 3.939090000000000262e-05
1.650000000000000000e+02 4.512289999999999856e-04 3.913859999999999827e-05
1.660000000000000000e+02 4.304649999999999926e-04 3.888920000000000029e-05
1.670000000000000000e+02 4.106560000000000201e-04 3.864270000000000188e-05
1.680000000000000000e+02 3.917589999999999874e-04 3.839900000000000285e-05
1.690000000000000000e+02 3.737319999999999922e-04 3.815800000000000295e-05
1.700000000000000000e+02 3.565339999999999850e-04 3.791970000000000220e-05
1.710000000000000000e+02 3.401279999999999798e-04 3.768420000000000081e-05
1.720000000000000000e+02 3.244759999999999745e-04 3.745119999999999813e-05
1.730000000000000000e+02 3.095449999999999916e-04 3.722090000000000137e-05
1.740000000000000000e+02 2.953009999999999836e-04 3.699310000000000331e-05
1.750000000000000000e+02 2.817119999999999889e-04 3.676779999999999719e-05
1.760000000000000000e+02 2.687489999999999844e-04 3.654500000000000332e-05
1.770000000000000000e+02 2.563819999999999858e-04 3.632460000000000116e-05
1.780000000000000000e+02 2.445840000000000015e-04 3.610659999999999749e-05
1.790000000000000000e+02 2.333299999999999903e-04 3.589099999999999908e-05
1.800000000000000000e+02 2.225929999999999879e-04 3.567779999999999915e-05
1.810000000000000000e+02 2.123500000000000116e-04 3.546679999999999728e-05
1.820000000000000000e+02 2.025779999999999974e-04 3.525810000000000044e-05
1.830000000000000000e+02 1.932559999999999942e-04 3.505160000000000166e-05
1.840000000000000000e+02 1.843629999999999965e-04 3.484730000000000092e-05
1.850000000000000000e+02 1.758800000000000033e-04 3.464519999999999823e-05
1.860000000000000000e+02 1.677860000000000094e-04 3.444520000000000015e-05
1.870000000000000000e+02 1.600650000000000065e-04 3.424729999999999989e-05
1.880000000000000000e+02 1.526999999999999983e-04 3.405139999999999724e-05
1.890000000000000000e+02 1.456729999999999993e-04 3.385759999999999920e-05
1.900000000000000000e+02 1.389700000000000061e-04 3.366579999999999876e-05
1.910000000000000000e+02 1.325750000000000105e-04 3.347600000000000272e-05
1.920000000000000000e+02 1.264740000000000092e-04 3.328819999999999750e-05
1.930000000000000000e+02 1.206540000000000005e-04 3.310220000000000301e-05
1.940000000000000000e+02 1.151019999999999967e-04 3.291819999999999935e-05
1.950000000000000000e+02 1.098059999999999987e-04 3.273599999999999964e-05
1.960000000000000000e+02 1.047530000000000049e-04 3.255569999999999731e-05
1.970000000000000000e+02 9.993249999999999909e-05 3.237709999999999872e-05
1.980000000000000000e+02 9.533389999999999876e-05 3.220039999999999751e-05
1.990000000000000000e+02 9.459660000000000160e-05 3.202540000000000004e-05
2.000000000000000000e+02 9.763160000000000219e-05 3.185219999999999973e-05
2.010000000000000000e+02 1.007639999999999995e-04 3.168060000000000293e-05
2.020000000000000000e+02 1.039970000000000006e-04 3.151080000000000330e-05
2.030000000000000000e+02 1.073339999999999993e-04 3.134260000000000041e-05
2.040000000000000000e+02 1.107770000000000000e-04 3.117610000000000124e-05
2.050000000000000000e+02 1.143320000000000024e-04 3.101109999999999858e-05
2.060000000000000000e+02 1.179999999999999951e-04 3.084779999999999966e-05
2.070000000000000000e+02 1.217860000000000025e-04 3.068609999999999746e-05
2.080000000000000000e+02 1.256929999999999907e-04 3.052589999999999855e-05
2.090000000000000000e+02 1.297260000000000112e-04 3.036719999999999955e-05
2.100000000000000000e+02 1.338880000000000029e-04 3.021000000000000044e-05
2.110000000000000000e+02 1.381839999999999902e-04 3.005430000000000124e-05
2.120000000000000000e+02 1.426169999999999933e-04 2.990009999999999855e-05
2.130000000000000000e+02 1.471929999999999983e-04 2.974739999999999915e-05
2.140000000000000000e+02 1.519149999999999982e-04 2.959599999999999921e-05
2.150000000000000000e+02 1.567890000000000061e-04 2.944609999999999917e-05
2.160000000000000000e+02 1.618199999999999923e-04 2.929759999999999881e-05
2.170000000000000000e+02 1.670119999999999927e-04 2.915040000000000130e-05
2.180000000000000000e+02 1.723700000000000048e-04 2.900460000000000009e-05
2.190000000000000000e+02 1.778999999999999874e-04 2.886009999999999834e-05
2.200000000000000000e+02 1.836080000000000080e-04 2.871699999999999966e-05
2.210000000000000000e+02 1.894990000000000097e-04 2.857510000000000022e-05
2.220000000000000000e+02 1.955790000000000057e-04 2.843460000000000047e-05
2.230000000000000000e+02 2.018540000000000091e-04 2.829519999999999974e-05
2.240000000000000000e+02 2.083300000000000061e-04 2.815719999999999868e-05
2.250000000000000000e+02 2.150139999999999983e-04 2.802040000000000027e-05
2.260000000000000000e+02 2.219129999999999877e-04 2.788480000000000109e-05
2.270000000000000000e+02 2.290329999999999872e-04 2.775040000000000116e-05
2.280000000000000000e+02 2.363809999999999989e-04 2.761710000000000025e-05
2.290000000000000000e+02 2.439650000000000130e-04 2.748509999999999880e-05
2.300000000000000000e+02 2.517919999999999772e-04 2.735419999999999977e-05
2.310000000000000000e+02 2.598710000000000061e-04 2.722449999999999997e-05
2.320000000000000000e+02 2.682089999999999930e-04 2.709579999999999899e-05
2.330000000000000000e+02 2.768140000000000097e-04 2.696830000000000063e-05
2.340000000000000000e+02 2.856949999999999811e-04 2.684190000000000130e-05
2.350000000000000000e+02 2.948620000000000104e-04 2.671660000000000099e-05
2.360000000000000000e+02 3.043219999999999910e-04 2.659229999999999949e-05
2.370000000000000000e+02 3.140859999999999876e-04 2.646920000000000062e-05
2.380000000000000000e+02 3.241629999999999794e-04 2.634700000000000033e-05
2.390000000000000000e+02 3.187479999999999914e-04 2.622589999999999907e-05
2.400000000000000000e+02 2.986069999999999957e-04 2.610580000000000000e-05
2.410000000000000000e+02 2.797389999999999859e-04 2.598669999999999973e-05
2.420000000000000000e+02 2.620629999999999878e-04 2.586860000000000166e-05
2.430000000000000000e+02 2.455040000000000130e-04 2.575149999999999900e-05
2.440000000000000000e+02 2.299910000000000008e-04 2.563539999999999854e-05
2.450000000000000000e+02 2.154579999999999961e-04 2.552020000000000005e-05
2.460000000000000000e+02 2.018439999999999872e-04 2.540600000000000036e-05
2.470000000000000000e+02 1.890899999999999938e-04 2.529269999999999926e-05
2.480000000000000000e+02 1.771420000000000058e-04 2.518040000000000035e-05
2.490000000000000000e+02 1.659490000000000064e-04 2.506889999999999981e-05
2.500000000000000000e+02 1.554629999999999988e-04 2.495840000000000146e-05
2.510000000000000000e+02 1.456399999999999947e-04 2.484879999999999831e-05
2.520000000000000000e+02 1.364369999999999949e-04 2.474000000000000030e-05
2.530000000000000000e+02 1.278159999999999973e-04 2.463210000000000087e-05
2.540000000000000000e+02 1.197400000000000021e-04 2.452510000000000004e-05
2.550000000000000000e+02 1.121740000000000004e-04 2.441900000000000117e-05
2.560000000000000000e+02 1.050860000000000032e-04 2.431370000000000067e-05
2.570000000000000000e+02 9.844550000000000468e-05 2.420919999999999854e-05
2.580000000000000000e+02 9.222500000000000554e-05 2.410550000000000155e-05
2.590000000000000000e+02 8.639750000000000077e-05 2.400269999999999975e-05
2.600000000000000000e+02 8.093829999999999720e-05 2.390069999999999971e-05
2.610000000000000000e+02 7.582399999999999774e-05 2.379940000000000121e-05
2.620000000000000000e+02 7.103290000000000222e-05 2.369900000000000129e-05
2.630000000000000000e+02 6.654449999999999959e-05 2.359929999999999951e-05
2.640000000000000000e+02 6.233969999999999540e-05 2.350039999999999950e-05
2.650000000000000000e+02 5.840059999999999783e-05 2.340230000000000123e-05
2.660000000000000000e+02 5.471039999999999714e-05 2.330500000000000133e-05
2.670000000000000000e+02 5.125339999999999958e-05 2.320829999999999936e-05
2.680000000000000000e+02 4.801490000000000001e-05 2.311249999999999936e-05
2.690000000000000000e+02 4.498090000000000161e-05 2.301730000000000068e-05
2.700000000000000000e+02 4.213869999999999687e-05 2.292290000000000037e-05
2.710000000000000000e+02 3.947609999999999970e-05 2.282920000000000159e-05
2.720000000000000000e+02 3.698169999999999864e-05 2.273620000000000095e-05
2.730000000000000000e+02 3.464489999999999757e-05 2.264389999999999846e-05
2.740000000000000000e+02 3.245580000000000188e-05 2.255230000000000090e-05
2.750000000000000000e+02 3.040500000000000112e-05 2.246130000000000126e-05
2.760000000000000000e+02 2.848379999999999993e-05 2.237109999999999999e-05
2.770000000000000000e+02 2.668390000000000044e-05 2.228150000000000004e-05
2.780000000000000000e+02 2.499789999999999998e-05 2.219260000000000162e-05
2.790000000000000000e+02 2.489839999999999865e-05 2.210440000000000134e-05
2.800000000000000000e+02 2.636669999999999948e-05 2.201679999999999900e-05
2.810000000000000000e+02 2.792160000000000047e-05 2.192980000000000135e-05
2.820000000000000000e+02 2.956819999999999924e-05 2.184349999999999847e-05
2.830000000000000000e+02 3.131190000000000085e-05 2.175780000000000029e-05
2.840000000000000000e+02 3.315839999999999749e-05 2.167270000000000004e-05
2.850000000000000000e+02 3.511380000000000252e-05 2.158830000000000132e-05
2.860000000000000000e+02 3.718460000000000309e-05 2.150450000000000053e-05
2.870000000000000000e+02 3.937740000000000012e-05 2.142120000000000084e-05
2.880000000000000000e+02 4.169960000000000306e-05 2.133859999999999929e-05
2.890000000000000000e+02 4.415870000000000125e-05 2.125659999999999906e-05
2.900000000000000000e+02 4.676279999999999890e-05 2.117509999999999992e-05
2.910000000000000000e+02 4.952050000000000131e-05 2.109419999999999872e-05
2.920000000000000000e+02 5.244080000000000112e-05 2.101389999999999882e-05
2.930000000000000000e+02 5.553339999999999926e-05 2.093420000000000025e-05
2.940000000000000000e+02 5.880829999999999733e-05 2.085509999999999960e-05
2.950000000000000000e+02 6.227639999999999890e-05 2.077650000000000005e-05
2.960000000000000000e+02 6.594889999999999466e-05 2.069840000000000159e-05
2.970000000000000000e+02 6.983809999999999801e-05 2.062090000000000106e-05
2.980000000000000000e+02 7.395659999999999593e-05 2.054399999999999846e-05
2.990000000000000000e+02 7.831789999999999770e-05 2.046760000000000034e-05
3.000000000000000000e+02 8.293650000000000121e-05 2.039169999999999994e-05
3.010000000000000000e+02 8.782739999999999872e-05 2.031630000000000062e-05
3.020000000000000000e+02 9.300679999999999863e-05 2.024149999999999924e-05
3.030000000000000000e+02 9.849160000000000412e-05 2.016719999999999895e-05
3.040000000000000000e+02 1.043000000000000009e-04 2.009329999999999954e-05
3.050000000000000000e+02 1.104510000000000035e-04 2.002000000000000144e-05
3.060000000000000000e+02 1.169640000000000003e-04 1.994730000000000128e-05
3.070000000000000000e+02 1.238620000000000010e-04 1.987499999999999860e-05
3.080000000000000000e+02 1.311659999999999974e-04 1.980310000000000018e-05
3.090000000000000000e+02 1.389010000000000038e-04 1.973179999999999970e-05
3.100000000000000000e+02 1.470929999999999959e-04 1.966100000000000031e-05
3.110000000000000000e+02 1.557669999999999877e-04 1.959059999999999841e-05
3.120000000000000000e+02 1.649529999999999909e-04 1.952070000000000099e-05
3.130000000000000000e+02 1.746800000000000013e-04 1.945130000000000128e-05
3.140000000000000000e+02 1.849820000000000121e-04 1.938239999999999928e-05
3.150000000000000000e+02 1.958899999999999964e-04 1.931390000000000155e-05
3.160000000000000000e+02 2.074420000000000105e-04 1.924590000000000152e-05
3.170000000000000000e+02 2.196760000000000021e-04 1.917829999999999898e-05
3.180000000000000000e+02 2.326300000000000004e-04 1.911120000000000093e-05
3.190000000000000000e+02 2.373889999999999865e-04 1.904450000000000037e-05
3.200000000000000000e+02 2.334349999999999902e-04 1.897820000000000068e-05
3.210000000000000000e+02 2.295459999999999872e-04 1.891239999999999870e-05
3.220000000000000000e+02 2.257220000000000049e-04 1.884710000000000121e-05
3.230000000000000000e+02 2.219620000000000002e-04 1.878210000000000098e-05
3.240000000000000000e+02 2.182639999999999960e-04 1.871759999999999846e-05
3.250000000000000000e+02 2.146290000000000079e-04 1.865350000000000021e-05
3.260000000000000000e+02 2.110530000000000002e-04 1.858979999999999945e-05
3.270000000000000000e+02 2.075369999999999884e-04 1.852659999999999978e-05
3.280000000000000000e+02 2.040800000000000112e-04 1.846370000000000078e-05
3.290000000000000000e+02 2.006800000000000099e-04 1.840129999999999948e-05
3.300000000000000000e+02 1.973370000000000115e-04 1.833919999999999883e-05
3.310000000000000000e+02 1.940500000000000005e-04 1.827759999999999929e-05
3.320000000000000000e+02 1.908179999999999881e-04 1.821630000000000040e-05
3.330000000000000000e+02 1.876389999999999970e-04 1.815539999999999900e-05
3.340000000000000000e+02 1.845130000000000001e-04 1.809499999999999870e-05
3.350000000000000000e+02 1.814390000000000089e-04 1.803489999999999905e-05
3.360000000000000000e+02 1.784169999999999962e-04 1.797520000000000029e-05
3.370000000000000000e+02 1.754450000000000117e-04 1.791579999999999879e-05
3.380000000000000000e+02 1.725220000000000128e-04 1.785689999999999839e-05
3.390000000000000000e+02 1.696479999999999993e-04 1.779829999999999864e-05
3.400000000000000000e+02 1.668220000000000098e-04 1.774009999999999978e-05
3.410000000000000000e+02 1.640430000000000013e-04 1.768229999999999840e-05
3.420000000000000000e+02 1.613100000000000124e-04 1.762480000000000107e-05
3.430000000000000000e+02 1.586229999999999888e-04 1.756760000000000100e-05
3.440000000000000000e+02 1.559809999999999962e-04 1.751089999999999865e-05
3.450000000000000000e+02 1.533820000000000029e-04 1.745450000000000034e-05
3.460000000000000000e+02 1.508269999999999977e-04 1.739839999999999930e-05
3.470000000000000000e+02 1.483149999999999920e-04 1.734269999999999914e-05
3.480000000000000000e+02 1.458440000000000084e-04 1.728729999999999964e-05
3.490000000000000000e+02 1.434150000000000084e-04 1.723230000000000101e-05
3.500000000000000000e+02 1.410259999999999877e-04 1.717759999999999966e-05
3.510000000000000000e+02 1.386760000000000119e-04 1.712319999999999896e-05
3.520000000000000000e+02 1.363659999999999883e-04 1.706919999999999914e-05
3.530000000000000000e+02 1.340939999999999938e-04 1.701549999999999997e-05
3.540000000000000000e+02 1.318609999999999899e-04 1.696210000000000147e-05
3.550000000000000000e+02 1.296640000000000108e-04 1.690910000000000045e-05
3.560000000000000000e+02 1.275039999999999908e-04 1.685640000000000009e-05
3.570000000000000000e+02 1.253799999999999956e-04 1.680400000000000039e-05
3.580000000000000000e+02 1.232910000000000093e-04 1.675190000000000134e-05
3.590000000000000000e+02 1.223549999999999898e-04 1.670009999999999957e-05
3.600000000000000000e+02 1.225459999999999885e-04 1.664859999999999845e-05
3.610000000000000000e+02 1.227359999999999985e-04 1.659750000000000160e-05
3.620000000000000000e+02 1.229269999999999972e-04 1.654669999999999863e-05
3.630000000000000000e+02 1.231179999999999959e-04 1.649609999999999949e-05
3.640000000000000000e+02 1.233100000000000103e-04 1.644590000000000122e-05
3.650000000000000000e+02 1.235019999999999976e-04 1.639590000000000001e-05
3.660000000000000000e+02 1.236940000000000121e-04 1.634629999999999967e-05
3.670000000000000000e+02 1.238859999999999994e-04 1.629689999999999977e-05
3.680000000000000000e+02 1.240790000000000024e-04 1.624790000000000075e-05
3.690000000000000000e+02 1.242720000000000055e-04 1.619909999999999878e-05
3.700000000000000000e+02 1.244659999999999972e-04 1.615060000000000085e-05
3.710000000000000000e+02 1.246590000000000003e-04 1.610240000000000019e-05
3.720000000000000000e+02 1.248529999999999920e-04 1.605450000000000019e-05
3.730000000000000000e+02 1.250470000000000108e-04 1.600690000000000085e-05
3.740000000000000000e+02 1.252419999999999911e-04 1.595949999999999856e-05
3.750000000000000000e+02 1.254369999999999986e-04 1.591240000000000032e-05
3.760000000000000000e+02 1.256320000000000060e-04 1.586559999999999934e-05
3.770000000000000000e+02 1.258270000000000135e-04 1.581909999999999903e-05
3.780000000000000000e+02 1.260230000000000096e-04 1.577279999999999915e-05
3.790000000000000000e+02 1.262190000000000057e-04 1.572679999999999993e-05
3.800000000000000000e+02 1.264159999999999904e-04 1.568110000000000136e-05
3.810000000000000000e+02 1.266119999999999865e-04 1.563559999999999985e-05
3.820000000000000000e+02 1.268089999999999983e-04 1.559039999999999900e-05
3.830000000000000000e+02 1.270069999999999988e-04 1.554549999999999880e-05
3.840000000000000000e+02 1.272040000000000106e-04 1.550079999999999904e-05
3.850000000000000000e+02 1.274020000000000111e-04 1.545629999999999972e-05
3.860000000000000000e+02 1.276000000000000116e-04 1.541210000000000106e-05
3.870000000000000000e+02 1.277990000000000007e-04 1.536819999999999967e-05
3.880000000000000000e+02 1.279979999999999898e-04 1.532449999999999871e-05
3.890000000000000000e+02 1.281970000000000060e-04 1.528109999999999842e-05
3.900000000000000000e+02 1.283959999999999952e-04 1.523790000000000025e-05
3.910000000000000000e+02 1.285960000000000000e-04 1.519490000000000083e-05
3.920000000000000000e+02 1.287960000000000049e-04 1.515220000000000038e-05
3.930000000000000000e+02 1.289960000000000097e-04 1.510980000000000058e-05
3.940000000000000000e+02 1.291970000000000032e-04 1.506749999999999931e-05
3.950000000000000000e+02 1.293979999999999967e-04 1.502550000000000039e-05
3.960000000000000000e+02 1.295989999999999902e-04 1.498380000000000043e-05
3.970000000000000000e+02 1.298009999999999995e-04 1.494220000000000070e-05
3.980000000000000000e+02 1.300030000000000087e-04 1.490089999999999992e-05
3.990000000000000000e+02 1.290929999999999920e-04 1.485989999999999981e-05
4.000000000000000000e+02 1.270929999999999976e-04 1.481899999999999991e-05
4.010000000000000000e+02 1.251249999999999921e-04 1.477840000000000067e-05
4.020000000000000000e+02 1.231869999999999981e-04 1.473800000000000018e-05
4.030000000000000000e+02 1.212800000000000043e-04 1.469780000000000012e-05
4.040000000000000000e+02 1.194010000000000042e-04 1.465790000000000072e-05
4.050000000000000000e+02 1.175520000000000021e-04 1.461820000000000007e-05
4.060000000000000000e+02 1.157319999999999958e-04 1.457869999999999986e-05
4.070000000000000000e+02 1.139389999999999945e-04 1.453940000000000008e-05
4.080000000000000000e+02 1.121750000000000026e-04 1.450030000000000074e-05
4.090000000000000000e+02 1.104369999999999999e-04 1.446140000000000015e-05
4.100000000000000000e+02 1.087270000000000044e-04 1.442270000000000000e-05
4.110000000000000000e+02 1.070429999999999982e-04 1.438430000000000050e-05
4.120000000000000000e+02 1.053859999999999969e-04 1.434609999999999975e-05
4.130000000000000000e+02 1.037529999999999941e-04 1.430799999999999921e-05
4.140000000000000000e+02 1.021469999999999963e-04 1.427019999999999934e-05
4.150000000000000000e+02 1.005649999999999968e-04 1.423259999999999990e-05
4.160000000000000000e+02 9.900730000000000327e-05 1.419510000000000068e-05
4.170000000000000000e+02 9.747390000000000199e-05 1.415790000000000043e-05
4.180000000000000000e+02 9.596440000000000569e-05 1.412090000000000061e-05
4.190000000000000000e+02 9.447819999999999949e-05 1.408399999999999932e-05
4.200000000000000000e+02 9.301500000000000306e-05 1.404740000000000039e-05
4.210000000000000000e+02 9.157449999999999542e-05 1.401100000000000019e-05
4.220000000000000000e+02 9.015630000000000280e-05 1.397470000000000022e-05
4.230000000000000000e+02 8.876010000000000421e-05 1.393869999999999921e-05
4.240000000000000000e+02 8.738540000000000532e-05 1.390280000000000011e-05
4.250000000000000000e+02 8.603209999999999916e-05 1.386709999999999976e-05
4.260000000000000000e+02 8.469970000000000493e-05 1.383170000000000006e-05
4.270000000000000000e+02 8.338799999999999511e-05 1.379640000000000059e-05
4.280000000000000000e+02 8.209659999999999592e-05 1.376119999999999964e-05
4.290000000000000000e+02 8.082519999999999993e-05 1.372629999999999934e-05
4.300000000000000000e+02 7.957340000000000626e-05 1.369159999999999949e-05
4.310000000000000000e+02 7.834109999999999436e-05 1.365699999999999986e-05
4.320000000000000000e+02 7.712779999999999701e-05 1.362260000000000066e-05
4.330000000000000000e+02 7.593339999999999367e-05 1.358840000000000021e-05
4.340000000000000000e+02 7.475740000000000358e-05 1.355440000000000019e-05
4.350000000000000000e+02 7.359959999999999918e-05 1.352050000000000040e-05
4.360000000000000000e+02 7.245979999999999359e-05 1.348679999999999935e-05
4.370000000000000000e+02 7.133759999999999949e-05 1.345330000000000043e-05
4.380000000000000000e+02 7.023280000000000289e-05 1.342000000000000026e-05
4.390000000000000000e+02 7.118400000000000151e-05 1.338680000000000031e-05
4.400000000000000000e+02 7.214809999999999453e-05 1.335389999999999932e-05
4.410000000000000000e+02 7.312520000000000250e-05 1.332100000000000002e-05
4.420000000000000000e+02 7.411560000000000576e-05 1.328839999999999969e-05
4.430000000000000000e+02 7.511930000000000430e-05 1.325589999999999958e-05
4.440000000000000000e+02 7.613669999999999900e-05 1.322359999999999991e-05
4.450000000000000000e+02 7.716789999999999685e-05 1.319140000000000045e-05
4.460000000000000000e+02 7.821300000000000485e-05 1.315939999999999974e-05
4.470000000000000000e+02 7.927219999999999633e-05 1.312759999999999947e-05
4.480000000000000000e+02 8.034589999999999929e-05 1.309589999999999942e-05
4.490000000000000000e+02 8.143400000000000671e-05 1.306439999999999980e-05
4.500000000000000000e+02 8.253690000000000592e-05 1.303310000000000063e-05
4.510000000000000000e+02 8.365470000000000393e-05 1.300189999999999998e-05
4.520000000000000000e+02 8.478769999999999460e-05 1.297079999999999955e-05
4.530000000000000000e+02 8.593599999999999850e-05 1.293999999999999977e-05
4.540000000000000000e+02 8.709989999999999595e-05 1.290920000000000000e-05
4.550000000000000000e+02 8.827949999999999393e-05 1.287869999999999919e-05
4.560000000000000000e+02 8.947509999999999990e-05 1.284820000000000008e-05
4.570000000000000000e+02 9.068690000000000073e-05 1.281799999999999993e-05
4.580000000000000000e+02 9.191509999999999687e-05 1.278779999999999977e-05
4.590000000000000000e+02 9.315990000000000230e-05 1.275790000000000028e-05
4.600000000000000000e+02 9.442159999999999735e-05 1.272809999999999931e-05
4.610000000000000000e+02 9.570039999999999602e-05 1.269840000000000026e-05
4.620000000000000000e+02 9.699649999999999874e-05 1.266889999999999995e-05
4.630000000000000000e+02 9.831019999999999939e-05 1.263949999999999986e-05
4.640000000000000000e+02 9.964160000000000497e-05 1.261019999999999998e-05
4.650000000000000000e+02 1.009909999999999958e-04 1.258120000000000077e-05
4.660000000000000000e+02 1.023590000000000003e-04 1.255219999999999986e-05
4.670000000000000000e+02 1.037450000000000037e-04 1.252339999999999939e-05
4.680000000000000000e+02 1.051499999999999944e-04 1.249470000000000084e-05
4.690000000000000000e+02 1.065739999999999998e-04 1.246619999999999933e-05
4.700000000000000000e+02 1.080179999999999948e-04 1.243779999999999974e-05
4.710000000000000000e+02 1.094810000000000043e-04 1.240960000000000058e-05
4.720000000000000000e+02 1.109630000000000013e-04 1.238139999999999974e-05
4.730000000000000000e+02 1.124660000000000037e-04 1.235349999999999955e-05
4.740000000000000000e+02 1.139889999999999957e-04 1.232559999999999935e-05
4.750000000000000000e+02 1.155330000000000067e-04 1.229789999999999960e-05
4.760000000000000000e+02 1.170979999999999959e-04 1.227040000000000029e-05
4.770000000000000000e+02 1.186840000000000041e-04 1.224289999999999928e-05
4.780000000000000000e+02 1.192559999999999980e-04 1.221560000000000041e-05
4.790000000000000000e+02 1.188000000000000010e-04 1.218840000000000006e-05
4.800000000000000000e+02 1.183450000000000062e-04 1.216140000000000015e-05
4.810000000000000000e+02 1.178920000000000022e-04 1.213450000000000046e-05
4.820000000000000000e+02 1.174410000000000026e-04 1.210769999999999929e-05
4.830000000000000000e+02 1.169919999999999939e-04 1.208100000000000004e-05
4.840000000000000000e+02 1.165440000000000009e-04 1.205449999999999953e-05
4.850000000000000000e+02 1.160979999999999987e-04 1.202809999999999924e-05
4.860000000000000000e+02 1.156540000000000009e-04 1.200179999999999917e-05
4.870000000000000000e+02 1.152110000000000054e-04 1.197559999999999932e-05
4.880000000000000000e+02 1.147710000000000028e-04 1.194959999999999991e-05
4.890000000000000000e+02 1.143320000000000024e-04 1.192370000000000071e-05
4.900000000000000000e+02 1.138940000000000042e-04 1.189790000000000004e-05
4.910000000000000000e+02 1.134579999999999969e-04 1.187219999999999960e-05
4.920000000000000000e+02 1.130239999999999939e-04 1.184669999999999959e-05
4.930000000000000000e+02 1.125919999999999954e-04 1.182119999999999958e-05
4.940000000000000000e+02 1.121609999999999990e-04 1.179590000000000001e-05
4.950000000000000000e+02 1.117319999999999934e-04 1.177070000000000065e-05
4.960000000000000000e+02 1.113040000000000036e-04 1.174570000000000005e-05
4.970000000000000000e+02 1.108780000000000047e-04 1.172069999999999944e-05
4.980000000000000000e+02 1.104539999999999965e-04 1.169589999999999927e-05
4.990000000000000000e+02 1.100320000000000063e-04 1.167110000000000079e-05
5.000000000000000000e+02 1.096100000000000026e-04 1.164649999999999937e-05
5.010000000000000000e+02 1.091910000000000054e-04 1.162199999999999986e-05
5.020000000000000000e+02 1.087729999999999969e-04 1.159770000000000078e-05
5.030000000000000000e+02 1.083570000000000063e-04 1.157340000000000002e-05
5.040000000000000000e+02 1.079430000000000065e-04 1.154919999999999947e-05
5.050000000000000000e+02 1.075299999999999954e-04 1.152519999999999936e-05
5.060000000000000000e+02 1.071180000000000000e-04 1.150119999999999925e-05
5.070000000000000000e+02 1.067079999999999955e-04 1.147739999999999958e-05
5.080000000000000000e+02 1.062999999999999953e-04 1.145370000000000013e-05
5.090000000000000000e+02 1.058929999999999973e-04 1.143009999999999920e-05
5.100000000000000000e+02 1.054880000000000037e-04 1.140660000000000019e-05
5.110000000000000000e+02 1.050839999999999988e-04 1.138319999999999970e-05
5.120000000000000000e+02 1.046819999999999983e-04 1.135989999999999944e-05
5.130000000000000000e+02 1.042820000000000021e-04 1.133669999999999939e-05
5.140000000000000000e+02 1.038829999999999946e-04 1.131359999999999956e-05
5.150000000000000000e+02 1.034850000000000028e-04 1.129070000000000017e-05
5.160000000000000000e+02 1.030890000000000018e-04 1.126780000000000078e-05
5.170000000000000000e+02 1.026950000000000052e-04 1.124499999999999991e-05
5.180000000000000000e+02 1.021630000000000042e-04 1.122239999999999948e-05
5.190000000000000000e+02 1.014960000000000054e-04 1.119980000000000075e-05
5.200000000000000000e+02 1.008330000000000017e-04 1.117740000000000076e-05
5.210000000000000000e+02 1.001739999999999933e-04 1.115500000000000077e-05
5.220000000000000000e+02 9.952010000000000283e-05 1.113269999999999931e-05
5.230000000000000000e+02 9.887010000000000058e-05 1.111059999999999998e-05
5.240000000000000000e+02 9.822440000000000099e-05 1.108850000000000065e-05
5.250000000000000000e+02 9.758280000000000361e-05 1.106660000000000006e-05
5.260000000000000000e+02 9.694549999999999533e-05 1.104469999999999947e-05
5.270000000000000000e+02 9.631239999999999626e-05 1.102290000000000080e-05
5.280000000000000000e+02 9.568330000000000596e-05 1.100129999999999918e-05
5.290000000000000000e+02 9.505839999999999776e-05 1.097969999999999925e-05
5.300000000000000000e+02 9.443760000000000533e-05 1.095819999999999954e-05
5.310000000000000000e+02 9.382079999999999457e-05 1.093680000000000005e-05
5.320000000000000000e+02 9.320800000000000612e-05 1.091550000000000078e-05
5.330000000000000000e+02 9.259930000000000634e-05 1.089430000000000003e-05
5.340000000000000000e+02 9.199449999999999479e-05 1.087319999999999951e-05
5.350000000000000000e+02 9.139370000000000556e-05 1.085219999999999920e-05
5.360000000000000000e+02 9.079680000000000454e-05 1.083130000000000080e-05
5.370000000000000000e+02 9.020380000000000531e-05 1.081049999999999924e-05
5.380000000000000000e+02 8.961460000000000085e-05 1.078979999999999959e-05
5.390000000000000000e+02 8.902940000000000517e-05 1.076909999999999994e-05
5.400000000000000000e+02 8.844789999999999727e-05 1.074860000000000073e-05
5.410000000000000000e+02 8.787019999999999770e-05 1.072809999999999983e-05
5.420000000000000000e+02 8.729630000000000647e-05 1.070770000000000084e-05
5.430000000000000000e+02 8.672619999999999646e-05 1.068740000000000037e-05
5.440000000000000000e+02 8.615980000000000134e-05 1.066720000000000012e-05
5.450000000000000000e+02 8.559709999999999400e-05 1.064710000000000009e-05
5.460000000000000000e+02 8.503799999999999456e-05 1.062710000000000029e-05
5.470000000000000000e+02 8.448259999999999646e-05 1.060720000000000070e-05
5.480000000000000000e+02 8.393089999999999969e-05 1.058729999999999941e-05
5.490000000000000000e+02 8.338270000000000382e-05 1.056750000000000004e-05
5.500000000000000000e+02 8.283810000000000229e-05 1.054789999999999942e-05
5.510000000000000000e+02 8.229709999999999510e-05 1.052830000000000049e-05
5.520000000000000000e+02 8.175960000000000237e-05 1.050880000000000008e-05
5.530000000000000000e+02 8.122559999999999698e-05 1.048929999999999967e-05
5.540000000000000000e+02 8.069510000000000604e-05 1.046999999999999971e-05
5.550000000000000000e+02 8.016810000000000244e-05 1.045069999999999974e-05
5.560000000000000000e+02 7.964450000000000631e-05 1.043149999999999999e-05
5.570000000000000000e+02 7.912430000000000407e-05 1.041240000000000046e-05
5.580000000000000000e+02 7.888890000000000290e-05 1.039339999999999946e-05
5.590000000000000000e+02 7.893569999999999710e-05 1.037450000000000037e-05
5.600000000000000000e+02 7.898250000000000485e-05 1.035559999999999958e-05
5.610000000000000000e+02 7.902940000000000605e-05 1.033680000000000071e-05
5.620000000000000000e+02 7.907629999999999369e-05 1.031810000000000036e-05
5.630000000000000000e+02 7.912319999999999488e-05 1.029950000000000024e-05
5.640000000000000000e+02 7.917009999999999608e-05 1.028100000000000033e-05
5.650000000000000000e+02 7.921710000000000427e-05 1.026250000000000042e-05
5.660000000000000000e+02 7.926409999999999890e-05 1.024410000000000073e-05
5.670000000000000000e+02 7.931109999999999354e-05 1.022579999999999957e-05
5.680000000000000000e+02 7.935819999999999517e-05 1.020760000000000032e-05
5.690000000000000000e+02 7.940520000000000336e-05 1.018939999999999938e-05
5.700000000000000000e+02 7.945230000000000499e-05 1.017140000000000057e-05
5.710000000000000000e+02 7.949950000000000007e-05 1.015329999999999984e-05
5.720000000000000000e+02 7.954660000000000170e-05 1.013539999999999956e-05
5.730000000000000000e+02 7.959379999999999678e-05 1.011759999999999949e-05
5.740000000000000000e+02 7.964100000000000541e-05 1.009979999999999942e-05
5.750000000000000000e+02 7.968829999999999393e-05 1.008209999999999957e-05
5.760000000000000000e+02 7.973550000000000255e-05 1.006439999999999973e-05
5.770000000000000000e+02 7.978289999999999807e-05 1.004690000000000032e-05
5.780000000000000000e+02 7.983020000000000014e-05 1.002939999999999922e-05
5.790000000000000000e+02 7.987750000000000221e-05 1.001200000000000003e-05
5.800000000000000000e+02 7.992489999999999773e-05 9.994629999999999546e-06
5.810000000000000000e+02 7.997229999999999324e-05 9.977359999999999287e-06
5.820000000000000000e+02 8.001979999999999575e-05 9.960149999999999836e-06
5.830000000000000000e+02 8.006720000000000482e-05 9.943019999999999205e-06
5.840000000000000000e+02 8.011469999999999377e-05 9.925960000000000084e-06
5.850000000000000000e+02 8.016230000000000328e-05 9.908970000000000776e-06
5.860000000000000000e+02 8.020980000000000579e-05 9.892049999999999590e-06
5.870000000000000000e+02 8.025740000000000174e-05 9.875189999999999213e-06
5.880000000000000000e+02 8.030499999999999769e-05 9.858409999999999350e-06
5.890000000000000000e+02 8.035259999999999365e-05 9.841690000000000296e-06
5.900000000000000000e+02 8.040029999999999660e-05 9.825039999999999363e-06
5.910000000000000000e+02 8.044799999999999954e-05 9.808459999999999938e-06
5.920000000000000000e+02 8.049570000000000249e-05 9.791950000000000328e-06
5.930000000000000000e+02 8.054349999999999888e-05 9.775499999999999833e-06
5.940000000000000000e+02 8.059129999999999528e-05 9.759119999999999153e-06
5.950000000000000000e+02 8.063910000000000522e-05 9.742809999999999982e-06
5.960000000000000000e+02 8.068690000000000161e-05 9.726559999999999926e-06
5.970000000000000000e+02 8.073480000000000500e-05 9.710379999999999684e-06
5.980000000000000000e+02 8.116250000000000092e-05 9.694260000000000252e-06
5.990000000000000000e+02 8.197629999999999641e-05 9.678199999999999935e-06
6.000000000000000000e+02 8.279809999999999590e-05 9.662220000000000132e-06
6.010000000000000000e+02 8.362819999999999325e-05 9.646290000000000439e-06
6.020000000000000000e+02 8.446669999999999547e-05 9.630430000000000560e-06
6.030000000000000000e+02 8.531349999999999557e-05 9.614629999999999797e-06
6.040000000000000000e+02 8.616879999999999397e-05 9.598900000000000542e-06
6.050000000000000000e+02 8.703269999999999767e-05 9.583219999999999703e-06
6.060000000000000000e+02 8.790530000000000013e-05 9.567610000000000372e-06
6.070000000000000000e+02 8.878660000000000133e-05 9.552069999999999162e-06
6.080000000000000000e+02 8.967680000000000172e-05 9.536579999999999756e-06
6.090000000000000000e+02 9.057579999999999429e-05 9.521149999999999465e-06
6.100000000000000000e+02 9.148390000000000005e-05 9.505790000000000683e-06
6.110000000000000000e+02 9.240110000000000543e-05 9.490489999999999321e-06
6.120000000000000000e+02 9.332750000000000388e-05 9.475239999999999764e-06
6.130000000000000000e+02 9.426320000000000239e-05 9.460060000000000021e-06
6.140000000000000000e+02 9.520820000000000097e-05 9.444939999999999393e-06
6.150000000000000000e+02 9.616279999999999349e-05 9.429870000000000569e-06
6.160000000000000000e+02 9.712690000000000006e-05 9.414869999999999866e-06
6.170000000000000000e+02 9.810060000000000058e-05 9.399919999999999272e-06
6.180000000000000000e+02 9.908420000000000248e-05 9.385040000000000187e-06
6.190000000000000000e+02 1.000779999999999996e-04 9.370209999999999518e-06
6.200000000000000000e+02 1.010810000000000034e-04 9.355439999999999657e-06
6.210000000000000000e+02 1.020940000000000020e-04 9.340719999999999907e-06
6.220000000000000000e+02 1.031179999999999976e-04 9.326069999999999971e-06
6.230000000000000000e+02 1.041520000000000016e-04 9.311470000000000144e-06
6.240000000000000000e+02 1.051960000000000004e-04 9.296920000000000428e-06
6.250000000000000000e+02 1.062509999999999963e-04 9.282440000000000526e-06
6.260000000000000000e+02 1.073160000000000005e-04 9.268010000000000733e-06
6.270000000000000000e+02 1.083920000000000017e-04 9.253629999999999357e-06
6.280000000000000000e+02 1.094779999999999977e-04 9.239319999999999488e-06
6.290000000000000000e+02 1.105760000000000065e-04 9.225050000000000725e-06
6.300000000000000000e+02 1.116849999999999988e-04 9.210839999999999382e-06
6.310000000000000000e+02 1.128039999999999994e-04 9.196690000000000542e-06
6.320000000000000000e+02 1.139349999999999993e-04 9.182590000000000118e-06
6.330000000000000000e+02 1.150779999999999983e-04 9.168550000000000503e-06
6.340000000000000000e+02 1.162310000000000058e-04 9.154550000000000298e-06
6.350000000000000000e+02 1.173970000000000010e-04 9.140619999999999908e-06
6.360000000000000000e+02 1.185739999999999933e-04 9.126730000000000622e-06
6.370000000000000000e+02 1.197619999999999962e-04 9.112900000000000451e-06
6.380000000000000000e+02 1.204500000000000004e-04 9.099120000000000390e-06
6.390000000000000000e+02 1.206269999999999955e-04 9.085399999999999444e-06
6.400000000000000000e+02 1.208050000000000063e-04 9.071719999999999602e-06
6.410000000000000000e+02 1.209820000000000014e-04 9.058100000000000570e-06
6.420000000000000000e+02 1.211610000000000009e-04 9.044529999999999952e-06
6.430000000000000000e+02 1.213389999999999982e-04 9.031009999999999445e-06
6.440000000000000000e+02 1.215169999999999955e-04 9.017549999999999747e-06
6.450000000000000000e+02 1.216959999999999949e-04 9.004129999999999458e-06
6.460000000000000000e+02 1.218749999999999944e-04 8.990759999999999280e-06
6.470000000000000000e+02 1.220549999999999961e-04 8.977449999999999910e-06
6.480000000000000000e+02 1.222349999999999977e-04 8.964179999999999951e-06
6.490000000000000000e+02 1.224139999999999972e-04 8.950970000000000801e-06
6.500000000000000000e+02 1.225950000000000011e-04 8.937799999999999367e-06
6.510000000000000000e+02 1.227749999999999892e-04 8.924690000000000436e-06
6.520000000000000000e+02 1.229559999999999930e-04 8.911619999999999221e-06
6.530000000000000000e+02 1.231369999999999969e-04 8.898599999999999810e-06
6.540000000000000000e+02 1.233180000000000007e-04 8.885630000000000508e-06
6.550000000000000000e+02 1.234999999999999932e-04 8.872709999999999622e-06
6.560000000000000000e+02 1.236809999999999971e-04 8.859840000000000540e-06
6.570000000000000000e+02 1.238629999999999896e-04 8.847019999999999873e-06
6.580000000000000000e+02 1.240459999999999978e-04 8.834240000000000311e-06
6.590000000000000000e+02 1.242279999999999903e-04 8.821509999999999164e-06
6.600000000000000000e+02 1.244109999999999986e-04 8.808829999999999820e-06
6.610000000000000000e+02 1.245940000000000068e-04 8.796189999999999887e-06
6.620000000000000000e+02 1.247780000000000037e-04 8.783610000000000763e-06
6.630000000000000000e+02 1.249610000000000120e-04 8.771060000000000350e-06
6.640000000000000000e+02 1.251450000000000088e-04 8.758570000000000746e-06
6.650000000000000000e+02 1.253299999999999944e-04 8.746120000000000551e-06
6.660000000000000000e+02 1.255139999999999912e-04 8.733720000000000467e-06
6.670000000000000000e+02 1.256990000000000039e-04 8.721359999999999792e-06
6.680000000000000000e+02 1.258839999999999894e-04 8.709049999999999227e-06
6.690000000000000000e+02 1.260690000000000020e-04 8.696779999999999767e-06
6.700000000000000000e+02 1.262550000000000033e-04 8.684560000000000416e-06
6.710000000000000000e+02 1.264410000000000046e-04 8.672380000000000475e-06
6.720000000000000000e+02 1.266270000000000058e-04 8.660250000000000643e-06
6.730000000000000000e+02 1.268130000000000071e-04 8.648160000000000222e-06
6.740000000000000000e+02 1.269999999999999970e-04 8.636119999999999910e-06
6.750000000000000000e+02 1.271869999999999869e-04 8.624120000000000703e-06
6.760000000000000000e+02 1.273740000000000039e-04 8.612159999999999212e-06
6.770000000000000000e+02 1.275609999999999938e-04 8.600249999999999524e-06
6.780000000000000000e+02 1.275120000000000084e-04 8.588379999999999246e-06
6.790000000000000000e+02 1.272269999999999933e-04 8.576550000000000073e-06
6.800000000000000000e+02 1.269429999999999940e-04 8.564769999999999315e-06
6.810000000000000000e+02 1.266589999999999947e-04 8.553029999999999661e-06
6.820000000000000000e+02 1.263760000000000111e-04 8.541329999999999417e-06
6.830000000000000000e+02 1.260930000000000004e-04 8.529679999999999283e-06
6.840000000000000000e+02 1.258110000000000055e-04 8.518059999999999553e-06
6.850000000000000000e+02 1.255299999999999992e-04 8.506489999999999934e-06
6.860000000000000000e+02 1.252489999999999929e-04 8.494959999999999724e-06
6.870000000000000000e+02 1.249690000000000024e-04 8.483470000000000618e-06
6.880000000000000000e+02 1.246890000000000118e-04 8.472019999999999228e-06
6.890000000000000000e+02 1.244109999999999986e-04 8.460619999999999643e-06
6.900000000000000000e+02 1.241319999999999967e-04 8.449250000000000461e-06
6.910000000000000000e+02 1.238549999999999992e-04 8.437929999999999695e-06
6.920000000000000000e+02 1.235780000000000016e-04 8.426639999999999334e-06
6.930000000000000000e+02 1.233010000000000041e-04 8.415400000000000777e-06
6.940000000000000000e+02 1.230260000000000110e-04 8.404199999999999935e-06
6.950000000000000000e+02 1.227509999999999908e-04 8.393029999999999499e-06
6.960000000000000000e+02 1.224759999999999976e-04 8.381909999999999171e-06
6.970000000000000000e+02 1.222019999999999931e-04 8.370819999999999249e-06
6.980000000000000000e+02 1.219290000000000044e-04 8.359779999999999436e-06
6.990000000000000000e+02 1.216560000000000021e-04 8.348770000000000027e-06
7.000000000000000000e+02 1.213840000000000020e-04 8.337810000000000729e-06
7.010000000000000000e+02 1.211130000000000041e-04 8.326880000000000140e-06
7.020000000000000000e+02 1.208420000000000062e-04 8.315990000000000656e-06
7.030000000000000000e+02 1.205719999999999969e-04 8.305140000000000582e-06
7.040000000000000000e+02 1.203020000000000012e-04 8.294329999999999918e-06
7.050000000000000000e+02 1.200329999999999941e-04 8.283549999999999659e-06
7.060000000000000000e+02 1.197650000000000027e-04 8.272810000000000504e-06
7.070000000000000000e+02 1.194969999999999979e-04 8.262119999999999764e-06
7.080000000000000000e+02 1.192299999999999952e-04 8.251450000000000424e-06
7.090000000000000000e+02 1.189630000000000060e-04 8.240829999999999499e-06
7.100000000000000000e+02 1.186970000000000055e-04 8.230240000000000673e-06
7.110000000000000000e+02 1.184310000000000050e-04 8.219689999999999562e-06
7.120000000000000000e+02 1.181669999999999953e-04 8.209179999999999556e-06
7.130000000000000000e+02 1.179019999999999970e-04 8.198710000000000654e-06
7.140000000000000000e+02 1.176390000000000031e-04 8.188270000000000463e-06
7.150000000000000000e+02 1.173759999999999956e-04 8.177860000000000676e-06
7.160000000000000000e+02 1.171130000000000017e-04 8.167499999999999305e-06
7.170000000000000000e+02 1.168509999999999964e-04 8.157170000000000032e-06
7.180000000000000000e+02 1.165750000000000011e-04 8.146869999999999470e-06
7.190000000000000000e+02 1.162860000000000044e-04 8.136610000000000012e-06
7.200000000000000000e+02 1.159969999999999941e-04 8.126389999999999964e-06
7.210000000000000000e+02 1.157079999999999974e-04 8.116200000000000321e-06
7.220000000000000000e+02 1.154210000000000050e-04 8.106050000000000088e-06
7.230000000000000000e+02 1.151339999999999991e-04 8.095930000000000259e-06
7.240000000000000000e+02 1.148479999999999954e-04 8.085849999999999841e-06
7.250000000000000000e+02 1.145620000000000053e-04 8.075799999999999827e-06
7.260000000000000000e+02 1.142780000000000060e-04 8.065789999999999223e-06
7.270000000000000000e+02 1.139940000000000067e-04 8.055810000000000718e-06
7.280000000000000000e+02 1.137099999999999938e-04 8.045859999999999229e-06
7.290000000000000000e+02 1.134279999999999989e-04 8.035950000000000539e-06
7.300000000000000000e+02 1.131460000000000039e-04 8.026079999999999564e-06
7.310000000000000000e+02 1.128649999999999977e-04 8.016229999999999989e-06
7.320000000000000000e+02 1.125840000000000049e-04 8.006430000000000523e-06
7.330000000000000000e+02 1.123040000000000008e-04 7.996650000000000763e-06
7.340000000000000000e+02 1.120249999999999989e-04 7.986910000000000412e-06
7.350000000000000000e+02 1.117469999999999992e-04 7.977200000000000466e-06
7.360000000000000000e+02 1.114689999999999995e-04 7.967519999999999231e-06
7.370000000000000000e+02 1.111920000000000020e-04 7.957880000000000793e-06
7.380000000000000000e+02 1.109160000000000067e-04 7.948269999999999373e-06
7.390000000000000000e+02 1.106399999999999978e-04 7.938690000000000051e-06
7.400000000000000000e+02 1.103650000000000047e-04 7.929150000000000138e-06
7.410000000000000000e+02 1.100910000000000002e-04 7.919640000000000631e-06
7.420000000000000000e+02 1.098169999999999957e-04 7.910159999999999834e-06
7.430000000000000000e+02 1.095439999999999934e-04 7.900709999999999442e-06
7.440000000000000000e+02 1.092719999999999933e-04 7.891289999999999454e-06
7.450000000000000000e+02 1.090000000000000067e-04 7.881910000000000570e-06
7.460000000000000000e+02 1.087289999999999952e-04 7.872549999999999698e-06
7.470000000000000000e+02 1.084589999999999995e-04 7.863229999999999929e-06
7.480000000000000000e+02 1.081900000000000060e-04 7.853940000000000565e-06
7.490000000000000000e+02 1.079209999999999989e-04 7.844679999999999912e-06
7.500000000000000000e+02 1.076520000000000054e-04 7.835460000000000363e-06
7.510000000000000000e+02 1.073850000000000027e-04 7.826260000000000519e-06
7.520000000000000000e+02 1.071180000000000000e-04 7.817089999999999385e-06
7.530000000000000000e+02 1.068519999999999995e-04 7.807959999999999356e-06
7.540000000000000000e+02 1.065859999999999990e-04 7.798850000000000725e-06
7.550000000000000000e+02 1.063210000000000007e-04 7.789779999999999811e-06
7.560000000000000000e+02 1.060570000000000046e-04 7.780739999999999301e-06
7.570000000000000000e+02 1.057929999999999949e-04 7.771720000000000191e-06
7.580000000000000000e+02 1.051980000000000048e-04 7.762740000000000490e-06
7.590000000000000000e+02 1.042770000000000047e-04 7.753789999999999500e-06
7.600000000000000000e+02 1.033639999999999949e-04 7.744859999999999909e-06
7.610000000000000000e+02 1.024590000000000028e-04 7.735969999999999728e-06
7.620000000000000000e+02 1.015620000000000010e-04 7.727099999999999252e-06
7.630000000000000000e+02 1.006720000000000011e-04 7.718269999999999881e-06
7.640000000000000000e+02 9.979079999999999331e-05 7.709460000000000214e-06
7.650000000000000000e+02 9.891700000000000178e-05 7.700679999999999258e-06
7.660000000000000000e+02 9.805089999999999325e-05 7.691939999999999406e-06
7.670000000000000000e+02 9.719229999999999439e-05 7.683219999999999259e-06
7.680000000000000000e+02 9.634120000000000520e-05 7.674529999999999517e-06
7.690000000000000000e+02 9.549759999999999857e-05 7.665859999999999480e-06
7.700000000000000000e+02 9.466139999999999461e-05 7.657230000000000546e-06
7.710000000000000000e+02 9.383249999999999989e-05 7.648630000000000324e-06
7.720000000000000000e+02 9.301090000000000085e-05 7.640049999999999806e-06
7.730000000000000000e+02 9.219639999999999704e-05 7.631499999999999693e-06
7.740000000000000000e+02 9.138909999999999547e-05 7.622979999999999985e-06
7.750000000000000000e+02 9.058890000000000269e-05 7.614489999999999834e-06
7.760000000000000000e+02 8.979560000000000471e-05 7.606020000000000235e-06
7.770000000000000000e+02 8.900929999999999498e-05 7.597590000000000047e-06
7.780000000000000000e+02 8.822989999999999360e-05 7.589180000000000410e-06
7.790000000000000000e+02 8.745729999999999357e-05 7.580789999999999632e-06
7.800000000000000000e+02 8.669149999999999491e-05 7.572439999999999957e-06
7.810000000000000000e+02 8.593240000000000416e-05 7.564109999999999988e-06
7.820000000000000000e+02 8.517990000000000078e-05 7.555810000000000423e-06
7.830000000000000000e+02 8.443410000000000531e-05 7.547540000000000416e-06
7.840000000000000000e+02 8.369469999999999677e-05 7.539290000000000114e-06
7.850000000000000000e+02 8.296190000000000270e-05 7.531070000000000216e-06
7.860000000000000000e+02 8.223540000000000212e-05 7.522879999999999876e-06
7.870000000000000000e+02 8.151530000000000201e-05 7.514710000000000088e-06
7.880000000000000000e+02 8.080149999999999540e-05 7.506569999999999858e-06
7.890000000000000000e+02 8.009399999999999582e-05 7.498460000000000032e-06
7.900000000000000000e+02 7.939260000000000284e-05 7.490369999999999911e-06
7.910000000000000000e+02 7.869739999999999635e-05 7.482310000000000195e-06
7.920000000000000000e+02 7.800829999999999646e-05 7.474270000000000184e-06
7.930000000000000000e+02 7.732530000000000317e-05 7.466259999999999730e-06
7.940000000000000000e+02 7.664820000000000248e-05 7.458279999999999681e-06
7.950000000000000000e+02 7.597699999999999441e-05 7.450320000000000185e-06
7.960000000000000000e+02 7.531170000000000605e-05 7.442380000000000393e-06
7.970000000000000000e+02 7.465220000000000330e-05 7.434480000000000011e-06
7.980000000000000000e+02 7.450449999999999792e-05 7.426590000000000329e-06
7.990000000000000000e+02 7.486539999999999645e-05 7.418740000000000057e-06
8.000000000000000000e+02 7.522809999999999892e-05 7.410910000000000337e-06
8.010000000000000000e+02 7.559249999999999834e-05 7.403100000000000322e-06
8.020000000000000000e+02 7.595879999999999516e-05 7.395319999999999864e-06
8.030000000000000000e+02 7.632669999999999548e-05 7.387559999999999959e-06
8.040000000000000000e+02 7.669650000000000675e-05 7.379829999999999611e-06
8.050000000000000000e+02 7.706809999999999486e-05 7.372119999999999815e-06
8.060000000000000000e+02 7.744139999999999347e-05 7.364439999999999577e-06
8.070000000000000000e+02 7.781660000000000302e-05 7.356779999999999891e-06
8.080000000000000000e+02 7.819349999999999597e-05 7.349139999999999910e-06
8.090000000000000000e+02 7.857239999999999331e-05 7.341530000000000333e-06
8.100000000000000000e+02 7.895300000000000115e-05 7.333939999999999615e-06
8.110000000000000000e+02 7.933550000000000638e-05 7.326380000000000148e-06
8.120000000000000000e+02 7.971980000000000201e-05 7.318840000000000386e-06
8.130000000000000000e+02 8.010599999999999503e-05 7.311330000000000182e-06
8.140000000000000000e+02 8.049409999999999898e-05 7.303839999999999683e-06
8.150000000000000000e+02 8.088399999999999334e-05 7.296369999999999736e-06
8.160000000000000000e+02 8.127590000000000563e-05 7.288930000000000193e-06
8.170000000000000000e+02 8.166959999999999476e-05 7.281510000000000356e-06
8.180000000000000000e+02 8.206530000000000183e-05 7.274110000000000223e-06
8.190000000000000000e+02 8.246279999999999930e-05 7.266739999999999648e-06
8.200000000000000000e+02 8.286230000000000115e-05 7.259389999999999626e-06
8.210000000000000000e+02 8.326370000000000039e-05 7.252060000000000155e-06
8.220000000000000000e+02 8.366710000000000401e-05 7.244750000000000389e-06
8.230000000000000000e+02 8.407240000000000503e-05 7.237470000000000181e-06
8.240000000000000000e+02 8.447969999999999687e-05 7.230209999999999678e-06
8.250000000000000000e+02 8.488900000000000666e-05 7.222979999999999580e-06
8.260000000000000000e+02 8.530020000000000028e-05 7.215760000000000181e-06
8.270000000000000000e+02 8.571350000000000529e-05 7.208570000000000339e-06
8.280000000000000000e+02 8.612869999999999413e-05 7.201400000000000203e-06
8.290000000000000000e+02 8.654590000000000091e-05 7.194259999999999624e-06
8.300000000000000000e+02 8.696520000000000552e-05 7.187129999999999745e-06
8.310000000000000000e+02 8.738650000000000096e-05 7.180030000000000270e-06
8.320000000000000000e+02 8.780980000000000079e-05 7.172949999999999654e-06
8.330000000000000000e+02 8.823519999999999844e-05 7.165889999999999589e-06
8.340000000000000000e+02 8.866269999999999393e-05 7.158850000000000077e-06
8.350000000000000000e+02 8.909219999999999379e-05 7.151840000000000122e-06
8.360000000000000000e+02 8.952380000000000504e-05 7.144849999999999872e-06
8.370000000000000000e+02 8.995750000000000057e-05 7.137880000000000174e-06
8.380000000000000000e+02 8.906040000000000538e-05 7.130930000000000181e-06
8.390000000000000000e+02 8.817219999999999583e-05 7.123999999999999894e-06
8.400000000000000000e+02 8.729289999999999901e-05 7.117090000000000158e-06
8.410000000000000000e+02 8.642239999999999438e-05 7.110209999999999980e-06
8.420000000000000000e+02 8.556049999999999506e-05 7.103339999999999654e-06
8.430000000000000000e+02 8.470720000000000105e-05 7.096499999999999733e-06
8.440000000000000000e+02 8.386249999999999879e-05 7.089680000000000365e-06
8.450000000000000000e+02 8.302609999999999439e-05 7.082870000000000001e-06
8.460000000000000000e+02 8.219809999999999487e-05 7.076090000000000042e-06
8.470000000000000000e+02 8.137840000000000676e-05 7.069329999999999789e-06
8.480000000000000000e+02 8.056680000000000254e-05 7.062599999999999939e-06
8.490000000000000000e+02 7.976340000000000274e-05 7.055879999999999943e-06
8.500000000000000000e+02 7.896789999999999994e-05 7.049179999999999651e-06
8.510000000000000000e+02 7.818040000000000113e-05 7.042499999999999912e-06
8.520000000000000000e+02 7.740070000000000587e-05 7.035839999999999877e-06
8.530000000000000000e+02 7.662880000000000060e-05 7.029210000000000247e-06
8.540000000000000000e+02 7.586460000000000545e-05 7.022589999999999623e-06
8.550000000000000000e+02 7.510809999999999329e-05 7.016000000000000250e-06
8.560000000000000000e+02 7.435899999999999736e-05 7.009419999999999883e-06
8.570000000000000000e+02 7.361750000000000455e-05 7.002860000000000068e-06
8.580000000000000000e+02 7.288329999999999386e-05 6.996329999999999810e-06
8.590000000000000000e+02 7.215649999999999939e-05 6.989810000000000252e-06
8.600000000000000000e+02 7.143689999999999361e-05 6.983310000000000399e-06
8.610000000000000000e+02 7.072450000000000362e-05 6.976840000000000103e-06
8.620000000000000000e+02 7.001910000000000187e-05 6.970379999999999660e-06
8.630000000000000000e+02 6.932090000000000235e-05 6.963939999999999769e-06
8.640000000000000000e+02 6.862950000000000419e-05 6.957519999999999583e-06
8.650000000000000000e+02 6.794509999999999428e-05 6.951119999999999950e-06
8.660000000000000000e+02 6.726749999999999928e-05 6.944740000000000021e-06
8.670000000000000000e+02 6.659670000000000563e-05 6.938379999999999797e-06
8.680000000000000000e+02 6.593249999999999935e-05 6.932040000000000126e-06
8.690000000000000000e+02 6.527500000000000099e-05 6.925720000000000159e-06
8.700000000000000000e+02 6.462410000000000355e-05 6.919419999999999897e-06
8.710000000000000000e+02 6.397960000000000658e-05 6.913130000000000335e-06
8.720000000000000000e+02 6.334149999999999655e-05 6.906870000000000331e-06
8.730000000000000000e+02 6.270980000000000055e-05 6.900620000000000179e-06
8.740000000000000000e+02 6.208450000000000503e-05 6.894389999999999732e-06
8.750000000000000000e+02 6.146530000000000255e-05 6.888179999999999837e-06
8.760000000000000000e+02 6.085230000000000012e-05 6.881989999999999648e-06
8.770000000000000000e+02 6.080430000000000329e-05 6.875820000000000010e-06
8.780000000000000000e+02 6.131989999999999544e-05 6.869660000000000225e-06
8.790000000000000000e+02 6.183989999999999724e-05 6.863529999999999997e-06
8.800000000000000000e+02 6.236429999999999513e-05 6.857409999999999622e-06
8.810000000000000000e+02 6.289310000000000267e-05 6.851309999999999799e-06
8.820000000000000000e+02 6.342639999999999975e-05 6.845229999999999681e-06
8.830000000000000000e+02 6.396419999999999992e-05 6.839170000000000115e-06
8.840000000000000000e+02 6.450659999999999662e-05 6.833120000000000402e-06
8.850000000000000000e+02 6.505360000000000341e-05 6.827100000000000246e-06
8.860000000000000000e+02 6.560530000000000018e-05 6.821089999999999943e-06
8.870000000000000000e+02 6.616159999999999348e-05 6.815100000000000191e-06
8.880000000000000000e+02 6.672260000000000387e-05 6.809120000000000293e-06
8.890000000000000000e+02 6.728839999999999767e-05 6.803169999999999952e-06
8.900000000000000000e+02 6.785900000000000200e-05 6.797230000000000310e-06
8.910000000000000000e+02 6.843440000000000330e-05 6.791310000000000373e-06
8.920000000000000000e+02 6.901469999999999502e-05 6.785410000000000142e-06
8.930000000000000000e+02 6.959990000000000425e-05 6.779519999999999763e-06
8.940000000000000000e+02 7.019009999999999735e-05 6.773649999999999936e-06
8.950000000000000000e+02 7.078530000000000141e-05 6.767799999999999814e-06
8.960000000000000000e+02 7.138550000000000288e-05 6.761970000000000244e-06
8.970000000000000000e+02 7.199090000000000220e-05 6.756149999999999680e-06
8.980000000000000000e+02 7.260129999999999893e-05 6.750349999999999668e-06
8.990000000000000000e+02 7.321689999999999351e-05 6.744570000000000208e-06
9.000000000000000000e+02 7.383780000000000649e-05 6.738809999999999606e-06
9.010000000000000000e+02 7.446390000000000376e-05 6.733059999999999703e-06
9.020000000000000000e+02 7.509530000000000588e-05 6.727330000000000352e-06
9.030000000000000000e+02 7.573210000000000629e-05 6.721610000000000007e-06
9.040000000000000000e+02 7.637430000000000499e-05 6.715910000000000214e-06
9.050000000000000000e+02 7.702190000000000197e-05 6.710230000000000127e-06
9.060000000000000000e+02 7.767509999999999768e-05 6.704569999999999744e-06
9.070000000000000000e+02 7.833370000000000524e-05 6.698920000000000060e-06
9.080000000000000000e+02 7.899800000000000496e-05 6.693290000000000082e-06
9.090000000000000000e+02 7.966779999999999641e-05 6.687669999999999956e-06
9.100000000000000000e+02 8.034340000000000058e-05 6.682070000000000383e-06
9.110000000000000000e+02 8.102469999999999692e-05 6.676489999999999667e-06
9.120000000000000000e+02 8.171169999999999898e-05 6.670919999999999651e-06
9.130000000000000000e+02 8.240459999999999365e-05 6.665370000000000187e-06
9.140000000000000000e+02 8.310339999999999448e-05 6.659839999999999581e-06
9.150000000000000000e+02 8.380810000000000148e-05 6.654319999999999674e-06
9.160000000000000000e+02 8.451879999999999452e-05 6.648820000000000320e-06
9.170000000000000000e+02 8.485680000000000382e-05 6.643329999999999971e-06
9.180000000000000000e+02 8.481779999999999962e-05 6.637860000000000174e-06
9.190000000000000000e+02 8.477879999999999542e-05 6.632410000000000082e-06
9.200000000000000000e+02 8.473980000000000477e-05 6.626969999999999843e-06
9.210000000000000000e+02 8.470080000000000057e-05 6.621550000000000156e-06
9.220000000000000000e+02 8.466190000000000336e-05 6.616140000000000321e-06
9.230000000000000000e+02 8.462289999999999916e-05 6.610750000000000191e-06
9.240000000000000000e+02 8.458400000000000196e-05 6.605369999999999914e-06
9.250000000000000000e+02 8.454510000000000475e-05 6.600010000000000189e-06
9.260000000000000000e+02 8.450619999999999400e-05 6.594660000000000317e-06
9.270000000000000000e+02 8.446740000000000379e-05 6.589340000000000002e-06
9.280000000000000000e+02 8.442850000000000658e-05 6.584019999999999687e-06
9.290000000000000000e+02 8.438970000000000282e-05 6.578719999999999924e-06
9.300000000000000000e+02 8.435089999999999906e-05 6.573439999999999866e-06
9.310000000000000000e+02 8.431209999999999529e-05 6.568169999999999661e-06
9.320000000000000000e+02 8.427330000000000508e-05 6.562920000000000007e-06
9.330000000000000000e+02 8.423459999999999477e-05 6.557680000000000206e-06
9.340000000000000000e+02 8.419580000000000456e-05 6.552450000000000258e-06
9.350000000000000000e+02 8.415709999999999424e-05 6.547240000000000015e-06
9.360000000000000000e+02 8.411839999999999747e-05 6.542050000000000324e-06
9.370000000000000000e+02 8.407970000000000070e-05 6.536869999999999638e-06
9.380000000000000000e+02 8.404109999999999738e-05 6.531710000000000352e-06
9.390000000000000000e+02 8.400240000000000061e-05 6.526560000000000071e-06
9.400000000000000000e+02 8.396379999999999729e-05 6.521419999999999642e-06
9.410000000000000000e+02 8.392519999999999397e-05 6.516299999999999766e-06
9.420000000000000000e+02 8.388660000000000420e-05 6.511199999999999594e-06
9.430000000000000000e+02 8.384800000000000087e-05 6.506110000000000123e-06
9.440000000000000000e+02 8.380939999999999755e-05 6.501029999999999656e-06
9.450000000000000000e+02 8.377090000000000122e-05 6.495969999999999742e-06
9.460000000000000000e+02 8.373240000000000489e-05 6.490919999999999680e-06
9.470000000000000000e+02 8.369389999999999501e-05 6.485890000000000170e-06
9.480000000000000000e+02 8.365539999999999869e-05 6.480869999999999666e-06
9.490000000000000000e+02 8.361690000000000236e-05 6.475859999999999862e-06
9.500000000000000000e+02 8.357849999999999947e-05 6.470869999999999762e-06
9.510000000000000000e+02 8.354000000000000314e-05 6.465900000000000214e-06
9.520000000000000000e+02 8.350160000000000026e-05 6.460929999999999820e-06
9.530000000000000000e+02 8.346319999999999737e-05 6.455979999999999977e-06
9.540000000000000000e+02 8.342479999999999449e-05 6.451049999999999840e-06
9.550000000000000000e+02 8.338640000000000516e-05 6.446130000000000402e-06
9.560000000000000000e+02 8.334809999999999571e-05 6.441219999999999970e-06
9.570000000000000000e+02 8.300490000000000212e-05 6.436330000000000089e-06
9.580000000000000000e+02 8.236069999999999904e-05 6.431450000000000061e-06
9.590000000000000000e+02 8.172149999999999337e-05 6.426589999999999739e-06
9.600000000000000000e+02 8.108729999999999866e-05 6.421730000000000263e-06
9.610000000000000000e+02 8.045799999999999437e-05 6.416900000000000345e-06
9.620000000000000000e+02 7.983359999999999404e-05 6.412069999999999580e-06
9.630000000000000000e+02 7.921400000000000424e-05 6.407260000000000213e-06
9.640000000000000000e+02 7.859919999999999787e-05 6.402459999999999853e-06
9.650000000000000000e+02 7.798920000000000201e-05 6.397680000000000044e-06
9.660000000000000000e+02 7.738389999999999613e-05 6.392910000000000088e-06
9.670000000000000000e+02 7.678329999999999379e-05 6.388149999999999985e-06
9.680000000000000000e+02 7.618739999999999497e-05 6.383409999999999586e-06
9.690000000000000000e+02 7.559610000000000624e-05 6.378679999999999887e-06
9.700000000000000000e+02 7.500940000000000049e-05 6.373960000000000041e-06
9.710000000000000000e+02 7.442730000000000483e-05 6.369259999999999900e-06
9.720000000000000000e+02 7.384969999999999870e-05 6.364559999999999758e-06
9.730000000000000000e+02 7.327650000000000222e-05 6.359890000000000022e-06
9.740000000000000000e+02 7.270779999999999528e-05 6.355220000000000285e-06
9.750000000000000000e+02 7.214349999999999799e-05 6.350570000000000253e-06
9.760000000000000000e+02 7.158359999999999680e-05 6.345930000000000074e-06
9.770000000000000000e+02 7.102810000000000525e-05 6.341299999999999747e-06
9.780000000000000000e+02 7.047679999999999581e-05 6.336689999999999973e-06
9.790000000000000000e+02 6.992989999999999601e-05 6.332090000000000051e-06
9.800000000000000000e+02 6.938709999999999843e-05 6.327499999999999981e-06
9.810000000000000000e+02 6.884860000000000350e-05 6.322929999999999616e-06
9.820000000000000000e+02 6.831430000000000423e-05 6.318369999999999952e-06
9.830000000000000000e+02 6.778409999999999362e-05 6.313820000000000139e-06
9.840000000000000000e+02 6.725799999999999878e-05 6.309280000000000179e-06
9.850000000000000000e+02 6.673600000000000614e-05 6.304759999999999924e-06
9.860000000000000000e+02 6.621810000000000218e-05 6.300239999999999669e-06
9.870000000000000000e+02 6.570419999999999342e-05 6.295739999999999967e-06
9.880000000000000000e+02 6.519429999999999344e-05 6.291259999999999969e-06
9.890000000000000000e+02 6.468829999999999524e-05 6.286779999999999971e-06
9.900000000000000000e+02 6.418619999999999881e-05 6.282319999999999678e-06
9.910000000000000000e+02 6.368809999999999760e-05 6.277870000000000085e-06
9.920000000000000000e+02 6.319380000000000472e-05 6.273430000000000345e-06
9.930000000000000000e+02 6.270340000000000007e-05 6.269010000000000309e-06
9.940000000000000000e+02 6.221669999999999675e-05 6.264590000000000273e-06
9.950000000000000000e+02 6.173389999999999520e-05 6.260189999999999943e-06
9.960000000000000000e+02 6.125479999999999499e-05 6.255800000000000312e-06
9.970000000000000000e+02 6.112929999999999764e-05 6.251430000000000386e-06
9.980000000000000000e+02 6.135519999999999830e-05 6.247059999999999613e-06
9.990000000000000000e+02 6.158199999999999417e-05 6.242710000000000239e-06
1.000000000000000000e+03 6.180969999999999878e-05 6.238369999999999870e-06
1.001000000000000000e+03 6.203809999999999815e-05 6.234040000000000202e-06
1.002000000000000000e+03 6.226749999999999972e-05 6.229720000000000385e-06
1.003000000000000000e+03 6.249759999999999604e-05 6.225420000000000274e-06
1.004000000000000000e+03 6.272869999999999455e-05 6.221120000000000163e-06
1.005000000000000000e+03 6.296050000000000138e-05 6.216839999999999756e-06
1.006000000000000000e+03 6.319329999999999685e-05 6.212570000000000050e-06
1.007000000000000000e+03 6.342689999999999407e-05 6.208310000000000196e-06
1.008000000000000000e+03 6.366130000000000660e-05 6.204070000000000046e-06
1.009000000000000000e+03 6.389669999999999421e-05 6.199829999999999897e-06
1.010000000000000000e+03 6.413289999999999714e-05 6.195610000000000300e-06
1.011000000000000000e+03 6.436990000000000181e-05 6.191399999999999709e-06
1.012000000000000000e+03 6.460789999999999513e-05 6.187199999999999817e-06
1.013000000000000000e+03 6.484670000000000375e-05 6.183009999999999777e-06
1.014000000000000000e+03 6.508639999999999402e-05 6.178829999999999590e-06
1.015000000000000000e+03 6.532700000000000659e-05 6.174660000000000103e-06
1.016000000000000000e+03 6.556850000000000081e-05 6.170510000000000320e-06
1.017000000000000000e+03 6.581079999999999678e-05 6.166359999999999691e-06
1.018000000000000000e+03 6.605409999999999494e-05 6.162229999999999614e-06
1.019000000000000000e+03 6.629830000000000185e-05 6.158110000000000236e-06
1.020000000000000000e+03 6.654340000000000396e-05 6.153999999999999863e-06
1.021000000000000000e+03 6.678929999999999427e-05 6.149900000000000191e-06
1.022000000000000000e+03 6.703620000000000032e-05 6.145810000000000370e-06
1.023000000000000000e+03 6.728400000000000158e-05 6.141740000000000255e-06
1.024000000000000000e+03 6.753269999999999803e-05 6.137670000000000140e-06
1.025000000000000000e+03 6.778239999999999667e-05 6.133609999999999877e-06
1.026000000000000000e+03 6.803289999999999707e-05 6.129570000000000167e-06
1.027000000000000000e+03 6.828439999999999965e-05 6.125540000000000309e-06
1.028000000000000000e+03 6.853679999999999744e-05 6.121520000000000303e-06
1.029000000000000000e+03 6.879019999999999742e-05 6.117500000000000298e-06
1.030000000000000000e+03 6.904450000000000615e-05 6.113499999999999997e-06
1.031000000000000000e+03 6.929969999999999652e-05 6.109520000000000249e-06
1.032000000000000000e+03 6.955590000000000264e-05 6.105539999999999653e-06
1.033000000000000000e+03 6.981300000000000396e-05 6.101569999999999757e-06
1.034000000000000000e+03 7.007100000000000047e-05 6.097609999999999714e-06
1.035000000000000000e+03 7.033010000000000617e-05 6.093660000000000370e-06
1.036000000000000000e+03 7.059000000000000008e-05 6.089729999999999884e-06
1.037000000000000000e+03 7.058770000000000181e-05 6.085800000000000245e-06
1.038000000000000000e+03 7.032310000000000438e-05 6.081890000000000312e-06
1.039000000000000000e+03 7.005949999999999559e-05 6.077980000000000378e-06
1.040000000000000000e+03 6.979690000000000254e-05 6.074090000000000149e-06
1.041000000000000000e+03 6.953529999999999813e-05 6.070209999999999773e-06
1.042000000000000000e+03 6.927460000000000247e-05 6.066330000000000244e-06
1.043000000000000000e+03 6.901489999999999546e-05 6.062470000000000420e-06
1.044000000000000000e+03 6.875620000000000418e-05 6.058619999999999601e-06
1.045000000000000000e+03 6.849850000000000155e-05 6.054780000000000329e-06
1.046000000000000000e+03 6.824169999999999412e-05 6.050940000000000210e-06
1.047000000000000000e+03 6.798590000000000243e-05 6.047119999999999796e-06
1.048000000000000000e+03 6.773109999999999938e-05 6.043310000000000081e-06
1.049000000000000000e+03 6.747720000000000508e-05 6.039510000000000219e-06
1.050000000000000000e+03 6.722429999999999942e-05 6.035720000000000210e-06
1.051000000000000000e+03 6.697230000000000251e-05 6.031940000000000053e-06
1.052000000000000000e+03 6.672120000000000080e-05 6.028169999999999748e-06
1.053000000000000000e+03 6.647110000000000128e-05 6.024410000000000144e-06
1.054000000000000000e+03 6.622200000000000395e-05 6.020660000000000391e-06
1.055000000000000000e+03 6.597369999999999483e-05 6.016909999999999792e-06
1.056000000000000000e+03 6.572640000000000145e-05 6.013179999999999745e-06
1.057000000000000000e+03 6.548009999999999671e-05 6.009460000000000397e-06
1.058000000000000000e+03 6.523459999999999372e-05 6.005750000000000055e-06
1.059000000000000000e+03 6.499010000000000648e-05 6.002050000000000412e-06
1.060000000000000000e+03 6.474650000000000088e-05 5.998359999999999775e-06
1.061000000000000000e+03 6.450380000000000404e-05 5.994679999999999837e-06
1.062000000000000000e+03 6.426200000000000239e-05 5.991009999999999752e-06
1.063000000000000000e+03 6.402109999999999594e-05 5.987350000000000366e-06
1.064000000000000000e+03 6.378109999999999823e-05 5.983690000000000134e-06
1.065000000000000000e+03 6.354199999999999573e-05 5.980049999999999606e-06
1.066000000000000000e+03 6.330380000000000197e-05 5.976419999999999778e-06
1.067000000000000000e+03 6.306650000000000342e-05 5.972789999999999950e-06
1.068000000000000000e+03 6.283010000000000005e-05 5.969179999999999827e-06
1.069000000000000000e+03 6.259460000000000544e-05 5.965580000000000404e-06
1.070000000000000000e+03 6.236000000000000603e-05 5.961980000000000133e-06
1.071000000000000000e+03 6.212619999999999482e-05 5.958400000000000415e-06
1.072000000000000000e+03 6.189339999999999935e-05 5.954819999999999849e-06
1.073000000000000000e+03 6.166140000000000564e-05 5.951259999999999836e-06
1.074000000000000000e+03 6.143020000000000013e-05 5.947699999999999823e-06
1.075000000000000000e+03 6.119990000000000336e-05 5.944149999999999662e-06
1.076000000000000000e+03 6.097050000000000180e-05 5.940610000000000201e-06
1.077000000000000000e+03 6.076630000000000128e-05 5.937089999999999597e-06
1.078000000000000000e+03 6.058680000000000071e-05 5.933569999999999841e-06
1.079000000000000000e+03 6.040790000000000146e-05 5.930059999999999937e-06
1.080000000000000000e+03 6.022959999999999675e-05 5.926559999999999886e-06
1.081000000000000000e+03 6.005169999999999969e-05 5.923059999999999835e-06
1.082000000000000000e+03 5.987439999999999717e-05 5.919580000000000336e-06
1.083000000000000000e+03 5.969760000000000252e-05 5.916109999999999842e-06
1.084000000000000000e+03 5.952140000000000241e-05 5.912640000000000196e-06
1.085000000000000000e+03 5.934560000000000318e-05 5.909190000000000254e-06
1.086000000000000000e+03 5.917039999999999849e-05 5.905740000000000312e-06
1.087000000000000000e+03 5.899570000000000167e-05 5.902310000000000076e-06
1.088000000000000000e+03 5.882149999999999917e-05 5.898879999999999839e-06
1.089000000000000000e+03 5.864779999999999776e-05 5.895460000000000302e-06
1.090000000000000000e+03 5.847469999999999768e-05 5.892049999999999771e-06
1.091000000000000000e+03 5.830199999999999846e-05 5.888649999999999939e-06
1.092000000000000000e+03 5.812990000000000057e-05 5.885259999999999960e-06
1.093000000000000000e+03 5.795819999999999678e-05 5.881869999999999980e-06
1.094000000000000000e+03 5.778710000000000107e-05 5.878499999999999706e-06
1.095000000000000000e+03 5.761649999999999969e-05 5.875130000000000279e-06
1.096000000000000000e+03 5.744639999999999941e-05 5.871779999999999709e-06
1.097000000000000000e+03 5.727670000000000000e-05 5.868429999999999987e-06
1.098000000000000000e+03 5.710760000000000190e-05 5.865090000000000117e-06
1.099000000000000000e+03 5.693899999999999813e-05 5.861760000000000100e-06
1.100000000000000000e+03 5.677090000000000223e-05 5.858439999999999935e-06
1.101000000000000000e+03 5.660330000000000065e-05 5.855129999999999623e-06
1.102000000000000000e+03 5.643609999999999995e-05 5.851820000000000158e-06
1.103000000000000000e+03 5.626950000000000056e-05 5.848519999999999698e-06
1.104000000000000000e+03 5.610340000000000227e-05 5.845239999999999791e-06
1.105000000000000000e+03 5.593769999999999808e-05 5.841959999999999883e-06
1.106000000000000000e+03 5.577250000000000176e-05 5.838689999999999828e-06
1.107000000000000000e+03 5.560789999999999998e-05 5.835429999999999625e-06
1.108000000000000000e+03 5.544369999999999908e-05 5.832170000000000270e-06
1.109000000000000000e+03 5.527999999999999928e-05 5.828929999999999772e-06
1.110000000000000000e+03 5.511670000000000035e-05 5.825690000000000122e-06
1.111000000000000000e+03 5.495400000000000274e-05 5.822470000000000176e-06
1.112000000000000000e+03 5.479169999999999923e-05 5.819250000000000231e-06
1.113000000000000000e+03 5.462999999999999703e-05 5.816040000000000138e-06
1.114000000000000000e+03 5.446870000000000249e-05 5.812830000000000045e-06
1.115000000000000000e+03 5.430780000000000205e-05 5.809639999999999657e-06
1.116000000000000000e+03 5.414750000000000292e-05 5.806450000000000116e-06
1.117000000000000000e+03 5.407489999999999958e-05 5.803269999999999581e-06
1.118000000000000000e+03 5.408979999999999837e-05 5.800109999999999598e-06
1.119000000000000000e+03 5.410479999999999738e-05 5.796939999999999762e-06
1.120000000000000000e+03 5.411970000000000295e-05 5.793789999999999631e-06
1.121000000000000000e+03 5.413460000000000174e-05 5.790650000000000200e-06
1.122000000000000000e+03 5.414950000000000053e-05 5.787509999999999921e-06
1.123000000000000000e+03 5.416439999999999932e-05 5.784380000000000343e-06
1.124000000000000000e+03 5.417939999999999833e-05 5.781259999999999770e-06
1.125000000000000000e+03 5.419429999999999712e-05 5.778149999999999896e-06
1.126000000000000000e+03 5.420920000000000269e-05 5.775040000000000022e-06
1.127000000000000000e+03 5.422420000000000169e-05 5.771949999999999854e-06
1.128000000000000000e+03 5.423910000000000048e-05 5.768859999999999685e-06
1.129000000000000000e+03 5.425409999999999949e-05 5.765780000000000216e-06
1.130000000000000000e+03 5.426899999999999828e-05 5.762699999999999900e-06
1.131000000000000000e+03 5.428399999999999729e-05 5.759640000000000136e-06
1.132000000000000000e+03 5.429890000000000286e-05 5.756580000000000372e-06
1.133000000000000000e+03 5.431390000000000187e-05 5.753529999999999613e-06
1.134000000000000000e+03 5.432890000000000088e-05 5.750490000000000401e-06
1.135000000000000000e+03 5.434389999999999989e-05 5.747460000000000195e-06
1.136000000000000000e+03 5.435879999999999868e-05 5.744439999999999841e-06
1.137000000000000000e+03 5.437379999999999769e-05 5.741420000000000334e-06
1.138000000000000000e+03 5.438879999999999670e-05 5.738409999999999833e-06
1.139000000000000000e+03 5.440380000000000248e-05 5.735410000000000031e-06
1.140000000000000000e+03 5.441880000000000149e-05 5.732410000000000229e-06
1.141000000000000000e+03 5.443380000000000050e-05 5.729430000000000132e-06
1.142000000000000000e+03 5.444879999999999951e-05 5.726450000000000035e-06
1.143000000000000000e+03 5.446379999999999852e-05 5.723479999999999791e-06
1.144000000000000000e+03 5.447879999999999753e-05 5.720510000000000394e-06
1.145000000000000000e+03 5.449380000000000331e-05 5.717559999999999854e-06
1.146000000000000000e+03 5.450880000000000232e-05 5.714610000000000162e-06
1.147000000000000000e+03 5.452390000000000155e-05 5.711670000000000322e-06
1.148000000000000000e+03 5.453890000000000056e-05 5.708729999999999636e-06
1.149000000000000000e+03 5.455389999999999957e-05 5.705810000000000348e-06
1.150000000000000000e+03 5.456899999999999880e-05 5.702890000000000213e-06
1.151000000000000000e+03 5.458399999999999781e-05 5.699979999999999931e-06
1.152000000000000000e+03 5.459909999999999704e-05 5.697080000000000349e-06
1.153000000000000000e+03 5.461410000000000282e-05 5.694179999999999919e-06
1.154000000000000000e+03 5.462920000000000205e-05 5.691290000000000189e-06
1.155000000000000000e+03 5.464420000000000106e-05 5.688410000000000311e-06
1.156000000000000000e+03 5.465930000000000029e-05 5.685540000000000286e-06
1.157000000000000000e+03 5.452980000000000094e-05 5.682670000000000261e-06
1.158000000000000000e+03 5.425689999999999886e-05 5.679810000000000089e-06
1.159000000000000000e+03 5.398539999999999985e-05 5.676959999999999769e-06
1.160000000000000000e+03 5.371519999999999691e-05 5.674120000000000148e-06
1.161000000000000000e+03 5.344629999999999683e-05 5.671279999999999681e-06
1.162000000000000000e+03 5.317890000000000003e-05 5.668449999999999913e-06
1.163000000000000000e+03 5.291269999999999909e-05 5.665629999999999997e-06
1.164000000000000000e+03 5.264790000000000122e-05 5.662810000000000082e-06
1.165000000000000000e+03 5.238439999999999942e-05 5.660000000000000019e-06
1.166000000000000000e+03 5.212220000000000047e-05 5.657199999999999809e-06
1.167000000000000000e+03 5.186129999999999760e-05 5.654410000000000298e-06
1.168000000000000000e+03 5.160179999999999780e-05 5.651619999999999940e-06
1.169000000000000000e+03 5.134350000000000063e-05 5.648840000000000282e-06
1.170000000000000000e+03 5.108659999999999975e-05 5.646069999999999629e-06
1.171000000000000000e+03 5.083090000000000150e-05 5.643299999999999823e-06
1.172000000000000000e+03 5.057649999999999933e-05 5.640549999999999723e-06
1.173000000000000000e+03 5.032329999999999979e-05 5.637789999999999769e-06
1.174000000000000000e+03 5.007150000000000332e-05 5.635050000000000368e-06
1.175000000000000000e+03 4.982090000000000270e-05 5.632310000000000120e-06
1.176000000000000000e+03 4.957149999999999794e-05 5.629579999999999724e-06
1.177000000000000000e+03 4.932340000000000281e-05 5.626860000000000028e-06
1.178000000000000000e+03 4.907659999999999697e-05 5.624140000000000332e-06
1.179000000000000000e+03 4.883100000000000054e-05 5.621429999999999641e-06
1.180000000000000000e+03 4.858659999999999997e-05 5.618729999999999650e-06
1.181000000000000000e+03 4.834340000000000203e-05 5.616029999999999659e-06
1.182000000000000000e+03 4.810139999999999994e-05 5.613350000000000220e-06
1.183000000000000000e+03 4.786070000000000070e-05 5.610660000000000082e-06
1.184000000000000000e+03 4.762119999999999732e-05 5.607989999999999648e-06
1.185000000000000000e+03 4.738280000000000313e-05 5.605320000000000062e-06
1.186000000000000000e+03 4.714569999999999823e-05 5.602660000000000328e-06
1.187000000000000000e+03 4.690970000000000252e-05 5.599999999999999747e-06
1.188000000000000000e+03 4.667490000000000267e-05 5.597349999999999865e-06
1.189000000000000000e+03 4.644129999999999867e-05 5.594709999999999836e-06
1.190000000000000000e+03 4.620889999999999731e-05 5.592079999999999660e-06
1.191000000000000000e+03 4.597759999999999835e-05 5.589450000000000330e-06
1.192000000000000000e+03 4.574750000000000203e-05 5.586830000000000007e-06
1.193000000000000000e+03 4.551860000000000156e-05 5.584209999999999683e-06
1.194000000000000000e+03 4.529079999999999673e-05 5.581609999999999911e-06
1.195000000000000000e+03 4.506410000000000109e-05 5.579000000000000286e-06
1.196000000000000000e+03 4.483850000000000108e-05 5.576410000000000367e-06
1.197000000000000000e+03 4.481730000000000203e-05 5.573819999999999601e-06
1.198000000000000000e+03 4.499990000000000261e-05 5.571240000000000381e-06
1.199000000000000000e+03 4.518329999999999818e-05 5.568660000000000314e-06
1.200000000000000000e+03 4.536750000000000228e-05 5.566099999999999953e-06
1.201000000000000000e+03 4.555240000000000114e-05 5.563529999999999738e-06
1.202000000000000000e+03 4.573810000000000175e-05 5.560980000000000076e-06
1.203000000000000000e+03 4.592449999999999712e-05 5.558430000000000414e-06
1.204000000000000000e+03 4.611170000000000102e-05 5.555889999999999757e-06
1.205000000000000000e+03 4.629969999999999989e-05 5.553349999999999948e-06
1.206000000000000000e+03 4.648840000000000031e-05 5.550819999999999990e-06
1.207000000000000000e+03 4.667790000000000247e-05 5.548299999999999886e-06
1.208000000000000000e+03 4.686809999999999940e-05 5.545779999999999781e-06
1.209000000000000000e+03 4.705919999999999830e-05 5.543270000000000376e-06
1.210000000000000000e+03 4.725099999999999873e-05 5.540760000000000124e-06
1.211000000000000000e+03 4.744360000000000092e-05 5.538269999999999577e-06
1.212000000000000000e+03 4.763699999999999808e-05 5.535770000000000024e-06
1.213000000000000000e+03 4.783109999999999679e-05 5.533290000000000177e-06
1.214000000000000000e+03 4.802609999999999746e-05 5.530810000000000329e-06
1.215000000000000000e+03 4.822189999999999989e-05 5.528340000000000334e-06
1.216000000000000000e+03 4.841839999999999707e-05 5.525870000000000339e-06
1.217000000000000000e+03 4.861580000000000301e-05 5.523410000000000197e-06
1.218000000000000000e+03 4.881389999999999693e-05 5.520950000000000055e-06
1.219000000000000000e+03 4.901289999999999960e-05 5.518509999999999617e-06
1.220000000000000000e+03 4.921269999999999725e-05 5.516060000000000174e-06
1.221000000000000000e+03 4.941329999999999665e-05 5.513629999999999589e-06
1.222000000000000000e+03 4.961469999999999780e-05 5.511199999999999851e-06
1.223000000000000000e+03 4.981690000000000071e-05 5.508779999999999966e-06
1.224000000000000000e+03 5.001989999999999860e-05 5.506360000000000081e-06
1.225000000000000000e+03 5.022379999999999846e-05 5.503950000000000048e-06
1.226000000000000000e+03 5.042850000000000007e-05 5.501540000000000015e-06
1.227000000000000000e+03 5.063409999999999688e-05 5.499139999999999835e-06
1.228000000000000000e+03 5.084050000000000223e-05 5.496750000000000354e-06
1.229000000000000000e+03 5.104770000000000255e-05 5.494360000000000026e-06
1.230000000000000000e+03 5.125579999999999806e-05 5.491980000000000398e-06
1.231000000000000000e+03 5.146470000000000211e-05 5.489609999999999775e-06
1.232000000000000000e+03 5.167450000000000136e-05 5.487239999999999999e-06
1.233000000000000000e+03 5.188510000000000236e-05 5.484870000000000224e-06
1.234000000000000000e+03 5.209659999999999855e-05 5.482520000000000153e-06
1.235000000000000000e+03 5.230890000000000328e-05 5.480170000000000082e-06
1.236000000000000000e+03 5.252210000000000320e-05 5.477820000000000012e-06
1.237000000000000000e+03 5.259419999999999867e-05 5.475479999999999794e-06
1.238000000000000000e+03 5.266650000000000135e-05 5.473150000000000275e-06
1.239000000000000000e+03 5.273879999999999725e-05 5.470819999999999909e-06
1.240000000000000000e+03 5.281120000000000015e-05 5.468500000000000243e-06
1.241000000000000000e+03 5.288370000000000326e-05 5.466179999999999730e-06
1.242000000000000000e+03 5.295629999999999982e-05 5.463869999999999917e-06
1.243000000000000000e+03 5.302900000000000338e-05 5.461569999999999956e-06
1.244000000000000000e+03 5.310180000000000038e-05 5.459269999999999995e-06
1.245000000000000000e+03 5.317469999999999760e-05 5.456979999999999886e-06
1.246000000000000000e+03 5.324770000000000181e-05 5.454689999999999778e-06
1.247000000000000000e+03 5.332089999999999969e-05 5.452410000000000369e-06
1.248000000000000000e+03 5.339409999999999756e-05 5.450130000000000113e-06
1.249000000000000000e+03 5.346740000000000244e-05 5.447859999999999709e-06
1.250000000000000000e+03 5.354080000000000075e-05 5.445600000000000005e-06
1.251000000000000000e+03 5.361429999999999928e-05 5.443340000000000301e-06
1.252000000000000000e+03 5.368789999999999804e-05 5.441089999999999603e-06
1.253000000000000000e+03 5.376159999999999701e-05 5.438839999999999751e-06
1.254000000000000000e+03 5.383540000000000298e-05 5.436599999999999753e-06
1.255000000000000000e+03 5.390940000000000261e-05 5.434369999999999606e-06
1.256000000000000000e+03 5.398340000000000224e-05 5.432140000000000307e-06
1.257000000000000000e+03 5.405750000000000209e-05 5.429910000000000160e-06
1.258000000000000000e+03 5.413170000000000216e-05 5.427689999999999867e-06
1.259000000000000000e+03 5.420600000000000245e-05 5.425480000000000272e-06
1.260000000000000000e+03 5.428050000000000317e-05 5.423269999999999831e-06
1.261000000000000000e+03 5.435499999999999712e-05 5.421070000000000089e-06
1.262000000000000000e+03 5.442959999999999807e-05 5.418870000000000347e-06
1.263000000000000000e+03 5.450439999999999945e-05 5.416679999999999611e-06
1.264000000000000000e+03 5.457920000000000084e-05 5.414500000000000421e-06
1.265000000000000000e+03 5.465410000000000244e-05 5.412320000000000385e-06
1.266000000000000000e+03 5.472919999999999771e-05 5.410140000000000348e-06
1.267000000000000000e+03 5.480429999999999975e-05 5.407970000000000164e-06
1.268000000000000000e+03 5.487960000000000223e-05 5.405809999999999832e-06
1.269000000000000000e+03 5.495489999999999793e-05 5.403650000000000347e-06
1.270000000000000000e+03 5.503040000000000085e-05 5.401499999999999868e-06
1.271000000000000000e+03 5.510589999999999700e-05 5.399350000000000236e-06
1.272000000000000000e+03 5.518160000000000035e-05 5.397209999999999610e-06
1.273000000000000000e+03 5.525739999999999716e-05 5.395069999999999830e-06
1.274000000000000000e+03 5.533320000000000073e-05 5.392939999999999903e-06
1.275000000000000000e+03 5.540919999999999797e-05 5.390809999999999976e-06
1.276000000000000000e+03 5.539810000000000074e-05 5.388689999999999901e-06
1.277000000000000000e+03 5.530000000000000247e-05 5.386579999999999679e-06
1.278000000000000000e+03 5.520199999999999765e-05 5.384470000000000304e-06
1.279000000000000000e+03 5.510420000000000005e-05 5.382360000000000082e-06
1.280000000000000000e+03 5.500660000000000288e-05 5.380259999999999713e-06
1.281000000000000000e+03 5.490919999999999937e-05 5.378170000000000043e-06
1.282000000000000000e+03 5.481190000000000286e-05 5.376080000000000373e-06
1.283000000000000000e+03 5.471490000000000023e-05 5.373999999999999708e-06
1.284000000000000000e+03 5.461789999999999760e-05 5.371919999999999891e-06
1.285000000000000000e+03 5.452120000000000241e-05 5.369849999999999926e-06
1.286000000000000000e+03 5.442460000000000066e-05 5.367779999999999961e-06
1.287000000000000000e+03 5.432819999999999934e-05 5.365709999999999996e-06
1.288000000000000000e+03 5.423199999999999847e-05 5.363659999999999736e-06
1.289000000000000000e+03 5.413589999999999781e-05 5.361599999999999624e-06
1.290000000000000000e+03 5.403999999999999760e-05 5.359560000000000063e-06
1.291000000000000000e+03 5.394429999999999782e-05 5.357509999999999803e-06
1.292000000000000000e+03 5.384879999999999848e-05 5.355480000000000095e-06
1.293000000000000000e+03 5.375339999999999936e-05 5.353450000000000388e-06
1.294000000000000000e+03 5.365820000000000068e-05 5.351419999999999833e-06
1.295000000000000000e+03 5.356310000000000221e-05 5.349399999999999978e-06
1.296000000000000000e+03 5.346819999999999741e-05 5.347380000000000122e-06
1.297000000000000000e+03 5.337349999999999983e-05 5.345370000000000119e-06
1.298000000000000000e+03 5.327900000000000268e-05 5.343360000000000117e-06
1.299000000000000000e+03 5.318459999999999898e-05 5.341359999999999966e-06
1.300000000000000000e+03 5.309040000000000249e-05 5.339359999999999816e-06
1.301000000000000000e+03 5.299639999999999966e-05 5.337370000000000365e-06
1.302000000000000000e+03 5.290249999999999705e-05 5.335389999999999920e-06
1.303000000000000000e+03 5.280880000000000166e-05 5.333399999999999622e-06
1.304000000000000000e+03 5.271529999999999993e-05 5.331429999999999877e-06
1.305000000000000000e+03 5.262189999999999842e-05 5.329460000000000131e-06
1.306000000000000000e+03 5.252869999999999735e-05 5.327490000000000386e-06
1.307000000000000000e+03 5.243560000000000327e-05 5.325529999999999645e-06
1.308000000000000000e+03 5.234270000000000285e-05 5.323569999999999752e-06
1.309000000000000000e+03 5.225000000000000288e-05 5.321619999999999712e-06
1.310000000000000000e+03 5.215750000000000334e-05 5.319669999999999671e-06
1.311000000000000000e+03 5.206509999999999724e-05 5.317730000000000330e-06
1.312000000000000000e+03 5.197289999999999836e-05 5.315790000000000142e-06
1.313000000000000000e+03 5.188079999999999970e-05 5.313859999999999806e-06
1.314000000000000000e+03 5.178890000000000148e-05 5.311930000000000318e-06
1.315000000000000000e+03 5.169719999999999692e-05 5.310009999999999835e-06
1.316000000000000000e+03 5.153169999999999995e-05 5.308090000000000199e-06
1.317000000000000000e+03 5.129309999999999854e-05 5.306180000000000415e-06
1.318000000000000000e+03 5.105569999999999976e-05 5.304269999999999785e-06
1.319000000000000000e+03 5.081930000000000317e-05 5.302369999999999854e-06
1.320000000000000000e+03 5.058410000000000244e-05 5.300469999999999923e-06
1.321000000000000000e+03 5.034989999999999713e-05 5.298579999999999844e-06
1.322000000000000000e+03 5.011680000000000101e-05 5.296689999999999766e-06
1.323000000000000000e+03 4.988480000000000052e-05 5.294799999999999687e-06
1.324000000000000000e+03 4.965390000000000244e-05 5.292920000000000308e-06
1.325000000000000000e+03 4.942410000000000000e-05 5.291049999999999935e-06
1.326000000000000000e+03 4.919529999999999975e-05 5.289180000000000408e-06
1.327000000000000000e+03 4.896750000000000169e-05 5.287310000000000035e-06
1.328000000000000000e+03 4.874089999999999949e-05 5.285450000000000361e-06
1.329000000000000000e+03 4.851519999999999926e-05 5.283589999999999840e-06
1.330000000000000000e+03 4.829060000000000145e-05 5.281740000000000019e-06
1.331000000000000000e+03 4.806709999999999927e-05 5.279900000000000050e-06
1.332000000000000000e+03 4.784459999999999928e-05 5.278050000000000229e-06
1.333000000000000000e+03 4.762310000000000149e-05 5.276220000000000112e-06
1.334000000000000000e+03 4.740259999999999911e-05 5.274380000000000144e-06
1.335000000000000000e+03 4.718319999999999914e-05 5.272559999999999880e-06
1.336000000000000000e+03 4.696480000000000137e-05 5.270729999999999763e-06
1.337000000000000000e+03 4.674739999999999901e-05 5.268910000000000347e-06
1.338000000000000000e+03 4.653099999999999885e-05 5.267099999999999935e-06
1.339000000000000000e+03 4.631560000000000088e-05 5.265290000000000371e-06
1.340000000000000000e+03 4.610119999999999832e-05 5.263479999999999960e-06
1.341000000000000000e+03 4.588779999999999796e-05 5.261680000000000248e-06
1.342000000000000000e+03 4.567529999999999957e-05 5.259890000000000389e-06
1.343000000000000000e+03 4.546389999999999682e-05 5.258089999999999830e-06
1.344000000000000000e+03 4.525340000000000281e-05 5.256309999999999824e-06
1.345000000000000000e+03 4.504389999999999745e-05 5.254519999999999964e-06
1.346000000000000000e+03 4.483540000000000106e-05 5.252749999999999810e-06
1.347000000000000000e+03 4.462790000000000008e-05 5.250969999999999804e-06
1.348000000000000000e+03 4.442130000000000107e-05 5.249199999999999649e-06
1.349000000000000000e+03 4.421559999999999727e-05 5.247440000000000195e-06
1.350000000000000000e+03 4.401100000000000265e-05 5.245679999999999893e-06
1.351000000000000000e+03 4.380720000000000301e-05 5.243919999999999592e-06
1.352000000000000000e+03 4.360439999999999878e-05 5.242169999999999989e-06
1.353000000000000000e+03 4.340259999999999675e-05 5.240420000000000387e-06
1.354000000000000000e+03 4.320169999999999669e-05 5.238679999999999791e-06
1.355000000000000000e+03 4.300169999999999861e-05 5.236940000000000041e-06
1.356000000000000000e+03 4.287300000000000101e-05 5.235210000000000144e-06
1.357000000000000000e+03 4.281490000000000236e-05 5.233480000000000247e-06
1.358000000000000000e+03 4.275699999999999737e-05 5.231750000000000350e-06
1.359000000000000000e+03 4.269909999999999916e-05 5.230030000000000306e-06
1.360000000000000000e+03 4.264130000000000118e-05 5.228320000000000114e-06
1.361000000000000000e+03 4.258350000000000319e-05 5.226600000000000069e-06
1.362000000000000000e+03 4.252589999999999886e-05 5.224899999999999730e-06
1.363000000000000000e+03 4.246830000000000131e-05 5.223190000000000385e-06
1.364000000000000000e+03 4.241079999999999720e-05 5.221490000000000045e-06
1.365000000000000000e+03 4.235340000000000009e-05 5.219800000000000405e-06
1.366000000000000000e+03 4.229600000000000297e-05 5.218109999999999918e-06
1.367000000000000000e+03 4.223879999999999952e-05 5.216420000000000278e-06
1.368000000000000000e+03 4.218160000000000285e-05 5.214739999999999644e-06
1.369000000000000000e+03 4.212449999999999962e-05 5.213059999999999856e-06
1.370000000000000000e+03 4.206740000000000316e-05 5.211389999999999922e-06
1.371000000000000000e+03 4.201050000000000037e-05 5.209719999999999987e-06
1.372000000000000000e+03 4.195359999999999758e-05 5.208050000000000052e-06
1.373000000000000000e+03 4.189680000000000178e-05 5.206389999999999969e-06
1.374000000000000000e+03 4.184009999999999943e-05 5.204739999999999740e-06
1.375000000000000000e+03 4.178339999999999707e-05 5.203079999999999657e-06
1.376000000000000000e+03 4.172690000000000193e-05 5.201430000000000274e-06
1.377000000000000000e+03 4.167040000000000002e-05 5.199789999999999897e-06
1.378000000000000000e+03 4.161399999999999832e-05 5.198150000000000367e-06
1.379000000000000000e+03 4.155759999999999663e-05 5.196509999999999990e-06
1.380000000000000000e+03 4.150140000000000214e-05 5.194880000000000312e-06
1.381000000000000000e+03 4.144520000000000089e-05 5.193259999999999639e-06
1.382000000000000000e+03 4.138899999999999963e-05 5.191629999999999962e-06
1.383000000000000000e+03 4.133299999999999881e-05 5.190010000000000136e-06
1.384000000000000000e+03 4.127709999999999821e-05 5.188400000000000164e-06
1.385000000000000000e+03 4.122119999999999761e-05 5.186790000000000191e-06
1.386000000000000000e+03 4.116539999999999723e-05 5.185180000000000218e-06
1.387000000000000000e+03 4.110959999999999685e-05 5.183580000000000098e-06
1.388000000000000000e+03 4.105399999999999691e-05 5.181979999999999978e-06
1.389000000000000000e+03 4.099839999999999697e-05 5.180379999999999858e-06
1.390000000000000000e+03 4.094289999999999724e-05 5.178789999999999590e-06
1.391000000000000000e+03 4.088739999999999752e-05 5.177200000000000169e-06
1.392000000000000000e+03 4.083209999999999824e-05 5.175619999999999754e-06
1.393000000000000000e+03 4.077679999999999895e-05 5.174040000000000186e-06
1.394000000000000000e+03 4.072159999999999989e-05 5.172469999999999623e-06
1.395000000000000000e+03 4.066650000000000104e-05 5.170899999999999908e-06
1.396000000000000000e+03 4.066549999999999885e-05 5.169330000000000192e-06
1.397000000000000000e+03 4.071860000000000009e-05 5.167770000000000329e-06
1.398000000000000000e+03 4.077180000000000154e-05 5.166209999999999619e-06
1.399000000000000000e+03 4.082510000000000322e-05 5.164659999999999608e-06
1.400000000000000000e+03 4.087849999999999833e-05 5.163109999999999598e-06
1.401000000000000000e+03 4.093190000000000023e-05 5.161559999999999587e-06
1.402000000000000000e+03 4.098540000000000234e-05 5.160020000000000276e-06
1.403000000000000000e+03 4.103899999999999790e-05 5.158480000000000118e-06
1.404000000000000000e+03 4.109260000000000023e-05 5.156939999999999960e-06
1.405000000000000000e+03 4.114640000000000300e-05 5.155409999999999655e-06
1.406000000000000000e+03 4.120009999999999878e-05 5.153880000000000196e-06
1.407000000000000000e+03 4.125400000000000177e-05 5.152359999999999743e-06
1.408000000000000000e+03 4.130789999999999798e-05 5.150840000000000137e-06
1.409000000000000000e+03 4.136190000000000119e-05 5.149330000000000384e-06
1.410000000000000000e+03 4.141599999999999785e-05 5.147809999999999931e-06
1.411000000000000000e+03 4.147010000000000128e-05 5.146310000000000030e-06
1.412000000000000000e+03 4.152429999999999815e-05 5.144800000000000276e-06
1.413000000000000000e+03 4.157860000000000202e-05 5.143300000000000375e-06
1.414000000000000000e+03 4.163289999999999911e-05 5.141810000000000327e-06
1.415000000000000000e+03 4.168730000000000319e-05 5.140309999999999579e-06
1.416000000000000000e+03 4.174180000000000072e-05 5.138830000000000230e-06
1.417000000000000000e+03 4.179639999999999847e-05 5.137340000000000182e-06
1.418000000000000000e+03 4.185100000000000300e-05 5.135859999999999986e-06
1.419000000000000000e+03 4.190570000000000097e-05 5.134379999999999790e-06
1.420000000000000000e+03 4.196049999999999916e-05 5.132910000000000294e-06
1.421000000000000000e+03 4.201529999999999734e-05 5.131439999999999950e-06
1.422000000000000000e+03 4.207030000000000275e-05 5.129969999999999607e-06
1.423000000000000000e+03 4.212520000000000115e-05 5.128509999999999963e-06
1.424000000000000000e+03 4.218030000000000000e-05 5.127050000000000319e-06
1.425000000000000000e+03 4.223539999999999884e-05 5.125599999999999681e-06
1.426000000000000000e+03 4.229059999999999791e-05 5.124149999999999890e-06
1.427000000000000000e+03 4.234589999999999719e-05 5.122700000000000098e-06
1.428000000000000000e+03 4.240129999999999670e-05 5.121260000000000159e-06
1.429000000000000000e+03 4.245670000000000298e-05 5.119820000000000221e-06
1.430000000000000000e+03 4.251220000000000270e-05 5.118380000000000282e-06
1.431000000000000000e+03 4.256780000000000264e-05 5.116950000000000196e-06
1.432000000000000000e+03 4.262340000000000258e-05 5.115520000000000109e-06
1.433000000000000000e+03 4.267910000000000274e-05 5.114099999999999876e-06
1.434000000000000000e+03 4.273490000000000312e-05 5.112679999999999642e-06
1.435000000000000000e+03 4.279069999999999673e-05 5.111260000000000255e-06
1.436000000000000000e+03 4.272669999999999870e-05 5.109840000000000021e-06
1.437000000000000000e+03 4.254320000000000291e-05 5.108429999999999640e-06
1.438000000000000000e+03 4.236040000000000188e-05 5.107029999999999959e-06
1.439000000000000000e+03 4.217850000000000283e-05 5.105619999999999577e-06
1.440000000000000000e+03 4.199739999999999875e-05 5.104229999999999748e-06
1.441000000000000000e+03 4.181700000000000299e-05 5.102830000000000067e-06
1.442000000000000000e+03 4.163740000000000220e-05 5.101440000000000237e-06
1.443000000000000000e+03 4.145860000000000316e-05 5.100050000000000408e-06
1.444000000000000000e+03 4.128059999999999911e-05 5.098659999999999732e-06
1.445000000000000000e+03 4.110330000000000336e-05 5.097279999999999755e-06
1.446000000000000000e+03 4.092670000000000238e-05 5.095909999999999631e-06
1.447000000000000000e+03 4.075100000000000337e-05 5.094529999999999655e-06
1.448000000000000000e+03 4.057599999999999911e-05 5.093160000000000378e-06
1.449000000000000000e+03 4.040170000000000317e-05 5.091790000000000254e-06
1.450000000000000000e+03 4.022820000000000221e-05 5.090429999999999982e-06
1.451000000000000000e+03 4.005540000000000278e-05 5.089069999999999710e-06
1.452000000000000000e+03 3.988339999999999832e-05 5.087710000000000286e-06
1.453000000000000000e+03 3.971210000000000218e-05 5.086359999999999867e-06
1.454000000000000000e+03 3.954160000000000102e-05 5.085010000000000295e-06
1.455000000000000000e+03 3.937170000000000117e-05 5.083669999999999728e-06
1.456000000000000000e+03 3.920260000000000308e-05 5.082320000000000156e-06
1.457000000000000000e+03 3.903429999999999997e-05 5.080979999999999590e-06
1.458000000000000000e+03 3.886659999999999817e-05 5.079649999999999723e-06
1.459000000000000000e+03 3.869969999999999812e-05 5.078319999999999856e-06
1.460000000000000000e+03 3.853349999999999961e-05 5.076989999999999989e-06
1.461000000000000000e+03 3.836800000000000263e-05 5.075660000000000122e-06
1.462000000000000000e+03 3.820320000000000042e-05 5.074340000000000107e-06
1.463000000000000000e+03 3.803919999999999995e-05 5.073020000000000093e-06
1.464000000000000000e+03 3.787580000000000081e-05 5.071709999999999931e-06
1.465000000000000000e+03 3.771310000000000320e-05 5.070399999999999769e-06
1.466000000000000000e+03 3.755120000000000056e-05 5.069089999999999607e-06
1.467000000000000000e+03 3.738989999999999924e-05 5.067790000000000145e-06
1.468000000000000000e+03 3.722929999999999946e-05 5.066489999999999835e-06
1.469000000000000000e+03 3.706940000000000121e-05 5.065190000000000373e-06
1.470000000000000000e+03 3.691019999999999772e-05 5.063890000000000063e-06
1.471000000000000000e+03 3.675170000000000254e-05 5.062599999999999606e-06
1.472000000000000000e+03 3.659390000000000212e-05 5.061319999999999849e-06
1.473000000000000000e+03 3.643670000000000302e-05 5.060030000000000239e-06
1.474000000000000000e+03 3.628019999999999867e-05 5.058749999999999635e-06
1.475000000000000000e+03 3.612440000000000263e-05 5.057479999999999730e-06
1.476000000000000000e+03 3.607059999999999986e-05 5.056199999999999973e-06
1.477000000000000000e+03 3.611840000000000303e-05 5.054930000000000068e-06
1.478000000000000000e+03 3.616619999999999942e-05 5.053660000000000163e-06
1.479000000000000000e+03 3.621400000000000259e-05 5.052400000000000111e-06
1.480000000000000000e+03 3.626199999999999942e-05 5.051140000000000058e-06
1.481000000000000000e+03 3.630990000000000281e-05 5.049880000000000006e-06
1.482000000000000000e+03 3.635799999999999986e-05 5.048629999999999806e-06
1.483000000000000000e+03 3.640609999999999691e-05 5.047379999999999606e-06
1.484000000000000000e+03 3.645430000000000095e-05 5.046130000000000254e-06
1.485000000000000000e+03 3.650259999999999844e-05 5.044889999999999906e-06
1.486000000000000000e+03 3.655090000000000270e-05 5.043650000000000406e-06
1.487000000000000000e+03 3.659920000000000019e-05 5.042410000000000059e-06
1.488000000000000000e+03 3.664769999999999812e-05 5.041169999999999712e-06
1.489000000000000000e+03 3.669620000000000282e-05 5.039940000000000064e-06
1.490000000000000000e+03 3.674480000000000096e-05 5.038720000000000269e-06
1.491000000000000000e+03 3.679339999999999911e-05 5.037489999999999774e-06
1.492000000000000000e+03 3.684209999999999747e-05 5.036269999999999979e-06
1.493000000000000000e+03 3.689080000000000262e-05 5.035050000000000184e-06
1.494000000000000000e+03 3.693970000000000142e-05 5.033840000000000241e-06
1.495000000000000000e+03 3.698860000000000022e-05 5.032630000000000298e-06
1.496000000000000000e+03 3.703749999999999903e-05 5.031420000000000356e-06
1.497000000000000000e+03 3.708649999999999805e-05 5.030210000000000413e-06
1.498000000000000000e+03 3.713559999999999729e-05 5.029010000000000323e-06
1.499000000000000000e+03 3.718479999999999675e-05 5.027810000000000233e-06
1.500000000000000000e+03 3.723400000000000299e-05 5.026619999999999995e-06
1.501000000000000000e+03 3.728330000000000267e-05 5.025429999999999757e-06
1.502000000000000000e+03 3.733260000000000235e-05 5.024240000000000367e-06
1.503000000000000000e+03 3.738200000000000225e-05 5.023050000000000129e-06
1.504000000000000000e+03 3.743150000000000237e-05 5.021869999999999744e-06
1.505000000000000000e+03 3.748100000000000249e-05 5.020690000000000206e-06
1.506000000000000000e+03 3.753060000000000283e-05 5.019509999999999821e-06
1.507000000000000000e+03 3.758030000000000338e-05 5.018340000000000135e-06
1.508000000000000000e+03 3.762999999999999716e-05 5.017169999999999603e-06
1.509000000000000000e+03 3.767979999999999794e-05 5.015999999999999917e-06
1.510000000000000000e+03 3.772969999999999894e-05 5.014840000000000084e-06
1.511000000000000000e+03 3.777959999999999993e-05 5.013680000000000251e-06
1.512000000000000000e+03 3.782960000000000115e-05 5.012520000000000418e-06
1.513000000000000000e+03 3.787970000000000258e-05 5.011369999999999590e-06
1.514000000000000000e+03 3.792979999999999724e-05 5.010219999999999610e-06
1.515000000000000000e+03 3.797999999999999890e-05 5.009069999999999629e-06
1.516000000000000000e+03 3.801119999999999955e-05 5.007919999999999649e-06
1.517000000000000000e+03 3.802319999999999875e-05 5.006780000000000368e-06
1.518000000000000000e+03 3.803529999999999818e-05 5.005640000000000240e-06
1.519000000000000000e+03 3.804739999999999761e-05 5.004509999999999964e-06
1.520000000000000000e+03 3.805939999999999681e-05 5.003369999999999836e-06
1.521000000000000000e+03 3.807150000000000302e-05 5.002240000000000408e-06
1.522000000000000000e+03 3.808350000000000222e-05 5.001119999999999985e-06
1.523000000000000000e+03 3.809560000000000165e-05 4.999989999999999709e-06
1.524000000000000000e+03 3.810770000000000108e-05 4.998870000000000134e-06
1.525000000000000000e+03 3.811980000000000050e-05 4.997749999999999711e-06
1.526000000000000000e+03 3.813189999999999993e-05 4.996639999999999987e-06
1.527000000000000000e+03 3.814389999999999914e-05 4.995530000000000264e-06
1.528000000000000000e+03 3.815599999999999857e-05 4.994419999999999693e-06
1.529000000000000000e+03 3.816809999999999799e-05 4.993309999999999970e-06
1.530000000000000000e+03 3.818019999999999742e-05 4.992210000000000099e-06
1.531000000000000000e+03 3.819229999999999685e-05 4.991110000000000228e-06
1.532000000000000000e+03 3.820440000000000305e-05 4.990020000000000210e-06
1.533000000000000000e+03 3.821650000000000248e-05 4.988920000000000339e-06
1.534000000000000000e+03 3.822870000000000212e-05 4.987830000000000321e-06
1.535000000000000000e+03 3.824080000000000155e-05 4.986740000000000302e-06
1.536000000000000000e+03 3.825290000000000098e-05 4.985660000000000136e-06
1.537000000000000000e+03 3.826500000000000040e-05 4.984579999999999971e-06
1.538000000000000000e+03 3.827709999999999983e-05 4.983499999999999805e-06
1.539000000000000000e+03 3.828929999999999947e-05 4.982419999999999639e-06
1.540000000000000000e+03 3.830139999999999890e-05 4.981350000000000173e-06
1.541000000000000000e+03 3.831359999999999855e-05 4.980279999999999859e-06
1.542000000000000000e+03 3.832569999999999797e-05 4.979210000000000393e-06
1.543000000000000000e+03 3.833779999999999740e-05 4.978149999999999932e-06
1.544000000000000000e+03 3.834999999999999705e-05 4.977090000000000318e-06
1.545000000000000000e+03 3.836219999999999669e-05 4.976029999999999858e-06
1.546000000000000000e+03 3.837430000000000290e-05 4.974980000000000096e-06
1.547000000000000000e+03 3.838650000000000254e-05 4.973919999999999635e-06
1.548000000000000000e+03 3.839860000000000197e-05 4.972869999999999874e-06
1.549000000000000000e+03 3.841080000000000161e-05 4.971829999999999966e-06
1.550000000000000000e+03 3.842300000000000126e-05 4.970780000000000204e-06
1.551000000000000000e+03 3.843520000000000091e-05 4.969740000000000296e-06
1.552000000000000000e+03 3.844740000000000055e-05 4.968710000000000239e-06
1.553000000000000000e+03 3.845949999999999998e-05 4.967670000000000331e-06
1.554000000000000000e+03 3.847169999999999963e-05 4.966640000000000274e-06
1.555000000000000000e+03 3.848389999999999927e-05 4.965610000000000218e-06
1.556000000000000000e+03 3.847149999999999919e-05 4.964580000000000162e-06
1.557000000000000000e+03 3.843429999999999893e-05 4.963559999999999958e-06
1.558000000000000000e+03 3.839729999999999912e-05 4.962539999999999755e-06
1.559000000000000000e+03 3.836019999999999908e-05 4.961520000000000398e-06
1.560000000000000000e+03 3.832319999999999927e-05 4.960510000000000047e-06
1.561000000000000000e+03 3.828629999999999967e-05 4.959489999999999843e-06
1.562000000000000000e+03 3.824929999999999986e-05 4.958490000000000192e-06
1.563000000000000000e+03 3.821240000000000026e-05 4.957479999999999840e-06
1.564000000000000000e+03 3.817560000000000089e-05 4.956470000000000336e-06
1.565000000000000000e+03 3.813870000000000129e-05 4.955469999999999838e-06
1.566000000000000000e+03 3.810190000000000191e-05 4.954480000000000038e-06
1.567000000000000000e+03 3.806520000000000276e-05 4.953480000000000387e-06
1.568000000000000000e+03 3.802849999999999682e-05 4.952489999999999741e-06
1.569000000000000000e+03 3.799179999999999766e-05 4.951499999999999942e-06
1.570000000000000000e+03 3.795509999999999851e-05 4.950510000000000143e-06
1.571000000000000000e+03 3.791849999999999957e-05 4.949530000000000196e-06
1.572000000000000000e+03 3.788190000000000063e-05 4.948550000000000249e-06
1.573000000000000000e+03 3.784540000000000191e-05 4.947570000000000303e-06
1.574000000000000000e+03 3.780890000000000319e-05 4.946590000000000356e-06
1.575000000000000000e+03 3.777239999999999770e-05 4.945620000000000262e-06
1.576000000000000000e+03 3.773599999999999920e-05 4.944650000000000168e-06
1.577000000000000000e+03 3.769960000000000070e-05 4.943680000000000074e-06
1.578000000000000000e+03 3.766320000000000220e-05 4.942719999999999833e-06
1.579000000000000000e+03 3.762689999999999714e-05 4.941749999999999739e-06
1.580000000000000000e+03 3.759059999999999886e-05 4.940790000000000344e-06
1.581000000000000000e+03 3.755430000000000058e-05 4.939839999999999955e-06
1.582000000000000000e+03 3.751810000000000252e-05 4.938879999999999713e-06
1.583000000000000000e+03 3.748189999999999768e-05 4.937930000000000172e-06
1.584000000000000000e+03 3.744579999999999984e-05 4.936979999999999783e-06
1.585000000000000000e+03 3.740960000000000178e-05 4.936040000000000093e-06
1.586000000000000000e+03 3.737349999999999716e-05 4.935089999999999704e-06
1.587000000000000000e+03 3.733749999999999954e-05 4.934150000000000015e-06
1.588000000000000000e+03 3.730150000000000192e-05 4.933220000000000178e-06
1.589000000000000000e+03 3.726549999999999752e-05 4.932279999999999641e-06
1.590000000000000000e+03 3.722949999999999990e-05 4.931349999999999804e-06
1.591000000000000000e+03 3.719360000000000249e-05 4.930419999999999967e-06
1.592000000000000000e+03 3.715769999999999832e-05 4.929490000000000130e-06
1.593000000000000000e+03 3.712190000000000113e-05 4.928570000000000146e-06
1.594000000000000000e+03 3.708609999999999717e-05 4.927640000000000309e-06
1.595000000000000000e+03 3.705029999999999999e-05 4.926730000000000177e-06
1.596000000000000000e+03 3.702050000000000241e-05 4.925810000000000193e-06
1.597000000000000000e+03 3.699669999999999765e-05 4.924900000000000061e-06
1.598000000000000000e+03 3.697289999999999968e-05 4.923980000000000076e-06
1.599000000000000000e+03 3.694910000000000170e-05 4.923079999999999797e-06
1.600000000000000000e+03 3.692539999999999717e-05 4.922169999999999665e-06
1.601000000000000000e+03 3.690159999999999919e-05 4.921270000000000233e-06
1.602000000000000000e+03 3.687790000000000143e-05 4.920369999999999953e-06
1.603000000000000000e+03 3.685419999999999690e-05 4.919469999999999674e-06
1.604000000000000000e+03 3.683049999999999914e-05 4.918570000000000242e-06
1.605000000000000000e+03 3.680680000000000139e-05 4.917679999999999815e-06
1.606000000000000000e+03 3.678309999999999685e-05 4.916790000000000235e-06
1.607000000000000000e+03 3.675939999999999910e-05 4.915899999999999808e-06
1.608000000000000000e+03 3.673580000000000156e-05 4.915020000000000081e-06
1.609000000000000000e+03 3.671219999999999724e-05 4.914129999999999654e-06
1.610000000000000000e+03 3.668859999999999971e-05 4.913249999999999927e-06
1.611000000000000000e+03 3.666500000000000217e-05 4.912380000000000052e-06
1.612000000000000000e+03 3.664139999999999785e-05 4.911500000000000325e-06
1.613000000000000000e+03 3.661780000000000032e-05 4.910629999999999603e-06
1.614000000000000000e+03 3.659430000000000300e-05 4.909759999999999728e-06
1.615000000000000000e+03 3.657069999999999868e-05 4.908889999999999853e-06
1.616000000000000000e+03 3.654720000000000136e-05 4.908029999999999831e-06
1.617000000000000000e+03 3.652369999999999727e-05 4.907169999999999809e-06
1.618000000000000000e+03 3.650019999999999995e-05 4.906309999999999786e-06
1.619000000000000000e+03 3.647670000000000263e-05 4.905449999999999764e-06
1.620000000000000000e+03 3.645329999999999876e-05 4.904589999999999742e-06
1.621000000000000000e+03 3.642980000000000144e-05 4.903740000000000419e-06
1.622000000000000000e+03 3.640639999999999756e-05 4.902890000000000249e-06
1.623000000000000000e+03 3.638300000000000046e-05 4.902049999999999932e-06
1.624000000000000000e+03 3.635960000000000336e-05 4.901199999999999763e-06
1.625000000000000000e+03 3.633619999999999949e-05 4.900360000000000292e-06
1.626000000000000000e+03 3.631280000000000239e-05 4.899519999999999975e-06
1.627000000000000000e+03 3.628939999999999851e-05 4.898679999999999658e-06
1.628000000000000000e+03 3.626610000000000163e-05 4.897850000000000040e-06
1.629000000000000000e+03 3.624279999999999798e-05 4.897020000000000423e-06
1.630000000000000000e+03 3.621950000000000110e-05 4.896189999999999958e-06
1.631000000000000000e+03 3.619619999999999744e-05 4.895360000000000340e-06
1.632000000000000000e+03 3.617290000000000056e-05 4.894539999999999728e-06
1.633000000000000000e+03 3.614959999999999690e-05 4.893719999999999963e-06
1.634000000000000000e+03 3.612640000000000024e-05 4.892900000000000198e-06
1.635000000000000000e+03 3.610310000000000336e-05 4.892079999999999586e-06
1.636000000000000000e+03 3.603579999999999810e-05 4.891259999999999820e-06
1.637000000000000000e+03 3.596849999999999960e-05 4.890449999999999908e-06
1.638000000000000000e+03 3.590140000000000155e-05 4.889639999999999995e-06
1.639000000000000000e+03 3.583439999999999694e-05 4.888839999999999935e-06
1.640000000000000000e+03 3.576759999999999955e-05 4.888030000000000022e-06
1.641000000000000000e+03 3.570080000000000215e-05 4.887229999999999962e-06
1.642000000000000000e+03 3.563419999999999842e-05 4.886429999999999902e-06
1.643000000000000000e+03 3.556770000000000168e-05 4.885629999999999842e-06
1.644000000000000000e+03 3.550129999999999839e-05 4.884839999999999635e-06
1.645000000000000000e+03 3.543510000000000231e-05 4.884040000000000422e-06
1.646000000000000000e+03 3.536899999999999967e-05 4.883250000000000214e-06
1.647000000000000000e+03 3.530299999999999725e-05 4.882469999999999859e-06
1.648000000000000000e+03 3.523710000000000183e-05 4.881679999999999651e-06
1.649000000000000000e+03 3.517140000000000007e-05 4.880900000000000143e-06
1.650000000000000000e+03 3.510569999999999831e-05 4.880119999999999788e-06
1.651000000000000000e+03 3.504019999999999699e-05 4.879340000000000280e-06
1.652000000000000000e+03 3.497490000000000288e-05 4.878559999999999925e-06
1.653000000000000000e+03 3.490960000000000200e-05 4.877790000000000270e-06
1.654000000000000000e+03 3.484450000000000156e-05 4.877019999999999767e-06
1.655000000000000000e+03 3.477940000000000111e-05 4.876250000000000112e-06
1.656000000000000000e+03 3.471450000000000111e-05 4.875479999999999609e-06
1.657000000000000000e+03 3.464980000000000154e-05 4.874719999999999806e-06
1.658000000000000000e+03 3.458510000000000197e-05 4.873960000000000003e-06
1.659000000000000000e+03 3.452060000000000285e-05 4.873200000000000200e-06
1.660000000000000000e+03 3.445619999999999716e-05 4.872440000000000397e-06
1.661000000000000000e+03 3.439189999999999847e-05 4.871689999999999600e-06
1.662000000000000000e+03 3.432770000000000000e-05 4.870939999999999649e-06
1.663000000000000000e+03 3.426360000000000175e-05 4.870189999999999699e-06
1.664000000000000000e+03 3.419969999999999716e-05 4.869439999999999748e-06
1.665000000000000000e+03 3.413589999999999957e-05 4.868689999999999798e-06
1.666000000000000000e+03 3.407220000000000219e-05 4.867949999999999700e-06
1.667000000000000000e+03 3.400859999999999826e-05 4.867209999999999602e-06
1.668000000000000000e+03 3.394520000000000154e-05 4.866470000000000351e-06
1.669000000000000000e+03 3.388179999999999805e-05 4.865740000000000105e-06
1.670000000000000000e+03 3.381860000000000177e-05 4.865000000000000007e-06
1.671000000000000000e+03 3.375549999999999894e-05 4.864269999999999762e-06
1.672000000000000000e+03 3.369250000000000310e-05 4.863540000000000364e-06
1.673000000000000000e+03 3.362970000000000092e-05 4.862819999999999971e-06
1.674000000000000000e+03 3.356689999999999875e-05 4.862089999999999725e-06
1.675000000000000000e+03 3.354350000000000165e-05 4.861370000000000179e-06
1.676000000000000000e+03 3.355950000000000285e-05 4.860649999999999787e-06
1.677000000000000000e+03 3.357539999999999705e-05 4.859940000000000093e-06
1.678000000000000000e+03 3.359139999999999826e-05 4.859219999999999700e-06
1.679000000000000000e+03 3.360729999999999924e-05 4.858510000000000007e-06
1.680000000000000000e+03 3.362330000000000044e-05 4.857800000000000314e-06
1.681000000000000000e+03 3.363930000000000164e-05 4.857089999999999773e-06
1.682000000000000000e+03 3.365520000000000263e-05 4.856380000000000080e-06
1.683000000000000000e+03 3.367119999999999705e-05 4.855680000000000239e-06
1.684000000000000000e+03 3.368719999999999825e-05 4.854980000000000398e-06
1.685000000000000000e+03 3.370319999999999946e-05 4.854279999999999710e-06
1.686000000000000000e+03 3.371920000000000066e-05 4.853579999999999869e-06
1.687000000000000000e+03 3.373520000000000186e-05 4.852889999999999881e-06
1.688000000000000000e+03 3.375130000000000328e-05 4.852199999999999893e-06
1.689000000000000000e+03 3.376729999999999771e-05 4.851509999999999905e-06
1.690000000000000000e+03 3.378329999999999891e-05 4.850819999999999916e-06
1.691000000000000000e+03 3.379940000000000033e-05 4.850129999999999928e-06
1.692000000000000000e+03 3.381540000000000153e-05 4.849449999999999792e-06
1.693000000000000000e+03 3.383150000000000295e-05 4.848769999999999656e-06
1.694000000000000000e+03 3.384759999999999760e-05 4.848090000000000368e-06
1.695000000000000000e+03 3.386369999999999902e-05 4.847410000000000232e-06
1.696000000000000000e+03 3.387970000000000022e-05 4.846739999999999949e-06
1.697000000000000000e+03 3.389580000000000164e-05 4.846059999999999813e-06
1.698000000000000000e+03 3.391190000000000307e-05 4.845390000000000377e-06
1.699000000000000000e+03 3.392799999999999771e-05 4.844729999999999946e-06
1.700000000000000000e+03 3.394419999999999935e-05 4.844059999999999662e-06
1.701000000000000000e+03 3.396030000000000077e-05 4.843400000000000079e-06
1.702000000000000000e+03 3.397640000000000219e-05 4.842739999999999648e-06
1.703000000000000000e+03 3.399259999999999706e-05 4.842080000000000064e-06
1.704000000000000000e+03 3.400869999999999848e-05 4.841419999999999634e-06
1.705000000000000000e+03 3.402490000000000012e-05 4.840769999999999902e-06
1.706000000000000000e+03 3.404100000000000154e-05 4.840110000000000319e-06
1.707000000000000000e+03 3.405720000000000318e-05 4.839459999999999740e-06
1.708000000000000000e+03 3.407339999999999805e-05 4.838819999999999862e-06
1.709000000000000000e+03 3.408959999999999969e-05 4.838170000000000131e-06
1.710000000000000000e+03 3.410570000000000111e-05 4.837530000000000252e-06
1.711000000000000000e+03 3.412190000000000275e-05 4.836879999999999674e-06
1.712000000000000000e+03 3.413819999999999783e-05 4.836239999999999795e-06
1.713000000000000000e+03 3.415439999999999947e-05 4.835609999999999769e-06
1.714000000000000000e+03 3.417060000000000111e-05 4.834969999999999890e-06
1.715000000000000000e+03 3.412510000000000299e-05 4.834339999999999864e-06
1.716000000000000000e+03 3.401799999999999854e-05 4.833709999999999838e-06
1.717000000000000000e+03 3.391130000000000175e-05 4.833079999999999812e-06
1.718000000000000000e+03 3.380489999999999884e-05 4.832449999999999786e-06
1.719000000000000000e+03 3.369880000000000336e-05 4.831829999999999612e-06
1.720000000000000000e+03 3.359310000000000198e-05 4.831210000000000285e-06
1.721000000000000000e+03 3.348770000000000127e-05 4.830590000000000112e-06
1.722000000000000000e+03 3.338270000000000142e-05 4.829969999999999938e-06
1.723000000000000000e+03 3.327800000000000224e-05 4.829349999999999764e-06
1.724000000000000000e+03 3.317359999999999694e-05 4.828740000000000290e-06
1.725000000000000000e+03 3.306949999999999907e-05 4.828129999999999969e-06
1.726000000000000000e+03 3.296570000000000186e-05 4.827519999999999648e-06
1.727000000000000000e+03 3.286229999999999875e-05 4.826910000000000174e-06
1.728000000000000000e+03 3.275920000000000307e-05 4.826299999999999853e-06
1.729000000000000000e+03 3.265650000000000150e-05 4.825700000000000231e-06
1.730000000000000000e+03 3.255400000000000036e-05 4.825099999999999763e-06
1.731000000000000000e+03 3.245190000000000010e-05 4.824500000000000141e-06
1.732000000000000000e+03 3.235010000000000050e-05 4.823899999999999673e-06
1.733000000000000000e+03 3.224860000000000156e-05 4.823309999999999904e-06
1.734000000000000000e+03 3.214740000000000327e-05 4.822710000000000282e-06
1.735000000000000000e+03 3.204659999999999909e-05 4.822119999999999666e-06
1.736000000000000000e+03 3.194600000000000212e-05 4.821529999999999897e-06
1.737000000000000000e+03 3.184579999999999925e-05 4.820949999999999980e-06
1.738000000000000000e+03 3.174589999999999704e-05 4.820360000000000211e-06
1.739000000000000000e+03 3.164630000000000226e-05 4.819780000000000295e-06
1.740000000000000000e+03 3.154700000000000136e-05 4.819200000000000378e-06
1.741000000000000000e+03 3.144810000000000135e-05 4.818619999999999615e-06
1.742000000000000000e+03 3.134940000000000177e-05 4.818050000000000398e-06
1.743000000000000000e+03 3.125110000000000306e-05 4.817469999999999634e-06
1.744000000000000000e+03 3.115299999999999802e-05 4.816900000000000417e-06
1.745000000000000000e+03 3.105530000000000063e-05 4.816330000000000353e-06
1.746000000000000000e+03 3.095789999999999713e-05 4.815760000000000289e-06
1.747000000000000000e+03 3.086070000000000084e-05 4.815200000000000078e-06
1.748000000000000000e+03 3.076389999999999865e-05 4.814630000000000014e-06
1.749000000000000000e+03 3.066739999999999711e-05 4.814069999999999802e-06
1.750000000000000000e+03 3.057120000000000302e-05 4.813509999999999591e-06
1.751000000000000000e+03 3.047529999999999941e-05 4.812950000000000226e-06
1.752000000000000000e+03 3.037969999999999985e-05 4.812399999999999867e-06
1.753000000000000000e+03 3.028440000000000095e-05 4.811839999999999656e-06
1.754000000000000000e+03 3.018939999999999932e-05 4.811290000000000144e-06
1.755000000000000000e+03 3.015209999999999885e-05 4.810739999999999785e-06
1.756000000000000000e+03 3.017229999999999909e-05 4.810190000000000273e-06
1.757000000000000000e+03 3.019259999999999956e-05 4.809649999999999767e-06
1.758000000000000000e+03 3.021279999999999981e-05 4.809100000000000255e-06
1.759000000000000000e+03 3.023310000000000027e-05 4.808559999999999748e-06
1.760000000000000000e+03 3.025330000000000052e-05 4.808020000000000089e-06
1.761000000000000000e+03 3.027360000000000099e-05 4.807479999999999582e-06
1.762000000000000000e+03 3.029390000000000145e-05 4.806949999999999776e-06
1.763000000000000000e+03 3.031429999999999875e-05 4.806410000000000116e-06
1.764000000000000000e+03 3.033459999999999922e-05 4.805880000000000309e-06
1.765000000000000000e+03 3.035489999999999968e-05 4.805349999999999655e-06
1.766000000000000000e+03 3.037530000000000037e-05 4.804819999999999848e-06
1.767000000000000000e+03 3.039570000000000105e-05 4.804299999999999894e-06
1.768000000000000000e+03 3.041609999999999835e-05 4.803770000000000087e-06
1.769000000000000000e+03 3.043649999999999904e-05 4.803250000000000133e-06
1.770000000000000000e+03 3.045689999999999972e-05 4.802730000000000178e-06
1.771000000000000000e+03 3.047730000000000041e-05 4.802210000000000224e-06
1.772000000000000000e+03 3.049780000000000131e-05 4.801700000000000122e-06
1.773000000000000000e+03 3.051820000000000200e-05 4.801180000000000168e-06
1.774000000000000000e+03 3.053869999999999952e-05 4.800670000000000066e-06
1.775000000000000000e+03 3.055919999999999703e-05 4.800159999999999964e-06
1.776000000000000000e+03 3.057970000000000133e-05 4.799649999999999862e-06
1.777000000000000000e+03 3.060019999999999884e-05 4.799149999999999613e-06
1.778000000000000000e+03 3.062070000000000314e-05 4.798640000000000358e-06
1.779000000000000000e+03 3.064120000000000065e-05 4.798140000000000109e-06
1.780000000000000000e+03 3.066179999999999839e-05 4.797639999999999860e-06
1.781000000000000000e+03 3.068240000000000290e-05 4.797139999999999610e-06
1.782000000000000000e+03 3.070290000000000042e-05 4.796640000000000208e-06
1.783000000000000000e+03 3.072349999999999815e-05 4.796149999999999811e-06
1.784000000000000000e+03 3.074410000000000267e-05 4.795660000000000261e-06
1.785000000000000000e+03 3.076480000000000062e-05 4.795169999999999865e-06
1.786000000000000000e+03 3.078539999999999836e-05 4.794680000000000315e-06
1.787000000000000000e+03 3.080610000000000309e-05 4.794189999999999918e-06
1.788000000000000000e+03 3.082670000000000082e-05 4.793700000000000368e-06
1.789000000000000000e+03 3.084739999999999878e-05 4.793219999999999824e-06
1.790000000000000000e+03 3.086809999999999673e-05 4.792740000000000127e-06
1.791000000000000000e+03 3.088880000000000147e-05 4.792259999999999582e-06
1.792000000000000000e+03 3.090949999999999942e-05 4.791779999999999885e-06
1.793000000000000000e+03 3.093019999999999738e-05 4.791310000000000040e-06
1.794000000000000000e+03 3.095100000000000233e-05 4.790830000000000343e-06
1.795000000000000000e+03 3.093629999999999720e-05 4.790359999999999651e-06
1.796000000000000000e+03 3.088630000000000276e-05 4.789889999999999807e-06
1.797000000000000000e+03 3.083630000000000155e-05 4.789419999999999962e-06
1.798000000000000000e+03 3.078640000000000055e-05 4.788959999999999970e-06
1.799000000000000000e+03 3.073669999999999999e-05 4.788490000000000125e-06
1.800000000000000000e+03 3.068689999999999921e-05 4.788030000000000133e-06
1.801000000000000000e+03 3.063729999999999888e-05 4.787570000000000141e-06
1.802000000000000000e+03 3.058779999999999876e-05 4.787110000000000148e-06
1.803000000000000000e+03 3.053829999999999864e-05 4.786660000000000009e-06
1.804000000000000000e+03 3.048889999999999874e-05 4.786200000000000017e-06
1.805000000000000000e+03 3.043959999999999906e-05 4.785749999999999877e-06
1.806000000000000000e+03 3.039029999999999938e-05 4.785299999999999737e-06
1.807000000000000000e+03 3.034120000000000014e-05 4.784849999999999597e-06
1.808000000000000000e+03 3.029210000000000089e-05 4.784400000000000305e-06
1.809000000000000000e+03 3.024309999999999848e-05 4.783960000000000018e-06
1.810000000000000000e+03 3.019419999999999968e-05 4.783509999999999878e-06
1.811000000000000000e+03 3.014540000000000110e-05 4.783069999999999591e-06
1.812000000000000000e+03 3.009659999999999912e-05 4.782630000000000151e-06
1.813000000000000000e+03 3.004790000000000076e-05 4.782189999999999864e-06
1.814000000000000000e+03 2.999929999999999923e-05 4.781760000000000276e-06
1.815000000000000000e+03 2.995080000000000130e-05 4.781319999999999989e-06
1.816000000000000000e+03 2.990240000000000020e-05 4.780890000000000401e-06
1.817000000000000000e+03 2.985399999999999911e-05 4.780459999999999966e-06
1.818000000000000000e+03 2.980570000000000162e-05 4.780030000000000379e-06
1.819000000000000000e+03 2.975750000000000096e-05 4.779599999999999944e-06
1.820000000000000000e+03 2.970940000000000053e-05 4.779180000000000209e-06
1.821000000000000000e+03 2.966130000000000009e-05 4.778749999999999774e-06
1.822000000000000000e+03 2.961329999999999987e-05 4.778330000000000039e-06
1.823000000000000000e+03 2.956539999999999987e-05 4.777910000000000304e-06
1.824000000000000000e+03 2.951760000000000009e-05 4.777489999999999722e-06
1.825000000000000000e+03 2.946990000000000053e-05 4.777079999999999840e-06
1.826000000000000000e+03 2.942220000000000097e-05 4.776660000000000105e-06
1.827000000000000000e+03 2.937460000000000163e-05 4.776250000000000222e-06
1.828000000000000000e+03 2.932709999999999912e-05 4.775840000000000339e-06
1.829000000000000000e+03 2.927970000000000022e-05 4.775429999999999610e-06
1.830000000000000000e+03 2.923230000000000132e-05 4.775019999999999727e-06
1.831000000000000000e+03 2.918509999999999947e-05 4.774619999999999697e-06
1.832000000000000000e+03 2.913780000000000078e-05 4.774209999999999815e-06
1.833000000000000000e+03 2.909069999999999915e-05 4.773809999999999785e-06
1.834000000000000000e+03 2.904370000000000112e-05 4.773409999999999754e-06
1.835000000000000000e+03 2.902459999999999990e-05 4.773009999999999724e-06
1.836000000000000000e+03 2.903359999999999931e-05 4.772620000000000394e-06
1.837000000000000000e+03 2.904259999999999871e-05 4.772220000000000364e-06
1.838000000000000000e+03 2.905150000000000129e-05 4.771830000000000186e-06
1.839000000000000000e+03 2.906050000000000069e-05 4.771440000000000009e-06
1.840000000000000000e+03 2.906939999999999988e-05 4.771049999999999831e-06
1.841000000000000000e+03 2.907839999999999928e-05 4.770659999999999654e-06
1.842000000000000000e+03 2.908739999999999869e-05 4.770280000000000176e-06
1.843000000000000000e+03 2.909630000000000126e-05 4.769889999999999998e-06
1.844000000000000000e+03 2.910530000000000067e-05 4.769509999999999673e-06
1.845000000000000000e+03 2.911430000000000008e-05 4.769130000000000195e-06
1.846000000000000000e+03 2.912329999999999948e-05 4.768749999999999870e-06
1.847000000000000000e+03 2.913229999999999889e-05 4.768380000000000245e-06
1.848000000000000000e+03 2.914120000000000146e-05 4.767999999999999920e-06
1.849000000000000000e+03 2.915020000000000087e-05 4.767630000000000294e-06
1.850000000000000000e+03 2.915920000000000027e-05 4.767259999999999822e-06
1.851000000000000000e+03 2.916819999999999968e-05 4.766890000000000196e-06
1.852000000000000000e+03 2.917719999999999908e-05 4.766519999999999724e-06
1.853000000000000000e+03 2.918619999999999849e-05 4.766150000000000098e-06
1.854000000000000000e+03 2.919520000000000128e-05 4.765790000000000325e-06
1.855000000000000000e+03 2.920420000000000069e-05 4.765419999999999853e-06
1.856000000000000000e+03 2.921320000000000009e-05 4.765060000000000080e-06
1.857000000000000000e+03 2.922219999999999950e-05 4.764700000000000307e-06
1.858000000000000000e+03 2.923129999999999912e-05 4.764339999999999687e-06
1.859000000000000000e+03 2.924029999999999853e-05 4.763989999999999767e-06
1.860000000000000000e+03 2.924930000000000132e-05 4.763629999999999994e-06
1.861000000000000000e+03 2.925830000000000073e-05 4.763280000000000073e-06
1.862000000000000000e+03 2.926730000000000013e-05 4.762930000000000153e-06
1.863000000000000000e+03 2.927639999999999976e-05 4.762580000000000233e-06
1.864000000000000000e+03 2.928539999999999917e-05 4.762230000000000312e-06
1.865000000000000000e+03 2.929439999999999857e-05 4.761890000000000244e-06
1.866000000000000000e+03 2.930350000000000158e-05 4.761540000000000324e-06
1.867000000000000000e+03 2.931250000000000099e-05 4.761200000000000256e-06
1.868000000000000000e+03 2.932150000000000040e-05 4.760860000000000188e-06
1.869000000000000000e+03 2.933060000000000002e-05 4.760520000000000120e-06
1.870000000000000000e+03 2.933959999999999943e-05 4.760189999999999905e-06
1.871000000000000000e+03 2.934869999999999905e-05 4.759849999999999837e-06
1.872000000000000000e+03 2.935769999999999846e-05 4.759519999999999621e-06
1.873000000000000000e+03 2.936680000000000147e-05 4.759180000000000401e-06
1.874000000000000000e+03 2.937590000000000109e-05 4.758850000000000185e-06
1.875000000000000000e+03 2.934820000000000134e-05 4.758519999999999970e-06
1.876000000000000000e+03 2.928389999999999926e-05 4.758199999999999607e-06
1.877000000000000000e+03 2.921980000000000101e-05 4.757870000000000239e-06
1.878000000000000000e+03 2.915589999999999981e-05 4.757549999999999876e-06
1.879000000000000000e+03 2.909199999999999861e-05 4.757230000000000360e-06
1.880000000000000000e+03 2.902830000000000124e-05 4.756909999999999997e-06
1.881000000000000000e+03 2.896480000000000091e-05 4.756589999999999634e-06
1.882000000000000000e+03 2.890140000000000081e-05 4.756270000000000118e-06
1.883000000000000000e+03 2.883810000000000092e-05 4.755959999999999608e-06
1.884000000000000000e+03 2.877490000000000126e-05 4.755640000000000092e-06
1.885000000000000000e+03 2.871189999999999864e-05 4.755329999999999582e-06
1.886000000000000000e+03 2.864909999999999985e-05 4.755019999999999919e-06
1.887000000000000000e+03 2.858640000000000128e-05 4.754710000000000255e-06
1.888000000000000000e+03 2.852379999999999955e-05 4.754399999999999745e-06
1.889000000000000000e+03 2.846130000000000141e-05 4.754099999999999934e-06
1.890000000000000000e+03 2.839900000000000033e-05 4.753800000000000123e-06
1.891000000000000000e+03 2.833679999999999947e-05 4.753489999999999613e-06
1.892000000000000000e+03 2.827479999999999905e-05 4.753189999999999802e-06
1.893000000000000000e+03 2.821289999999999885e-05 4.752889999999999992e-06
1.894000000000000000e+03 2.815109999999999886e-05 4.752600000000000033e-06
1.895000000000000000e+03 2.808949999999999932e-05 4.752300000000000223e-06
1.896000000000000000e+03 2.802799999999999999e-05 4.752010000000000264e-06
1.897000000000000000e+03 2.796660000000000088e-05 4.751720000000000306e-06
1.898000000000000000e+03 2.790539999999999883e-05 4.751430000000000348e-06
1.899000000000000000e+03 2.784430000000000038e-05 4.751140000000000390e-06
1.900000000000000000e+03 2.778329999999999876e-05 4.750849999999999584e-06
1.901000000000000000e+03 2.772250000000000097e-05 4.750559999999999626e-06
1.902000000000000000e+03 2.766180000000000001e-05 4.750280000000000367e-06
1.903000000000000000e+03 2.760119999999999926e-05 4.750000000000000262e-06
1.904000000000000000e+03 2.754079999999999896e-05 4.749720000000000156e-06
1.905000000000000000e+03 2.748049999999999888e-05 4.749440000000000050e-06
1.906000000000000000e+03 2.742029999999999901e-05 4.749159999999999944e-06
1.907000000000000000e+03 2.736029999999999959e-05 4.748889999999999691e-06
1.908000000000000000e+03 2.730040000000000038e-05 4.748609999999999585e-06
1.909000000000000000e+03 2.724060000000000140e-05 4.748340000000000179e-06
1.910000000000000000e+03 2.718099999999999946e-05 4.748069999999999926e-06
1.911000000000000000e+03 2.712150000000000113e-05 4.747799999999999673e-06
1.912000000000000000e+03 2.706209999999999963e-05 4.747530000000000267e-06
1.913000000000000000e+03 2.700279999999999835e-05 4.747260000000000013e-06
1.914000000000000000e+03 2.694370000000000090e-05 4.746999999999999613e-06
1.915000000000000000e+03 2.688840000000000162e-05 4.746740000000000059e-06
1.916000000000000000e+03 2.683670000000000006e-05 4.746479999999999658e-06
1.917000000000000000e+03 2.678519999999999895e-05 4.746220000000000105e-06
1.918000000000000000e+03 2.673370000000000122e-05 4.745959999999999704e-06
1.919000000000000000e+03 2.668240000000000054e-05 4.745700000000000150e-06
1.920000000000000000e+03 2.663109999999999986e-05 4.745449999999999602e-06
1.921000000000000000e+03 2.657999999999999962e-05 4.745190000000000048e-06
1.922000000000000000e+03 2.652889999999999938e-05 4.744940000000000347e-06
1.923000000000000000e+03 2.647789999999999936e-05 4.744689999999999799e-06
1.924000000000000000e+03 2.642709999999999978e-05 4.744440000000000098e-06
1.925000000000000000e+03 2.637630000000000020e-05 4.744200000000000249e-06
1.926000000000000000e+03 2.632570000000000106e-05 4.743949999999999701e-06
1.927000000000000000e+03 2.627509999999999853e-05 4.743709999999999852e-06
1.928000000000000000e+03 2.622459999999999960e-05 4.743460000000000151e-06
1.929000000000000000e+03 2.617420000000000090e-05 4.743220000000000303e-06
1.930000000000000000e+03 2.612399999999999925e-05 4.742979999999999607e-06
1.931000000000000000e+03 2.607380000000000098e-05 4.742749999999999611e-06
1.932000000000000000e+03 2.602369999999999955e-05 4.742509999999999762e-06
1.933000000000000000e+03 2.597369999999999833e-05 4.742279999999999766e-06
1.934000000000000000e+03 2.592380000000000072e-05 4.742039999999999918e-06
1.935000000000000000e+03 2.587399999999999995e-05 4.741809999999999921e-06
1.936000000000000000e+03 2.582429999999999939e-05 4.741579999999999925e-06
1.937000000000000000e+03 2.577469999999999905e-05 4.741349999999999929e-06
1.938000000000000000e+03 2.572519999999999893e-05 4.741129999999999786e-06
1.939000000000000000e+03 2.567579999999999903e-05 4.740899999999999790e-06
1.940000000000000000e+03 2.562649999999999935e-05 4.740679999999999646e-06
1.941000000000000000e+03 2.557729999999999989e-05 4.740460000000000349e-06
1.942000000000000000e+03 2.552810000000000043e-05 4.740240000000000206e-06
1.943000000000000000e+03 2.547910000000000141e-05 4.740020000000000062e-06
1.944000000000000000e+03 2.543019999999999921e-05 4.739799999999999919e-06
1.945000000000000000e+03 2.538130000000000041e-05 4.739589999999999628e-06
1.946000000000000000e+03 2.533259999999999866e-05 4.739370000000000331e-06
1.947000000000000000e+03 2.528390000000000029e-05 4.739160000000000040e-06
1.948000000000000000e+03 2.523529999999999876e-05 4.738949999999999749e-06
1.949000000000000000e+03 2.518690000000000105e-05 4.738740000000000305e-06
1.950000000000000000e+03 2.513849999999999996e-05 4.738530000000000014e-06
1.951000000000000000e+03 2.509019999999999908e-05 4.738319999999999723e-06
1.952000000000000000e+03 2.504199999999999842e-05 4.738120000000000131e-06
1.953000000000000000e+03 2.499390000000000138e-05 4.737909999999999840e-06
1.954000000000000000e+03 2.494590000000000116e-05 4.737710000000000249e-06
1.955000000000000000e+03 2.493759999999999990e-05 4.737509999999999810e-06
1.956000000000000000e+03 2.496900000000000099e-05 4.737310000000000219e-06
1.957000000000000000e+03 2.500049999999999891e-05 4.737119999999999633e-06
1.958000000000000000e+03 2.503200000000000021e-05 4.736920000000000041e-06
1.959000000000000000e+03 2.506350000000000152e-05 4.736730000000000302e-06
1.960000000000000000e+03 2.509509999999999966e-05 4.736529999999999864e-06
1.961000000000000000e+03 2.512670000000000119e-05 4.736340000000000125e-06
1.962000000000000000e+03 2.515829999999999933e-05 4.736150000000000386e-06
1.963000000000000000e+03 2.519000000000000107e-05 4.735959999999999800e-06
1.964000000000000000e+03 2.522169999999999943e-05 4.735779999999999913e-06
1.965000000000000000e+03 2.525350000000000140e-05 4.735590000000000174e-06
1.966000000000000000e+03 2.528529999999999997e-05 4.735410000000000288e-06
1.967000000000000000e+03 2.531709999999999855e-05 4.735230000000000401e-06
1.968000000000000000e+03 2.534900000000000074e-05 4.735039999999999815e-06
1.969000000000000000e+03 2.538099999999999975e-05 4.734869999999999781e-06
1.970000000000000000e+03 2.541289999999999855e-05 4.734689999999999895e-06
1.971000000000000000e+03 2.544490000000000095e-05 4.734510000000000008e-06
1.972000000000000000e+03 2.547700000000000019e-05 4.734339999999999974e-06
1.973000000000000000e+03 2.550909999999999942e-05 4.734160000000000088e-06
1.974000000000000000e+03 2.554119999999999866e-05 4.733990000000000054e-06
1.975000000000000000e+03 2.557340000000000150e-05 4.733820000000000020e-06
1.976000000000000000e+03 2.560560000000000096e-05 4.733649999999999986e-06
1.977000000000000000e+03 2.563780000000000041e-05 4.733479999999999952e-06
1.978000000000000000e+03 2.567010000000000008e-05 4.733319999999999771e-06
1.979000000000000000e+03 2.570249999999999998e-05 4.733149999999999737e-06
1.980000000000000000e+03 2.573479999999999965e-05 4.732990000000000402e-06
1.981000000000000000e+03 2.576719999999999954e-05 4.732830000000000221e-06
1.982000000000000000e+03 2.579969999999999966e-05 4.732670000000000039e-06
1.983000000000000000e+03 2.583219999999999977e-05 4.732509999999999858e-06
1.984000000000000000e+03 2.586469999999999988e-05 4.732349999999999677e-06
1.985000000000000000e+03 2.589730000000000021e-05 4.732200000000000195e-06
1.986000000000000000e+03 2.592990000000000054e-05 4.732040000000000013e-06
1.987000000000000000e+03 2.596260000000000110e-05 4.731889999999999684e-06
1.988000000000000000e+03 2.599530000000000165e-05 4.731740000000000203e-06
1.989000000000000000e+03 2.602799999999999881e-05 4.731589999999999874e-06
1.990000000000000000e+03 2.606079999999999958e-05 4.731440000000000392e-06
1.991000000000000000e+03 2.609360000000000035e-05 4.731299999999999915e-06
1.992000000000000000e+03 2.612650000000000134e-05 4.731149999999999586e-06
1.993000000000000000e+03 2.615939999999999894e-05 4.731009999999999957e-06
1.994000000000000000e+03 2.619229999999999993e-05 4.730859999999999628e-06
1.995000000000000000e+03 2.619450000000000137e-05 4.730719999999999999e-06
1.996000000000000000e+03 2.616589999999999964e-05 4.730580000000000370e-06
1.997000000000000000e+03 2.613730000000000130e-05 4.730449999999999746e-06
1.998000000000000000e+03 2.610879999999999980e-05 4.730310000000000116e-06
1.999000000000000000e+03 2.608030000000000168e-05 4.730169999999999640e-06
2.000000000000000000e+03 2.605180000000000017e-05 4.730039999999999863e-06
2.001000000000000000e+03 2.602329999999999867e-05 4.729910000000000086e-06
2.002000000000000000e+03 2.599490000000000077e-05 4.729780000000000309e-06
2.003000000000000000e+03 2.596649999999999948e-05 4.729649999999999686e-06
2.004000000000000000e+03 2.593810000000000158e-05 4.729519999999999909e-06
2.005000000000000000e+03 2.590980000000000052e-05 4.729390000000000132e-06
2.006000000000000000e+03 2.588149999999999945e-05 4.729270000000000208e-06
2.007000000000000000e+03 2.585319999999999838e-05 4.729139999999999584e-06
2.008000000000000000e+03 2.582500000000000092e-05 4.729019999999999659e-06
2.009000000000000000e+03 2.579680000000000007e-05 4.728899999999999735e-06
2.010000000000000000e+03 2.576859999999999923e-05 4.728779999999999811e-06
2.011000000000000000e+03 2.574049999999999860e-05 4.728659999999999886e-06
2.012000000000000000e+03 2.571240000000000136e-05 4.728549999999999815e-06
2.013000000000000000e+03 2.568430000000000073e-05 4.728429999999999890e-06
2.014000000000000000e+03 2.565620000000000010e-05 4.728319999999999819e-06
2.015000000000000000e+03 2.562819999999999969e-05 4.728209999999999747e-06
2.016000000000000000e+03 2.560019999999999928e-05 4.728099999999999675e-06
2.017000000000000000e+03 2.557219999999999887e-05 4.727989999999999603e-06
2.018000000000000000e+03 2.554429999999999868e-05 4.727880000000000378e-06
2.019000000000000000e+03 2.551639999999999849e-05 4.727770000000000307e-06
2.020000000000000000e+03 2.548850000000000169e-05 4.727670000000000087e-06
2.021000000000000000e+03 2.546069999999999833e-05 4.727560000000000016e-06
2.022000000000000000e+03 2.543289999999999836e-05 4.727459999999999796e-06
2.023000000000000000e+03 2.540509999999999839e-05 4.727359999999999577e-06
2.024000000000000000e+03 2.537739999999999863e-05 4.727260000000000205e-06
2.025000000000000000e+03 2.534959999999999866e-05 4.727159999999999986e-06
2.026000000000000000e+03 2.532189999999999891e-05 4.727059999999999766e-06
2.027000000000000000e+03 2.529429999999999938e-05 4.726970000000000247e-06
2.028000000000000000e+03 2.526669999999999985e-05 4.726879999999999880e-06
2.029000000000000000e+03 2.523910000000000031e-05 4.726779999999999661e-06
2.030000000000000000e+03 2.521150000000000078e-05 4.726690000000000141e-06
2.031000000000000000e+03 2.518400000000000147e-05 4.726599999999999774e-06
2.032000000000000000e+03 2.515649999999999877e-05 4.726510000000000254e-06
2.033000000000000000e+03 2.512899999999999945e-05 4.726429999999999740e-06
2.034000000000000000e+03 2.510150000000000014e-05 4.726340000000000220e-06
2.035000000000000000e+03 2.508300000000000023e-05 4.726259999999999706e-06
2.036000000000000000e+03 2.506450000000000033e-05 4.726170000000000186e-06
2.037000000000000000e+03 2.504600000000000042e-05 4.726089999999999672e-06
2.038000000000000000e+03 2.502760000000000073e-05 4.726010000000000005e-06
2.039000000000000000e+03 2.500910000000000082e-05 4.725930000000000338e-06
2.040000000000000000e+03 2.499070000000000113e-05 4.725859999999999676e-06
2.041000000000000000e+03 2.497230000000000145e-05 4.725780000000000009e-06
2.042000000000000000e+03 2.495380000000000154e-05 4.725710000000000194e-06
2.043000000000000000e+03 2.493539999999999846e-05 4.725629999999999680e-06
2.044000000000000000e+03 2.491709999999999899e-05 4.725559999999999865e-06
2.045000000000000000e+03 2.489869999999999930e-05 4.725490000000000051e-06
2.046000000000000000e+03 2.488029999999999962e-05 4.725420000000000236e-06
2.047000000000000000e+03 2.486200000000000015e-05 4.725350000000000421e-06
2.048000000000000000e+03 2.484370000000000068e-05 4.725289999999999612e-06
2.049000000000000000e+03 2.482530000000000099e-05 4.725219999999999797e-06
2.050000000000000000e+03 2.480700000000000152e-05 4.725159999999999835e-06
2.051000000000000000e+03 2.478869999999999866e-05 4.725099999999999873e-06
2.052000000000000000e+03 2.477049999999999941e-05 4.725039999999999911e-06
2.053000000000000000e+03 2.475219999999999995e-05 4.724979999999999949e-06
2.054000000000000000e+03 2.473400000000000070e-05 4.724919999999999987e-06
2.055000000000000000e+03 2.471570000000000123e-05 4.724860000000000024e-06
2.056000000000000000e+03 2.469749999999999859e-05 4.724809999999999915e-06
2.057000000000000000e+03 2.467929999999999934e-05 4.724749999999999953e-06
2.058000000000000000e+03 2.466110000000000009e-05 4.724699999999999843e-06
2.059000000000000000e+03 2.464290000000000084e-05 4.724649999999999733e-06
2.060000000000000000e+03 2.462470000000000159e-05 4.724599999999999624e-06
2.061000000000000000e+03 2.460659999999999917e-05 4.724550000000000361e-06
2.062000000000000000e+03 2.458839999999999992e-05 4.724500000000000252e-06
2.063000000000000000e+03 2.457030000000000089e-05 4.724459999999999994e-06
2.064000000000000000e+03 2.455219999999999847e-05 4.724409999999999885e-06
2.065000000000000000e+03 2.453409999999999944e-05 4.724369999999999628e-06
2.066000000000000000e+03 2.451600000000000041e-05 4.724330000000000218e-06
2.067000000000000000e+03 2.449790000000000138e-05 4.724289999999999960e-06
2.068000000000000000e+03 2.447989999999999918e-05 4.724249999999999703e-06
2.069000000000000000e+03 2.446180000000000015e-05 4.724210000000000293e-06
2.070000000000000000e+03 2.444380000000000134e-05 4.724170000000000036e-06
2.071000000000000000e+03 2.442579999999999914e-05 4.724139999999999632e-06
2.072000000000000000e+03 2.440770000000000011e-05 4.724100000000000221e-06
2.073000000000000000e+03 2.438970000000000130e-05 4.724069999999999817e-06
2.074000000000000000e+03 2.438010000000000058e-05 4.724040000000000259e-06
2.075000000000000000e+03 2.437890000000000133e-05 4.724009999999999855e-06
2.076000000000000000e+03 2.437759999999999848e-05 4.723980000000000297e-06
2.077000000000000000e+03 2.437639999999999924e-05 4.723949999999999893e-06
2.078000000000000000e+03 2.437509999999999978e-05 4.723930000000000188e-06
2.079000000000000000e+03 2.437380000000000032e-05 4.723899999999999783e-06
2.080000000000000000e+03 2.437260000000000107e-05 4.723880000000000078e-06
2.081000000000000000e+03 2.437130000000000161e-05 4.723860000000000373e-06
2.082000000000000000e+03 2.437009999999999898e-05 4.723839999999999821e-06
2.083000000000000000e+03 2.436879999999999952e-05 4.723820000000000116e-06
2.084000000000000000e+03 2.436760000000000027e-05 4.723800000000000411e-06
2.085000000000000000e+03 2.436630000000000081e-05 4.723779999999999859e-06
2.086000000000000000e+03 2.436500000000000135e-05 4.723770000000000006e-06
2.087000000000000000e+03 2.436379999999999872e-05 4.723750000000000301e-06
2.088000000000000000e+03 2.436249999999999925e-05 4.723739999999999602e-06
2.089000000000000000e+03 2.436130000000000001e-05 4.723729999999999749e-06
2.090000000000000000e+03 2.436000000000000055e-05 4.723719999999999896e-06
2.091000000000000000e+03 2.435880000000000131e-05 4.723710000000000044e-06
2.092000000000000000e+03 2.435749999999999846e-05 4.723700000000000191e-06
2.093000000000000000e+03 2.435619999999999899e-05 4.723700000000000191e-06
2.094000000000000000e+03 2.435499999999999975e-05 4.723690000000000339e-06
2.095000000000000000e+03 2.435370000000000029e-05 4.723690000000000339e-06
2.096000000000000000e+03 2.435250000000000104e-05 4.723690000000000339e-06
2.097000000000000000e+03 2.435120000000000158e-05 4.723690000000000339e-06
2.098000000000000000e+03 2.434999999999999895e-05 4.723690000000000339e-06
2.099000000000000000e+03 2.434869999999999949e-05 4.723690000000000339e-06
2.100000000000000000e+03 2.434750000000000025e-05 4.723690000000000339e-06
2.101000000000000000e+03 2.434620000000000078e-05 4.723690000000000339e-06
2.102000000000000000e+03 2.434490000000000132e-05 4.723700000000000191e-06
2.103000000000000000e+03 2.434369999999999869e-05 4.723710000000000044e-06
2.104000000000000000e+03 2.434239999999999923e-05 4.723710000000000044e-06
2.105000000000000000e+03 2.434119999999999998e-05 4.723719999999999896e-06
2.106000000000000000e+03 2.433990000000000052e-05 4.723729999999999749e-06
2.107000000000000000e+03 2.433870000000000128e-05 4.723750000000000301e-06
2.108000000000000000e+03 2.433739999999999843e-05 4.723760000000000154e-06
2.109000000000000000e+03 2.433619999999999918e-05 4.723770000000000006e-06
2.110000000000000000e+03 2.433489999999999972e-05 4.723789999999999711e-06
2.111000000000000000e+03 2.433370000000000048e-05 4.723810000000000263e-06
2.112000000000000000e+03 2.433240000000000102e-05 4.723829999999999968e-06
2.113000000000000000e+03 2.433110000000000155e-05 4.723849999999999673e-06
2.114000000000000000e+03 2.430799999999999834e-05 4.723870000000000225e-06
2.115000000000000000e+03 2.426310000000000153e-05 4.723889999999999930e-06
2.116000000000000000e+03 2.421830000000000155e-05 4.723909999999999635e-06
2.117000000000000000e+03 2.417359999999999840e-05 4.723940000000000040e-06
2.118000000000000000e+03 2.412889999999999865e-05 4.723959999999999745e-06
2.119000000000000000e+03 2.408429999999999911e-05 4.723990000000000150e-06
2.120000000000000000e+03 2.403979999999999979e-05 4.724019999999999707e-06
2.121000000000000000e+03 2.399540000000000069e-05 4.724050000000000112e-06
2.122000000000000000e+03 2.395109999999999842e-05 4.724079999999999669e-06
2.123000000000000000e+03 2.390689999999999975e-05 4.724110000000000074e-06
2.124000000000000000e+03 2.386270000000000109e-05 4.724150000000000331e-06
2.125000000000000000e+03 2.381859999999999926e-05 4.724179999999999889e-06
2.126000000000000000e+03 2.377460000000000104e-05 4.724220000000000146e-06
2.127000000000000000e+03 2.373069999999999965e-05 4.724249999999999703e-06
2.128000000000000000e+03 2.368689999999999847e-05 4.724289999999999960e-06
2.129000000000000000e+03 2.364310000000000069e-05 4.724330000000000218e-06
2.130000000000000000e+03 2.359939999999999973e-05 4.724369999999999628e-06
2.131000000000000000e+03 2.355579999999999900e-05 4.724419999999999737e-06
2.132000000000000000e+03 2.351229999999999848e-05 4.724459999999999994e-06
2.133000000000000000e+03 2.346890000000000158e-05 4.724500000000000252e-06
2.134000000000000000e+03 2.342550000000000128e-05 4.724550000000000361e-06
2.135000000000000000e+03 2.338230000000000142e-05 4.724599999999999624e-06
2.136000000000000000e+03 2.333910000000000157e-05 4.724649999999999733e-06
2.137000000000000000e+03 2.329599999999999854e-05 4.724699999999999843e-06
2.138000000000000000e+03 2.325289999999999890e-05 4.724749999999999953e-06
2.139000000000000000e+03 2.320999999999999970e-05 4.724800000000000062e-06
2.140000000000000000e+03 2.316710000000000050e-05 4.724850000000000172e-06
2.141000000000000000e+03 2.312430000000000152e-05 4.724910000000000134e-06
2.142000000000000000e+03 2.308159999999999937e-05 4.724970000000000096e-06
2.143000000000000000e+03 2.303890000000000061e-05 4.725020000000000206e-06
2.144000000000000000e+03 2.299639999999999890e-05 4.725080000000000168e-06
2.145000000000000000e+03 2.295390000000000058e-05 4.725140000000000130e-06
2.146000000000000000e+03 2.291149999999999909e-05 4.725200000000000092e-06
2.147000000000000000e+03 2.286920000000000120e-05 4.725269999999999907e-06
2.148000000000000000e+03 2.282689999999999993e-05 4.725329999999999869e-06
2.149000000000000000e+03 2.278479999999999910e-05 4.725389999999999831e-06
2.150000000000000000e+03 2.274270000000000165e-05 4.725459999999999646e-06
2.151000000000000000e+03 2.270070000000000104e-05 4.725530000000000308e-06
2.152000000000000000e+03 2.265870000000000042e-05 4.725600000000000122e-06
2.153000000000000000e+03 2.261690000000000025e-05 4.725669999999999937e-06
2.154000000000000000e+03 2.258650000000000135e-05 4.725739999999999752e-06
2.155000000000000000e+03 2.256760000000000057e-05 4.725810000000000413e-06
2.156000000000000000e+03 2.254869999999999978e-05 4.725880000000000228e-06
2.157000000000000000e+03 2.252979999999999900e-05 4.725959999999999895e-06
2.158000000000000000e+03 2.251099999999999843e-05 4.726029999999999710e-06
2.159000000000000000e+03 2.249220000000000125e-05 4.726110000000000224e-06
2.160000000000000000e+03 2.247330000000000047e-05 4.726189999999999891e-06
2.161000000000000000e+03 2.245449999999999990e-05 4.726270000000000406e-06
2.162000000000000000e+03 2.243569999999999934e-05 4.726350000000000073e-06
2.163000000000000000e+03 2.241699999999999899e-05 4.726429999999999740e-06
2.164000000000000000e+03 2.239819999999999843e-05 4.726510000000000254e-06
2.165000000000000000e+03 2.237940000000000125e-05 4.726599999999999774e-06
2.166000000000000000e+03 2.236070000000000090e-05 4.726680000000000288e-06
2.167000000000000000e+03 2.234200000000000056e-05 4.726769999999999808e-06
2.168000000000000000e+03 2.232330000000000021e-05 4.726860000000000175e-06
2.169000000000000000e+03 2.230459999999999987e-05 4.726949999999999694e-06
2.170000000000000000e+03 2.228599999999999974e-05 4.727040000000000061e-06
2.171000000000000000e+03 2.226729999999999939e-05 4.727129999999999581e-06
2.172000000000000000e+03 2.224869999999999927e-05 4.727219999999999948e-06
2.173000000000000000e+03 2.223009999999999914e-05 4.727320000000000167e-06
2.174000000000000000e+03 2.221139999999999879e-05 4.727409999999999687e-06
2.175000000000000000e+03 2.219289999999999889e-05 4.727509999999999906e-06
2.176000000000000000e+03 2.217429999999999876e-05 4.727610000000000125e-06
2.177000000000000000e+03 2.215569999999999863e-05 4.727710000000000344e-06
2.178000000000000000e+03 2.213719999999999872e-05 4.727809999999999717e-06
2.179000000000000000e+03 2.211869999999999882e-05 4.727909999999999936e-06
2.180000000000000000e+03 2.210019999999999891e-05 4.728010000000000155e-06
2.181000000000000000e+03 2.208169999999999900e-05 4.728120000000000227e-06
2.182000000000000000e+03 2.206319999999999909e-05 4.728219999999999599e-06
2.183000000000000000e+03 2.204469999999999919e-05 4.728329999999999671e-06
2.184000000000000000e+03 2.202629999999999950e-05 4.728429999999999890e-06
2.185000000000000000e+03 2.200779999999999959e-05 4.728539999999999962e-06
2.186000000000000000e+03 2.198939999999999990e-05 4.728650000000000034e-06
2.187000000000000000e+03 2.197100000000000021e-05 4.728760000000000106e-06
2.188000000000000000e+03 2.195260000000000053e-05 4.728880000000000030e-06
2.189000000000000000e+03 2.193420000000000084e-05 4.728990000000000102e-06
2.190000000000000000e+03 2.191590000000000137e-05 4.729100000000000174e-06
2.191000000000000000e+03 2.189759999999999851e-05 4.729220000000000098e-06
2.192000000000000000e+03 2.187919999999999882e-05 4.729340000000000022e-06
2.193000000000000000e+03 2.186089999999999935e-05 4.729450000000000094e-06
2.194000000000000000e+03 2.184099999999999976e-05 4.729570000000000018e-06
2.195000000000000000e+03 2.181939999999999984e-05 4.729689999999999943e-06
2.196000000000000000e+03 2.179790000000000013e-05 4.729819999999999719e-06
2.197000000000000000e+03 2.177630000000000020e-05 4.729939999999999644e-06
2.198000000000000000e+03 2.175480000000000049e-05 4.730060000000000415e-06
2.199000000000000000e+03 2.173330000000000078e-05 4.730190000000000192e-06
2.200000000000000000e+03 2.171190000000000129e-05 4.730310000000000116e-06
2.201000000000000000e+03 2.169040000000000158e-05 4.730439999999999893e-06
2.202000000000000000e+03 2.166899999999999870e-05 4.730569999999999670e-06
2.203000000000000000e+03 2.164759999999999921e-05 4.730700000000000294e-06
2.204000000000000000e+03 2.162619999999999972e-05 4.730830000000000071e-06
2.205000000000000000e+03 2.160490000000000045e-05 4.730959999999999847e-06
2.206000000000000000e+03 2.158350000000000096e-05 4.731100000000000324e-06
2.207000000000000000e+03 2.156220000000000169e-05 4.731230000000000101e-06
2.208000000000000000e+03 2.154089999999999903e-05 4.731369999999999730e-06
2.209000000000000000e+03 2.151969999999999998e-05 4.731510000000000206e-06
2.210000000000000000e+03 2.149840000000000071e-05 4.731639999999999983e-06
2.211000000000000000e+03 2.147720000000000166e-05 4.731779999999999613e-06
2.212000000000000000e+03 2.145599999999999922e-05 4.731920000000000089e-06
2.213000000000000000e+03 2.143480000000000016e-05 4.732070000000000418e-06
2.214000000000000000e+03 2.141360000000000111e-05 4.732210000000000047e-06
2.215000000000000000e+03 2.139249999999999889e-05 4.732349999999999677e-06
2.216000000000000000e+03 2.137129999999999984e-05 4.732500000000000006e-06
2.217000000000000000e+03 2.135020000000000101e-05 4.732639999999999635e-06
2.218000000000000000e+03 2.132909999999999879e-05 4.732789999999999964e-06
2.219000000000000000e+03 2.130810000000000017e-05 4.732940000000000293e-06
2.220000000000000000e+03 2.128700000000000134e-05 4.733089999999999775e-06
2.221000000000000000e+03 2.126599999999999934e-05 4.733240000000000103e-06
2.222000000000000000e+03 2.124500000000000073e-05 4.733389999999999585e-06
2.223000000000000000e+03 2.122399999999999873e-05 4.733549999999999767e-06
2.224000000000000000e+03 2.120310000000000033e-05 4.733700000000000096e-06
2.225000000000000000e+03 2.118209999999999833e-05 4.733860000000000277e-06
2.226000000000000000e+03 2.116119999999999994e-05 4.734009999999999759e-06
2.227000000000000000e+03 2.114030000000000154e-05 4.734169999999999940e-06
2.228000000000000000e+03 2.111939999999999976e-05 4.734330000000000122e-06
2.229000000000000000e+03 2.109860000000000159e-05 4.734490000000000303e-06
2.230000000000000000e+03 2.107780000000000002e-05 4.734649999999999638e-06
2.231000000000000000e+03 2.105690000000000163e-05 4.734809999999999819e-06
2.232000000000000000e+03 2.103610000000000007e-05 4.734979999999999853e-06
2.233000000000000000e+03 2.101539999999999872e-05 4.735140000000000034e-06
2.234000000000000000e+03 2.100499999999999964e-05 4.735310000000000068e-06
2.235000000000000000e+03 2.100489999999999942e-05 4.735480000000000102e-06
2.236000000000000000e+03 2.100479999999999920e-05 4.735640000000000284e-06
2.237000000000000000e+03 2.100479999999999920e-05 4.735810000000000318e-06
2.238000000000000000e+03 2.100469999999999898e-05 4.735980000000000352e-06
2.239000000000000000e+03 2.100459999999999876e-05 4.736160000000000238e-06
2.240000000000000000e+03 2.100459999999999876e-05 4.736330000000000272e-06
2.241000000000000000e+03 2.100449999999999854e-05 4.736500000000000306e-06
2.242000000000000000e+03 2.100449999999999854e-05 4.736680000000000193e-06
2.243000000000000000e+03 2.100439999999999832e-05 4.736850000000000226e-06
2.244000000000000000e+03 2.100430000000000149e-05 4.737030000000000113e-06
2.245000000000000000e+03 2.100430000000000149e-05 4.737209999999999999e-06
2.246000000000000000e+03 2.100420000000000127e-05 4.737389999999999886e-06
2.247000000000000000e+03 2.100410000000000105e-05 4.737569999999999772e-06
2.248000000000000000e+03 2.100410000000000105e-05 4.737749999999999659e-06
2.249000000000000000e+03 2.100400000000000083e-05 4.737940000000000245e-06
2.250000000000000000e+03 2.100400000000000083e-05 4.738120000000000131e-06
2.251000000000000000e+03 2.100390000000000061e-05 4.738309999999999870e-06
2.252000000000000000e+03 2.100380000000000039e-05 4.738489999999999757e-06
2.253000000000000000e+03 2.100380000000000039e-05 4.738680000000000343e-06
2.254000000000000000e+03 2.100370000000000017e-05 4.738870000000000082e-06
2.255000000000000000e+03 2.100359999999999996e-05 4.739059999999999821e-06
2.256000000000000000e+03 2.100359999999999996e-05 4.739250000000000407e-06
2.257000000000000000e+03 2.100349999999999974e-05 4.739440000000000146e-06
2.258000000000000000e+03 2.100339999999999952e-05 4.739629999999999885e-06
2.259000000000000000e+03 2.100339999999999952e-05 4.739830000000000323e-06
2.260000000000000000e+03 2.100329999999999930e-05 4.740020000000000062e-06
2.261000000000000000e+03 2.100329999999999930e-05 4.740219999999999654e-06
2.262000000000000000e+03 2.100319999999999908e-05 4.740420000000000092e-06
2.263000000000000000e+03 2.100309999999999886e-05 4.740619999999999684e-06
2.264000000000000000e+03 2.100309999999999886e-05 4.740820000000000122e-06
2.265000000000000000e+03 2.100299999999999864e-05 4.741019999999999714e-06
2.266000000000000000e+03 2.100289999999999842e-05 4.741220000000000152e-06
2.267000000000000000e+03 2.100289999999999842e-05 4.741419999999999744e-06
2.268000000000000000e+03 2.100280000000000159e-05 4.741630000000000035e-06
2.269000000000000000e+03 2.100280000000000159e-05 4.741829999999999627e-06
2.270000000000000000e+03 2.100270000000000137e-05 4.742039999999999918e-06
2.271000000000000000e+03 2.100260000000000115e-05 4.742250000000000209e-06
2.272000000000000000e+03 2.100260000000000115e-05 4.742459999999999653e-06
2.273000000000000000e+03 2.100250000000000093e-05 4.742669999999999944e-06
2.274000000000000000e+03 2.098050000000000013e-05 4.742880000000000235e-06
2.275000000000000000e+03 2.093649999999999851e-05 4.743089999999999679e-06
2.276000000000000000e+03 2.089270000000000073e-05 4.743299999999999970e-06
2.277000000000000000e+03 2.084889999999999956e-05 4.743520000000000113e-06
2.278000000000000000e+03 2.080529999999999882e-05 4.743730000000000405e-06
2.279000000000000000e+03 2.076170000000000148e-05 4.743949999999999701e-06
2.280000000000000000e+03 2.071820000000000096e-05 4.744169999999999845e-06
2.281000000000000000e+03 2.067480000000000066e-05 4.744389999999999988e-06
2.282000000000000000e+03 2.063150000000000059e-05 4.744610000000000132e-06
2.283000000000000000e+03 2.058830000000000073e-05 4.744830000000000275e-06
2.284000000000000000e+03 2.054520000000000109e-05 4.745050000000000419e-06
2.285000000000000000e+03 2.050220000000000167e-05 4.745269999999999716e-06
2.286000000000000000e+03 2.045919999999999887e-05 4.745499999999999712e-06
2.287000000000000000e+03 2.041639999999999989e-05 4.745719999999999855e-06
2.288000000000000000e+03 2.037360000000000091e-05 4.745949999999999851e-06
2.289000000000000000e+03 2.033089999999999876e-05 4.746179999999999847e-06
2.290000000000000000e+03 2.028840000000000043e-05 4.746409999999999844e-06
2.291000000000000000e+03 2.024589999999999872e-05 4.746639999999999840e-06
2.292000000000000000e+03 2.020350000000000062e-05 4.746869999999999836e-06
2.293000000000000000e+03 2.016109999999999913e-05 4.747099999999999832e-06
2.294000000000000000e+03 2.011890000000000146e-05 4.747329999999999828e-06
2.295000000000000000e+03 2.007680000000000063e-05 4.747569999999999677e-06
2.296000000000000000e+03 2.003469999999999980e-05 4.747799999999999673e-06
2.297000000000000000e+03 1.999279999999999940e-05 4.748040000000000368e-06
2.298000000000000000e+03 1.995089999999999901e-05 4.748280000000000217e-06
2.299000000000000000e+03 1.990909999999999883e-05 4.748520000000000066e-06
2.300000000000000000e+03 1.986739999999999887e-05 4.748759999999999914e-06
2.301000000000000000e+03 1.982579999999999914e-05 4.748999999999999763e-06
2.302000000000000000e+03 1.978429999999999962e-05 4.749239999999999611e-06
2.303000000000000000e+03 1.974290000000000032e-05 4.749480000000000307e-06
2.304000000000000000e+03 1.970150000000000102e-05 4.749730000000000008e-06
2.305000000000000000e+03 1.966019999999999855e-05 4.749969999999999857e-06
2.306000000000000000e+03 1.961909999999999991e-05 4.750220000000000405e-06
2.307000000000000000e+03 1.957800000000000127e-05 4.750470000000000106e-06
2.308000000000000000e+03 1.953699999999999946e-05 4.750709999999999955e-06
2.309000000000000000e+03 1.949610000000000126e-05 4.750959999999999656e-06
2.310000000000000000e+03 1.945519999999999967e-05 4.751210000000000204e-06
2.311000000000000000e+03 1.941449999999999852e-05 4.751469999999999758e-06
2.312000000000000000e+03 1.937380000000000075e-05 4.751720000000000306e-06
2.313000000000000000e+03 1.933319999999999982e-05 4.751970000000000007e-06
2.314000000000000000e+03 1.931579999999999894e-05 4.752230000000000408e-06
2.315000000000000000e+03 1.932140000000000105e-05 4.752480000000000109e-06
2.316000000000000000e+03 1.932699999999999978e-05 4.752739999999999663e-06
2.317000000000000000e+03 1.933269999999999872e-05 4.753000000000000063e-06
2.318000000000000000e+03 1.933830000000000084e-05 4.753259999999999617e-06
2.319000000000000000e+03 1.934389999999999957e-05 4.753520000000000018e-06
2.320000000000000000e+03 1.934959999999999851e-05 4.753780000000000418e-06
2.321000000000000000e+03 1.935520000000000063e-05 4.754039999999999972e-06
2.322000000000000000e+03 1.936079999999999935e-05 4.754310000000000225e-06
2.323000000000000000e+03 1.936650000000000169e-05 4.754569999999999779e-06
2.324000000000000000e+03 1.937210000000000041e-05 4.754840000000000032e-06
2.325000000000000000e+03 1.937769999999999914e-05 4.755099999999999586e-06
2.326000000000000000e+03 1.938340000000000147e-05 4.755369999999999839e-06
2.327000000000000000e+03 1.938900000000000020e-05 4.755640000000000092e-06
2.328000000000000000e+03 1.939469999999999915e-05 4.755910000000000346e-06
2.329000000000000000e+03 1.940030000000000126e-05 4.756179999999999752e-06
2.330000000000000000e+03 1.940600000000000021e-05 4.756450000000000005e-06
2.331000000000000000e+03 1.941159999999999893e-05 4.756730000000000111e-06
2.332000000000000000e+03 1.941730000000000127e-05 4.757000000000000364e-06
2.333000000000000000e+03 1.942290000000000000e-05 4.757279999999999623e-06
2.334000000000000000e+03 1.942859999999999894e-05 4.757549999999999876e-06
2.335000000000000000e+03 1.943420000000000106e-05 4.757829999999999982e-06
2.336000000000000000e+03 1.943990000000000000e-05 4.758110000000000087e-06
2.337000000000000000e+03 1.944549999999999873e-05 4.758390000000000193e-06
2.338000000000000000e+03 1.945120000000000106e-05 4.758670000000000299e-06
2.339000000000000000e+03 1.945690000000000001e-05 4.758950000000000405e-06
2.340000000000000000e+03 1.946249999999999874e-05 4.759229999999999663e-06
2.341000000000000000e+03 1.946820000000000107e-05 4.759519999999999621e-06
2.342000000000000000e+03 1.947390000000000002e-05 4.759799999999999727e-06
2.343000000000000000e+03 1.947949999999999874e-05 4.760089999999999685e-06
2.344000000000000000e+03 1.948520000000000108e-05 4.760369999999999791e-06
2.345000000000000000e+03 1.949090000000000002e-05 4.760659999999999749e-06
2.346000000000000000e+03 1.949659999999999897e-05 4.760949999999999708e-06
2.347000000000000000e+03 1.950220000000000108e-05 4.761239999999999666e-06
2.348000000000000000e+03 1.950790000000000003e-05 4.761529999999999624e-06
2.349000000000000000e+03 1.951359999999999897e-05 4.761830000000000282e-06
2.350000000000000000e+03 1.951930000000000131e-05 4.762120000000000240e-06
2.351000000000000000e+03 1.952500000000000025e-05 4.762410000000000199e-06
2.352000000000000000e+03 1.953059999999999898e-05 4.762710000000000009e-06
2.353000000000000000e+03 1.953630000000000132e-05 4.763009999999999820e-06
2.354000000000000000e+03 1.953150000000000095e-05 4.763299999999999778e-06
2.355000000000000000e+03 1.951610000000000107e-05 4.763599999999999589e-06
2.356000000000000000e+03 1.950080000000000140e-05 4.763900000000000247e-06
2.357000000000000000e+03 1.948549999999999835e-05 4.764200000000000058e-06
2.358000000000000000e+03 1.947019999999999868e-05 4.764499999999999869e-06
2.359000000000000000e+03 1.945479999999999879e-05 4.764810000000000379e-06
2.360000000000000000e+03 1.943959999999999934e-05 4.765110000000000190e-06
2.361000000000000000e+03 1.942429999999999968e-05 4.765419999999999853e-06
2.362000000000000000e+03 1.940900000000000001e-05 4.765719999999999664e-06
2.363000000000000000e+03 1.939380000000000056e-05 4.766030000000000174e-06
2.364000000000000000e+03 1.937850000000000089e-05 4.766339999999999837e-06
2.365000000000000000e+03 1.936330000000000145e-05 4.766650000000000348e-06
2.366000000000000000e+03 1.934809999999999861e-05 4.766960000000000011e-06
2.367000000000000000e+03 1.933289999999999916e-05 4.767269999999999674e-06
2.368000000000000000e+03 1.931769999999999972e-05 4.767580000000000185e-06
2.369000000000000000e+03 1.930250000000000027e-05 4.767889999999999848e-06
2.370000000000000000e+03 1.928730000000000082e-05 4.768210000000000211e-06
2.371000000000000000e+03 1.927220000000000159e-05 4.768519999999999874e-06
2.372000000000000000e+03 1.925699999999999875e-05 4.768840000000000237e-06
2.373000000000000000e+03 1.924189999999999953e-05 4.769159999999999753e-06
2.374000000000000000e+03 1.922670000000000008e-05 4.769470000000000263e-06
2.375000000000000000e+03 1.921160000000000085e-05 4.769789999999999779e-06
2.376000000000000000e+03 1.919650000000000162e-05 4.770110000000000142e-06
2.377000000000000000e+03 1.918139999999999900e-05 4.770440000000000357e-06
2.378000000000000000e+03 1.916639999999999999e-05 4.770759999999999873e-06
2.379000000000000000e+03 1.915130000000000077e-05 4.771080000000000236e-06
2.380000000000000000e+03 1.913629999999999837e-05 4.771409999999999604e-06
2.381000000000000000e+03 1.912119999999999914e-05 4.771729999999999967e-06
2.382000000000000000e+03 1.910620000000000013e-05 4.772060000000000182e-06
2.383000000000000000e+03 1.909120000000000112e-05 4.772390000000000398e-06
2.384000000000000000e+03 1.907619999999999872e-05 4.772719999999999766e-06
2.385000000000000000e+03 1.906119999999999971e-05 4.773049999999999982e-06
2.386000000000000000e+03 1.904620000000000071e-05 4.773380000000000197e-06
2.387000000000000000e+03 1.903119999999999831e-05 4.773710000000000412e-06
2.388000000000000000e+03 1.901629999999999952e-05 4.774039999999999781e-06
2.389000000000000000e+03 1.900130000000000051e-05 4.774369999999999996e-06
2.390000000000000000e+03 1.898639999999999833e-05 4.774710000000000064e-06
2.391000000000000000e+03 1.897149999999999954e-05 4.775050000000000132e-06
2.392000000000000000e+03 1.895650000000000053e-05 4.775380000000000347e-06
2.393000000000000000e+03 1.894159999999999835e-05 4.775720000000000415e-06
2.394000000000000000e+03 1.893050000000000112e-05 4.776059999999999636e-06
2.395000000000000000e+03 1.892300000000000161e-05 4.776399999999999704e-06
2.396000000000000000e+03 1.891559999999999894e-05 4.776739999999999772e-06
2.397000000000000000e+03 1.890819999999999965e-05 4.777079999999999840e-06
2.398000000000000000e+03 1.890070000000000015e-05 4.777429999999999760e-06
2.399000000000000000e+03 1.889330000000000086e-05 4.777769999999999828e-06
2.400000000000000000e+03 1.888590000000000158e-05 4.778119999999999748e-06
2.401000000000000000e+03 1.887849999999999891e-05 4.778459999999999816e-06
2.402000000000000000e+03 1.887109999999999962e-05 4.778809999999999737e-06
2.403000000000000000e+03 1.886360000000000012e-05 4.779159999999999657e-06
2.404000000000000000e+03 1.885620000000000083e-05 4.779509999999999577e-06
2.405000000000000000e+03 1.884880000000000155e-05 4.779860000000000345e-06
2.406000000000000000e+03 1.884139999999999887e-05 4.780210000000000265e-06
2.407000000000000000e+03 1.883399999999999959e-05 4.780560000000000186e-06
2.408000000000000000e+03 1.882660000000000030e-05 4.780910000000000106e-06
2.409000000000000000e+03 1.881920000000000102e-05 4.781269999999999879e-06
2.410000000000000000e+03 1.881179999999999834e-05 4.781619999999999800e-06
2.411000000000000000e+03 1.880439999999999906e-05 4.781980000000000419e-06
2.412000000000000000e+03 1.879699999999999977e-05 4.782340000000000192e-06
2.413000000000000000e+03 1.878970000000000070e-05 4.782699999999999965e-06
2.414000000000000000e+03 1.878230000000000142e-05 4.783049999999999886e-06
2.415000000000000000e+03 1.877489999999999875e-05 4.783420000000000358e-06
2.416000000000000000e+03 1.876749999999999946e-05 4.783780000000000131e-06
2.417000000000000000e+03 1.876010000000000018e-05 4.784139999999999904e-06
2.418000000000000000e+03 1.875280000000000111e-05 4.784499999999999677e-06
2.419000000000000000e+03 1.874539999999999844e-05 4.784870000000000150e-06
2.420000000000000000e+03 1.873799999999999915e-05 4.785229999999999923e-06
2.421000000000000000e+03 1.873070000000000008e-05 4.785600000000000395e-06
2.422000000000000000e+03 1.872330000000000080e-05 4.785970000000000020e-06
2.423000000000000000e+03 1.871599999999999834e-05 4.786339999999999646e-06
2.424000000000000000e+03 1.870859999999999906e-05 4.786700000000000266e-06
2.425000000000000000e+03 1.870119999999999977e-05 4.787079999999999744e-06
2.426000000000000000e+03 1.869390000000000071e-05 4.787450000000000216e-06
2.427000000000000000e+03 1.868660000000000164e-05 4.787819999999999842e-06
2.428000000000000000e+03 1.867919999999999897e-05 4.788190000000000314e-06
2.429000000000000000e+03 1.867189999999999990e-05 4.788569999999999792e-06
2.430000000000000000e+03 1.866450000000000062e-05 4.788940000000000265e-06
2.431000000000000000e+03 1.865720000000000155e-05 4.789319999999999743e-06
2.432000000000000000e+03 1.864989999999999910e-05 4.789700000000000068e-06
2.433000000000000000e+03 1.864249999999999981e-05 4.790080000000000393e-06
2.434000000000000000e+03 1.862420000000000034e-05 4.790459999999999871e-06
2.435000000000000000e+03 1.860590000000000087e-05 4.790840000000000196e-06
2.436000000000000000e+03 1.858760000000000140e-05 4.791219999999999674e-06
2.437000000000000000e+03 1.856939999999999877e-05 4.791599999999999999e-06
2.438000000000000000e+03 1.855109999999999930e-05 4.791980000000000324e-06
2.439000000000000000e+03 1.853290000000000005e-05 4.792369999999999654e-06
2.440000000000000000e+03 1.851470000000000080e-05 4.792749999999999979e-06
2.441000000000000000e+03 1.849650000000000155e-05 4.793140000000000157e-06
2.442000000000000000e+03 1.847829999999999891e-05 4.793530000000000334e-06
2.443000000000000000e+03 1.846019999999999988e-05 4.793919999999999665e-06
2.444000000000000000e+03 1.844200000000000063e-05 4.794309999999999842e-06
2.445000000000000000e+03 1.842390000000000160e-05 4.794700000000000020e-06
2.446000000000000000e+03 1.840579999999999918e-05 4.795090000000000197e-06
2.447000000000000000e+03 1.838770000000000015e-05 4.795480000000000375e-06
2.448000000000000000e+03 1.836970000000000134e-05 4.795869999999999705e-06
2.449000000000000000e+03 1.835159999999999892e-05 4.796269999999999735e-06
2.450000000000000000e+03 1.833360000000000011e-05 4.796659999999999913e-06
2.451000000000000000e+03 1.831560000000000130e-05 4.797059999999999943e-06
2.452000000000000000e+03 1.829759999999999910e-05 4.797459999999999973e-06
2.453000000000000000e+03 1.827960000000000029e-05 4.797860000000000003e-06
2.454000000000000000e+03 1.826169999999999831e-05 4.798260000000000033e-06
2.455000000000000000e+03 1.824369999999999949e-05 4.798660000000000063e-06
2.456000000000000000e+03 1.822580000000000090e-05 4.799060000000000093e-06
2.457000000000000000e+03 1.820789999999999892e-05 4.799460000000000123e-06
2.458000000000000000e+03 1.819000000000000033e-05 4.799860000000000153e-06
2.459000000000000000e+03 1.817209999999999835e-05 4.800270000000000036e-06
2.460000000000000000e+03 1.815429999999999998e-05 4.800670000000000066e-06
2.461000000000000000e+03 1.813640000000000139e-05 4.801079999999999949e-06
2.462000000000000000e+03 1.811859999999999963e-05 4.801489999999999831e-06
2.463000000000000000e+03 1.810080000000000125e-05 4.801899999999999714e-06
2.464000000000000000e+03 1.808299999999999949e-05 4.802299999999999744e-06
2.465000000000000000e+03 1.806530000000000134e-05 4.802720000000000326e-06
2.466000000000000000e+03 1.804749999999999958e-05 4.803130000000000209e-06
2.467000000000000000e+03 1.802980000000000142e-05 4.803540000000000091e-06
2.468000000000000000e+03 1.801209999999999988e-05 4.803949999999999974e-06
2.469000000000000000e+03 1.799439999999999834e-05 4.804369999999999709e-06
2.470000000000000000e+03 1.797670000000000019e-05 4.804779999999999591e-06
2.471000000000000000e+03 1.795899999999999865e-05 4.805200000000000173e-06
2.472000000000000000e+03 1.794140000000000071e-05 4.805610000000000056e-06
2.473000000000000000e+03 1.793190000000000021e-05 4.806029999999999791e-06
2.474000000000000000e+03 1.793050000000000053e-05 4.806450000000000373e-06
2.475000000000000000e+03 1.792910000000000085e-05 4.806870000000000108e-06
2.476000000000000000e+03 1.792770000000000117e-05 4.807289999999999843e-06
2.477000000000000000e+03 1.792630000000000148e-05 4.807720000000000278e-06
2.478000000000000000e+03 1.792499999999999863e-05 4.808140000000000013e-06
2.479000000000000000e+03 1.792359999999999895e-05 4.808559999999999748e-06
2.480000000000000000e+03 1.792219999999999927e-05 4.808990000000000183e-06
2.481000000000000000e+03 1.792079999999999959e-05 4.809409999999999918e-06
2.482000000000000000e+03 1.791939999999999991e-05 4.809840000000000353e-06
2.483000000000000000e+03 1.791800000000000022e-05 4.810269999999999940e-06
2.484000000000000000e+03 1.791660000000000054e-05 4.810700000000000375e-06
2.485000000000000000e+03 1.791530000000000108e-05 4.811129999999999963e-06
2.486000000000000000e+03 1.791390000000000140e-05 4.811560000000000397e-06
2.487000000000000000e+03 1.791249999999999833e-05 4.811989999999999985e-06
2.488000000000000000e+03 1.791109999999999865e-05 4.812420000000000419e-06
2.489000000000000000e+03 1.790969999999999897e-05 4.812859999999999860e-06
2.490000000000000000e+03 1.790829999999999928e-05 4.813290000000000294e-06
2.491000000000000000e+03 1.790699999999999982e-05 4.813729999999999734e-06
2.492000000000000000e+03 1.790560000000000014e-05 4.814160000000000169e-06
2.493000000000000000e+03 1.790420000000000046e-05 4.814599999999999609e-06
2.494000000000000000e+03 1.790280000000000078e-05 4.815039999999999896e-06
2.495000000000000000e+03 1.790140000000000110e-05 4.815480000000000183e-06
2.496000000000000000e+03 1.790010000000000163e-05 4.815919999999999624e-06
2.497000000000000000e+03 1.789869999999999856e-05 4.816359999999999911e-06
2.498000000000000000e+03 1.789729999999999888e-05 4.816810000000000050e-06
2.499000000000000000e+03 1.789589999999999920e-05 4.817250000000000338e-06
2.500000000000000000e+03 1.789449999999999952e-05 4.817689999999999778e-06
2.501000000000000000e+03 1.789309999999999984e-05 4.818139999999999917e-06
2.502000000000000000e+03 1.789180000000000037e-05 4.818590000000000057e-06
2.503000000000000000e+03 1.789040000000000069e-05 4.819030000000000344e-06
2.504000000000000000e+03 1.788900000000000101e-05 4.819479999999999637e-06
2.505000000000000000e+03 1.788760000000000133e-05 4.819929999999999777e-06
2.506000000000000000e+03 1.788620000000000165e-05 4.820379999999999916e-06
2.507000000000000000e+03 1.788489999999999880e-05 4.820830000000000056e-06
2.508000000000000000e+03 1.788349999999999912e-05 4.821280000000000196e-06
2.509000000000000000e+03 1.788209999999999943e-05 4.821740000000000188e-06
2.510000000000000000e+03 1.788069999999999975e-05 4.822190000000000328e-06
2.511000000000000000e+03 1.787930000000000007e-05 4.822650000000000320e-06
2.512000000000000000e+03 1.787800000000000061e-05 4.823099999999999612e-06
2.513000000000000000e+03 1.787549999999999851e-05 4.823559999999999605e-06
2.514000000000000000e+03 1.787190000000000078e-05 4.824019999999999597e-06
2.515000000000000000e+03 1.786839999999999989e-05 4.824479999999999589e-06
2.516000000000000000e+03 1.786479999999999877e-05 4.824939999999999581e-06
2.517000000000000000e+03 1.786130000000000126e-05 4.825400000000000421e-06
2.518000000000000000e+03 1.785770000000000014e-05 4.825860000000000413e-06
2.519000000000000000e+03 1.785419999999999924e-05 4.826320000000000405e-06
2.520000000000000000e+03 1.785060000000000151e-05 4.826790000000000250e-06
2.521000000000000000e+03 1.784710000000000062e-05 4.827250000000000242e-06
2.522000000000000000e+03 1.784349999999999950e-05 4.827720000000000087e-06
2.523000000000000000e+03 1.783999999999999860e-05 4.828180000000000079e-06
2.524000000000000000e+03 1.783640000000000087e-05 4.828649999999999924e-06
2.525000000000000000e+03 1.783289999999999997e-05 4.829119999999999768e-06
2.526000000000000000e+03 1.782929999999999885e-05 4.829589999999999613e-06
2.527000000000000000e+03 1.782580000000000134e-05 4.830060000000000305e-06
2.528000000000000000e+03 1.782220000000000023e-05 4.830530000000000149e-06
2.529000000000000000e+03 1.781869999999999933e-05 4.830999999999999994e-06
2.530000000000000000e+03 1.781519999999999843e-05 4.831479999999999691e-06
2.531000000000000000e+03 1.781160000000000070e-05 4.831950000000000383e-06
2.532000000000000000e+03 1.780809999999999980e-05 4.832420000000000228e-06
2.533000000000000000e+03 1.780449999999999869e-05 4.832899999999999925e-06
2.534000000000000000e+03 1.780100000000000118e-05 4.833379999999999622e-06
2.535000000000000000e+03 1.779740000000000006e-05 4.833860000000000167e-06
2.536000000000000000e+03 1.779389999999999916e-05 4.834339999999999864e-06
2.537000000000000000e+03 1.779040000000000165e-05 4.834820000000000408e-06
2.538000000000000000e+03 1.778680000000000053e-05 4.835300000000000106e-06
2.539000000000000000e+03 1.778329999999999963e-05 4.835779999999999803e-06
2.540000000000000000e+03 1.777979999999999874e-05 4.836260000000000347e-06
2.541000000000000000e+03 1.777620000000000101e-05 4.836740000000000044e-06
2.542000000000000000e+03 1.777270000000000011e-05 4.837229999999999594e-06
2.543000000000000000e+03 1.776919999999999921e-05 4.837719999999999991e-06
2.544000000000000000e+03 1.776560000000000148e-05 4.838199999999999688e-06
2.545000000000000000e+03 1.776210000000000058e-05 4.838690000000000085e-06
2.546000000000000000e+03 1.775859999999999968e-05 4.839179999999999635e-06
2.547000000000000000e+03 1.775499999999999857e-05 4.839670000000000031e-06
2.548000000000000000e+03 1.775150000000000106e-05 4.840159999999999581e-06
2.549000000000000000e+03 1.774800000000000016e-05 4.840649999999999978e-06
2.550000000000000000e+03 1.774439999999999904e-05 4.841140000000000375e-06
2.551000000000000000e+03 1.774090000000000153e-05 4.841629999999999925e-06
2.552000000000000000e+03 1.773740000000000063e-05 4.842130000000000174e-06
2.553000000000000000e+03 1.772719999999999860e-05 4.842619999999999724e-06
2.554000000000000000e+03 1.771019999999999859e-05 4.843119999999999973e-06
2.555000000000000000e+03 1.769329999999999880e-05 4.843620000000000222e-06
2.556000000000000000e+03 1.767649999999999923e-05 4.844119999999999625e-06
2.557000000000000000e+03 1.765959999999999945e-05 4.844610000000000021e-06
2.558000000000000000e+03 1.764269999999999966e-05 4.845110000000000271e-06
2.559000000000000000e+03 1.762590000000000009e-05 4.845609999999999673e-06
2.560000000000000000e+03 1.760910000000000052e-05 4.846119999999999775e-06
2.561000000000000000e+03 1.759230000000000095e-05 4.846620000000000024e-06
2.562000000000000000e+03 1.757550000000000139e-05 4.847120000000000274e-06
2.563000000000000000e+03 1.755869999999999843e-05 4.847630000000000375e-06
2.564000000000000000e+03 1.754199999999999908e-05 4.848129999999999778e-06
2.565000000000000000e+03 1.752529999999999973e-05 4.848639999999999880e-06
2.566000000000000000e+03 1.750850000000000016e-05 4.849149999999999981e-06
2.567000000000000000e+03 1.749180000000000082e-05 4.849650000000000231e-06
2.568000000000000000e+03 1.747510000000000147e-05 4.850160000000000333e-06
2.569000000000000000e+03 1.745849999999999895e-05 4.850669999999999587e-06
2.570000000000000000e+03 1.744179999999999960e-05 4.851190000000000389e-06
2.571000000000000000e+03 1.742520000000000047e-05 4.851699999999999644e-06
2.572000000000000000e+03 1.740850000000000112e-05 4.852209999999999745e-06
2.573000000000000000e+03 1.739189999999999860e-05 4.852719999999999847e-06
2.574000000000000000e+03 1.737529999999999947e-05 4.853239999999999802e-06
2.575000000000000000e+03 1.735880000000000056e-05 4.853759999999999756e-06
2.576000000000000000e+03 1.734220000000000143e-05 4.854269999999999858e-06
2.577000000000000000e+03 1.732559999999999892e-05 4.854789999999999812e-06
2.578000000000000000e+03 1.730910000000000001e-05 4.855309999999999767e-06
2.579000000000000000e+03 1.729260000000000110e-05 4.855829999999999721e-06
2.580000000000000000e+03 1.727609999999999880e-05 4.856349999999999675e-06
2.581000000000000000e+03 1.725959999999999989e-05 4.856869999999999630e-06
2.582000000000000000e+03 1.724320000000000120e-05 4.857389999999999584e-06
2.583000000000000000e+03 1.722669999999999890e-05 4.857920000000000238e-06
2.584000000000000000e+03 1.721030000000000021e-05 4.858440000000000192e-06
2.585000000000000000e+03 1.719380000000000130e-05 4.858969999999999999e-06
2.586000000000000000e+03 1.717739999999999922e-05 4.859489999999999954e-06
2.587000000000000000e+03 1.716100000000000053e-05 4.860019999999999760e-06
2.588000000000000000e+03 1.714469999999999867e-05 4.860550000000000414e-06
2.589000000000000000e+03 1.712829999999999998e-05 4.861080000000000221e-06
2.590000000000000000e+03 1.711200000000000150e-05 4.861600000000000176e-06
2.591000000000000000e+03 1.709559999999999943e-05 4.862139999999999835e-06
2.592000000000000000e+03 1.707930000000000095e-05 4.862669999999999642e-06
2.593000000000000000e+03 1.707020000000000133e-05 4.863200000000000296e-06
2.594000000000000000e+03 1.706830000000000055e-05 4.863730000000000103e-06
2.595000000000000000e+03 1.706639999999999977e-05 4.864269999999999762e-06
2.596000000000000000e+03 1.706449999999999899e-05 4.864800000000000416e-06
2.597000000000000000e+03 1.706250000000000139e-05 4.865340000000000075e-06
2.598000000000000000e+03 1.706060000000000061e-05 4.865879999999999735e-06
2.599000000000000000e+03 1.705869999999999983e-05 4.866420000000000241e-06
2.600000000000000000e+03 1.705679999999999905e-05 4.866950000000000048e-06
2.601000000000000000e+03 1.705490000000000166e-05 4.867489999999999708e-06
2.602000000000000000e+03 1.705300000000000088e-05 4.868040000000000066e-06
2.603000000000000000e+03 1.705099999999999989e-05 4.868579999999999726e-06
2.604000000000000000e+03 1.704909999999999911e-05 4.869120000000000232e-06
2.605000000000000000e+03 1.704719999999999833e-05 4.869659999999999892e-06
2.606000000000000000e+03 1.704530000000000094e-05 4.870210000000000251e-06
2.607000000000000000e+03 1.704340000000000016e-05 4.870749999999999910e-06
2.608000000000000000e+03 1.704149999999999938e-05 4.871300000000000269e-06
2.609000000000000000e+03 1.703949999999999839e-05 4.871849999999999781e-06
2.610000000000000000e+03 1.703760000000000100e-05 4.872400000000000140e-06
2.611000000000000000e+03 1.703570000000000022e-05 4.872949999999999652e-06
2.612000000000000000e+03 1.703379999999999944e-05 4.873500000000000011e-06
2.613000000000000000e+03 1.703189999999999866e-05 4.874050000000000370e-06
2.614000000000000000e+03 1.703000000000000127e-05 4.874599999999999882e-06
2.615000000000000000e+03 1.702800000000000028e-05 4.875150000000000241e-06
2.616000000000000000e+03 1.702609999999999950e-05 4.875709999999999605e-06
2.617000000000000000e+03 1.702419999999999872e-05 4.876259999999999964e-06
2.618000000000000000e+03 1.702230000000000133e-05 4.876820000000000176e-06
2.619000000000000000e+03 1.702040000000000055e-05 4.877369999999999687e-06
2.620000000000000000e+03 1.701849999999999977e-05 4.877929999999999899e-06
2.621000000000000000e+03 1.701659999999999900e-05 4.878490000000000110e-06
2.622000000000000000e+03 1.701460000000000139e-05 4.879050000000000322e-06
2.623000000000000000e+03 1.701270000000000061e-05 4.879609999999999686e-06
2.624000000000000000e+03 1.701079999999999983e-05 4.880169999999999898e-06
2.625000000000000000e+03 1.700889999999999905e-05 4.880730000000000109e-06
2.626000000000000000e+03 1.700700000000000166e-05 4.881300000000000173e-06
2.627000000000000000e+03 1.700510000000000088e-05 4.881860000000000385e-06
2.628000000000000000e+03 1.700320000000000011e-05 4.882419999999999749e-06
2.629000000000000000e+03 1.700129999999999933e-05 4.882989999999999813e-06
2.630000000000000000e+03 1.699929999999999833e-05 4.883559999999999877e-06
2.631000000000000000e+03 1.699740000000000094e-05 4.884129999999999941e-06
2.632000000000000000e+03 1.699550000000000016e-05 4.884690000000000153e-06
2.633000000000000000e+03 1.698990000000000144e-05 4.885260000000000217e-06
2.634000000000000000e+03 1.698070000000000159e-05 4.885830000000000281e-06
2.635000000000000000e+03 1.697149999999999836e-05 4.886410000000000197e-06
2.636000000000000000e+03 1.696220000000000168e-05 4.886980000000000261e-06
2.637000000000000000e+03 1.695299999999999845e-05 4.887550000000000325e-06
2.638000000000000000e+03 1.694379999999999861e-05 4.888120000000000389e-06
2.639000000000000000e+03 1.693459999999999876e-05 4.888700000000000306e-06
2.640000000000000000e+03 1.692539999999999892e-05 4.889280000000000222e-06
2.641000000000000000e+03 1.691619999999999908e-05 4.889850000000000286e-06
2.642000000000000000e+03 1.690699999999999923e-05 4.890430000000000203e-06
2.643000000000000000e+03 1.689779999999999939e-05 4.891010000000000119e-06
2.644000000000000000e+03 1.688859999999999954e-05 4.891590000000000036e-06
2.645000000000000000e+03 1.687939999999999970e-05 4.892169999999999952e-06
2.646000000000000000e+03 1.687030000000000007e-05 4.892749999999999869e-06
2.647000000000000000e+03 1.686110000000000023e-05 4.893329999999999785e-06
2.648000000000000000e+03 1.685190000000000039e-05 4.893920000000000401e-06
2.649000000000000000e+03 1.684280000000000076e-05 4.894500000000000318e-06
2.650000000000000000e+03 1.683360000000000092e-05 4.895090000000000087e-06
2.651000000000000000e+03 1.682450000000000129e-05 4.895670000000000004e-06
2.652000000000000000e+03 1.681530000000000145e-05 4.896259999999999773e-06
2.653000000000000000e+03 1.680619999999999844e-05 4.896850000000000389e-06
2.654000000000000000e+03 1.679699999999999859e-05 4.897430000000000305e-06
2.655000000000000000e+03 1.678789999999999897e-05 4.898020000000000074e-06
2.656000000000000000e+03 1.677879999999999934e-05 4.898609999999999843e-06
2.657000000000000000e+03 1.676969999999999972e-05 4.899210000000000312e-06
2.658000000000000000e+03 1.676049999999999987e-05 4.899800000000000081e-06
2.659000000000000000e+03 1.675140000000000025e-05 4.900389999999999850e-06
2.660000000000000000e+03 1.674230000000000062e-05 4.900990000000000319e-06
2.661000000000000000e+03 1.673320000000000100e-05 4.901580000000000088e-06
2.662000000000000000e+03 1.672410000000000137e-05 4.902179999999999709e-06
2.663000000000000000e+03 1.671499999999999836e-05 4.902770000000000325e-06
2.664000000000000000e+03 1.670599999999999895e-05 4.903369999999999947e-06
2.665000000000000000e+03 1.669689999999999933e-05 4.903970000000000415e-06
2.666000000000000000e+03 1.668779999999999970e-05 4.904570000000000037e-06
2.667000000000000000e+03 1.667870000000000008e-05 4.905169999999999658e-06
2.668000000000000000e+03 1.666970000000000067e-05 4.905770000000000127e-06
2.669000000000000000e+03 1.666060000000000105e-05 4.906369999999999749e-06
2.670000000000000000e+03 1.665150000000000142e-05 4.906980000000000070e-06
2.671000000000000000e+03 1.664249999999999863e-05 4.907579999999999691e-06
2.672000000000000000e+03 1.663339999999999901e-05 4.908190000000000012e-06
2.673000000000000000e+03 1.662060000000000143e-05 4.908789999999999634e-06
2.674000000000000000e+03 1.660399999999999891e-05 4.909399999999999955e-06
2.675000000000000000e+03 1.658739999999999978e-05 4.910010000000000276e-06
2.676000000000000000e+03 1.657080000000000065e-05 4.910619999999999750e-06
2.677000000000000000e+03 1.655420000000000153e-05 4.911230000000000071e-06
2.678000000000000000e+03 1.653769999999999923e-05 4.911840000000000393e-06
2.679000000000000000e+03 1.652110000000000010e-05 4.912449999999999867e-06
2.680000000000000000e+03 1.650460000000000119e-05 4.913060000000000188e-06
2.681000000000000000e+03 1.648809999999999889e-05 4.913669999999999662e-06
2.682000000000000000e+03 1.647159999999999998e-05 4.914289999999999835e-06
2.683000000000000000e+03 1.645520000000000129e-05 4.914900000000000157e-06
2.684000000000000000e+03 1.643869999999999899e-05 4.915520000000000330e-06
2.685000000000000000e+03 1.642230000000000030e-05 4.916129999999999804e-06
2.686000000000000000e+03 1.640580000000000139e-05 4.916749999999999978e-06
2.687000000000000000e+03 1.638939999999999931e-05 4.917370000000000152e-06
2.688000000000000000e+03 1.637300000000000062e-05 4.917990000000000325e-06
2.689000000000000000e+03 1.635669999999999876e-05 4.918609999999999652e-06
2.690000000000000000e+03 1.634030000000000007e-05 4.919229999999999825e-06
2.691000000000000000e+03 1.632400000000000159e-05 4.919849999999999999e-06
2.692000000000000000e+03 1.630769999999999974e-05 4.920480000000000025e-06
2.693000000000000000e+03 1.629140000000000126e-05 4.921100000000000199e-06
2.694000000000000000e+03 1.627509999999999940e-05 4.921730000000000225e-06
2.695000000000000000e+03 1.625880000000000093e-05 4.922350000000000399e-06
2.696000000000000000e+03 1.624249999999999907e-05 4.922979999999999578e-06
2.697000000000000000e+03 1.622630000000000082e-05 4.923609999999999604e-06
2.698000000000000000e+03 1.621009999999999918e-05 4.924229999999999778e-06
2.699000000000000000e+03 1.619390000000000093e-05 4.924859999999999804e-06
2.700000000000000000e+03 1.617769999999999929e-05 4.925489999999999830e-06
2.701000000000000000e+03 1.616150000000000103e-05 4.926129999999999709e-06
2.702000000000000000e+03 1.614529999999999939e-05 4.926759999999999735e-06
2.703000000000000000e+03 1.612920000000000136e-05 4.927389999999999761e-06
2.704000000000000000e+03 1.611309999999999994e-05 4.928019999999999787e-06
2.705000000000000000e+03 1.609690000000000169e-05 4.928659999999999666e-06
2.706000000000000000e+03 1.608080000000000026e-05 4.929289999999999692e-06
2.707000000000000000e+03 1.606479999999999906e-05 4.929930000000000418e-06
2.708000000000000000e+03 1.604870000000000103e-05 4.930570000000000296e-06
2.709000000000000000e+03 1.603269999999999983e-05 4.931210000000000175e-06
2.710000000000000000e+03 1.601659999999999841e-05 4.931850000000000054e-06
2.711000000000000000e+03 1.600060000000000059e-05 4.932489999999999932e-06
2.712000000000000000e+03 1.598459999999999939e-05 4.933129999999999811e-06
2.713000000000000000e+03 1.597669999999999901e-05 4.933769999999999690e-06
2.714000000000000000e+03 1.597669999999999901e-05 4.934410000000000415e-06
2.715000000000000000e+03 1.597679999999999923e-05 4.935060000000000146e-06
2.716000000000000000e+03 1.597689999999999945e-05 4.935700000000000025e-06
2.717000000000000000e+03 1.597699999999999967e-05 4.936349999999999756e-06
2.718000000000000000e+03 1.597709999999999988e-05 4.936989999999999635e-06
2.719000000000000000e+03 1.597720000000000010e-05 4.937640000000000213e-06
2.720000000000000000e+03 1.597730000000000032e-05 4.938289999999999944e-06
2.721000000000000000e+03 1.597740000000000054e-05 4.938939999999999676e-06
2.722000000000000000e+03 1.597750000000000076e-05 4.939590000000000254e-06
2.723000000000000000e+03 1.597760000000000098e-05 4.940239999999999985e-06
2.724000000000000000e+03 1.597770000000000120e-05 4.940889999999999716e-06
2.725000000000000000e+03 1.597770000000000120e-05 4.941540000000000294e-06
2.726000000000000000e+03 1.597780000000000142e-05 4.942199999999999878e-06
2.727000000000000000e+03 1.597790000000000164e-05 4.942849999999999609e-06
2.728000000000000000e+03 1.597799999999999847e-05 4.943510000000000040e-06
2.729000000000000000e+03 1.597809999999999869e-05 4.944159999999999771e-06
2.730000000000000000e+03 1.597819999999999891e-05 4.944820000000000202e-06
2.731000000000000000e+03 1.597829999999999913e-05 4.945479999999999786e-06
2.732000000000000000e+03 1.597839999999999935e-05 4.946140000000000217e-06
2.733000000000000000e+03 1.597849999999999957e-05 4.946799999999999800e-06
2.734000000000000000e+03 1.597859999999999979e-05 4.947460000000000231e-06
2.735000000000000000e+03 1.597859999999999979e-05 4.948119999999999815e-06
2.736000000000000000e+03 1.597870000000000001e-05 4.948780000000000246e-06
2.737000000000000000e+03 1.597880000000000022e-05 4.949439999999999829e-06
2.738000000000000000e+03 1.597890000000000044e-05 4.950110000000000112e-06
2.739000000000000000e+03 1.597900000000000066e-05 4.950769999999999696e-06
2.740000000000000000e+03 1.597910000000000088e-05 4.951439999999999979e-06
2.741000000000000000e+03 1.597920000000000110e-05 4.952110000000000263e-06
2.742000000000000000e+03 1.597930000000000132e-05 4.952769999999999846e-06
2.743000000000000000e+03 1.597940000000000154e-05 4.953440000000000130e-06
2.744000000000000000e+03 1.597949999999999837e-05 4.954110000000000413e-06
2.745000000000000000e+03 1.597949999999999837e-05 4.954779999999999849e-06
2.746000000000000000e+03 1.597959999999999859e-05 4.955450000000000133e-06
2.747000000000000000e+03 1.597969999999999881e-05 4.956130000000000268e-06
2.748000000000000000e+03 1.597979999999999903e-05 4.956799999999999705e-06
2.749000000000000000e+03 1.597989999999999925e-05 4.957469999999999988e-06
2.750000000000000000e+03 1.597999999999999947e-05 4.958150000000000124e-06
2.751000000000000000e+03 1.598009999999999969e-05 4.958820000000000407e-06
2.752000000000000000e+03 1.598019999999999991e-05 4.959499999999999696e-06
2.753000000000000000e+03 1.597839999999999935e-05 4.960179999999999831e-06
2.754000000000000000e+03 1.597470000000000140e-05 4.960859999999999967e-06
2.755000000000000000e+03 1.597100000000000006e-05 4.961540000000000103e-06
2.756000000000000000e+03 1.596729999999999873e-05 4.962220000000000239e-06
2.757000000000000000e+03 1.596360000000000078e-05 4.962900000000000375e-06
2.758000000000000000e+03 1.595989999999999944e-05 4.963579999999999663e-06
2.759000000000000000e+03 1.595620000000000149e-05 4.964259999999999799e-06
2.760000000000000000e+03 1.595250000000000015e-05 4.964949999999999787e-06
2.761000000000000000e+03 1.594889999999999904e-05 4.965629999999999923e-06
2.762000000000000000e+03 1.594520000000000109e-05 4.966319999999999912e-06
2.763000000000000000e+03 1.594149999999999975e-05 4.967000000000000047e-06
2.764000000000000000e+03 1.593779999999999841e-05 4.967690000000000036e-06
2.765000000000000000e+03 1.593410000000000047e-05 4.968380000000000024e-06
2.766000000000000000e+03 1.593039999999999913e-05 4.969070000000000012e-06
2.767000000000000000e+03 1.592670000000000118e-05 4.969760000000000001e-06
2.768000000000000000e+03 1.592310000000000006e-05 4.970449999999999989e-06
2.769000000000000000e+03 1.591939999999999873e-05 4.971139999999999977e-06
2.770000000000000000e+03 1.591570000000000078e-05 4.971829999999999966e-06
2.771000000000000000e+03 1.591199999999999944e-05 4.972519999999999954e-06
2.772000000000000000e+03 1.590830000000000149e-05 4.973219999999999795e-06
2.773000000000000000e+03 1.590470000000000037e-05 4.973909999999999783e-06
2.774000000000000000e+03 1.590099999999999904e-05 4.974609999999999624e-06
2.775000000000000000e+03 1.589730000000000109e-05 4.975310000000000312e-06
2.776000000000000000e+03 1.589359999999999975e-05 4.976010000000000153e-06
2.777000000000000000e+03 1.588999999999999864e-05 4.976700000000000141e-06
2.778000000000000000e+03 1.588630000000000069e-05 4.977399999999999982e-06
2.779000000000000000e+03 1.588259999999999935e-05 4.978099999999999822e-06
2.780000000000000000e+03 1.587900000000000162e-05 4.978810000000000363e-06
2.781000000000000000e+03 1.587530000000000028e-05 4.979510000000000204e-06
2.782000000000000000e+03 1.587159999999999895e-05 4.980210000000000045e-06
2.783000000000000000e+03 1.586790000000000100e-05 4.980909999999999885e-06
2.784000000000000000e+03 1.586429999999999988e-05 4.981619999999999579e-06
2.785000000000000000e+03 1.586059999999999854e-05 4.982330000000000119e-06
2.786000000000000000e+03 1.585690000000000060e-05 4.983029999999999960e-06
2.787000000000000000e+03 1.585329999999999948e-05 4.983739999999999653e-06
2.788000000000000000e+03 1.584960000000000153e-05 4.984450000000000194e-06
2.789000000000000000e+03 1.584590000000000019e-05 4.985159999999999887e-06
2.790000000000000000e+03 1.584229999999999907e-05 4.985869999999999580e-06
2.791000000000000000e+03 1.583860000000000113e-05 4.986580000000000121e-06
2.792000000000000000e+03 1.583500000000000001e-05 4.987289999999999814e-06
2.793000000000000000e+03 1.583139999999999889e-05 4.988000000000000355e-06
2.794000000000000000e+03 1.582780000000000116e-05 4.988719999999999900e-06
2.795000000000000000e+03 1.582430000000000026e-05 4.989429999999999594e-06
2.796000000000000000e+03 1.582079999999999937e-05 4.990149999999999987e-06
2.797000000000000000e+03 1.581729999999999847e-05 4.990859999999999680e-06
2.798000000000000000e+03 1.581380000000000096e-05 4.991580000000000073e-06
2.799000000000000000e+03 1.581030000000000006e-05 4.992299999999999619e-06
2.800000000000000000e+03 1.580669999999999894e-05 4.993020000000000012e-06
2.801000000000000000e+03 1.580320000000000143e-05 4.993740000000000405e-06
2.802000000000000000e+03 1.579970000000000053e-05 4.994459999999999950e-06
2.803000000000000000e+03 1.579619999999999963e-05 4.995180000000000343e-06
2.804000000000000000e+03 1.579269999999999874e-05 4.995899999999999889e-06
2.805000000000000000e+03 1.578920000000000123e-05 4.996630000000000135e-06
2.806000000000000000e+03 1.578570000000000033e-05 4.997349999999999681e-06
2.807000000000000000e+03 1.578209999999999921e-05 4.998070000000000073e-06
2.808000000000000000e+03 1.577859999999999831e-05 4.998800000000000319e-06
2.809000000000000000e+03 1.577510000000000080e-05 4.999529999999999717e-06
2.810000000000000000e+03 1.577159999999999990e-05 5.000259999999999963e-06
2.811000000000000000e+03 1.576809999999999901e-05 5.000980000000000356e-06
2.812000000000000000e+03 1.576460000000000150e-05 5.001709999999999754e-06
2.813000000000000000e+03 1.576110000000000060e-05 5.002439999999999999e-06
2.814000000000000000e+03 1.575759999999999970e-05 5.003170000000000245e-06
2.815000000000000000e+03 1.575409999999999880e-05 5.003910000000000343e-06
2.816000000000000000e+03 1.575060000000000129e-05 5.004639999999999741e-06
2.817000000000000000e+03 1.574710000000000039e-05 5.005369999999999987e-06
2.818000000000000000e+03 1.574359999999999949e-05 5.006110000000000085e-06
2.819000000000000000e+03 1.574009999999999860e-05 5.006840000000000330e-06
2.820000000000000000e+03 1.573660000000000109e-05 5.007579999999999581e-06
2.821000000000000000e+03 1.573310000000000019e-05 5.008319999999999679e-06
2.822000000000000000e+03 1.572959999999999929e-05 5.009059999999999777e-06
2.823000000000000000e+03 1.572609999999999839e-05 5.009799999999999875e-06
2.824000000000000000e+03 1.572260000000000088e-05 5.010539999999999973e-06
2.825000000000000000e+03 1.571909999999999998e-05 5.011280000000000071e-06
2.826000000000000000e+03 1.571559999999999909e-05 5.012020000000000169e-06
2.827000000000000000e+03 1.571210000000000158e-05 5.012760000000000267e-06
2.828000000000000000e+03 1.570860000000000068e-05 5.013500000000000364e-06
2.829000000000000000e+03 1.570509999999999978e-05 5.014250000000000315e-06
2.830000000000000000e+03 1.570159999999999888e-05 5.014990000000000413e-06
2.831000000000000000e+03 1.569810000000000137e-05 5.015740000000000363e-06
2.832000000000000000e+03 1.569460000000000047e-05 5.016490000000000314e-06
2.833000000000000000e+03 1.568619999999999899e-05 5.017230000000000412e-06
2.834000000000000000e+03 1.567770000000000068e-05 5.017980000000000362e-06
2.835000000000000000e+03 1.566929999999999921e-05 5.018730000000000313e-06
2.836000000000000000e+03 1.566080000000000090e-05 5.019480000000000263e-06
2.837000000000000000e+03 1.565239999999999942e-05 5.020230000000000214e-06
2.838000000000000000e+03 1.564390000000000111e-05 5.020990000000000017e-06
2.839000000000000000e+03 1.563549999999999963e-05 5.021739999999999967e-06
2.840000000000000000e+03 1.562710000000000154e-05 5.022489999999999918e-06
2.841000000000000000e+03 1.561870000000000006e-05 5.023249999999999721e-06
2.842000000000000000e+03 1.561029999999999859e-05 5.023999999999999671e-06
2.843000000000000000e+03 1.560180000000000028e-05 5.024760000000000321e-06
2.844000000000000000e+03 1.559339999999999880e-05 5.025520000000000124e-06
2.845000000000000000e+03 1.558500000000000071e-05 5.026279999999999927e-06
2.846000000000000000e+03 1.557659999999999923e-05 5.027029999999999877e-06
2.847000000000000000e+03 1.556820000000000114e-05 5.027789999999999680e-06
2.848000000000000000e+03 1.555989999999999988e-05 5.028560000000000183e-06
2.849000000000000000e+03 1.555149999999999840e-05 5.029319999999999986e-06
2.850000000000000000e+03 1.554310000000000031e-05 5.030079999999999789e-06
2.851000000000000000e+03 1.553469999999999884e-05 5.030839999999999592e-06
2.852000000000000000e+03 1.552640000000000096e-05 5.031610000000000095e-06
2.853000000000000000e+03 1.551799999999999949e-05 5.032369999999999897e-06
2.854000000000000000e+03 1.550960000000000140e-05 5.033140000000000400e-06
2.855000000000000000e+03 1.550130000000000014e-05 5.033910000000000056e-06
2.856000000000000000e+03 1.549289999999999866e-05 5.034669999999999859e-06
2.857000000000000000e+03 1.548460000000000079e-05 5.035440000000000361e-06
2.858000000000000000e+03 1.547619999999999931e-05 5.036210000000000017e-06
2.859000000000000000e+03 1.546790000000000144e-05 5.036979999999999672e-06
2.860000000000000000e+03 1.545960000000000018e-05 5.037750000000000175e-06
2.861000000000000000e+03 1.545119999999999870e-05 5.038529999999999683e-06
2.862000000000000000e+03 1.544290000000000083e-05 5.039300000000000185e-06
2.863000000000000000e+03 1.543459999999999957e-05 5.040069999999999841e-06
2.864000000000000000e+03 1.542629999999999831e-05 5.040850000000000196e-06
2.865000000000000000e+03 1.541800000000000044e-05 5.041619999999999851e-06
2.866000000000000000e+03 1.540959999999999897e-05 5.042400000000000206e-06
2.867000000000000000e+03 1.540130000000000109e-05 5.043179999999999714e-06
2.868000000000000000e+03 1.539299999999999984e-05 5.043960000000000069e-06
2.869000000000000000e+03 1.538479999999999880e-05 5.044729999999999725e-06
2.870000000000000000e+03 1.537650000000000093e-05 5.045510000000000080e-06
2.871000000000000000e+03 1.536819999999999967e-05 5.046300000000000288e-06
2.872000000000000000e+03 1.536420000000000106e-05 5.047079999999999796e-06
2.873000000000000000e+03 1.536440000000000150e-05 5.047860000000000151e-06
2.874000000000000000e+03 1.536459999999999855e-05 5.048639999999999659e-06
2.875000000000000000e+03 1.536479999999999899e-05 5.049429999999999866e-06
2.876000000000000000e+03 1.536499999999999943e-05 5.050210000000000221e-06
2.877000000000000000e+03 1.536530000000000008e-05 5.050999999999999582e-06
2.878000000000000000e+03 1.536550000000000052e-05 5.051789999999999789e-06
2.879000000000000000e+03 1.536570000000000096e-05 5.052570000000000145e-06
2.880000000000000000e+03 1.536590000000000140e-05 5.053360000000000352e-06
2.881000000000000000e+03 1.536619999999999867e-05 5.054149999999999713e-06
2.882000000000000000e+03 1.536639999999999911e-05 5.054939999999999920e-06
2.883000000000000000e+03 1.536659999999999955e-05 5.055730000000000128e-06
2.884000000000000000e+03 1.536679999999999999e-05 5.056530000000000188e-06
2.885000000000000000e+03 1.536710000000000064e-05 5.057320000000000396e-06
2.886000000000000000e+03 1.536730000000000108e-05 5.058109999999999756e-06
2.887000000000000000e+03 1.536750000000000152e-05 5.058909999999999816e-06
2.888000000000000000e+03 1.536769999999999857e-05 5.059700000000000024e-06
2.889000000000000000e+03 1.536789999999999901e-05 5.060500000000000084e-06
2.890000000000000000e+03 1.536819999999999967e-05 5.061300000000000144e-06
2.891000000000000000e+03 1.536840000000000011e-05 5.062090000000000352e-06
2.892000000000000000e+03 1.536860000000000054e-05 5.062890000000000412e-06
2.893000000000000000e+03 1.536880000000000098e-05 5.063689999999999625e-06
2.894000000000000000e+03 1.536910000000000164e-05 5.064489999999999685e-06
2.895000000000000000e+03 1.536929999999999869e-05 5.065299999999999597e-06
2.896000000000000000e+03 1.536949999999999913e-05 5.066099999999999658e-06
2.897000000000000000e+03 1.536969999999999957e-05 5.066899999999999718e-06
2.898000000000000000e+03 1.537000000000000023e-05 5.067709999999999630e-06
2.899000000000000000e+03 1.537020000000000066e-05 5.068509999999999690e-06
2.900000000000000000e+03 1.537040000000000110e-05 5.069319999999999603e-06
2.901000000000000000e+03 1.537060000000000154e-05 5.070119999999999663e-06
2.902000000000000000e+03 1.537079999999999859e-05 5.070930000000000423e-06
2.903000000000000000e+03 1.537109999999999925e-05 5.071740000000000335e-06
2.904000000000000000e+03 1.537129999999999969e-05 5.072550000000000248e-06
2.905000000000000000e+03 1.537150000000000013e-05 5.073360000000000161e-06
2.906000000000000000e+03 1.537170000000000057e-05 5.074170000000000073e-06
2.907000000000000000e+03 1.537200000000000122e-05 5.074979999999999986e-06
2.908000000000000000e+03 1.537220000000000166e-05 5.075799999999999751e-06
2.909000000000000000e+03 1.537239999999999871e-05 5.076609999999999664e-06
2.910000000000000000e+03 1.537259999999999915e-05 5.077420000000000423e-06
2.911000000000000000e+03 1.537289999999999981e-05 5.078240000000000188e-06
2.912000000000000000e+03 1.536679999999999999e-05 5.079059999999999954e-06
2.913000000000000000e+03 1.535439999999999990e-05 5.079869999999999866e-06
2.914000000000000000e+03 1.534210000000000004e-05 5.080689999999999631e-06
2.915000000000000000e+03 1.532969999999999995e-05 5.081510000000000244e-06
2.916000000000000000e+03 1.531740000000000009e-05 5.082330000000000009e-06
2.917000000000000000e+03 1.530510000000000022e-05 5.083149999999999774e-06
2.918000000000000000e+03 1.529280000000000035e-05 5.083970000000000386e-06
2.919000000000000000e+03 1.528050000000000049e-05 5.084790000000000151e-06
2.920000000000000000e+03 1.526820000000000062e-05 5.085619999999999769e-06
2.921000000000000000e+03 1.525590000000000076e-05 5.086440000000000381e-06
2.922000000000000000e+03 1.524359999999999920e-05 5.087269999999999999e-06
2.923000000000000000e+03 1.523139999999999955e-05 5.088089999999999764e-06
2.924000000000000000e+03 1.521909999999999969e-05 5.088920000000000229e-06
2.925000000000000000e+03 1.520690000000000004e-05 5.089749999999999846e-06
2.926000000000000000e+03 1.519460000000000018e-05 5.090580000000000311e-06
2.927000000000000000e+03 1.518240000000000053e-05 5.091400000000000076e-06
2.928000000000000000e+03 1.517019999999999919e-05 5.092229999999999694e-06
2.929000000000000000e+03 1.515799999999999954e-05 5.093070000000000011e-06
2.930000000000000000e+03 1.514579999999999990e-05 5.093899999999999629e-06
2.931000000000000000e+03 1.513360000000000025e-05 5.094730000000000093e-06
2.932000000000000000e+03 1.512150000000000083e-05 5.095559999999999711e-06
2.933000000000000000e+03 1.510929999999999949e-05 5.096400000000000028e-06
2.934000000000000000e+03 1.509709999999999984e-05 5.097229999999999646e-06
2.935000000000000000e+03 1.508500000000000041e-05 5.098069999999999963e-06
2.936000000000000000e+03 1.507289999999999929e-05 5.098910000000000280e-06
2.937000000000000000e+03 1.506069999999999965e-05 5.099739999999999898e-06
2.938000000000000000e+03 1.504860000000000022e-05 5.100580000000000215e-06
2.939000000000000000e+03 1.503650000000000079e-05 5.101419999999999685e-06
2.940000000000000000e+03 1.502439999999999967e-05 5.102260000000000003e-06
2.941000000000000000e+03 1.501230000000000025e-05 5.103100000000000320e-06
2.942000000000000000e+03 1.500029999999999934e-05 5.103949999999999642e-06
2.943000000000000000e+03 1.498819999999999992e-05 5.104789999999999960e-06
2.944000000000000000e+03 1.497610000000000049e-05 5.105630000000000277e-06
2.945000000000000000e+03 1.496409999999999959e-05 5.106479999999999600e-06
2.946000000000000000e+03 1.495210000000000038e-05 5.107319999999999917e-06
2.947000000000000000e+03 1.493999999999999926e-05 5.108170000000000087e-06
2.948000000000000000e+03 1.492800000000000005e-05 5.109020000000000256e-06
2.949000000000000000e+03 1.491600000000000085e-05 5.109869999999999579e-06
2.950000000000000000e+03 1.490399999999999994e-05 5.110709999999999896e-06
2.951000000000000000e+03 1.489200000000000074e-05 5.111560000000000066e-06
2.952000000000000000e+03 1.488369999999999948e-05 5.112420000000000088e-06
2.953000000000000000e+03 1.487890000000000081e-05 5.113270000000000258e-06
2.954000000000000000e+03 1.487410000000000045e-05 5.114119999999999581e-06
2.955000000000000000e+03 1.486940000000000031e-05 5.114969999999999750e-06
2.956000000000000000e+03 1.486459999999999995e-05 5.115829999999999773e-06
2.957000000000000000e+03 1.485989999999999981e-05 5.116679999999999942e-06
2.958000000000000000e+03 1.485509999999999945e-05 5.117539999999999965e-06
2.959000000000000000e+03 1.485039999999999931e-05 5.118390000000000134e-06
2.960000000000000000e+03 1.484569999999999916e-05 5.119250000000000157e-06
2.961000000000000000e+03 1.484090000000000050e-05 5.120110000000000179e-06
2.962000000000000000e+03 1.483620000000000036e-05 5.120970000000000201e-06
2.963000000000000000e+03 1.483140000000000000e-05 5.121830000000000223e-06
2.964000000000000000e+03 1.482669999999999985e-05 5.122690000000000246e-06
2.965000000000000000e+03 1.482199999999999971e-05 5.123550000000000268e-06
2.966000000000000000e+03 1.481719999999999935e-05 5.124420000000000143e-06
2.967000000000000000e+03 1.481249999999999921e-05 5.125280000000000165e-06
2.968000000000000000e+03 1.480780000000000076e-05 5.126140000000000187e-06
2.969000000000000000e+03 1.480300000000000040e-05 5.127010000000000062e-06
2.970000000000000000e+03 1.479830000000000026e-05 5.127879999999999937e-06
2.971000000000000000e+03 1.479360000000000012e-05 5.128739999999999959e-06
2.972000000000000000e+03 1.478889999999999998e-05 5.129609999999999834e-06
2.973000000000000000e+03 1.478409999999999962e-05 5.130479999999999709e-06
2.974000000000000000e+03 1.477939999999999948e-05 5.131349999999999583e-06
2.975000000000000000e+03 1.477469999999999934e-05 5.132220000000000305e-06
2.976000000000000000e+03 1.476999999999999919e-05 5.133090000000000180e-06
2.977000000000000000e+03 1.476520000000000053e-05 5.133960000000000055e-06
2.978000000000000000e+03 1.476050000000000039e-05 5.134839999999999782e-06
2.979000000000000000e+03 1.475580000000000024e-05 5.135709999999999657e-06
2.980000000000000000e+03 1.475110000000000010e-05 5.136590000000000231e-06
2.981000000000000000e+03 1.474639999999999996e-05 5.137460000000000106e-06
2.982000000000000000e+03 1.474169999999999982e-05 5.138339999999999833e-06
2.983000000000000000e+03 1.473699999999999968e-05 5.139220000000000408e-06
2.984000000000000000e+03 1.473229999999999954e-05 5.140090000000000282e-06
2.985000000000000000e+03 1.472759999999999940e-05 5.140970000000000010e-06
2.986000000000000000e+03 1.472289999999999926e-05 5.141849999999999737e-06
2.987000000000000000e+03 1.471810000000000059e-05 5.142730000000000311e-06
2.988000000000000000e+03 1.471340000000000045e-05 5.143619999999999891e-06
2.989000000000000000e+03 1.470870000000000031e-05 5.144499999999999618e-06
2.990000000000000000e+03 1.470400000000000016e-05 5.145380000000000193e-06
2.991000000000000000e+03 1.469930000000000002e-05 5.146269999999999773e-06
2.992000000000000000e+03 1.469599999999999956e-05 5.147150000000000347e-06
2.993000000000000000e+03 1.469400000000000026e-05 5.148039999999999927e-06
2.994000000000000000e+03 1.469199999999999926e-05 5.148919999999999654e-06
2.995000000000000000e+03 1.468999999999999996e-05 5.149810000000000081e-06
2.996000000000000000e+03 1.468800000000000066e-05 5.150699999999999661e-06
2.997000000000000000e+03 1.468599999999999966e-05 5.151590000000000088e-06
2.998000000000000000e+03 1.468400000000000036e-05 5.152479999999999667e-06
2.999000000000000000e+03 1.468199999999999936e-05 5.153370000000000094e-06
3.000000000000000000e+03 1.468000000000000006e-05 5.154259999999999674e-06
3.001000000000000000e+03 1.467800000000000075e-05 5.155159999999999953e-06
3.002000000000000000e+03 1.467599999999999976e-05 5.156050000000000380e-06
3.003000000000000000e+03 1.467400000000000045e-05 5.156939999999999960e-06
3.004000000000000000e+03 1.467199999999999945e-05 5.157840000000000239e-06
3.005000000000000000e+03 1.467000000000000015e-05 5.158739999999999672e-06
3.006000000000000000e+03 1.466799999999999915e-05 5.159630000000000099e-06
3.007000000000000000e+03 1.466599999999999985e-05 5.160530000000000378e-06
3.008000000000000000e+03 1.466400000000000055e-05 5.161429999999999810e-06
3.009000000000000000e+03 1.466199999999999955e-05 5.162330000000000090e-06
3.010000000000000000e+03 1.466000000000000025e-05 5.163230000000000369e-06
3.011000000000000000e+03 1.465799999999999925e-05 5.164129999999999801e-06
3.012000000000000000e+03 1.465599999999999995e-05 5.165030000000000081e-06
3.013000000000000000e+03 1.465400000000000064e-05 5.165940000000000213e-06
3.014000000000000000e+03 1.465199999999999965e-05 5.166839999999999645e-06
3.015000000000000000e+03 1.465000000000000034e-05 5.167749999999999777e-06
3.016000000000000000e+03 1.464799999999999935e-05 5.168650000000000056e-06
3.017000000000000000e+03 1.464600000000000004e-05 5.169560000000000188e-06
3.018000000000000000e+03 1.464400000000000074e-05 5.170459999999999621e-06
3.019000000000000000e+03 1.464199999999999974e-05 5.171369999999999753e-06
3.020000000000000000e+03 1.464000000000000044e-05 5.172279999999999884e-06
3.021000000000000000e+03 1.463799999999999944e-05 5.173190000000000016e-06
3.022000000000000000e+03 1.463600000000000014e-05 5.174100000000000148e-06
3.023000000000000000e+03 1.463400000000000083e-05 5.175010000000000280e-06
3.024000000000000000e+03 1.463199999999999984e-05 5.175930000000000265e-06
3.025000000000000000e+03 1.463000000000000053e-05 5.176840000000000396e-06
3.026000000000000000e+03 1.462799999999999954e-05 5.177749999999999681e-06
3.027000000000000000e+03 1.462600000000000023e-05 5.178669999999999666e-06
3.028000000000000000e+03 1.462399999999999924e-05 5.179589999999999650e-06
3.029000000000000000e+03 1.462199999999999993e-05 5.180499999999999782e-06
3.030000000000000000e+03 1.462000000000000063e-05 5.181419999999999766e-06
3.031000000000000000e+03 1.461809999999999985e-05 5.182339999999999751e-06
3.032000000000000000e+03 1.461600000000000033e-05 5.183259999999999735e-06
3.033000000000000000e+03 1.461399999999999933e-05 5.184179999999999720e-06
3.034000000000000000e+03 1.461200000000000003e-05 5.185099999999999704e-06
3.035000000000000000e+03 1.460990000000000051e-05 5.186019999999999688e-06
3.036000000000000000e+03 1.460789999999999951e-05 5.186939999999999673e-06
3.037000000000000000e+03 1.460579999999999999e-05 5.187870000000000357e-06
3.038000000000000000e+03 1.460380000000000068e-05 5.188790000000000341e-06
3.039000000000000000e+03 1.460179999999999969e-05 5.189720000000000178e-06
3.040000000000000000e+03 1.459970000000000016e-05 5.190640000000000163e-06
3.041000000000000000e+03 1.459769999999999917e-05 5.191570000000000000e-06
3.042000000000000000e+03 1.459569999999999986e-05 5.192499999999999836e-06
3.043000000000000000e+03 1.459360000000000034e-05 5.193429999999999673e-06
3.044000000000000000e+03 1.459159999999999934e-05 5.194360000000000357e-06
3.045000000000000000e+03 1.458960000000000004e-05 5.195290000000000194e-06
3.046000000000000000e+03 1.458750000000000052e-05 5.196220000000000031e-06
3.047000000000000000e+03 1.458549999999999952e-05 5.197149999999999868e-06
3.048000000000000000e+03 1.458350000000000022e-05 5.198090000000000405e-06
3.049000000000000000e+03 1.458140000000000069e-05 5.199020000000000242e-06
3.050000000000000000e+03 1.457939999999999970e-05 5.199950000000000079e-06
3.051000000000000000e+03 1.457740000000000039e-05 5.200889999999999768e-06
3.052000000000000000e+03 1.457529999999999918e-05 5.201830000000000305e-06
3.053000000000000000e+03 1.457329999999999987e-05 5.202760000000000141e-06
3.054000000000000000e+03 1.457130000000000057e-05 5.203699999999999831e-06
3.055000000000000000e+03 1.456919999999999935e-05 5.204640000000000367e-06
3.056000000000000000e+03 1.456720000000000005e-05 5.205580000000000057e-06
3.057000000000000000e+03 1.456520000000000075e-05 5.206519999999999746e-06
3.058000000000000000e+03 1.456309999999999953e-05 5.207460000000000283e-06
3.059000000000000000e+03 1.456110000000000023e-05 5.208409999999999825e-06
3.060000000000000000e+03 1.455909999999999923e-05 5.209350000000000361e-06
3.061000000000000000e+03 1.455699999999999971e-05 5.210290000000000051e-06
3.062000000000000000e+03 1.455500000000000041e-05 5.211239999999999593e-06
3.063000000000000000e+03 1.455299999999999941e-05 5.212180000000000129e-06
3.064000000000000000e+03 1.455100000000000010e-05 5.213129999999999671e-06
3.065000000000000000e+03 1.454890000000000058e-05 5.214080000000000060e-06
3.066000000000000000e+03 1.454689999999999959e-05 5.215029999999999602e-06
3.067000000000000000e+03 1.454490000000000028e-05 5.215979999999999991e-06
3.068000000000000000e+03 1.454280000000000076e-05 5.216930000000000380e-06
3.069000000000000000e+03 1.454079999999999976e-05 5.217879999999999922e-06
3.070000000000000000e+03 1.453880000000000046e-05 5.218830000000000311e-06
3.071000000000000000e+03 1.453679999999999946e-05 5.219779999999999853e-06
3.072000000000000000e+03 1.452950000000000040e-05 5.220740000000000095e-06
3.073000000000000000e+03 1.451689999999999987e-05 5.221689999999999637e-06
3.074000000000000000e+03 1.450439999999999957e-05 5.222649999999999878e-06
3.075000000000000000e+03 1.449189999999999926e-05 5.223600000000000267e-06
3.076000000000000000e+03 1.447940000000000065e-05 5.224559999999999662e-06
3.077000000000000000e+03 1.446690000000000035e-05 5.225519999999999903e-06
3.078000000000000000e+03 1.445440000000000005e-05 5.226480000000000145e-06
3.079000000000000000e+03 1.444199999999999996e-05 5.227440000000000386e-06
3.080000000000000000e+03 1.442949999999999966e-05 5.228399999999999781e-06
3.081000000000000000e+03 1.441709999999999957e-05 5.229360000000000022e-06
3.082000000000000000e+03 1.440459999999999927e-05 5.230320000000000264e-06
3.083000000000000000e+03 1.439219999999999919e-05 5.231279999999999658e-06
3.084000000000000000e+03 1.437980000000000080e-05 5.232249999999999752e-06
3.085000000000000000e+03 1.436740000000000071e-05 5.233209999999999994e-06
3.086000000000000000e+03 1.435500000000000063e-05 5.234180000000000088e-06
3.087000000000000000e+03 1.434260000000000054e-05 5.235140000000000329e-06
3.088000000000000000e+03 1.433020000000000046e-05 5.236109999999999577e-06
3.089000000000000000e+03 1.431790000000000059e-05 5.237079999999999671e-06
3.090000000000000000e+03 1.430550000000000051e-05 5.238049999999999765e-06
3.091000000000000000e+03 1.429320000000000064e-05 5.239019999999999859e-06
3.092000000000000000e+03 1.428090000000000078e-05 5.239989999999999953e-06
3.093000000000000000e+03 1.426850000000000069e-05 5.240960000000000047e-06
3.094000000000000000e+03 1.425620000000000083e-05 5.241930000000000141e-06
3.095000000000000000e+03 1.424389999999999927e-05 5.242910000000000087e-06
3.096000000000000000e+03 1.423169999999999962e-05 5.243880000000000181e-06
3.097000000000000000e+03 1.421939999999999976e-05 5.244860000000000128e-06
3.098000000000000000e+03 1.420709999999999989e-05 5.245830000000000222e-06
3.099000000000000000e+03 1.419490000000000024e-05 5.246810000000000169e-06
3.100000000000000000e+03 1.418260000000000038e-05 5.247790000000000115e-06
3.101000000000000000e+03 1.417040000000000073e-05 5.248760000000000209e-06
3.102000000000000000e+03 1.415819999999999939e-05 5.249740000000000156e-06
3.103000000000000000e+03 1.414589999999999953e-05 5.250720000000000102e-06
3.104000000000000000e+03 1.413369999999999988e-05 5.251709999999999901e-06
3.105000000000000000e+03 1.412160000000000046e-05 5.252689999999999848e-06
3.106000000000000000e+03 1.410940000000000081e-05 5.253669999999999795e-06
3.107000000000000000e+03 1.409719999999999947e-05 5.254649999999999741e-06
3.108000000000000000e+03 1.408499999999999982e-05 5.255640000000000387e-06
3.109000000000000000e+03 1.407290000000000040e-05 5.256620000000000334e-06
3.110000000000000000e+03 1.406079999999999928e-05 5.257610000000000133e-06
3.111000000000000000e+03 1.404859999999999963e-05 5.258599999999999932e-06
3.112000000000000000e+03 1.404430000000000037e-05 5.259579999999999879e-06
3.113000000000000000e+03 1.404769999999999935e-05 5.260569999999999678e-06
3.114000000000000000e+03 1.405120000000000025e-05 5.261560000000000324e-06
3.115000000000000000e+03 1.405469999999999945e-05 5.262550000000000123e-06
3.116000000000000000e+03 1.405810000000000013e-05 5.263539999999999922e-06
3.117000000000000000e+03 1.406159999999999934e-05 5.264540000000000421e-06
3.118000000000000000e+03 1.406500000000000001e-05 5.265530000000000220e-06
3.119000000000000000e+03 1.406849999999999922e-05 5.266520000000000019e-06
3.120000000000000000e+03 1.407200000000000012e-05 5.267519999999999670e-06
3.121000000000000000e+03 1.407540000000000080e-05 5.268510000000000317e-06
3.122000000000000000e+03 1.407890000000000000e-05 5.269509999999999968e-06
3.123000000000000000e+03 1.408239999999999920e-05 5.270509999999999620e-06
3.124000000000000000e+03 1.408579999999999988e-05 5.271510000000000118e-06
3.125000000000000000e+03 1.408930000000000078e-05 5.272509999999999770e-06
3.126000000000000000e+03 1.409279999999999999e-05 5.273500000000000416e-06
3.127000000000000000e+03 1.409620000000000066e-05 5.274509999999999920e-06
3.128000000000000000e+03 1.409969999999999987e-05 5.275510000000000419e-06
3.129000000000000000e+03 1.410320000000000077e-05 5.276510000000000071e-06
3.130000000000000000e+03 1.410659999999999975e-05 5.277509999999999722e-06
3.131000000000000000e+03 1.411010000000000065e-05 5.278520000000000073e-06
3.132000000000000000e+03 1.411359999999999985e-05 5.279519999999999725e-06
3.133000000000000000e+03 1.411700000000000053e-05 5.280530000000000076e-06
3.134000000000000000e+03 1.412049999999999974e-05 5.281529999999999728e-06
3.135000000000000000e+03 1.412400000000000064e-05 5.282540000000000079e-06
3.136000000000000000e+03 1.412749999999999984e-05 5.283549999999999583e-06
3.137000000000000000e+03 1.413090000000000052e-05 5.284559999999999934e-06
3.138000000000000000e+03 1.413439999999999972e-05 5.285570000000000285e-06
3.139000000000000000e+03 1.413790000000000062e-05 5.286579999999999790e-06
3.140000000000000000e+03 1.414139999999999983e-05 5.287590000000000141e-06
3.141000000000000000e+03 1.414490000000000072e-05 5.288610000000000344e-06
3.142000000000000000e+03 1.414829999999999971e-05 5.289619999999999849e-06
3.143000000000000000e+03 1.415180000000000061e-05 5.290630000000000200e-06
3.144000000000000000e+03 1.415529999999999981e-05 5.291650000000000403e-06
3.145000000000000000e+03 1.415880000000000071e-05 5.292669999999999760e-06
3.146000000000000000e+03 1.416229999999999991e-05 5.293680000000000111e-06
3.147000000000000000e+03 1.416580000000000081e-05 5.294700000000000315e-06
3.148000000000000000e+03 1.416919999999999980e-05 5.295719999999999672e-06
3.149000000000000000e+03 1.417270000000000069e-05 5.296739999999999875e-06
3.150000000000000000e+03 1.417619999999999990e-05 5.297760000000000079e-06
3.151000000000000000e+03 1.417970000000000080e-05 5.298780000000000283e-06
3.152000000000000000e+03 1.417919999999999970e-05 5.299799999999999639e-06
3.153000000000000000e+03 1.417470000000000000e-05 5.300829999999999695e-06
3.154000000000000000e+03 1.417020000000000029e-05 5.301849999999999899e-06
3.155000000000000000e+03 1.416570000000000059e-05 5.302870000000000103e-06
3.156000000000000000e+03 1.416110000000000067e-05 5.303900000000000159e-06
3.157000000000000000e+03 1.415659999999999927e-05 5.304930000000000215e-06
3.158000000000000000e+03 1.415209999999999957e-05 5.305950000000000419e-06
3.159000000000000000e+03 1.414759999999999987e-05 5.306979999999999628e-06
3.160000000000000000e+03 1.414310000000000016e-05 5.308009999999999684e-06
3.161000000000000000e+03 1.413860000000000046e-05 5.309039999999999741e-06
3.162000000000000000e+03 1.413410000000000076e-05 5.310069999999999797e-06
3.163000000000000000e+03 1.412959999999999936e-05 5.311099999999999853e-06
3.164000000000000000e+03 1.412509999999999966e-05 5.312139999999999762e-06
3.165000000000000000e+03 1.412059999999999996e-05 5.313169999999999818e-06
3.166000000000000000e+03 1.411610000000000025e-05 5.314199999999999874e-06
3.167000000000000000e+03 1.411170000000000077e-05 5.315239999999999783e-06
3.168000000000000000e+03 1.410719999999999937e-05 5.316269999999999839e-06
3.169000000000000000e+03 1.410269999999999967e-05 5.317309999999999748e-06
3.170000000000000000e+03 1.409819999999999997e-05 5.318349999999999656e-06
3.171000000000000000e+03 1.409370000000000027e-05 5.319390000000000412e-06
3.172000000000000000e+03 1.408920000000000056e-05 5.320430000000000321e-06
3.173000000000000000e+03 1.408469999999999917e-05 5.321470000000000230e-06
3.174000000000000000e+03 1.408029999999999968e-05 5.322510000000000138e-06
3.175000000000000000e+03 1.407579999999999998e-05 5.323550000000000047e-06
3.176000000000000000e+03 1.407130000000000028e-05 5.324589999999999956e-06
3.177000000000000000e+03 1.406680000000000057e-05 5.325639999999999717e-06
3.178000000000000000e+03 1.406229999999999918e-05 5.326679999999999626e-06
3.179000000000000000e+03 1.405789999999999969e-05 5.327730000000000234e-06
3.180000000000000000e+03 1.405339999999999999e-05 5.328770000000000143e-06
3.181000000000000000e+03 1.404890000000000029e-05 5.329819999999999904e-06
3.182000000000000000e+03 1.404440000000000058e-05 5.330869999999999665e-06
3.183000000000000000e+03 1.403999999999999941e-05 5.331920000000000274e-06
3.184000000000000000e+03 1.403549999999999970e-05 5.332970000000000035e-06
3.185000000000000000e+03 1.403100000000000000e-05 5.334019999999999796e-06
3.186000000000000000e+03 1.402660000000000052e-05 5.335070000000000404e-06
3.187000000000000000e+03 1.402210000000000082e-05 5.336120000000000166e-06
3.188000000000000000e+03 1.401769999999999964e-05 5.337169999999999927e-06
3.189000000000000000e+03 1.401319999999999993e-05 5.338230000000000388e-06
3.190000000000000000e+03 1.400870000000000023e-05 5.339280000000000149e-06
3.191000000000000000e+03 1.400430000000000075e-05 5.340339999999999763e-06
3.192000000000000000e+03 1.399950000000000039e-05 5.341390000000000371e-06
3.193000000000000000e+03 1.399459999999999981e-05 5.342449999999999985e-06
3.194000000000000000e+03 1.398960000000000070e-05 5.343509999999999599e-06
3.195000000000000000e+03 1.398459999999999990e-05 5.344570000000000059e-06
3.196000000000000000e+03 1.397960000000000080e-05 5.345629999999999673e-06
3.197000000000000000e+03 1.397460000000000000e-05 5.346690000000000134e-06
3.198000000000000000e+03 1.396959999999999920e-05 5.347749999999999748e-06
3.199000000000000000e+03 1.396460000000000010e-05 5.348810000000000208e-06
3.200000000000000000e+03 1.395959999999999930e-05 5.349879999999999675e-06
3.201000000000000000e+03 1.395470000000000041e-05 5.350940000000000136e-06
3.202000000000000000e+03 1.394969999999999961e-05 5.352009999999999602e-06
3.203000000000000000e+03 1.394470000000000051e-05 5.353070000000000063e-06
3.204000000000000000e+03 1.393969999999999971e-05 5.354140000000000376e-06
3.205000000000000000e+03 1.393480000000000082e-05 5.355209999999999842e-06
3.206000000000000000e+03 1.392980000000000002e-05 5.356270000000000303e-06
3.207000000000000000e+03 1.392479999999999922e-05 5.357339999999999769e-06
3.208000000000000000e+03 1.391990000000000034e-05 5.358410000000000083e-06
3.209000000000000000e+03 1.391489999999999954e-05 5.359490000000000249e-06
3.210000000000000000e+03 1.390990000000000043e-05 5.360559999999999715e-06
3.211000000000000000e+03 1.390499999999999985e-05 5.361630000000000028e-06
3.212000000000000000e+03 1.390000000000000075e-05 5.362700000000000341e-06
3.213000000000000000e+03 1.389510000000000017e-05 5.363779999999999660e-06
3.214000000000000000e+03 1.389009999999999937e-05 5.364849999999999974e-06
3.215000000000000000e+03 1.388510000000000026e-05 5.365930000000000139e-06
3.216000000000000000e+03 1.388019999999999968e-05 5.367010000000000305e-06
3.217000000000000000e+03 1.387520000000000058e-05 5.368089999999999624e-06
3.218000000000000000e+03 1.387030000000000000e-05 5.369159999999999937e-06
3.219000000000000000e+03 1.386529999999999920e-05 5.370240000000000103e-06
3.220000000000000000e+03 1.386040000000000031e-05 5.371320000000000269e-06
3.221000000000000000e+03 1.385549999999999973e-05 5.372410000000000287e-06
3.222000000000000000e+03 1.385050000000000063e-05 5.373489999999999606e-06
3.223000000000000000e+03 1.384560000000000005e-05 5.374569999999999772e-06
3.224000000000000000e+03 1.384059999999999925e-05 5.375659999999999790e-06
3.225000000000000000e+03 1.383570000000000036e-05 5.376739999999999956e-06
3.226000000000000000e+03 1.383079999999999978e-05 5.377829999999999975e-06
3.227000000000000000e+03 1.382580000000000068e-05 5.378910000000000141e-06
3.228000000000000000e+03 1.382090000000000010e-05 5.380000000000000159e-06
3.229000000000000000e+03 1.381599999999999952e-05 5.381090000000000177e-06
3.230000000000000000e+03 1.381100000000000041e-05 5.382180000000000196e-06
3.231000000000000000e+03 1.380609999999999983e-05 5.383270000000000214e-06
3.232000000000000000e+03 1.380330000000000047e-05 5.384360000000000232e-06
3.233000000000000000e+03 1.380039999999999919e-05 5.385450000000000251e-06
3.234000000000000000e+03 1.379759999999999983e-05 5.386540000000000269e-06
3.235000000000000000e+03 1.379480000000000047e-05 5.387640000000000140e-06
3.236000000000000000e+03 1.379189999999999919e-05 5.388730000000000158e-06
3.237000000000000000e+03 1.378909999999999983e-05 5.389830000000000029e-06
3.238000000000000000e+03 1.378630000000000046e-05 5.390920000000000048e-06
3.239000000000000000e+03 1.378339999999999919e-05 5.392019999999999918e-06
3.240000000000000000e+03 1.378059999999999982e-05 5.393119999999999789e-06
3.241000000000000000e+03 1.377780000000000046e-05 5.394219999999999660e-06
3.242000000000000000e+03 1.377489999999999918e-05 5.395320000000000378e-06
3.243000000000000000e+03 1.377209999999999982e-05 5.396420000000000249e-06
3.244000000000000000e+03 1.376930000000000046e-05 5.397520000000000120e-06
3.245000000000000000e+03 1.376649999999999940e-05 5.398619999999999991e-06
3.246000000000000000e+03 1.376359999999999982e-05 5.399719999999999862e-06
3.247000000000000000e+03 1.376080000000000045e-05 5.400829999999999585e-06
3.248000000000000000e+03 1.375799999999999940e-05 5.401930000000000303e-06
3.249000000000000000e+03 1.375520000000000003e-05 5.403040000000000026e-06
3.250000000000000000e+03 1.375230000000000045e-05 5.404139999999999897e-06
3.251000000000000000e+03 1.374949999999999939e-05 5.405249999999999621e-06
3.252000000000000000e+03 1.374670000000000003e-05 5.406360000000000191e-06
3.253000000000000000e+03 1.374390000000000067e-05 5.407469999999999915e-06
3.254000000000000000e+03 1.374099999999999939e-05 5.408579999999999638e-06
3.255000000000000000e+03 1.373820000000000003e-05 5.409690000000000208e-06
3.256000000000000000e+03 1.373540000000000066e-05 5.410799999999999932e-06
3.257000000000000000e+03 1.373259999999999961e-05 5.411909999999999655e-06
3.258000000000000000e+03 1.372970000000000002e-05 5.413030000000000078e-06
3.259000000000000000e+03 1.372690000000000066e-05 5.414139999999999802e-06
3.260000000000000000e+03 1.372409999999999960e-05 5.415260000000000224e-06
3.261000000000000000e+03 1.372130000000000024e-05 5.416369999999999948e-06
3.262000000000000000e+03 1.371849999999999918e-05 5.417490000000000371e-06
3.263000000000000000e+03 1.371559999999999960e-05 5.418609999999999947e-06
3.264000000000000000e+03 1.371280000000000024e-05 5.419719999999999670e-06
3.265000000000000000e+03 1.370999999999999918e-05 5.420840000000000093e-06
3.266000000000000000e+03 1.370719999999999982e-05 5.421959999999999669e-06
3.267000000000000000e+03 1.370440000000000045e-05 5.423089999999999945e-06
3.268000000000000000e+03 1.370159999999999939e-05 5.424210000000000367e-06
3.269000000000000000e+03 1.369880000000000003e-05 5.425329999999999943e-06
3.270000000000000000e+03 1.369590000000000045e-05 5.426450000000000366e-06
3.271000000000000000e+03 1.369520000000000061e-05 5.427579999999999795e-06
3.272000000000000000e+03 1.369670000000000051e-05 5.428700000000000218e-06
3.273000000000000000e+03 1.369810000000000019e-05 5.429829999999999646e-06
3.274000000000000000e+03 1.369949999999999987e-05 5.430959999999999922e-06
3.275000000000000000e+03 1.370099999999999977e-05 5.432090000000000197e-06
3.276000000000000000e+03 1.370239999999999945e-05 5.433219999999999626e-06
3.277000000000000000e+03 1.370380000000000083e-05 5.434340000000000049e-06
3.278000000000000000e+03 1.370530000000000073e-05 5.435480000000000177e-06
3.279000000000000000e+03 1.370670000000000041e-05 5.436609999999999605e-06
3.280000000000000000e+03 1.370810000000000009e-05 5.437739999999999880e-06
3.281000000000000000e+03 1.370960000000000000e-05 5.438870000000000156e-06
3.282000000000000000e+03 1.371099999999999968e-05 5.440010000000000284e-06
3.283000000000000000e+03 1.371239999999999936e-05 5.441139999999999712e-06
3.284000000000000000e+03 1.371389999999999926e-05 5.442279999999999840e-06
3.285000000000000000e+03 1.371530000000000064e-05 5.443410000000000116e-06
3.286000000000000000e+03 1.371680000000000054e-05 5.444550000000000244e-06
3.287000000000000000e+03 1.371820000000000022e-05 5.445690000000000372e-06
3.288000000000000000e+03 1.371959999999999990e-05 5.446829999999999653e-06
3.289000000000000000e+03 1.372109999999999980e-05 5.447969999999999781e-06
3.290000000000000000e+03 1.372249999999999948e-05 5.449109999999999909e-06
3.291000000000000000e+03 1.372389999999999916e-05 5.450250000000000037e-06
3.292000000000000000e+03 1.372540000000000076e-05 5.451400000000000017e-06
3.293000000000000000e+03 1.372680000000000044e-05 5.452540000000000145e-06
3.294000000000000000e+03 1.372820000000000012e-05 5.453680000000000273e-06
3.295000000000000000e+03 1.372970000000000002e-05 5.454830000000000254e-06
3.296000000000000000e+03 1.373109999999999970e-05 5.455980000000000234e-06
3.297000000000000000e+03 1.373249999999999939e-05 5.457120000000000362e-06
3.298000000000000000e+03 1.373399999999999929e-05 5.458270000000000343e-06
3.299000000000000000e+03 1.373540000000000066e-05 5.459420000000000323e-06
3.300000000000000000e+03 1.373680000000000034e-05 5.460570000000000304e-06
3.301000000000000000e+03 1.373830000000000025e-05 5.461720000000000284e-06
3.302000000000000000e+03 1.373969999999999993e-05 5.462870000000000265e-06
3.303000000000000000e+03 1.374119999999999983e-05 5.464020000000000246e-06
3.304000000000000000e+03 1.374259999999999951e-05 5.465180000000000079e-06
3.305000000000000000e+03 1.374399999999999919e-05 5.466330000000000059e-06
3.306000000000000000e+03 1.374550000000000079e-05 5.467489999999999892e-06
3.307000000000000000e+03 1.374690000000000047e-05 5.468639999999999873e-06
3.308000000000000000e+03 1.374830000000000015e-05 5.469799999999999706e-06
3.309000000000000000e+03 1.374980000000000005e-05 5.470960000000000386e-06
3.310000000000000000e+03 1.375119999999999973e-05 5.472110000000000366e-06
3.311000000000000000e+03 1.374680000000000025e-05 5.473270000000000199e-06
3.312000000000000000e+03 1.373659999999999991e-05 5.474430000000000032e-06
3.313000000000000000e+03 1.372639999999999956e-05 5.475589999999999865e-06
3.314000000000000000e+03 1.371619999999999922e-05 5.476760000000000398e-06
3.315000000000000000e+03 1.370590000000000035e-05 5.477920000000000231e-06
3.316000000000000000e+03 1.369570000000000001e-05 5.479080000000000064e-06
3.317000000000000000e+03 1.368559999999999989e-05 5.480249999999999750e-06
3.318000000000000000e+03 1.367539999999999954e-05 5.481409999999999583e-06
3.319000000000000000e+03 1.366519999999999920e-05 5.482580000000000115e-06
3.320000000000000000e+03 1.365500000000000055e-05 5.483749999999999801e-06
3.321000000000000000e+03 1.364490000000000043e-05 5.484909999999999634e-06
3.322000000000000000e+03 1.363470000000000009e-05 5.486080000000000166e-06
3.323000000000000000e+03 1.362459999999999996e-05 5.487249999999999852e-06
3.324000000000000000e+03 1.361439999999999962e-05 5.488420000000000385e-06
3.325000000000000000e+03 1.360429999999999950e-05 5.489599999999999923e-06
3.326000000000000000e+03 1.359419999999999937e-05 5.490769999999999608e-06
3.327000000000000000e+03 1.358400000000000072e-05 5.491940000000000141e-06
3.328000000000000000e+03 1.357390000000000060e-05 5.493109999999999826e-06
3.329000000000000000e+03 1.356380000000000048e-05 5.494290000000000212e-06
3.330000000000000000e+03 1.355370000000000035e-05 5.495469999999999750e-06
3.331000000000000000e+03 1.354360000000000023e-05 5.496640000000000282e-06
3.332000000000000000e+03 1.353360000000000033e-05 5.497819999999999820e-06
3.333000000000000000e+03 1.352350000000000020e-05 5.499000000000000205e-06
3.334000000000000000e+03 1.351340000000000008e-05 5.500179999999999743e-06
3.335000000000000000e+03 1.350340000000000017e-05 5.501360000000000129e-06
3.336000000000000000e+03 1.349330000000000005e-05 5.502539999999999667e-06
3.337000000000000000e+03 1.348330000000000015e-05 5.503720000000000052e-06
3.338000000000000000e+03 1.347320000000000002e-05 5.504899999999999590e-06
3.339000000000000000e+03 1.346320000000000012e-05 5.506089999999999827e-06
3.340000000000000000e+03 1.345320000000000021e-05 5.507270000000000213e-06
3.341000000000000000e+03 1.344320000000000031e-05 5.508459999999999603e-06
3.342000000000000000e+03 1.343320000000000041e-05 5.509639999999999988e-06
3.343000000000000000e+03 1.342320000000000050e-05 5.510830000000000226e-06
3.344000000000000000e+03 1.341320000000000060e-05 5.512019999999999617e-06
3.345000000000000000e+03 1.340320000000000069e-05 5.513209999999999854e-06
3.346000000000000000e+03 1.339320000000000079e-05 5.514400000000000092e-06
3.347000000000000000e+03 1.338329999999999941e-05 5.515590000000000329e-06
3.348000000000000000e+03 1.337329999999999951e-05 5.516779999999999720e-06
3.349000000000000000e+03 1.336329999999999960e-05 5.517969999999999958e-06
3.350000000000000000e+03 1.335339999999999992e-05 5.519160000000000195e-06
3.351000000000000000e+03 1.335029999999999989e-05 5.520360000000000285e-06
3.352000000000000000e+03 1.335389999999999932e-05 5.521549999999999676e-06
3.353000000000000000e+03 1.335760000000000066e-05 5.522749999999999766e-06
3.354000000000000000e+03 1.336120000000000008e-05 5.523949999999999856e-06
3.355000000000000000e+03 1.336489999999999972e-05 5.525140000000000094e-06
3.356000000000000000e+03 1.336850000000000084e-05 5.526340000000000184e-06
3.357000000000000000e+03 1.337220000000000048e-05 5.527540000000000274e-06
3.358000000000000000e+03 1.337579999999999990e-05 5.528740000000000364e-06
3.359000000000000000e+03 1.337949999999999955e-05 5.529939999999999608e-06
3.360000000000000000e+03 1.338310000000000067e-05 5.531150000000000397e-06
3.361000000000000000e+03 1.338680000000000031e-05 5.532349999999999640e-06
3.362000000000000000e+03 1.339049999999999995e-05 5.533549999999999731e-06
3.363000000000000000e+03 1.339409999999999937e-05 5.534759999999999673e-06
3.364000000000000000e+03 1.339780000000000071e-05 5.535959999999999763e-06
3.365000000000000000e+03 1.340140000000000013e-05 5.537169999999999706e-06
3.366000000000000000e+03 1.340509999999999978e-05 5.538379999999999649e-06
3.367000000000000000e+03 1.340879999999999942e-05 5.539579999999999739e-06
3.368000000000000000e+03 1.341240000000000054e-05 5.540789999999999682e-06
3.369000000000000000e+03 1.341610000000000018e-05 5.541999999999999624e-06
3.370000000000000000e+03 1.341979999999999982e-05 5.543210000000000414e-06
3.371000000000000000e+03 1.342339999999999925e-05 5.544420000000000357e-06
3.372000000000000000e+03 1.342710000000000058e-05 5.545640000000000152e-06
3.373000000000000000e+03 1.343080000000000023e-05 5.546850000000000095e-06
3.374000000000000000e+03 1.343439999999999965e-05 5.548060000000000037e-06
3.375000000000000000e+03 1.343809999999999929e-05 5.549279999999999832e-06
3.376000000000000000e+03 1.344180000000000063e-05 5.550499999999999628e-06
3.377000000000000000e+03 1.344550000000000027e-05 5.551710000000000417e-06
3.378000000000000000e+03 1.344909999999999969e-05 5.552930000000000213e-06
3.379000000000000000e+03 1.345279999999999934e-05 5.554150000000000008e-06
3.380000000000000000e+03 1.345650000000000067e-05 5.555369999999999803e-06
3.381000000000000000e+03 1.346020000000000032e-05 5.556589999999999598e-06
3.382000000000000000e+03 1.346389999999999996e-05 5.557810000000000240e-06
3.383000000000000000e+03 1.346749999999999938e-05 5.559030000000000036e-06
3.384000000000000000e+03 1.347120000000000072e-05 5.560259999999999683e-06
3.385000000000000000e+03 1.347490000000000036e-05 5.561480000000000325e-06
3.386000000000000000e+03 1.347860000000000000e-05 5.562700000000000121e-06
3.387000000000000000e+03 1.348229999999999965e-05 5.563929999999999768e-06
3.388000000000000000e+03 1.348599999999999929e-05 5.565160000000000263e-06
3.389000000000000000e+03 1.348960000000000041e-05 5.566380000000000058e-06
3.390000000000000000e+03 1.349330000000000005e-05 5.567609999999999706e-06
3.391000000000000000e+03 1.349270000000000043e-05 5.568840000000000201e-06
3.392000000000000000e+03 1.348769999999999963e-05 5.570069999999999848e-06
3.393000000000000000e+03 1.348260000000000031e-05 5.571300000000000343e-06
3.394000000000000000e+03 1.347759999999999951e-05 5.572529999999999991e-06
3.395000000000000000e+03 1.347260000000000040e-05 5.573770000000000338e-06
3.396000000000000000e+03 1.346759999999999960e-05 5.574999999999999986e-06
3.397000000000000000e+03 1.346260000000000050e-05 5.576229999999999634e-06
3.398000000000000000e+03 1.345759999999999970e-05 5.577469999999999981e-06
3.399000000000000000e+03 1.345260000000000059e-05 5.578710000000000328e-06
3.400000000000000000e+03 1.344759999999999979e-05 5.579939999999999976e-06
3.401000000000000000e+03 1.344260000000000069e-05 5.581180000000000323e-06
3.402000000000000000e+03 1.343759999999999989e-05 5.582419999999999823e-06
3.403000000000000000e+03 1.343260000000000078e-05 5.583660000000000171e-06
3.404000000000000000e+03 1.342770000000000020e-05 5.584899999999999671e-06
3.405000000000000000e+03 1.342269999999999940e-05 5.586140000000000018e-06
3.406000000000000000e+03 1.341770000000000030e-05 5.587380000000000365e-06
3.407000000000000000e+03 1.341269999999999950e-05 5.588629999999999718e-06
3.408000000000000000e+03 1.340770000000000040e-05 5.589870000000000066e-06
3.409000000000000000e+03 1.340269999999999960e-05 5.591120000000000265e-06
3.410000000000000000e+03 1.339780000000000071e-05 5.592359999999999766e-06
3.411000000000000000e+03 1.339279999999999991e-05 5.593609999999999965e-06
3.412000000000000000e+03 1.338780000000000081e-05 5.594860000000000165e-06
3.413000000000000000e+03 1.338280000000000001e-05 5.596099999999999665e-06
3.414000000000000000e+03 1.337789999999999943e-05 5.597349999999999865e-06
3.415000000000000000e+03 1.337290000000000032e-05 5.598600000000000065e-06
3.416000000000000000e+03 1.336789999999999952e-05 5.599860000000000117e-06
3.417000000000000000e+03 1.336300000000000064e-05 5.601110000000000317e-06
3.418000000000000000e+03 1.335799999999999984e-05 5.602359999999999670e-06
3.419000000000000000e+03 1.335300000000000073e-05 5.603609999999999870e-06
3.420000000000000000e+03 1.334810000000000015e-05 5.604869999999999922e-06
3.421000000000000000e+03 1.334309999999999935e-05 5.606120000000000122e-06
3.422000000000000000e+03 1.333820000000000047e-05 5.607380000000000174e-06
3.423000000000000000e+03 1.333319999999999967e-05 5.608640000000000226e-06
3.424000000000000000e+03 1.332830000000000078e-05 5.609900000000000279e-06
3.425000000000000000e+03 1.332329999999999998e-05 5.611160000000000331e-06
3.426000000000000000e+03 1.331839999999999940e-05 5.612420000000000383e-06
3.427000000000000000e+03 1.331340000000000030e-05 5.613679999999999589e-06
3.428000000000000000e+03 1.330849999999999972e-05 5.614939999999999641e-06
3.429000000000000000e+03 1.330350000000000061e-05 5.616199999999999693e-06
3.430000000000000000e+03 1.329860000000000003e-05 5.617459999999999745e-06
3.431000000000000000e+03 1.329640000000000029e-05 5.618729999999999650e-06
3.432000000000000000e+03 1.329699999999999991e-05 5.619989999999999703e-06
3.433000000000000000e+03 1.329749999999999932e-05 5.621259999999999607e-06
3.434000000000000000e+03 1.329810000000000063e-05 5.622530000000000359e-06
3.435000000000000000e+03 1.329870000000000025e-05 5.623790000000000412e-06
3.436000000000000000e+03 1.329929999999999987e-05 5.625060000000000316e-06
3.437000000000000000e+03 1.329979999999999928e-05 5.626330000000000221e-06
3.438000000000000000e+03 1.330040000000000059e-05 5.627600000000000126e-06
3.439000000000000000e+03 1.330100000000000021e-05 5.628879999999999883e-06
3.440000000000000000e+03 1.330149999999999962e-05 5.630149999999999788e-06
3.441000000000000000e+03 1.330209999999999924e-05 5.631419999999999693e-06
3.442000000000000000e+03 1.330270000000000055e-05 5.632700000000000297e-06
3.443000000000000000e+03 1.330330000000000018e-05 5.633970000000000202e-06
3.444000000000000000e+03 1.330379999999999958e-05 5.635249999999999960e-06
3.445000000000000000e+03 1.330439999999999920e-05 5.636519999999999864e-06
3.446000000000000000e+03 1.330500000000000051e-05 5.637799999999999622e-06
3.447000000000000000e+03 1.330560000000000014e-05 5.639080000000000226e-06
3.448000000000000000e+03 1.330609999999999954e-05 5.640359999999999984e-06
3.449000000000000000e+03 1.330669999999999916e-05 5.641639999999999741e-06
3.450000000000000000e+03 1.330730000000000048e-05 5.642920000000000345e-06
3.451000000000000000e+03 1.330779999999999988e-05 5.644200000000000103e-06
3.452000000000000000e+03 1.330839999999999950e-05 5.645479999999999860e-06
3.453000000000000000e+03 1.330900000000000082e-05 5.646770000000000317e-06
3.454000000000000000e+03 1.330960000000000044e-05 5.648050000000000074e-06
3.455000000000000000e+03 1.331009999999999984e-05 5.649339999999999684e-06
3.456000000000000000e+03 1.331069999999999946e-05 5.650630000000000141e-06
3.457000000000000000e+03 1.331130000000000078e-05 5.651909999999999898e-06
3.458000000000000000e+03 1.331190000000000040e-05 5.653200000000000355e-06
3.459000000000000000e+03 1.331239999999999980e-05 5.654489999999999965e-06
3.460000000000000000e+03 1.331299999999999942e-05 5.655780000000000422e-06
3.461000000000000000e+03 1.331360000000000074e-05 5.657070000000000032e-06
3.462000000000000000e+03 1.331410000000000014e-05 5.658359999999999642e-06
3.463000000000000000e+03 1.331469999999999976e-05 5.659659999999999951e-06
3.464000000000000000e+03 1.331529999999999938e-05 5.660950000000000408e-06
3.465000000000000000e+03 1.331590000000000070e-05 5.662240000000000018e-06
3.466000000000000000e+03 1.331640000000000010e-05 5.663540000000000327e-06
3.467000000000000000e+03 1.331699999999999972e-05 5.664839999999999790e-06
3.468000000000000000e+03 1.331759999999999934e-05 5.666130000000000247e-06
3.469000000000000000e+03 1.331820000000000066e-05 5.667429999999999709e-06
3.470000000000000000e+03 1.331870000000000006e-05 5.668730000000000019e-06
3.471000000000000000e+03 1.331650000000000032e-05 5.670030000000000328e-06
3.472000000000000000e+03 1.331139999999999930e-05 5.671329999999999790e-06
3.473000000000000000e+03 1.330629999999999998e-05 5.672630000000000100e-06
3.474000000000000000e+03 1.330129999999999918e-05 5.673930000000000409e-06
3.475000000000000000e+03 1.329619999999999985e-05 5.675239999999999724e-06
3.476000000000000000e+03 1.329120000000000075e-05 5.676540000000000034e-06
3.477000000000000000e+03 1.328609999999999973e-05 5.677850000000000196e-06
3.478000000000000000e+03 1.328100000000000041e-05 5.679149999999999658e-06
3.479000000000000000e+03 1.327599999999999961e-05 5.680459999999999820e-06
3.480000000000000000e+03 1.327090000000000028e-05 5.681769999999999982e-06
3.481000000000000000e+03 1.326589999999999948e-05 5.683080000000000144e-06
3.482000000000000000e+03 1.326080000000000016e-05 5.684390000000000306e-06
3.483000000000000000e+03 1.325579999999999936e-05 5.685699999999999621e-06
3.484000000000000000e+03 1.325070000000000004e-05 5.687009999999999783e-06
3.485000000000000000e+03 1.324569999999999924e-05 5.688319999999999945e-06
3.486000000000000000e+03 1.324059999999999991e-05 5.689630000000000106e-06
3.487000000000000000e+03 1.323560000000000081e-05 5.690950000000000121e-06
3.488000000000000000e+03 1.323060000000000001e-05 5.692260000000000283e-06
3.489000000000000000e+03 1.322550000000000068e-05 5.693580000000000297e-06
3.490000000000000000e+03 1.322049999999999988e-05 5.694900000000000312e-06
3.491000000000000000e+03 1.321550000000000078e-05 5.696209999999999627e-06
3.492000000000000000e+03 1.321039999999999976e-05 5.697529999999999641e-06
3.493000000000000000e+03 1.320540000000000066e-05 5.698849999999999656e-06
3.494000000000000000e+03 1.320039999999999986e-05 5.700169999999999670e-06
3.495000000000000000e+03 1.319530000000000053e-05 5.701489999999999685e-06
3.496000000000000000e+03 1.319029999999999973e-05 5.702820000000000399e-06
3.497000000000000000e+03 1.318530000000000063e-05 5.704140000000000413e-06
3.498000000000000000e+03 1.318029999999999983e-05 5.705459999999999581e-06
3.499000000000000000e+03 1.317530000000000072e-05 5.706790000000000295e-06
3.500000000000000000e+03 1.317019999999999970e-05 5.708110000000000309e-06
3.501000000000000000e+03 1.316520000000000060e-05 5.709440000000000176e-06
3.502000000000000000e+03 1.316019999999999980e-05 5.710770000000000043e-06
3.503000000000000000e+03 1.315520000000000070e-05 5.712099999999999910e-06
3.504000000000000000e+03 1.315019999999999990e-05 5.713419999999999924e-06
3.505000000000000000e+03 1.314520000000000079e-05 5.714749999999999791e-06
3.506000000000000000e+03 1.314019999999999999e-05 5.716090000000000358e-06
3.507000000000000000e+03 1.313519999999999919e-05 5.717420000000000225e-06
3.508000000000000000e+03 1.313020000000000009e-05 5.718750000000000092e-06
3.509000000000000000e+03 1.312519999999999929e-05 5.720079999999999959e-06
3.510000000000000000e+03 1.312020000000000018e-05 5.721419999999999678e-06
3.511000000000000000e+03 1.311689999999999972e-05 5.722750000000000392e-06
3.512000000000000000e+03 1.311529999999999960e-05 5.724090000000000112e-06
3.513000000000000000e+03 1.311379999999999970e-05 5.725429999999999831e-06
3.514000000000000000e+03 1.311219999999999958e-05 5.726770000000000398e-06
3.515000000000000000e+03 1.311059999999999946e-05 5.728110000000000118e-06
3.516000000000000000e+03 1.310909999999999956e-05 5.729449999999999837e-06
3.517000000000000000e+03 1.310749999999999944e-05 5.730790000000000404e-06
3.518000000000000000e+03 1.310589999999999932e-05 5.732130000000000123e-06
3.519000000000000000e+03 1.310439999999999942e-05 5.733469999999999843e-06
3.520000000000000000e+03 1.310279999999999930e-05 5.734820000000000262e-06
3.521000000000000000e+03 1.310119999999999918e-05 5.736159999999999981e-06
3.522000000000000000e+03 1.309969999999999928e-05 5.737510000000000400e-06
3.523000000000000000e+03 1.309809999999999916e-05 5.738850000000000120e-06
3.524000000000000000e+03 1.309659999999999926e-05 5.740199999999999692e-06
3.525000000000000000e+03 1.309500000000000083e-05 5.741550000000000111e-06
3.526000000000000000e+03 1.309340000000000071e-05 5.742899999999999683e-06
3.527000000000000000e+03 1.309190000000000081e-05 5.744250000000000102e-06
3.528000000000000000e+03 1.309030000000000069e-05 5.745599999999999674e-06
3.529000000000000000e+03 1.308870000000000057e-05 5.746950000000000093e-06
3.530000000000000000e+03 1.308720000000000067e-05 5.748299999999999665e-06
3.531000000000000000e+03 1.308560000000000055e-05 5.749650000000000084e-06
3.532000000000000000e+03 1.308400000000000043e-05 5.751010000000000356e-06
3.533000000000000000e+03 1.308250000000000053e-05 5.752359999999999928e-06
3.534000000000000000e+03 1.308090000000000041e-05 5.753720000000000199e-06
3.535000000000000000e+03 1.307940000000000051e-05 5.755079999999999624e-06
3.536000000000000000e+03 1.307780000000000039e-05 5.756439999999999895e-06
3.537000000000000000e+03 1.307620000000000027e-05 5.757790000000000314e-06
3.538000000000000000e+03 1.307470000000000037e-05 5.759149999999999739e-06
3.539000000000000000e+03 1.307310000000000024e-05 5.760510000000000011e-06
3.540000000000000000e+03 1.307160000000000034e-05 5.761880000000000135e-06
3.541000000000000000e+03 1.307000000000000022e-05 5.763240000000000406e-06
3.542000000000000000e+03 1.306840000000000010e-05 5.764599999999999831e-06
3.543000000000000000e+03 1.306690000000000020e-05 5.765969999999999955e-06
3.544000000000000000e+03 1.306530000000000008e-05 5.767330000000000227e-06
3.545000000000000000e+03 1.306369999999999996e-05 5.768700000000000351e-06
3.546000000000000000e+03 1.306220000000000006e-05 5.770059999999999775e-06
3.547000000000000000e+03 1.306059999999999994e-05 5.771429999999999899e-06
3.548000000000000000e+03 1.305910000000000004e-05 5.772800000000000023e-06
3.549000000000000000e+03 1.305749999999999992e-05 5.774170000000000147e-06
3.550000000000000000e+03 1.305589999999999980e-05 5.775540000000000272e-06
3.551000000000000000e+03 1.305380000000000028e-05 5.776910000000000396e-06
3.552000000000000000e+03 1.305090000000000069e-05 5.778290000000000372e-06
3.553000000000000000e+03 1.304809999999999964e-05 5.779659999999999649e-06
3.554000000000000000e+03 1.304520000000000005e-05 5.781029999999999773e-06
3.555000000000000000e+03 1.304240000000000069e-05 5.782409999999999750e-06
3.556000000000000000e+03 1.303959999999999963e-05 5.783779999999999874e-06
3.557000000000000000e+03 1.303680000000000027e-05 5.785159999999999851e-06
3.558000000000000000e+03 1.303390000000000069e-05 5.786539999999999827e-06
3.559000000000000000e+03 1.303109999999999963e-05 5.787919999999999804e-06
3.560000000000000000e+03 1.302830000000000027e-05 5.789299999999999781e-06
3.561000000000000000e+03 1.302540000000000068e-05 5.790679999999999757e-06
3.562000000000000000e+03 1.302259999999999963e-05 5.792059999999999734e-06
3.563000000000000000e+03 1.301980000000000026e-05 5.793439999999999711e-06
3.564000000000000000e+03 1.301690000000000068e-05 5.794830000000000387e-06
3.565000000000000000e+03 1.301409999999999962e-05 5.796210000000000363e-06
3.566000000000000000e+03 1.301130000000000026e-05 5.797600000000000193e-06
3.567000000000000000e+03 1.300849999999999920e-05 5.798980000000000169e-06
3.568000000000000000e+03 1.300559999999999962e-05 5.800369999999999998e-06
3.569000000000000000e+03 1.300280000000000026e-05 5.801759999999999827e-06
3.570000000000000000e+03 1.299999999999999920e-05 5.803139999999999804e-06
3.571000000000000000e+03 1.299719999999999984e-05 5.804529999999999633e-06
3.572000000000000000e+03 1.299440000000000047e-05 5.805920000000000309e-06
3.573000000000000000e+03 1.299149999999999920e-05 5.807319999999999991e-06
3.574000000000000000e+03 1.298869999999999983e-05 5.808709999999999820e-06
3.575000000000000000e+03 1.298590000000000047e-05 5.810099999999999649e-06
3.576000000000000000e+03 1.298309999999999941e-05 5.811500000000000178e-06
3.577000000000000000e+03 1.298019999999999983e-05 5.812890000000000007e-06
3.578000000000000000e+03 1.297740000000000047e-05 5.814289999999999689e-06
3.579000000000000000e+03 1.297459999999999941e-05 5.815680000000000365e-06
3.580000000000000000e+03 1.297180000000000005e-05 5.817080000000000047e-06
3.581000000000000000e+03 1.296900000000000068e-05 5.818479999999999728e-06
3.582000000000000000e+03 1.296619999999999963e-05 5.819880000000000257e-06
3.583000000000000000e+03 1.296330000000000004e-05 5.821279999999999939e-06
3.584000000000000000e+03 1.296050000000000068e-05 5.822679999999999620e-06
3.585000000000000000e+03 1.295769999999999962e-05 5.824080000000000149e-06
3.586000000000000000e+03 1.295490000000000026e-05 5.825489999999999683e-06
3.587000000000000000e+03 1.295209999999999920e-05 5.826890000000000212e-06
3.588000000000000000e+03 1.294929999999999984e-05 5.828299999999999746e-06
3.589000000000000000e+03 1.294650000000000047e-05 5.829700000000000275e-06
3.590000000000000000e+03 1.294369999999999942e-05 5.831109999999999809e-06
3.591000000000000000e+03 1.294040000000000065e-05 5.832520000000000190e-06
3.592000000000000000e+03 1.293669999999999931e-05 5.833929999999999724e-06
3.593000000000000000e+03 1.293299999999999967e-05 5.835340000000000106e-06
3.594000000000000000e+03 1.292930000000000003e-05 5.836749999999999640e-06
3.595000000000000000e+03 1.292570000000000061e-05 5.838160000000000021e-06
3.596000000000000000e+03 1.292199999999999927e-05 5.839570000000000402e-06
3.597000000000000000e+03 1.291829999999999963e-05 5.840979999999999936e-06
3.598000000000000000e+03 1.291459999999999998e-05 5.842400000000000170e-06
3.599000000000000000e+03 1.291090000000000034e-05 5.843809999999999704e-06
3.600000000000000000e+03 1.290729999999999922e-05 5.845229999999999938e-06
3.601000000000000000e+03 1.290359999999999958e-05 5.846650000000000172e-06
3.602000000000000000e+03 1.289989999999999994e-05 5.848059999999999706e-06
3.603000000000000000e+03 1.289620000000000030e-05 5.849479999999999940e-06
3.604000000000000000e+03 1.289250000000000065e-05 5.850900000000000173e-06
3.605000000000000000e+03 1.288889999999999954e-05 5.852320000000000407e-06
3.606000000000000000e+03 1.288519999999999989e-05 5.853739999999999794e-06
3.607000000000000000e+03 1.288150000000000025e-05 5.855169999999999880e-06
3.608000000000000000e+03 1.287790000000000083e-05 5.856590000000000114e-06
3.609000000000000000e+03 1.287419999999999949e-05 5.858010000000000348e-06
3.610000000000000000e+03 1.287049999999999985e-05 5.859439999999999587e-06
3.611000000000000000e+03 1.286690000000000042e-05 5.860869999999999673e-06
3.612000000000000000e+03 1.286320000000000078e-05 5.862289999999999907e-06
3.613000000000000000e+03 1.285949999999999944e-05 5.863719999999999993e-06
3.614000000000000000e+03 1.285590000000000002e-05 5.865150000000000079e-06
3.615000000000000000e+03 1.285220000000000038e-05 5.866580000000000166e-06
3.616000000000000000e+03 1.284850000000000074e-05 5.868010000000000252e-06
3.617000000000000000e+03 1.284489999999999962e-05 5.869440000000000338e-06
3.618000000000000000e+03 1.284119999999999997e-05 5.870869999999999577e-06
3.619000000000000000e+03 1.283750000000000033e-05 5.872310000000000363e-06
3.620000000000000000e+03 1.283389999999999921e-05 5.873739999999999602e-06
3.621000000000000000e+03 1.283019999999999957e-05 5.875180000000000388e-06
3.622000000000000000e+03 1.282660000000000015e-05 5.876609999999999627e-06
3.623000000000000000e+03 1.282290000000000051e-05 5.878050000000000413e-06
3.624000000000000000e+03 1.281929999999999939e-05 5.879490000000000352e-06
3.625000000000000000e+03 1.281559999999999975e-05 5.880930000000000291e-06
3.626000000000000000e+03 1.281200000000000032e-05 5.882370000000000230e-06
3.627000000000000000e+03 1.280830000000000068e-05 5.883810000000000168e-06
3.628000000000000000e+03 1.280469999999999956e-05 5.885250000000000107e-06
3.629000000000000000e+03 1.280099999999999992e-05 5.886690000000000046e-06
3.630000000000000000e+03 1.279740000000000050e-05 5.888129999999999985e-06
3.631000000000000000e+03 1.279730000000000028e-05 5.889579999999999776e-06
3.632000000000000000e+03 1.279730000000000028e-05 5.891019999999999715e-06
3.633000000000000000e+03 1.279720000000000006e-05 5.892470000000000353e-06
3.634000000000000000e+03 1.279720000000000006e-05 5.893920000000000144e-06
3.635000000000000000e+03 1.279709999999999984e-05 5.895369999999999936e-06
3.636000000000000000e+03 1.279709999999999984e-05 5.896809999999999875e-06
3.637000000000000000e+03 1.279699999999999962e-05 5.898259999999999666e-06
3.638000000000000000e+03 1.279699999999999962e-05 5.899720000000000157e-06
3.639000000000000000e+03 1.279689999999999940e-05 5.901169999999999948e-06
3.640000000000000000e+03 1.279689999999999940e-05 5.902619999999999739e-06
3.641000000000000000e+03 1.279679999999999918e-05 5.904070000000000378e-06
3.642000000000000000e+03 1.279679999999999918e-05 5.905530000000000021e-06
3.643000000000000000e+03 1.279670000000000066e-05 5.906979999999999813e-06
3.644000000000000000e+03 1.279670000000000066e-05 5.908440000000000304e-06
3.645000000000000000e+03 1.279660000000000044e-05 5.909899999999999947e-06
3.646000000000000000e+03 1.279660000000000044e-05 5.911349999999999739e-06
3.647000000000000000e+03 1.279650000000000022e-05 5.912810000000000230e-06
3.648000000000000000e+03 1.279650000000000022e-05 5.914269999999999873e-06
3.649000000000000000e+03 1.279650000000000022e-05 5.915730000000000364e-06
3.650000000000000000e+03 1.279640000000000000e-05 5.917199999999999861e-06
3.651000000000000000e+03 1.279640000000000000e-05 5.918660000000000351e-06
3.652000000000000000e+03 1.279629999999999978e-05 5.920119999999999995e-06
3.653000000000000000e+03 1.279629999999999978e-05 5.921590000000000339e-06
3.654000000000000000e+03 1.279619999999999956e-05 5.923049999999999982e-06
3.655000000000000000e+03 1.279619999999999956e-05 5.924520000000000326e-06
3.656000000000000000e+03 1.279609999999999934e-05 5.925989999999999822e-06
3.657000000000000000e+03 1.279609999999999934e-05 5.927460000000000166e-06
3.658000000000000000e+03 1.279600000000000081e-05 5.928929999999999662e-06
3.659000000000000000e+03 1.279600000000000081e-05 5.930400000000000005e-06
3.660000000000000000e+03 1.279590000000000060e-05 5.931870000000000349e-06
3.661000000000000000e+03 1.279590000000000060e-05 5.933339999999999845e-06
3.662000000000000000e+03 1.279580000000000038e-05 5.934810000000000188e-06
3.663000000000000000e+03 1.279580000000000038e-05 5.936290000000000384e-06
3.664000000000000000e+03 1.279570000000000016e-05 5.937759999999999881e-06
3.665000000000000000e+03 1.279570000000000016e-05 5.939240000000000076e-06
3.666000000000000000e+03 1.279559999999999994e-05 5.940710000000000420e-06
3.667000000000000000e+03 1.279559999999999994e-05 5.942189999999999769e-06
3.668000000000000000e+03 1.279549999999999972e-05 5.943669999999999965e-06
3.669000000000000000e+03 1.279549999999999972e-05 5.945150000000000160e-06
3.670000000000000000e+03 1.279549999999999972e-05 5.946630000000000356e-06
3.671000000000000000e+03 1.279559999999999994e-05 5.948109999999999705e-06
3.672000000000000000e+03 1.279580000000000038e-05 5.949589999999999901e-06
3.673000000000000000e+03 1.279590000000000060e-05 5.951070000000000097e-06
3.674000000000000000e+03 1.279600000000000081e-05 5.952560000000000145e-06
3.675000000000000000e+03 1.279609999999999934e-05 5.954040000000000341e-06
3.676000000000000000e+03 1.279619999999999956e-05 5.955530000000000390e-06
3.677000000000000000e+03 1.279640000000000000e-05 5.957019999999999591e-06
3.678000000000000000e+03 1.279650000000000022e-05 5.958499999999999787e-06
3.679000000000000000e+03 1.279660000000000044e-05 5.959989999999999835e-06
3.680000000000000000e+03 1.279670000000000066e-05 5.961479999999999884e-06
3.681000000000000000e+03 1.279679999999999918e-05 5.962969999999999932e-06
3.682000000000000000e+03 1.279699999999999962e-05 5.964469999999999833e-06
3.683000000000000000e+03 1.279709999999999984e-05 5.965959999999999882e-06
3.684000000000000000e+03 1.279720000000000006e-05 5.967449999999999930e-06
3.685000000000000000e+03 1.279730000000000028e-05 5.968949999999999831e-06
3.686000000000000000e+03 1.279740000000000050e-05 5.970439999999999879e-06
3.687000000000000000e+03 1.279750000000000072e-05 5.971939999999999780e-06
3.688000000000000000e+03 1.279769999999999946e-05 5.973429999999999829e-06
3.689000000000000000e+03 1.279779999999999968e-05 5.974929999999999730e-06
3.690000000000000000e+03 1.279789999999999990e-05 5.976429999999999631e-06
3.691000000000000000e+03 1.279800000000000012e-05 5.977930000000000379e-06
3.692000000000000000e+03 1.279810000000000034e-05 5.979430000000000279e-06
3.693000000000000000e+03 1.279830000000000078e-05 5.980930000000000180e-06
3.694000000000000000e+03 1.279839999999999930e-05 5.982439999999999934e-06
3.695000000000000000e+03 1.279849999999999952e-05 5.983939999999999835e-06
3.696000000000000000e+03 1.279859999999999974e-05 5.985439999999999736e-06
3.697000000000000000e+03 1.279869999999999996e-05 5.986950000000000336e-06
3.698000000000000000e+03 1.279880000000000018e-05 5.988460000000000090e-06
3.699000000000000000e+03 1.279900000000000062e-05 5.989959999999999991e-06
3.700000000000000000e+03 1.279910000000000084e-05 5.991469999999999744e-06
3.701000000000000000e+03 1.279919999999999936e-05 5.992980000000000345e-06
3.702000000000000000e+03 1.279929999999999958e-05 5.994490000000000098e-06
3.703000000000000000e+03 1.279939999999999980e-05 5.995999999999999851e-06
3.704000000000000000e+03 1.279960000000000024e-05 5.997509999999999605e-06
3.705000000000000000e+03 1.279970000000000046e-05 5.999030000000000058e-06
3.706000000000000000e+03 1.279980000000000068e-05 6.000539999999999811e-06
3.707000000000000000e+03 1.279989999999999920e-05 6.002060000000000264e-06
3.708000000000000000e+03 1.279999999999999942e-05 6.003570000000000018e-06
3.709000000000000000e+03 1.280019999999999986e-05 6.005089999999999624e-06
3.710000000000000000e+03 1.279759999999999924e-05 6.006610000000000077e-06
3.711000000000000000e+03 1.279229999999999948e-05 6.008119999999999830e-06
3.712000000000000000e+03 1.278709999999999993e-05 6.009640000000000283e-06
3.713000000000000000e+03 1.278180000000000017e-05 6.011159999999999889e-06
3.714000000000000000e+03 1.277660000000000063e-05 6.012690000000000195e-06
3.715000000000000000e+03 1.277129999999999917e-05 6.014209999999999801e-06
3.716000000000000000e+03 1.276609999999999963e-05 6.015730000000000254e-06
3.717000000000000000e+03 1.276079999999999986e-05 6.017249999999999860e-06
3.718000000000000000e+03 1.275560000000000032e-05 6.018780000000000165e-06
3.719000000000000000e+03 1.275030000000000056e-05 6.020309999999999624e-06
3.720000000000000000e+03 1.274509999999999932e-05 6.021830000000000077e-06
3.721000000000000000e+03 1.273979999999999956e-05 6.023360000000000382e-06
3.722000000000000000e+03 1.273460000000000001e-05 6.024889999999999841e-06
3.723000000000000000e+03 1.272940000000000047e-05 6.026420000000000146e-06
3.724000000000000000e+03 1.272410000000000071e-05 6.027949999999999605e-06
3.725000000000000000e+03 1.271889999999999947e-05 6.029479999999999910e-06
3.726000000000000000e+03 1.271369999999999993e-05 6.031010000000000216e-06
3.727000000000000000e+03 1.270850000000000038e-05 6.032550000000000374e-06
3.728000000000000000e+03 1.270320000000000062e-05 6.034079999999999832e-06
3.729000000000000000e+03 1.269799999999999938e-05 6.035619999999999991e-06
3.730000000000000000e+03 1.269279999999999984e-05 6.037150000000000296e-06
3.731000000000000000e+03 1.268760000000000029e-05 6.038689999999999607e-06
3.732000000000000000e+03 1.268240000000000075e-05 6.040229999999999765e-06
3.733000000000000000e+03 1.267719999999999951e-05 6.041769999999999923e-06
3.734000000000000000e+03 1.267199999999999997e-05 6.043310000000000081e-06
3.735000000000000000e+03 1.266670000000000021e-05 6.044850000000000239e-06
3.736000000000000000e+03 1.266150000000000066e-05 6.046390000000000397e-06
3.737000000000000000e+03 1.265629999999999942e-05 6.047929999999999708e-06
3.738000000000000000e+03 1.265109999999999988e-05 6.049479999999999719e-06
3.739000000000000000e+03 1.264590000000000034e-05 6.051019999999999877e-06
3.740000000000000000e+03 1.264070000000000079e-05 6.052569999999999888e-06
3.741000000000000000e+03 1.263549999999999956e-05 6.054119999999999898e-06
3.742000000000000000e+03 1.263040000000000023e-05 6.055660000000000056e-06
3.743000000000000000e+03 1.262520000000000069e-05 6.057210000000000067e-06
3.744000000000000000e+03 1.261999999999999945e-05 6.058760000000000077e-06
3.745000000000000000e+03 1.261479999999999991e-05 6.060310000000000088e-06
3.746000000000000000e+03 1.260960000000000036e-05 6.061860000000000098e-06
3.747000000000000000e+03 1.260440000000000082e-05 6.063419999999999962e-06
3.748000000000000000e+03 1.259919999999999958e-05 6.064969999999999972e-06
3.749000000000000000e+03 1.259410000000000026e-05 6.066519999999999983e-06
3.750000000000000000e+03 1.259200000000000073e-05 6.068079999999999846e-06
3.751000000000000000e+03 1.259289999999999932e-05 6.069639999999999709e-06
3.752000000000000000e+03 1.259389999999999982e-05 6.071189999999999719e-06
3.753000000000000000e+03 1.259490000000000032e-05 6.072749999999999583e-06
3.754000000000000000e+03 1.259580000000000060e-05 6.074310000000000293e-06
3.755000000000000000e+03 1.259679999999999940e-05 6.075870000000000156e-06
3.756000000000000000e+03 1.259769999999999968e-05 6.077430000000000019e-06
3.757000000000000000e+03 1.259870000000000018e-05 6.078989999999999882e-06
3.758000000000000000e+03 1.259970000000000068e-05 6.080549999999999745e-06
3.759000000000000000e+03 1.260059999999999926e-05 6.082120000000000308e-06
3.760000000000000000e+03 1.260159999999999976e-05 6.083680000000000171e-06
3.761000000000000000e+03 1.260260000000000026e-05 6.085249999999999886e-06
3.762000000000000000e+03 1.260350000000000054e-05 6.086819999999999602e-06
3.763000000000000000e+03 1.260449999999999934e-05 6.088380000000000312e-06
3.764000000000000000e+03 1.260549999999999984e-05 6.089950000000000028e-06
3.765000000000000000e+03 1.260640000000000012e-05 6.091519999999999743e-06
3.766000000000000000e+03 1.260740000000000062e-05 6.093090000000000306e-06
3.767000000000000000e+03 1.260839999999999943e-05 6.094660000000000022e-06
3.768000000000000000e+03 1.260929999999999971e-05 6.096229999999999737e-06
3.769000000000000000e+03 1.261030000000000020e-05 6.097810000000000152e-06
3.770000000000000000e+03 1.261130000000000070e-05 6.099379999999999868e-06
3.771000000000000000e+03 1.261219999999999929e-05 6.100960000000000283e-06
3.772000000000000000e+03 1.261319999999999979e-05 6.102529999999999999e-06
3.773000000000000000e+03 1.261410000000000007e-05 6.104110000000000414e-06
3.774000000000000000e+03 1.261510000000000056e-05 6.105689999999999982e-06
3.775000000000000000e+03 1.261609999999999937e-05 6.107270000000000397e-06
3.776000000000000000e+03 1.261699999999999965e-05 6.108849999999999965e-06
3.777000000000000000e+03 1.261800000000000015e-05 6.110430000000000381e-06
3.778000000000000000e+03 1.261900000000000065e-05 6.112009999999999949e-06
3.779000000000000000e+03 1.261989999999999923e-05 6.113590000000000364e-06
3.780000000000000000e+03 1.262089999999999973e-05 6.115179999999999784e-06
3.781000000000000000e+03 1.262190000000000023e-05 6.116760000000000200e-06
3.782000000000000000e+03 1.262280000000000051e-05 6.118349999999999620e-06
3.783000000000000000e+03 1.262379999999999931e-05 6.119930000000000035e-06
3.784000000000000000e+03 1.262479999999999981e-05 6.121520000000000303e-06
3.785000000000000000e+03 1.262570000000000009e-05 6.123109999999999724e-06
3.786000000000000000e+03 1.262670000000000059e-05 6.124699999999999991e-06
3.787000000000000000e+03 1.262769999999999939e-05 6.126290000000000259e-06
3.788000000000000000e+03 1.262859999999999967e-05 6.127879999999999680e-06
3.789000000000000000e+03 1.262960000000000017e-05 6.129469999999999947e-06
3.790000000000000000e+03 1.262789999999999983e-05 6.131060000000000215e-06
3.791000000000000000e+03 1.262340000000000013e-05 6.132660000000000335e-06
3.792000000000000000e+03 1.261890000000000043e-05 6.134249999999999756e-06
3.793000000000000000e+03 1.261449999999999925e-05 6.135849999999999876e-06
3.794000000000000000e+03 1.260999999999999955e-05 6.137449999999999996e-06
3.795000000000000000e+03 1.260560000000000006e-05 6.139040000000000264e-06
3.796000000000000000e+03 1.260110000000000036e-05 6.140640000000000384e-06
3.797000000000000000e+03 1.259669999999999918e-05 6.142239999999999658e-06
3.798000000000000000e+03 1.259219999999999948e-05 6.143839999999999778e-06
3.799000000000000000e+03 1.258780000000000000e-05 6.145449999999999750e-06
3.800000000000000000e+03 1.258330000000000029e-05 6.147049999999999871e-06
3.801000000000000000e+03 1.257890000000000081e-05 6.148649999999999991e-06
3.802000000000000000e+03 1.257439999999999941e-05 6.150259999999999964e-06
3.803000000000000000e+03 1.256999999999999993e-05 6.151860000000000084e-06
3.804000000000000000e+03 1.256550000000000023e-05 6.153470000000000057e-06
3.805000000000000000e+03 1.256110000000000074e-05 6.155080000000000029e-06
3.806000000000000000e+03 1.255669999999999956e-05 6.156690000000000002e-06
3.807000000000000000e+03 1.255219999999999986e-05 6.158299999999999975e-06
3.808000000000000000e+03 1.254780000000000038e-05 6.159909999999999947e-06
3.809000000000000000e+03 1.254339999999999920e-05 6.161519999999999920e-06
3.810000000000000000e+03 1.253889999999999950e-05 6.163129999999999893e-06
3.811000000000000000e+03 1.253450000000000001e-05 6.164739999999999866e-06
3.812000000000000000e+03 1.253010000000000053e-05 6.166359999999999691e-06
3.813000000000000000e+03 1.252560000000000083e-05 6.167969999999999664e-06
3.814000000000000000e+03 1.252119999999999965e-05 6.169590000000000336e-06
3.815000000000000000e+03 1.251680000000000017e-05 6.171210000000000161e-06
3.816000000000000000e+03 1.251240000000000068e-05 6.172820000000000134e-06
3.817000000000000000e+03 1.250789999999999929e-05 6.174439999999999959e-06
3.818000000000000000e+03 1.250349999999999980e-05 6.176059999999999784e-06
3.819000000000000000e+03 1.249910000000000032e-05 6.177679999999999610e-06
3.820000000000000000e+03 1.249470000000000084e-05 6.179310000000000134e-06
3.821000000000000000e+03 1.249029999999999966e-05 6.180929999999999960e-06
3.822000000000000000e+03 1.248590000000000017e-05 6.182549999999999785e-06
3.823000000000000000e+03 1.248140000000000047e-05 6.184180000000000310e-06
3.824000000000000000e+03 1.247699999999999929e-05 6.185800000000000135e-06
3.825000000000000000e+03 1.247259999999999981e-05 6.187429999999999813e-06
3.826000000000000000e+03 1.246820000000000033e-05 6.189060000000000337e-06
3.827000000000000000e+03 1.246380000000000084e-05 6.190690000000000015e-06
3.828000000000000000e+03 1.245939999999999967e-05 6.192319999999999693e-06
3.829000000000000000e+03 1.245500000000000018e-05 6.193950000000000218e-06
3.830000000000000000e+03 1.245370000000000072e-05 6.195579999999999896e-06
3.831000000000000000e+03 1.245549999999999959e-05 6.197210000000000420e-06
3.832000000000000000e+03 1.245719999999999992e-05 6.198840000000000098e-06
3.833000000000000000e+03 1.245900000000000048e-05 6.200479999999999628e-06
3.834000000000000000e+03 1.246079999999999935e-05 6.202110000000000153e-06
3.835000000000000000e+03 1.246249999999999969e-05 6.203749999999999684e-06
3.836000000000000000e+03 1.246430000000000025e-05 6.205390000000000061e-06
3.837000000000000000e+03 1.246610000000000081e-05 6.207029999999999591e-06
3.838000000000000000e+03 1.246779999999999945e-05 6.208660000000000116e-06
3.839000000000000000e+03 1.246960000000000001e-05 6.210299999999999646e-06
3.840000000000000000e+03 1.247140000000000057e-05 6.211949999999999876e-06
3.841000000000000000e+03 1.247309999999999921e-05 6.213590000000000253e-06
3.842000000000000000e+03 1.247489999999999977e-05 6.215229999999999784e-06
3.843000000000000000e+03 1.247670000000000033e-05 6.216880000000000014e-06
3.844000000000000000e+03 1.247840000000000067e-05 6.218520000000000391e-06
3.845000000000000000e+03 1.248019999999999953e-05 6.220169999999999774e-06
3.846000000000000000e+03 1.248200000000000009e-05 6.221810000000000151e-06
3.847000000000000000e+03 1.248380000000000065e-05 6.223460000000000381e-06
3.848000000000000000e+03 1.248549999999999930e-05 6.225109999999999764e-06
3.849000000000000000e+03 1.248729999999999986e-05 6.226759999999999993e-06
3.850000000000000000e+03 1.248910000000000042e-05 6.228410000000000223e-06
3.851000000000000000e+03 1.249080000000000075e-05 6.230059999999999606e-06
3.852000000000000000e+03 1.249259999999999962e-05 6.231719999999999688e-06
3.853000000000000000e+03 1.249440000000000018e-05 6.233369999999999918e-06
3.854000000000000000e+03 1.249620000000000074e-05 6.235020000000000148e-06
3.855000000000000000e+03 1.249789999999999938e-05 6.236680000000000231e-06
3.856000000000000000e+03 1.249969999999999994e-05 6.238340000000000313e-06
3.857000000000000000e+03 1.250150000000000050e-05 6.239989999999999696e-06
3.858000000000000000e+03 1.250320000000000084e-05 6.241649999999999778e-06
3.859000000000000000e+03 1.250499999999999970e-05 6.243309999999999860e-06
3.860000000000000000e+03 1.250680000000000026e-05 6.244969999999999943e-06
3.861000000000000000e+03 1.250860000000000082e-05 6.246639999999999878e-06
3.862000000000000000e+03 1.251029999999999947e-05 6.248299999999999960e-06
3.863000000000000000e+03 1.251210000000000003e-05 6.249960000000000042e-06
3.864000000000000000e+03 1.251390000000000058e-05 6.251629999999999977e-06
3.865000000000000000e+03 1.251569999999999945e-05 6.253290000000000060e-06
3.866000000000000000e+03 1.251739999999999979e-05 6.254959999999999995e-06
3.867000000000000000e+03 1.251920000000000035e-05 6.256629999999999929e-06
3.868000000000000000e+03 1.252099999999999921e-05 6.258290000000000012e-06
3.869000000000000000e+03 1.252279999999999977e-05 6.259959999999999947e-06
3.870000000000000000e+03 1.252320000000000065e-05 6.261629999999999882e-06
3.871000000000000000e+03 1.252230000000000037e-05 6.263299999999999816e-06
3.872000000000000000e+03 1.252150000000000031e-05 6.264979999999999604e-06
3.873000000000000000e+03 1.252060000000000003e-05 6.266650000000000386e-06
3.874000000000000000e+03 1.251969999999999975e-05 6.268320000000000321e-06
3.875000000000000000e+03 1.251889999999999969e-05 6.270000000000000108e-06
3.876000000000000000e+03 1.251799999999999941e-05 6.271679999999999895e-06
3.877000000000000000e+03 1.251710000000000082e-05 6.273349999999999830e-06
3.878000000000000000e+03 1.251620000000000055e-05 6.275029999999999618e-06
3.879000000000000000e+03 1.251540000000000049e-05 6.276710000000000252e-06
3.880000000000000000e+03 1.251450000000000021e-05 6.278390000000000040e-06
3.881000000000000000e+03 1.251359999999999993e-05 6.280069999999999827e-06
3.882000000000000000e+03 1.251279999999999987e-05 6.281749999999999614e-06
3.883000000000000000e+03 1.251189999999999959e-05 6.283440000000000101e-06
3.884000000000000000e+03 1.251099999999999931e-05 6.285119999999999889e-06
3.885000000000000000e+03 1.251019999999999925e-05 6.286810000000000376e-06
3.886000000000000000e+03 1.250930000000000066e-05 6.288490000000000163e-06
3.887000000000000000e+03 1.250840000000000038e-05 6.290179999999999803e-06
3.888000000000000000e+03 1.250750000000000010e-05 6.291870000000000290e-06
3.889000000000000000e+03 1.250670000000000004e-05 6.293559999999999930e-06
3.890000000000000000e+03 1.250579999999999976e-05 6.295250000000000417e-06
3.891000000000000000e+03 1.250489999999999948e-05 6.296940000000000057e-06
3.892000000000000000e+03 1.250409999999999942e-05 6.298629999999999697e-06
3.893000000000000000e+03 1.250320000000000084e-05 6.300320000000000184e-06
3.894000000000000000e+03 1.250230000000000056e-05 6.302009999999999824e-06
3.895000000000000000e+03 1.250140000000000028e-05 6.303710000000000163e-06
3.896000000000000000e+03 1.250060000000000022e-05 6.305409999999999655e-06
3.897000000000000000e+03 1.249969999999999994e-05 6.307100000000000142e-06
3.898000000000000000e+03 1.249879999999999966e-05 6.308799999999999635e-06
3.899000000000000000e+03 1.249799999999999960e-05 6.310499999999999974e-06
3.900000000000000000e+03 1.249709999999999932e-05 6.312200000000000314e-06
3.901000000000000000e+03 1.249620000000000074e-05 6.313899999999999806e-06
3.902000000000000000e+03 1.249540000000000068e-05 6.315600000000000146e-06
3.903000000000000000e+03 1.249450000000000040e-05 6.317299999999999638e-06
3.904000000000000000e+03 1.249360000000000012e-05 6.319009999999999830e-06
3.905000000000000000e+03 1.249280000000000006e-05 6.320710000000000170e-06
3.906000000000000000e+03 1.249189999999999978e-05 6.322420000000000362e-06
3.907000000000000000e+03 1.249099999999999950e-05 6.324119999999999854e-06
3.908000000000000000e+03 1.249009999999999922e-05 6.325830000000000046e-06
3.909000000000000000e+03 1.248929999999999916e-05 6.327540000000000238e-06
3.910000000000000000e+03 1.248859999999999932e-05 6.329249999999999583e-06
3.911000000000000000e+03 1.248809999999999992e-05 6.330959999999999775e-06
3.912000000000000000e+03 1.248750000000000030e-05 6.332669999999999967e-06
3.913000000000000000e+03 1.248699999999999920e-05 6.334380000000000159e-06
3.914000000000000000e+03 1.248649999999999980e-05 6.336100000000000204e-06
3.915000000000000000e+03 1.248600000000000039e-05 6.337810000000000396e-06
3.916000000000000000e+03 1.248549999999999930e-05 6.339529999999999593e-06
3.917000000000000000e+03 1.248499999999999990e-05 6.341239999999999785e-06
3.918000000000000000e+03 1.248450000000000049e-05 6.342959999999999830e-06
3.919000000000000000e+03 1.248389999999999918e-05 6.344679999999999874e-06
3.920000000000000000e+03 1.248339999999999978e-05 6.346399999999999919e-06
3.921000000000000000e+03 1.248290000000000037e-05 6.348119999999999963e-06
3.922000000000000000e+03 1.248239999999999928e-05 6.349840000000000008e-06
3.923000000000000000e+03 1.248189999999999987e-05 6.351560000000000052e-06
3.924000000000000000e+03 1.248140000000000047e-05 6.353289999999999949e-06
3.925000000000000000e+03 1.248079999999999916e-05 6.355009999999999994e-06
3.926000000000000000e+03 1.248029999999999975e-05 6.356739999999999891e-06
3.927000000000000000e+03 1.247980000000000035e-05 6.358459999999999935e-06
3.928000000000000000e+03 1.247929999999999926e-05 6.360189999999999832e-06
3.929000000000000000e+03 1.247879999999999985e-05 6.361919999999999729e-06
3.930000000000000000e+03 1.247830000000000045e-05 6.363649999999999626e-06
3.931000000000000000e+03 1.247770000000000083e-05 6.365380000000000371e-06
3.932000000000000000e+03 1.247719999999999973e-05 6.367110000000000268e-06
3.933000000000000000e+03 1.247670000000000033e-05 6.368840000000000165e-06
3.934000000000000000e+03 1.247619999999999923e-05 6.370570000000000062e-06
3.935000000000000000e+03 1.247569999999999983e-05 6.372309999999999811e-06
3.936000000000000000e+03 1.247520000000000043e-05 6.374039999999999708e-06
3.937000000000000000e+03 1.247469999999999933e-05 6.375780000000000305e-06
3.938000000000000000e+03 1.247409999999999971e-05 6.377520000000000054e-06
3.939000000000000000e+03 1.247360000000000031e-05 6.379259999999999804e-06
3.940000000000000000e+03 1.247309999999999921e-05 6.381000000000000401e-06
3.941000000000000000e+03 1.247259999999999981e-05 6.382740000000000150e-06
3.942000000000000000e+03 1.247210000000000041e-05 6.384479999999999900e-06
3.943000000000000000e+03 1.247159999999999931e-05 6.386219999999999649e-06
3.944000000000000000e+03 1.247099999999999969e-05 6.387960000000000246e-06
3.945000000000000000e+03 1.247050000000000029e-05 6.389709999999999848e-06
3.946000000000000000e+03 1.246999999999999919e-05 6.391449999999999597e-06
3.947000000000000000e+03 1.246949999999999979e-05 6.393200000000000047e-06
3.948000000000000000e+03 1.246900000000000039e-05 6.394939999999999796e-06
3.949000000000000000e+03 1.246849999999999929e-05 6.396690000000000245e-06
3.950000000000000000e+03 1.246849999999999929e-05 6.398439999999999847e-06
3.951000000000000000e+03 1.246900000000000039e-05 6.400190000000000296e-06
3.952000000000000000e+03 1.246960000000000001e-05 6.401939999999999898e-06
3.953000000000000000e+03 1.247009999999999941e-05 6.403700000000000200e-06
3.954000000000000000e+03 1.247070000000000073e-05 6.405449999999999802e-06
3.955000000000000000e+03 1.247120000000000013e-05 6.407200000000000251e-06
3.956000000000000000e+03 1.247179999999999975e-05 6.408959999999999706e-06
3.957000000000000000e+03 1.247229999999999915e-05 6.410710000000000155e-06
3.958000000000000000e+03 1.247290000000000047e-05 6.412469999999999610e-06
3.959000000000000000e+03 1.247339999999999987e-05 6.414229999999999911e-06
3.960000000000000000e+03 1.247399999999999949e-05 6.415990000000000213e-06
3.961000000000000000e+03 1.247450000000000059e-05 6.417749999999999667e-06
3.962000000000000000e+03 1.247510000000000021e-05 6.419509999999999969e-06
3.963000000000000000e+03 1.247559999999999961e-05 6.421270000000000271e-06
3.964000000000000000e+03 1.247619999999999923e-05 6.423039999999999578e-06
3.965000000000000000e+03 1.247670000000000033e-05 6.424799999999999880e-06
3.966000000000000000e+03 1.247729999999999995e-05 6.426570000000000034e-06
3.967000000000000000e+03 1.247779999999999935e-05 6.428330000000000335e-06
3.968000000000000000e+03 1.247840000000000067e-05 6.430099999999999642e-06
3.969000000000000000e+03 1.247890000000000007e-05 6.431869999999999797e-06
3.970000000000000000e+03 1.247949999999999969e-05 6.433639999999999951e-06
3.971000000000000000e+03 1.248000000000000079e-05 6.435410000000000105e-06
3.972000000000000000e+03 1.248060000000000041e-05 6.437180000000000259e-06
3.973000000000000000e+03 1.248109999999999981e-05 6.438950000000000413e-06
3.974000000000000000e+03 1.248169999999999944e-05 6.440719999999999720e-06
3.975000000000000000e+03 1.248220000000000053e-05 6.442499999999999727e-06
3.976000000000000000e+03 1.248280000000000015e-05 6.444269999999999881e-06
3.977000000000000000e+03 1.248329999999999956e-05 6.446049999999999888e-06
3.978000000000000000e+03 1.248389999999999918e-05 6.447829999999999894e-06
3.979000000000000000e+03 1.248440000000000027e-05 6.449600000000000049e-06
3.980000000000000000e+03 1.248499999999999990e-05 6.451380000000000055e-06
3.981000000000000000e+03 1.248549999999999930e-05 6.453160000000000062e-06
3.982000000000000000e+03 1.248610000000000061e-05 6.454940000000000069e-06
3.983000000000000000e+03 1.248660000000000002e-05 6.456729999999999928e-06
3.984000000000000000e+03 1.248719999999999964e-05 6.458509999999999935e-06
3.985000000000000000e+03 1.248770000000000073e-05 6.460289999999999941e-06
3.986000000000000000e+03 1.248830000000000036e-05 6.462079999999999800e-06
3.987000000000000000e+03 1.248879999999999976e-05 6.463869999999999660e-06
3.988000000000000000e+03 1.248939999999999938e-05 6.465649999999999666e-06
3.989000000000000000e+03 1.248990000000000048e-05 6.467440000000000373e-06
3.990000000000000000e+03 1.248900000000000020e-05 6.469230000000000232e-06
3.991000000000000000e+03 1.248660000000000002e-05 6.471020000000000091e-06
3.992000000000000000e+03 1.248409999999999962e-05 6.472809999999999950e-06
3.993000000000000000e+03 1.248169999999999944e-05 6.474599999999999809e-06
3.994000000000000000e+03 1.247929999999999926e-05 6.476400000000000368e-06
3.995000000000000000e+03 1.247690000000000077e-05 6.478190000000000227e-06
3.996000000000000000e+03 1.247440000000000037e-05 6.479989999999999939e-06
3.997000000000000000e+03 1.247200000000000019e-05 6.481779999999999798e-06
3.998000000000000000e+03 1.246960000000000001e-05 6.483580000000000357e-06
3.999000000000000000e+03 1.246719999999999983e-05 6.485380000000000069e-06
4.000000000000000000e+03 1.246469999999999943e-05 6.487179999999999780e-06
4.001000000000000000e+03 1.246229999999999925e-05 6.488980000000000339e-06
4.002000000000000000e+03 1.245990000000000076e-05 6.490780000000000051e-06
4.003000000000000000e+03 1.245750000000000058e-05 6.492579999999999763e-06
4.004000000000000000e+03 1.245500000000000018e-05 6.494390000000000174e-06
4.005000000000000000e+03 1.245260000000000000e-05 6.496189999999999885e-06
4.006000000000000000e+03 1.245019999999999982e-05 6.498000000000000297e-06
4.007000000000000000e+03 1.244779999999999964e-05 6.499800000000000008e-06
4.008000000000000000e+03 1.244539999999999946e-05 6.501610000000000420e-06
4.009000000000000000e+03 1.244290000000000076e-05 6.503419999999999984e-06
4.010000000000000000e+03 1.244050000000000058e-05 6.505230000000000395e-06
4.011000000000000000e+03 1.243810000000000040e-05 6.507039999999999959e-06
4.012000000000000000e+03 1.243570000000000022e-05 6.508850000000000371e-06
4.013000000000000000e+03 1.243330000000000003e-05 6.510659999999999935e-06
4.014000000000000000e+03 1.243089999999999985e-05 6.512480000000000199e-06
4.015000000000000000e+03 1.242839999999999945e-05 6.514289999999999763e-06
4.016000000000000000e+03 1.242599999999999927e-05 6.516110000000000027e-06
4.017000000000000000e+03 1.242360000000000079e-05 6.517919999999999591e-06
4.018000000000000000e+03 1.242120000000000061e-05 6.519739999999999855e-06
4.019000000000000000e+03 1.241880000000000043e-05 6.521560000000000119e-06
4.020000000000000000e+03 1.241640000000000025e-05 6.523380000000000382e-06
4.021000000000000000e+03 1.241389999999999985e-05 6.525199999999999799e-06
4.022000000000000000e+03 1.241149999999999967e-05 6.527020000000000063e-06
4.023000000000000000e+03 1.240909999999999949e-05 6.528850000000000179e-06
4.024000000000000000e+03 1.240669999999999931e-05 6.530669999999999596e-06
4.025000000000000000e+03 1.240430000000000082e-05 6.532489999999999860e-06
4.026000000000000000e+03 1.240190000000000064e-05 6.534319999999999976e-06
4.027000000000000000e+03 1.239950000000000046e-05 6.536150000000000092e-06
4.028000000000000000e+03 1.239710000000000028e-05 6.537970000000000356e-06
4.029000000000000000e+03 1.239459999999999988e-05 6.539799999999999625e-06
4.030000000000000000e+03 1.239509999999999928e-05 6.541629999999999742e-06
4.031000000000000000e+03 1.239570000000000060e-05 6.543459999999999858e-06
4.032000000000000000e+03 1.239620000000000000e-05 6.545299999999999827e-06
4.033000000000000000e+03 1.239669999999999940e-05 6.547129999999999943e-06
4.034000000000000000e+03 1.239720000000000050e-05 6.548960000000000060e-06
4.035000000000000000e+03 1.239769999999999990e-05 6.550800000000000028e-06
4.036000000000000000e+03 1.239819999999999930e-05 6.552630000000000145e-06
4.037000000000000000e+03 1.239870000000000040e-05 6.554470000000000114e-06
4.038000000000000000e+03 1.239919999999999980e-05 6.556310000000000082e-06
4.039000000000000000e+03 1.239969999999999920e-05 6.558150000000000051e-06
4.040000000000000000e+03 1.240020000000000030e-05 6.559990000000000020e-06
4.041000000000000000e+03 1.240069999999999970e-05 6.561829999999999989e-06
4.042000000000000000e+03 1.240120000000000080e-05 6.563669999999999958e-06
4.043000000000000000e+03 1.240170000000000020e-05 6.565509999999999927e-06
4.044000000000000000e+03 1.240219999999999960e-05 6.567359999999999748e-06
4.045000000000000000e+03 1.240270000000000070e-05 6.569199999999999717e-06
4.046000000000000000e+03 1.240320000000000010e-05 6.571050000000000385e-06
4.047000000000000000e+03 1.240369999999999951e-05 6.572900000000000206e-06
4.048000000000000000e+03 1.240420000000000060e-05 6.574750000000000028e-06
4.049000000000000000e+03 1.240470000000000000e-05 6.576599999999999849e-06
4.050000000000000000e+03 1.240519999999999941e-05 6.578449999999999670e-06
4.051000000000000000e+03 1.240570000000000050e-05 6.580300000000000339e-06
4.052000000000000000e+03 1.240619999999999990e-05 6.582150000000000160e-06
4.053000000000000000e+03 1.240679999999999953e-05 6.583999999999999982e-06
4.054000000000000000e+03 1.240730000000000062e-05 6.585859999999999655e-06
4.055000000000000000e+03 1.240780000000000002e-05 6.587710000000000324e-06
4.056000000000000000e+03 1.240829999999999943e-05 6.589569999999999998e-06
4.057000000000000000e+03 1.240880000000000052e-05 6.591429999999999672e-06
4.058000000000000000e+03 1.240929999999999993e-05 6.593290000000000192e-06
4.059000000000000000e+03 1.240979999999999933e-05 6.595140000000000014e-06
4.060000000000000000e+03 1.241030000000000042e-05 6.597010000000000387e-06
4.061000000000000000e+03 1.241079999999999983e-05 6.598870000000000061e-06
4.062000000000000000e+03 1.241129999999999923e-05 6.600729999999999735e-06
4.063000000000000000e+03 1.241180000000000033e-05 6.602590000000000256e-06
4.064000000000000000e+03 1.241229999999999973e-05 6.604459999999999782e-06
4.065000000000000000e+03 1.241280000000000082e-05 6.606320000000000303e-06
4.066000000000000000e+03 1.241330000000000023e-05 6.608189999999999830e-06
4.067000000000000000e+03 1.241379999999999963e-05 6.610060000000000203e-06
4.068000000000000000e+03 1.241430000000000072e-05 6.611929999999999729e-06
4.069000000000000000e+03 1.241350000000000066e-05 6.613800000000000103e-06
4.070000000000000000e+03 1.241129999999999923e-05 6.615669999999999629e-06
4.071000000000000000e+03 1.240909999999999949e-05 6.617540000000000003e-06
4.072000000000000000e+03 1.240689999999999975e-05 6.619410000000000376e-06
4.073000000000000000e+03 1.240470000000000000e-05 6.621289999999999755e-06
4.074000000000000000e+03 1.240250000000000026e-05 6.623160000000000128e-06
4.075000000000000000e+03 1.240030000000000052e-05 6.625040000000000354e-06
4.076000000000000000e+03 1.239819999999999930e-05 6.626919999999999733e-06
4.077000000000000000e+03 1.239599999999999956e-05 6.628790000000000107e-06
4.078000000000000000e+03 1.239379999999999982e-05 6.630670000000000333e-06
4.079000000000000000e+03 1.239160000000000008e-05 6.632549999999999712e-06
4.080000000000000000e+03 1.238940000000000034e-05 6.634429999999999938e-06
4.081000000000000000e+03 1.238720000000000059e-05 6.636320000000000016e-06
4.082000000000000000e+03 1.238499999999999916e-05 6.638200000000000242e-06
4.083000000000000000e+03 1.238289999999999964e-05 6.640079999999999621e-06
4.084000000000000000e+03 1.238069999999999989e-05 6.641969999999999699e-06
4.085000000000000000e+03 1.237850000000000015e-05 6.643859999999999778e-06
4.086000000000000000e+03 1.237630000000000041e-05 6.645740000000000004e-06
4.087000000000000000e+03 1.237410000000000067e-05 6.647630000000000082e-06
4.088000000000000000e+03 1.237189999999999923e-05 6.649520000000000161e-06
4.089000000000000000e+03 1.236969999999999949e-05 6.651410000000000239e-06
4.090000000000000000e+03 1.236759999999999997e-05 6.653300000000000318e-06
4.091000000000000000e+03 1.236540000000000023e-05 6.655200000000000249e-06
4.092000000000000000e+03 1.236320000000000049e-05 6.657090000000000327e-06
4.093000000000000000e+03 1.236100000000000074e-05 6.658990000000000258e-06
4.094000000000000000e+03 1.235879999999999931e-05 6.660880000000000336e-06
4.095000000000000000e+03 1.235669999999999979e-05 6.662780000000000267e-06
4.096000000000000000e+03 1.235450000000000004e-05 6.664680000000000198e-06
4.097000000000000000e+03 1.235230000000000030e-05 6.666580000000000129e-06
4.098000000000000000e+03 1.235010000000000056e-05 6.668480000000000060e-06
4.099000000000000000e+03 1.234790000000000082e-05 6.670379999999999991e-06
4.100000000000000000e+03 1.234579999999999960e-05 6.672279999999999922e-06
4.101000000000000000e+03 1.234359999999999986e-05 6.674179999999999853e-06
4.102000000000000000e+03 1.234140000000000012e-05 6.676089999999999637e-06
4.103000000000000000e+03 1.233920000000000038e-05 6.677990000000000415e-06
4.104000000000000000e+03 1.233700000000000063e-05 6.679900000000000198e-06
4.105000000000000000e+03 1.233489999999999942e-05 6.681800000000000129e-06
4.106000000000000000e+03 1.233269999999999968e-05 6.683709999999999913e-06
4.107000000000000000e+03 1.233049999999999993e-05 6.685619999999999696e-06
4.108000000000000000e+03 1.232830000000000019e-05 6.687530000000000327e-06
4.109000000000000000e+03 1.232690000000000051e-05 6.689440000000000110e-06
4.110000000000000000e+03 1.232629999999999920e-05 6.691359999999999747e-06
4.111000000000000000e+03 1.232569999999999957e-05 6.693270000000000377e-06
4.112000000000000000e+03 1.232509999999999995e-05 6.695180000000000161e-06
4.113000000000000000e+03 1.232450000000000033e-05 6.697099999999999797e-06
4.114000000000000000e+03 1.232390000000000071e-05 6.699020000000000280e-06
4.115000000000000000e+03 1.232329999999999939e-05 6.700930000000000063e-06
4.116000000000000000e+03 1.232269999999999977e-05 6.702849999999999699e-06
4.117000000000000000e+03 1.232210000000000015e-05 6.704770000000000182e-06
4.118000000000000000e+03 1.232150000000000053e-05 6.706689999999999818e-06
4.119000000000000000e+03 1.232089999999999921e-05 6.708620000000000154e-06
4.120000000000000000e+03 1.232029999999999959e-05 6.710539999999999790e-06
4.121000000000000000e+03 1.231969999999999997e-05 6.712460000000000273e-06
4.122000000000000000e+03 1.231910000000000035e-05 6.714389999999999761e-06
4.123000000000000000e+03 1.231850000000000073e-05 6.716310000000000245e-06
4.124000000000000000e+03 1.231789999999999941e-05 6.718239999999999733e-06
4.125000000000000000e+03 1.231729999999999979e-05 6.720170000000000069e-06
4.126000000000000000e+03 1.231670000000000017e-05 6.722100000000000404e-06
4.127000000000000000e+03 1.231610000000000055e-05 6.724029999999999893e-06
4.128000000000000000e+03 1.231549999999999923e-05 6.725960000000000228e-06
4.129000000000000000e+03 1.231489999999999961e-05 6.727889999999999717e-06
4.130000000000000000e+03 1.231429999999999999e-05 6.729829999999999905e-06
4.131000000000000000e+03 1.231370000000000037e-05 6.731760000000000241e-06
4.132000000000000000e+03 1.231310000000000075e-05 6.733699999999999582e-06
4.133000000000000000e+03 1.231249999999999943e-05 6.735629999999999917e-06
4.134000000000000000e+03 1.231189999999999981e-05 6.737570000000000105e-06
4.135000000000000000e+03 1.231130000000000019e-05 6.739510000000000293e-06
4.136000000000000000e+03 1.231070000000000056e-05 6.741449999999999635e-06
4.137000000000000000e+03 1.231009999999999925e-05 6.743389999999999823e-06
4.138000000000000000e+03 1.230949999999999963e-05 6.745330000000000011e-06
4.139000000000000000e+03 1.230890000000000001e-05 6.747280000000000051e-06
4.140000000000000000e+03 1.230830000000000038e-05 6.749220000000000239e-06
4.141000000000000000e+03 1.230770000000000076e-05 6.751159999999999581e-06
4.142000000000000000e+03 1.230709999999999945e-05 6.753109999999999621e-06
4.143000000000000000e+03 1.230649999999999983e-05 6.755059999999999662e-06
4.144000000000000000e+03 1.230590000000000020e-05 6.757009999999999702e-06
4.145000000000000000e+03 1.230530000000000058e-05 6.758959999999999743e-06
4.146000000000000000e+03 1.230469999999999927e-05 6.760909999999999784e-06
4.147000000000000000e+03 1.230409999999999965e-05 6.762859999999999824e-06
4.148000000000000000e+03 1.230350000000000002e-05 6.764809999999999865e-06
4.149000000000000000e+03 1.230380000000000068e-05 6.766759999999999906e-06
4.150000000000000000e+03 1.230510000000000014e-05 6.768719999999999799e-06
4.151000000000000000e+03 1.230639999999999961e-05 6.770669999999999839e-06
4.152000000000000000e+03 1.230770000000000076e-05 6.772629999999999732e-06
4.153000000000000000e+03 1.230900000000000023e-05 6.774589999999999626e-06
4.154000000000000000e+03 1.231029999999999969e-05 6.776550000000000366e-06
4.155000000000000000e+03 1.231160000000000084e-05 6.778510000000000259e-06
4.156000000000000000e+03 1.231280000000000009e-05 6.780470000000000152e-06
4.157000000000000000e+03 1.231409999999999955e-05 6.782430000000000045e-06
4.158000000000000000e+03 1.231540000000000071e-05 6.784389999999999938e-06
4.159000000000000000e+03 1.231670000000000017e-05 6.786359999999999684e-06
4.160000000000000000e+03 1.231799999999999963e-05 6.788319999999999577e-06
4.161000000000000000e+03 1.231930000000000079e-05 6.790290000000000170e-06
4.162000000000000000e+03 1.232060000000000025e-05 6.792259999999999915e-06
4.163000000000000000e+03 1.232189999999999971e-05 6.794219999999999809e-06
4.164000000000000000e+03 1.232310000000000065e-05 6.796190000000000401e-06
4.165000000000000000e+03 1.232440000000000011e-05 6.798160000000000147e-06
4.166000000000000000e+03 1.232569999999999957e-05 6.800139999999999745e-06
4.167000000000000000e+03 1.232700000000000073e-05 6.802110000000000338e-06
4.168000000000000000e+03 1.232830000000000019e-05 6.804080000000000084e-06
4.169000000000000000e+03 1.232959999999999966e-05 6.806059999999999682e-06
4.170000000000000000e+03 1.233090000000000081e-05 6.808030000000000274e-06
4.171000000000000000e+03 1.233220000000000027e-05 6.810009999999999873e-06
4.172000000000000000e+03 1.233339999999999952e-05 6.811990000000000318e-06
4.173000000000000000e+03 1.233470000000000067e-05 6.813969999999999916e-06
4.174000000000000000e+03 1.233600000000000014e-05 6.815950000000000361e-06
4.175000000000000000e+03 1.233729999999999960e-05 6.817929999999999959e-06
4.176000000000000000e+03 1.233860000000000076e-05 6.819910000000000405e-06
4.177000000000000000e+03 1.233990000000000022e-05 6.821890000000000003e-06
4.178000000000000000e+03 1.234119999999999968e-05 6.823880000000000301e-06
4.179000000000000000e+03 1.234250000000000084e-05 6.825859999999999899e-06
4.180000000000000000e+03 1.234380000000000030e-05 6.827850000000000196e-06
4.181000000000000000e+03 1.234499999999999954e-05 6.829839999999999647e-06
4.182000000000000000e+03 1.234630000000000070e-05 6.831829999999999945e-06
4.183000000000000000e+03 1.234760000000000016e-05 6.833820000000000243e-06
4.184000000000000000e+03 1.234889999999999962e-05 6.835809999999999693e-06
4.185000000000000000e+03 1.235020000000000078e-05 6.837799999999999991e-06
4.186000000000000000e+03 1.235150000000000024e-05 6.839790000000000289e-06
4.187000000000000000e+03 1.235279999999999970e-05 6.841779999999999740e-06
4.188000000000000000e+03 1.235409999999999917e-05 6.843779999999999890e-06
4.189000000000000000e+03 1.235289999999999992e-05 6.845780000000000040e-06
4.190000000000000000e+03 1.234930000000000050e-05 6.847770000000000338e-06
4.191000000000000000e+03 1.234559999999999916e-05 6.849769999999999641e-06
4.192000000000000000e+03 1.234199999999999974e-05 6.851769999999999791e-06
4.193000000000000000e+03 1.233840000000000032e-05 6.853769999999999941e-06
4.194000000000000000e+03 1.233470000000000067e-05 6.855770000000000092e-06
4.195000000000000000e+03 1.233109999999999956e-05 6.857780000000000095e-06
4.196000000000000000e+03 1.232750000000000013e-05 6.859780000000000245e-06
4.197000000000000000e+03 1.232380000000000049e-05 6.861780000000000395e-06
4.198000000000000000e+03 1.232019999999999937e-05 6.863790000000000398e-06
4.199000000000000000e+03 1.231659999999999995e-05 6.865800000000000401e-06
4.200000000000000000e+03 1.231290000000000031e-05 6.867799999999999704e-06
4.201000000000000000e+03 1.230929999999999919e-05 6.869809999999999707e-06
4.202000000000000000e+03 1.230569999999999977e-05 6.871819999999999709e-06
4.203000000000000000e+03 1.230210000000000034e-05 6.873829999999999712e-06
4.204000000000000000e+03 1.229849999999999922e-05 6.875850000000000414e-06
4.205000000000000000e+03 1.229479999999999958e-05 6.877860000000000417e-06
4.206000000000000000e+03 1.229120000000000016e-05 6.879870000000000420e-06
4.207000000000000000e+03 1.228760000000000074e-05 6.881890000000000275e-06
4.208000000000000000e+03 1.228399999999999962e-05 6.883910000000000131e-06
4.209000000000000000e+03 1.228040000000000019e-05 6.885920000000000133e-06
4.210000000000000000e+03 1.227670000000000055e-05 6.887939999999999989e-06
4.211000000000000000e+03 1.227309999999999943e-05 6.889959999999999844e-06
4.212000000000000000e+03 1.226950000000000001e-05 6.891979999999999699e-06
4.213000000000000000e+03 1.226590000000000059e-05 6.894010000000000254e-06
4.214000000000000000e+03 1.226229999999999947e-05 6.896030000000000109e-06
4.215000000000000000e+03 1.225870000000000005e-05 6.898049999999999965e-06
4.216000000000000000e+03 1.225510000000000062e-05 6.900079999999999673e-06
4.217000000000000000e+03 1.225149999999999951e-05 6.902100000000000375e-06
4.218000000000000000e+03 1.224779999999999986e-05 6.904130000000000083e-06
4.219000000000000000e+03 1.224420000000000044e-05 6.906159999999999791e-06
4.220000000000000000e+03 1.224059999999999932e-05 6.908190000000000345e-06
4.221000000000000000e+03 1.223699999999999990e-05 6.910220000000000053e-06
4.222000000000000000e+03 1.223340000000000047e-05 6.912249999999999761e-06
4.223000000000000000e+03 1.222979999999999936e-05 6.914280000000000316e-06
4.224000000000000000e+03 1.222619999999999993e-05 6.916319999999999876e-06
4.225000000000000000e+03 1.222260000000000051e-05 6.918349999999999584e-06
4.226000000000000000e+03 1.221899999999999939e-05 6.920389999999999991e-06
4.227000000000000000e+03 1.221539999999999997e-05 6.922430000000000399e-06
4.228000000000000000e+03 1.221180000000000055e-05 6.924460000000000107e-06
4.229000000000000000e+03 1.220999999999999999e-05 6.926499999999999667e-06
4.230000000000000000e+03 1.220979999999999955e-05 6.928540000000000074e-06
4.231000000000000000e+03 1.220969999999999933e-05 6.930590000000000334e-06
4.232000000000000000e+03 1.220950000000000059e-05 6.932629999999999895e-06
4.233000000000000000e+03 1.220930000000000015e-05 6.934670000000000302e-06
4.234000000000000000e+03 1.220919999999999993e-05 6.936719999999999715e-06
4.235000000000000000e+03 1.220899999999999949e-05 6.938760000000000122e-06
4.236000000000000000e+03 1.220889999999999927e-05 6.940810000000000382e-06
4.237000000000000000e+03 1.220870000000000053e-05 6.942859999999999795e-06
4.238000000000000000e+03 1.220860000000000031e-05 6.944910000000000055e-06
4.239000000000000000e+03 1.220839999999999987e-05 6.946960000000000315e-06
4.240000000000000000e+03 1.220829999999999965e-05 6.949009999999999728e-06
4.241000000000000000e+03 1.220809999999999921e-05 6.951059999999999987e-06
4.242000000000000000e+03 1.220800000000000068e-05 6.953110000000000247e-06
4.243000000000000000e+03 1.220780000000000025e-05 6.955170000000000360e-06
4.244000000000000000e+03 1.220770000000000003e-05 6.957219999999999773e-06
4.245000000000000000e+03 1.220749999999999959e-05 6.959279999999999885e-06
4.246000000000000000e+03 1.220739999999999937e-05 6.961339999999999997e-06
4.247000000000000000e+03 1.220720000000000062e-05 6.963400000000000110e-06
4.248000000000000000e+03 1.220710000000000040e-05 6.965460000000000222e-06
4.249000000000000000e+03 1.220689999999999997e-05 6.967520000000000335e-06
4.250000000000000000e+03 1.220679999999999975e-05 6.969579999999999600e-06
4.251000000000000000e+03 1.220659999999999931e-05 6.971639999999999713e-06
4.252000000000000000e+03 1.220650000000000078e-05 6.973709999999999677e-06
4.253000000000000000e+03 1.220630000000000034e-05 6.975769999999999790e-06
4.254000000000000000e+03 1.220609999999999991e-05 6.977839999999999755e-06
4.255000000000000000e+03 1.220599999999999969e-05 6.979909999999999720e-06
4.256000000000000000e+03 1.220579999999999925e-05 6.981979999999999685e-06
4.257000000000000000e+03 1.220570000000000072e-05 6.984049999999999650e-06
4.258000000000000000e+03 1.220550000000000028e-05 6.986119999999999615e-06
4.259000000000000000e+03 1.220540000000000007e-05 6.988189999999999579e-06
4.260000000000000000e+03 1.220519999999999963e-05 6.990260000000000391e-06
4.261000000000000000e+03 1.220509999999999941e-05 6.992340000000000209e-06
4.262000000000000000e+03 1.220490000000000066e-05 6.994410000000000174e-06
4.263000000000000000e+03 1.220480000000000044e-05 6.996489999999999991e-06
4.264000000000000000e+03 1.220460000000000001e-05 6.998559999999999956e-06
4.265000000000000000e+03 1.220449999999999979e-05 7.000639999999999774e-06
4.266000000000000000e+03 1.220429999999999935e-05 7.002719999999999591e-06
4.267000000000000000e+03 1.220420000000000082e-05 7.004800000000000256e-06
4.268000000000000000e+03 1.220400000000000038e-05 7.006889999999999926e-06
4.269000000000000000e+03 1.220579999999999925e-05 7.008969999999999743e-06
4.270000000000000000e+03 1.220940000000000037e-05 7.011050000000000408e-06
4.271000000000000000e+03 1.221310000000000001e-05 7.013140000000000078e-06
4.272000000000000000e+03 1.221679999999999965e-05 7.015219999999999895e-06
4.273000000000000000e+03 1.222040000000000077e-05 7.017310000000000412e-06
4.274000000000000000e+03 1.222410000000000041e-05 7.019400000000000082e-06
4.275000000000000000e+03 1.222780000000000005e-05 7.021489999999999752e-06
4.276000000000000000e+03 1.223139999999999948e-05 7.023580000000000269e-06
4.277000000000000000e+03 1.223510000000000081e-05 7.025669999999999939e-06
4.278000000000000000e+03 1.223880000000000046e-05 7.027759999999999609e-06
4.279000000000000000e+03 1.224250000000000010e-05 7.029859999999999978e-06
4.280000000000000000e+03 1.224609999999999952e-05 7.031949999999999648e-06
4.281000000000000000e+03 1.224979999999999917e-05 7.034050000000000018e-06
4.282000000000000000e+03 1.225350000000000050e-05 7.036150000000000387e-06
4.283000000000000000e+03 1.225720000000000015e-05 7.038249999999999910e-06
4.284000000000000000e+03 1.226079999999999957e-05 7.040350000000000279e-06
4.285000000000000000e+03 1.226449999999999921e-05 7.042449999999999802e-06
4.286000000000000000e+03 1.226820000000000055e-05 7.044550000000000171e-06
4.287000000000000000e+03 1.227190000000000019e-05 7.046649999999999694e-06
4.288000000000000000e+03 1.227559999999999983e-05 7.048750000000000064e-06
4.289000000000000000e+03 1.227929999999999948e-05 7.050860000000000286e-06
4.290000000000000000e+03 1.228290000000000059e-05 7.052969999999999661e-06
4.291000000000000000e+03 1.228660000000000024e-05 7.055070000000000030e-06
4.292000000000000000e+03 1.229029999999999988e-05 7.057180000000000252e-06
4.293000000000000000e+03 1.229399999999999952e-05 7.059289999999999627e-06
4.294000000000000000e+03 1.229769999999999916e-05 7.061399999999999849e-06
4.295000000000000000e+03 1.230140000000000050e-05 7.063510000000000071e-06
4.296000000000000000e+03 1.230510000000000014e-05 7.065630000000000146e-06
4.297000000000000000e+03 1.230879999999999979e-05 7.067740000000000368e-06
4.298000000000000000e+03 1.231249999999999943e-05 7.069849999999999743e-06
4.299000000000000000e+03 1.231620000000000077e-05 7.071969999999999817e-06
4.300000000000000000e+03 1.231990000000000041e-05 7.074089999999999892e-06
4.301000000000000000e+03 1.232360000000000005e-05 7.076209999999999967e-06
4.302000000000000000e+03 1.232729999999999969e-05 7.078330000000000041e-06
4.303000000000000000e+03 1.233099999999999934e-05 7.080450000000000116e-06
4.304000000000000000e+03 1.233470000000000067e-05 7.082570000000000190e-06
4.305000000000000000e+03 1.233840000000000032e-05 7.084690000000000265e-06
4.306000000000000000e+03 1.234209999999999996e-05 7.086820000000000192e-06
4.307000000000000000e+03 1.234579999999999960e-05 7.088940000000000267e-06
4.308000000000000000e+03 1.234949999999999924e-05 7.091070000000000194e-06
4.309000000000000000e+03 1.235109999999999936e-05 7.093190000000000268e-06
4.310000000000000000e+03 1.235049999999999974e-05 7.095320000000000195e-06
4.311000000000000000e+03 1.234990000000000012e-05 7.097450000000000122e-06
4.312000000000000000e+03 1.234940000000000072e-05 7.099580000000000049e-06
4.313000000000000000e+03 1.234879999999999940e-05 7.101709999999999977e-06
4.314000000000000000e+03 1.234819999999999978e-05 7.103849999999999756e-06
4.315000000000000000e+03 1.234770000000000038e-05 7.105979999999999683e-06
4.316000000000000000e+03 1.234710000000000076e-05 7.108120000000000310e-06
4.317000000000000000e+03 1.234649999999999944e-05 7.110250000000000237e-06
4.318000000000000000e+03 1.234600000000000004e-05 7.112390000000000017e-06
4.319000000000000000e+03 1.234540000000000042e-05 7.114529999999999796e-06
4.320000000000000000e+03 1.234480000000000080e-05 7.116670000000000423e-06
4.321000000000000000e+03 1.234429999999999970e-05 7.118810000000000203e-06
4.322000000000000000e+03 1.234370000000000008e-05 7.120949999999999982e-06
4.323000000000000000e+03 1.234310000000000046e-05 7.123089999999999762e-06
4.324000000000000000e+03 1.234259999999999936e-05 7.125240000000000241e-06
4.325000000000000000e+03 1.234199999999999974e-05 7.127380000000000020e-06
4.326000000000000000e+03 1.234140000000000012e-05 7.129529999999999653e-06
4.327000000000000000e+03 1.234090000000000072e-05 7.131670000000000279e-06
4.328000000000000000e+03 1.234029999999999940e-05 7.133819999999999911e-06
4.329000000000000000e+03 1.233969999999999978e-05 7.135970000000000391e-06
4.330000000000000000e+03 1.233920000000000038e-05 7.138120000000000023e-06
4.331000000000000000e+03 1.233860000000000076e-05 7.140280000000000354e-06
4.332000000000000000e+03 1.233799999999999944e-05 7.142429999999999987e-06
4.333000000000000000e+03 1.233750000000000004e-05 7.144579999999999619e-06
4.334000000000000000e+03 1.233690000000000042e-05 7.146739999999999950e-06
4.335000000000000000e+03 1.233639999999999932e-05 7.148889999999999582e-06
4.336000000000000000e+03 1.233579999999999970e-05 7.151049999999999914e-06
4.337000000000000000e+03 1.233520000000000008e-05 7.153210000000000246e-06
4.338000000000000000e+03 1.233470000000000067e-05 7.155369999999999730e-06
4.339000000000000000e+03 1.233409999999999936e-05 7.157530000000000062e-06
4.340000000000000000e+03 1.233349999999999974e-05 7.159690000000000394e-06
4.341000000000000000e+03 1.233300000000000033e-05 7.161859999999999731e-06
4.342000000000000000e+03 1.233240000000000071e-05 7.164020000000000063e-06
4.343000000000000000e+03 1.233179999999999940e-05 7.166190000000000247e-06
4.344000000000000000e+03 1.233129999999999999e-05 7.168349999999999732e-06
4.345000000000000000e+03 1.233070000000000037e-05 7.170519999999999916e-06
4.346000000000000000e+03 1.233010000000000075e-05 7.172690000000000100e-06
4.347000000000000000e+03 1.232959999999999966e-05 7.174860000000000284e-06
4.348000000000000000e+03 1.232900000000000003e-05 7.177029999999999621e-06
4.349000000000000000e+03 1.232659999999999985e-05 7.179199999999999806e-06
4.350000000000000000e+03 1.232230000000000059e-05 7.181369999999999990e-06
4.351000000000000000e+03 1.231809999999999985e-05 7.183550000000000027e-06
4.352000000000000000e+03 1.231380000000000059e-05 7.185720000000000211e-06
4.353000000000000000e+03 1.230949999999999963e-05 7.187900000000000247e-06
4.354000000000000000e+03 1.230530000000000058e-05 7.190080000000000284e-06
4.355000000000000000e+03 1.230099999999999962e-05 7.192260000000000321e-06
4.356000000000000000e+03 1.229670000000000036e-05 7.194440000000000358e-06
4.357000000000000000e+03 1.229249999999999962e-05 7.196620000000000394e-06
4.358000000000000000e+03 1.228820000000000036e-05 7.198799999999999584e-06
4.359000000000000000e+03 1.228399999999999962e-05 7.200979999999999621e-06
4.360000000000000000e+03 1.227970000000000035e-05 7.203170000000000357e-06
4.361000000000000000e+03 1.227549999999999961e-05 7.205360000000000246e-06
4.362000000000000000e+03 1.227120000000000035e-05 7.207540000000000283e-06
4.363000000000000000e+03 1.226699999999999961e-05 7.209730000000000172e-06
4.364000000000000000e+03 1.226270000000000035e-05 7.211920000000000062e-06
4.365000000000000000e+03 1.225849999999999961e-05 7.214109999999999951e-06
4.366000000000000000e+03 1.225420000000000034e-05 7.216299999999999840e-06
4.367000000000000000e+03 1.224999999999999960e-05 7.218489999999999729e-06
4.368000000000000000e+03 1.224580000000000056e-05 7.220690000000000318e-06
4.369000000000000000e+03 1.224149999999999960e-05 7.222880000000000207e-06
4.370000000000000000e+03 1.223730000000000056e-05 7.225079999999999949e-06
4.371000000000000000e+03 1.223299999999999960e-05 7.227269999999999838e-06
4.372000000000000000e+03 1.222880000000000055e-05 7.229469999999999580e-06
4.373000000000000000e+03 1.222459999999999981e-05 7.231670000000000169e-06
4.374000000000000000e+03 1.222030000000000055e-05 7.233869999999999911e-06
4.375000000000000000e+03 1.221609999999999981e-05 7.236069999999999652e-06
4.376000000000000000e+03 1.221190000000000077e-05 7.238280000000000094e-06
4.377000000000000000e+03 1.220770000000000003e-05 7.240479999999999835e-06
4.378000000000000000e+03 1.220340000000000076e-05 7.242690000000000277e-06
4.379000000000000000e+03 1.219920000000000002e-05 7.244890000000000019e-06
4.380000000000000000e+03 1.219499999999999928e-05 7.247099999999999613e-06
4.381000000000000000e+03 1.219080000000000024e-05 7.249310000000000054e-06
4.382000000000000000e+03 1.218649999999999928e-05 7.251519999999999648e-06
4.383000000000000000e+03 1.218230000000000024e-05 7.253730000000000090e-06
4.384000000000000000e+03 1.217809999999999950e-05 7.255939999999999684e-06
4.385000000000000000e+03 1.217390000000000045e-05 7.258150000000000125e-06
4.386000000000000000e+03 1.216969999999999971e-05 7.260370000000000419e-06
4.387000000000000000e+03 1.216550000000000067e-05 7.262580000000000014e-06
4.388000000000000000e+03 1.216129999999999993e-05 7.264800000000000307e-06
4.389000000000000000e+03 1.215969999999999981e-05 7.267019999999999754e-06
4.390000000000000000e+03 1.216090000000000075e-05 7.269240000000000048e-06
4.391000000000000000e+03 1.216199999999999977e-05 7.271460000000000342e-06
4.392000000000000000e+03 1.216320000000000071e-05 7.273679999999999789e-06
4.393000000000000000e+03 1.216429999999999973e-05 7.275900000000000083e-06
4.394000000000000000e+03 1.216550000000000067e-05 7.278120000000000376e-06
4.395000000000000000e+03 1.216659999999999969e-05 7.280349999999999676e-06
4.396000000000000000e+03 1.216780000000000063e-05 7.282569999999999970e-06
4.397000000000000000e+03 1.216899999999999987e-05 7.284800000000000116e-06
4.398000000000000000e+03 1.217010000000000059e-05 7.287030000000000262e-06
4.399000000000000000e+03 1.217129999999999983e-05 7.289260000000000409e-06
4.400000000000000000e+03 1.217240000000000055e-05 7.291489999999999708e-06
4.401000000000000000e+03 1.217359999999999979e-05 7.293719999999999854e-06
4.402000000000000000e+03 1.217470000000000051e-05 7.295950000000000001e-06
4.403000000000000000e+03 1.217589999999999975e-05 7.298180000000000147e-06
4.404000000000000000e+03 1.217700000000000047e-05 7.300420000000000146e-06
4.405000000000000000e+03 1.217819999999999972e-05 7.302650000000000292e-06
4.406000000000000000e+03 1.217940000000000065e-05 7.304890000000000291e-06
4.407000000000000000e+03 1.218049999999999968e-05 7.307130000000000290e-06
4.408000000000000000e+03 1.218170000000000061e-05 7.309370000000000289e-06
4.409000000000000000e+03 1.218279999999999964e-05 7.311610000000000288e-06
4.410000000000000000e+03 1.218400000000000058e-05 7.313850000000000287e-06
4.411000000000000000e+03 1.218509999999999960e-05 7.316090000000000286e-06
4.412000000000000000e+03 1.218630000000000054e-05 7.318340000000000137e-06
4.413000000000000000e+03 1.218749999999999978e-05 7.320580000000000136e-06
4.414000000000000000e+03 1.218860000000000050e-05 7.322829999999999987e-06
4.415000000000000000e+03 1.218979999999999974e-05 7.325079999999999839e-06
4.416000000000000000e+03 1.219090000000000046e-05 7.327329999999999690e-06
4.417000000000000000e+03 1.219209999999999970e-05 7.329580000000000388e-06
4.418000000000000000e+03 1.219320000000000042e-05 7.331830000000000240e-06
4.419000000000000000e+03 1.219439999999999966e-05 7.334080000000000091e-06
4.420000000000000000e+03 1.219560000000000060e-05 7.336329999999999943e-06
4.421000000000000000e+03 1.219669999999999962e-05 7.338589999999999647e-06
4.422000000000000000e+03 1.219790000000000056e-05 7.340840000000000345e-06
4.423000000000000000e+03 1.219899999999999958e-05 7.343100000000000049e-06
4.424000000000000000e+03 1.220020000000000052e-05 7.345359999999999753e-06
4.425000000000000000e+03 1.220129999999999955e-05 7.347620000000000304e-06
4.426000000000000000e+03 1.220250000000000048e-05 7.349880000000000008e-06
4.427000000000000000e+03 1.220369999999999973e-05 7.352139999999999712e-06
4.428000000000000000e+03 1.220480000000000044e-05 7.354400000000000263e-06
4.429000000000000000e+03 1.220509999999999941e-05 7.356659999999999967e-06
4.430000000000000000e+03 1.220529999999999985e-05 7.358930000000000370e-06
4.431000000000000000e+03 1.220550000000000028e-05 7.361190000000000074e-06
4.432000000000000000e+03 1.220570000000000072e-05 7.363459999999999630e-06
4.433000000000000000e+03 1.220599999999999969e-05 7.365730000000000034e-06
4.434000000000000000e+03 1.220620000000000013e-05 7.367999999999999590e-06
4.435000000000000000e+03 1.220640000000000056e-05 7.370269999999999994e-06
4.436000000000000000e+03 1.220669999999999953e-05 7.372540000000000397e-06
4.437000000000000000e+03 1.220689999999999997e-05 7.374809999999999954e-06
4.438000000000000000e+03 1.220710000000000040e-05 7.377090000000000210e-06
4.439000000000000000e+03 1.220739999999999937e-05 7.379359999999999766e-06
4.440000000000000000e+03 1.220759999999999981e-05 7.381640000000000022e-06
4.441000000000000000e+03 1.220780000000000025e-05 7.383920000000000278e-06
4.442000000000000000e+03 1.220809999999999921e-05 7.386199999999999687e-06
4.443000000000000000e+03 1.220829999999999965e-05 7.388479999999999943e-06
4.444000000000000000e+03 1.220850000000000009e-05 7.390760000000000199e-06
4.445000000000000000e+03 1.220870000000000053e-05 7.393039999999999608e-06
4.446000000000000000e+03 1.220899999999999949e-05 7.395319999999999864e-06
4.447000000000000000e+03 1.220919999999999993e-05 7.397609999999999973e-06
4.448000000000000000e+03 1.220940000000000037e-05 7.399890000000000229e-06
4.449000000000000000e+03 1.220969999999999933e-05 7.402180000000000337e-06
4.450000000000000000e+03 1.220989999999999977e-05 7.404469999999999599e-06
4.451000000000000000e+03 1.221010000000000021e-05 7.406759999999999707e-06
4.452000000000000000e+03 1.221039999999999917e-05 7.409049999999999816e-06
4.453000000000000000e+03 1.221059999999999961e-05 7.411339999999999924e-06
4.454000000000000000e+03 1.221080000000000005e-05 7.413630000000000033e-06
4.455000000000000000e+03 1.221110000000000071e-05 7.415929999999999994e-06
4.456000000000000000e+03 1.221129999999999945e-05 7.418220000000000102e-06
4.457000000000000000e+03 1.221149999999999989e-05 7.420520000000000063e-06
4.458000000000000000e+03 1.221170000000000033e-05 7.422820000000000024e-06
4.459000000000000000e+03 1.221199999999999929e-05 7.425119999999999985e-06
4.460000000000000000e+03 1.221219999999999973e-05 7.427410000000000094e-06
4.461000000000000000e+03 1.221240000000000017e-05 7.429719999999999907e-06
4.462000000000000000e+03 1.221270000000000083e-05 7.432019999999999868e-06
4.463000000000000000e+03 1.221289999999999957e-05 7.434319999999999830e-06
4.464000000000000000e+03 1.221310000000000001e-05 7.436629999999999643e-06
4.465000000000000000e+03 1.221340000000000067e-05 7.438929999999999604e-06
4.466000000000000000e+03 1.221359999999999941e-05 7.441240000000000265e-06
4.467000000000000000e+03 1.221379999999999985e-05 7.443550000000000078e-06
4.468000000000000000e+03 1.221359999999999941e-05 7.445859999999999892e-06
4.469000000000000000e+03 1.221299999999999979e-05 7.448169999999999705e-06
4.470000000000000000e+03 1.221250000000000039e-05 7.450480000000000366e-06
4.471000000000000000e+03 1.221190000000000077e-05 7.452790000000000180e-06
4.472000000000000000e+03 1.221129999999999945e-05 7.455099999999999993e-06
4.473000000000000000e+03 1.221069999999999983e-05 7.457419999999999659e-06
4.474000000000000000e+03 1.221010000000000021e-05 7.459740000000000172e-06
4.475000000000000000e+03 1.220950000000000059e-05 7.462049999999999986e-06
4.476000000000000000e+03 1.220889999999999927e-05 7.464369999999999652e-06
4.477000000000000000e+03 1.220829999999999965e-05 7.466690000000000165e-06
4.478000000000000000e+03 1.220770000000000003e-05 7.469009999999999831e-06
4.479000000000000000e+03 1.220710000000000040e-05 7.471340000000000197e-06
4.480000000000000000e+03 1.220650000000000078e-05 7.473659999999999863e-06
4.481000000000000000e+03 1.220589999999999947e-05 7.475980000000000376e-06
4.482000000000000000e+03 1.220529999999999985e-05 7.478309999999999895e-06
4.483000000000000000e+03 1.220470000000000022e-05 7.480640000000000260e-06
4.484000000000000000e+03 1.220410000000000060e-05 7.482959999999999926e-06
4.485000000000000000e+03 1.220349999999999929e-05 7.485290000000000292e-06
4.486000000000000000e+03 1.220289999999999967e-05 7.487619999999999810e-06
4.487000000000000000e+03 1.220230000000000004e-05 7.489960000000000029e-06
4.488000000000000000e+03 1.220180000000000064e-05 7.492290000000000394e-06
4.489000000000000000e+03 1.220119999999999933e-05 7.494619999999999913e-06
4.490000000000000000e+03 1.220059999999999970e-05 7.496960000000000131e-06
4.491000000000000000e+03 1.220000000000000008e-05 7.499289999999999650e-06
4.492000000000000000e+03 1.219940000000000046e-05 7.501629999999999868e-06
4.493000000000000000e+03 1.219880000000000084e-05 7.503970000000000086e-06
4.494000000000000000e+03 1.219819999999999952e-05 7.506310000000000304e-06
4.495000000000000000e+03 1.219759999999999990e-05 7.508649999999999675e-06
4.496000000000000000e+03 1.219700000000000028e-05 7.510989999999999893e-06
4.497000000000000000e+03 1.219640000000000066e-05 7.513339999999999964e-06
4.498000000000000000e+03 1.219579999999999934e-05 7.515680000000000182e-06
4.499000000000000000e+03 1.219519999999999972e-05 7.518030000000000253e-06
4.500000000000000000e+03 1.219460000000000010e-05 7.520369999999999624e-06
4.501000000000000000e+03 1.219400000000000048e-05 7.522719999999999695e-06
4.502000000000000000e+03 1.219339999999999916e-05 7.525069999999999765e-06
4.503000000000000000e+03 1.219279999999999954e-05 7.527419999999999836e-06
4.504000000000000000e+03 1.219219999999999992e-05 7.529769999999999907e-06
4.505000000000000000e+03 1.219170000000000052e-05 7.532129999999999830e-06
4.506000000000000000e+03 1.219109999999999920e-05 7.534479999999999901e-06
4.507000000000000000e+03 1.219049999999999958e-05 7.536839999999999824e-06
4.508000000000000000e+03 1.219080000000000024e-05 7.539189999999999894e-06
4.509000000000000000e+03 1.219219999999999992e-05 7.541549999999999818e-06
4.510000000000000000e+03 1.219349999999999938e-05 7.543909999999999741e-06
4.511000000000000000e+03 1.219480000000000054e-05 7.546269999999999664e-06
4.512000000000000000e+03 1.219620000000000022e-05 7.548629999999999587e-06
4.513000000000000000e+03 1.219749999999999968e-05 7.550990000000000357e-06
4.514000000000000000e+03 1.219880000000000084e-05 7.553360000000000133e-06
4.515000000000000000e+03 1.220020000000000052e-05 7.555720000000000056e-06
4.516000000000000000e+03 1.220149999999999998e-05 7.558089999999999832e-06
4.517000000000000000e+03 1.220289999999999967e-05 7.560459999999999608e-06
4.518000000000000000e+03 1.220420000000000082e-05 7.562830000000000230e-06
4.519000000000000000e+03 1.220550000000000028e-05 7.565190000000000154e-06
4.520000000000000000e+03 1.220689999999999997e-05 7.567569999999999782e-06
4.521000000000000000e+03 1.220819999999999943e-05 7.569940000000000405e-06
4.522000000000000000e+03 1.220950000000000059e-05 7.572310000000000180e-06
4.523000000000000000e+03 1.221090000000000027e-05 7.574689999999999809e-06
4.524000000000000000e+03 1.221219999999999973e-05 7.577059999999999584e-06
4.525000000000000000e+03 1.221349999999999919e-05 7.579440000000000060e-06
4.526000000000000000e+03 1.221490000000000057e-05 7.581819999999999688e-06
4.527000000000000000e+03 1.221620000000000003e-05 7.584200000000000163e-06
4.528000000000000000e+03 1.221759999999999971e-05 7.586579999999999791e-06
4.529000000000000000e+03 1.221889999999999917e-05 7.588960000000000267e-06
4.530000000000000000e+03 1.222020000000000033e-05 7.591339999999999895e-06
4.531000000000000000e+03 1.222160000000000001e-05 7.593730000000000223e-06
4.532000000000000000e+03 1.222289999999999947e-05 7.596109999999999851e-06
4.533000000000000000e+03 1.222420000000000063e-05 7.598500000000000179e-06
4.534000000000000000e+03 1.222560000000000031e-05 7.600879999999999807e-06
4.535000000000000000e+03 1.222689999999999977e-05 7.603270000000000135e-06
4.536000000000000000e+03 1.222829999999999946e-05 7.605659999999999615e-06
4.537000000000000000e+03 1.222960000000000061e-05 7.608059999999999796e-06
4.538000000000000000e+03 1.223090000000000008e-05 7.610450000000000124e-06
4.539000000000000000e+03 1.223229999999999976e-05 7.612839999999999604e-06
4.540000000000000000e+03 1.223359999999999922e-05 7.615239999999999785e-06
4.541000000000000000e+03 1.223500000000000060e-05 7.617630000000000112e-06
4.542000000000000000e+03 1.223630000000000006e-05 7.620030000000000293e-06
4.543000000000000000e+03 1.223759999999999952e-05 7.622429999999999626e-06
4.544000000000000000e+03 1.223899999999999920e-05 7.624829999999999806e-06
4.545000000000000000e+03 1.224030000000000036e-05 7.627229999999999987e-06
4.546000000000000000e+03 1.224170000000000004e-05 7.629629999999999320e-06
4.547000000000000000e+03 1.224299999999999950e-05 7.632029999999999500e-06
4.548000000000000000e+03 1.224340000000000038e-05 7.634440000000000380e-06
4.549000000000000000e+03 1.224299999999999950e-05 7.636849999999999566e-06
4.550000000000000000e+03 1.224250000000000010e-05 7.639249999999999746e-06
4.551000000000000000e+03 1.224209999999999922e-05 7.641660000000000626e-06
4.552000000000000000e+03 1.224170000000000004e-05 7.644069999999999812e-06
4.553000000000000000e+03 1.224120000000000064e-05 7.646480000000000692e-06
4.554000000000000000e+03 1.224079999999999976e-05 7.648889999999999877e-06
4.555000000000000000e+03 1.224030000000000036e-05 7.651309999999999763e-06
4.556000000000000000e+03 1.223989999999999948e-05 7.653720000000000643e-06
4.557000000000000000e+03 1.223940000000000008e-05 7.656140000000000528e-06
4.558000000000000000e+03 1.223899999999999920e-05 7.658549999999999714e-06
4.559000000000000000e+03 1.223849999999999980e-05 7.660969999999999599e-06
4.560000000000000000e+03 1.223810000000000062e-05 7.663389999999999485e-06
4.561000000000000000e+03 1.223759999999999952e-05 7.665809999999999370e-06
4.562000000000000000e+03 1.223720000000000034e-05 7.668229999999999255e-06
4.563000000000000000e+03 1.223669999999999924e-05 7.670650000000000835e-06
4.564000000000000000e+03 1.223630000000000006e-05 7.673079999999999725e-06
4.565000000000000000e+03 1.223580000000000066e-05 7.675499999999999611e-06
4.566000000000000000e+03 1.223539999999999978e-05 7.677930000000000196e-06
4.567000000000000000e+03 1.223490000000000038e-05 7.680360000000000781e-06
4.568000000000000000e+03 1.223449999999999950e-05 7.682789999999999671e-06
4.569000000000000000e+03 1.223400000000000010e-05 7.685220000000000256e-06
4.570000000000000000e+03 1.223359999999999922e-05 7.687650000000000841e-06
4.571000000000000000e+03 1.223309999999999982e-05 7.690079999999999732e-06
4.572000000000000000e+03 1.223270000000000063e-05 7.692510000000000317e-06
4.573000000000000000e+03 1.223219999999999954e-05 7.694949999999999907e-06
4.574000000000000000e+03 1.223180000000000035e-05 7.697380000000000492e-06
4.575000000000000000e+03 1.223129999999999926e-05 7.699820000000000083e-06
4.576000000000000000e+03 1.223090000000000008e-05 7.702259999999999673e-06
4.577000000000000000e+03 1.223040000000000067e-05 7.704699999999999264e-06
4.578000000000000000e+03 1.222999999999999980e-05 7.707140000000000548e-06
4.579000000000000000e+03 1.222950000000000039e-05 7.709580000000000138e-06
4.580000000000000000e+03 1.222909999999999952e-05 7.712030000000000428e-06
4.581000000000000000e+03 1.222860000000000011e-05 7.714470000000000019e-06
4.582000000000000000e+03 1.222819999999999924e-05 7.716920000000000309e-06
4.583000000000000000e+03 1.222780000000000005e-05 7.719370000000000599e-06
4.584000000000000000e+03 1.222730000000000065e-05 7.721810000000000189e-06
4.585000000000000000e+03 1.222689999999999977e-05 7.724260000000000479e-06
4.586000000000000000e+03 1.222640000000000037e-05 7.726710000000000769e-06
4.587000000000000000e+03 1.222599999999999950e-05 7.729170000000000064e-06
4.588000000000000000e+03 1.222589999999999928e-05 7.731620000000000354e-06
4.589000000000000000e+03 1.222609999999999971e-05 7.734070000000000644e-06
4.590000000000000000e+03 1.222640000000000037e-05 7.736529999999999940e-06
4.591000000000000000e+03 1.222669999999999934e-05 7.738989999999999235e-06
4.592000000000000000e+03 1.222699999999999999e-05 7.741439999999999525e-06
4.593000000000000000e+03 1.222720000000000043e-05 7.743900000000000515e-06
4.594000000000000000e+03 1.222749999999999940e-05 7.746359999999999810e-06
4.595000000000000000e+03 1.222780000000000005e-05 7.748829999999999805e-06
4.596000000000000000e+03 1.222810000000000071e-05 7.751290000000000794e-06
4.597000000000000000e+03 1.222829999999999946e-05 7.753750000000000090e-06
4.598000000000000000e+03 1.222860000000000011e-05 7.756220000000000085e-06
4.599000000000000000e+03 1.222890000000000077e-05 7.758690000000000080e-06
4.600000000000000000e+03 1.222919999999999974e-05 7.761149999999999375e-06
4.601000000000000000e+03 1.222940000000000017e-05 7.763619999999999370e-06
4.602000000000000000e+03 1.222970000000000083e-05 7.766089999999999365e-06
4.603000000000000000e+03 1.222999999999999980e-05 7.768570000000000060e-06
4.604000000000000000e+03 1.223030000000000045e-05 7.771040000000000055e-06
4.605000000000000000e+03 1.223049999999999920e-05 7.773510000000000050e-06
4.606000000000000000e+03 1.223079999999999986e-05 7.775990000000000744e-06
4.607000000000000000e+03 1.223110000000000051e-05 7.778469999999999745e-06
4.608000000000000000e+03 1.223139999999999948e-05 7.780939999999999740e-06
4.609000000000000000e+03 1.223159999999999992e-05 7.783420000000000434e-06
4.610000000000000000e+03 1.223190000000000057e-05 7.785899999999999435e-06
4.611000000000000000e+03 1.223219999999999954e-05 7.788380000000000129e-06
4.612000000000000000e+03 1.223250000000000020e-05 7.790869999999999829e-06
4.613000000000000000e+03 1.223270000000000063e-05 7.793350000000000524e-06
4.614000000000000000e+03 1.223299999999999960e-05 7.795840000000000224e-06
4.615000000000000000e+03 1.223330000000000026e-05 7.798319999999999224e-06
4.616000000000000000e+03 1.223359999999999922e-05 7.800810000000000618e-06
4.617000000000000000e+03 1.223379999999999966e-05 7.803300000000000318e-06
4.618000000000000000e+03 1.223410000000000032e-05 7.805790000000000019e-06
4.619000000000000000e+03 1.223439999999999928e-05 7.808279999999999719e-06
4.620000000000000000e+03 1.223469999999999994e-05 7.810769999999999419e-06
4.621000000000000000e+03 1.223490000000000038e-05 7.813269999999999818e-06
4.622000000000000000e+03 1.223519999999999934e-05 7.815759999999999518e-06
4.623000000000000000e+03 1.223550000000000000e-05 7.818259999999999918e-06
4.624000000000000000e+03 1.223580000000000066e-05 7.820760000000000317e-06
4.625000000000000000e+03 1.223599999999999940e-05 7.823260000000000717e-06
4.626000000000000000e+03 1.223630000000000006e-05 7.825759999999999422e-06
4.627000000000000000e+03 1.223660000000000072e-05 7.828259999999999822e-06
4.628000000000000000e+03 1.223849999999999980e-05 7.830760000000000222e-06
4.629000000000000000e+03 1.224200000000000070e-05 7.833269999999999627e-06
4.630000000000000000e+03 1.224539999999999968e-05 7.835770000000000026e-06
4.631000000000000000e+03 1.224890000000000058e-05 7.838279999999999431e-06
4.632000000000000000e+03 1.225239999999999978e-05 7.840779999999999831e-06
4.633000000000000000e+03 1.225590000000000068e-05 7.843289999999999236e-06
4.634000000000000000e+03 1.225939999999999989e-05 7.845800000000000335e-06
4.635000000000000000e+03 1.226290000000000079e-05 7.848309999999999740e-06
4.636000000000000000e+03 1.226639999999999999e-05 7.850829999999999845e-06
4.637000000000000000e+03 1.226980000000000067e-05 7.853339999999999250e-06
4.638000000000000000e+03 1.227329999999999987e-05 7.855859999999999354e-06
4.639000000000000000e+03 1.227680000000000077e-05 7.858370000000000454e-06
4.640000000000000000e+03 1.228029999999999998e-05 7.860890000000000558e-06
4.641000000000000000e+03 1.228379999999999918e-05 7.863410000000000663e-06
4.642000000000000000e+03 1.228730000000000008e-05 7.865930000000000767e-06
4.643000000000000000e+03 1.229079999999999928e-05 7.868449999999999178e-06
4.644000000000000000e+03 1.229430000000000018e-05 7.870969999999999283e-06
4.645000000000000000e+03 1.229779999999999938e-05 7.873500000000000087e-06
4.646000000000000000e+03 1.230130000000000028e-05 7.876020000000000191e-06
4.647000000000000000e+03 1.230479999999999949e-05 7.878549999999999302e-06
4.648000000000000000e+03 1.230830000000000038e-05 7.881080000000000106e-06
4.649000000000000000e+03 1.231179999999999959e-05 7.883609999999999216e-06
4.650000000000000000e+03 1.231530000000000049e-05 7.886140000000000020e-06
4.651000000000000000e+03 1.231879999999999969e-05 7.888670000000000824e-06
4.652000000000000000e+03 1.232230000000000059e-05 7.891199999999999934e-06
4.653000000000000000e+03 1.232579999999999979e-05 7.893730000000000738e-06
4.654000000000000000e+03 1.232930000000000069e-05 7.896270000000000548e-06
4.655000000000000000e+03 1.233279999999999990e-05 7.898799999999999658e-06
4.656000000000000000e+03 1.233639999999999932e-05 7.901339999999999468e-06
4.657000000000000000e+03 1.233990000000000022e-05 7.903879999999999278e-06
4.658000000000000000e+03 1.234339999999999942e-05 7.906420000000000781e-06
4.659000000000000000e+03 1.234690000000000032e-05 7.908960000000000591e-06
4.660000000000000000e+03 1.235039999999999952e-05 7.911509999999999406e-06
4.661000000000000000e+03 1.235390000000000042e-05 7.914049999999999216e-06
4.662000000000000000e+03 1.235739999999999963e-05 7.916599999999999725e-06
4.663000000000000000e+03 1.236090000000000052e-05 7.919139999999999535e-06
4.664000000000000000e+03 1.236449999999999995e-05 7.921690000000000044e-06
4.665000000000000000e+03 1.236800000000000085e-05 7.924240000000000553e-06
4.666000000000000000e+03 1.237150000000000005e-05 7.926789999999999368e-06
4.667000000000000000e+03 1.237499999999999925e-05 7.929339999999999877e-06
4.668000000000000000e+03 1.237700000000000025e-05 7.931890000000000387e-06
4.669000000000000000e+03 1.237749999999999965e-05 7.934449999999999901e-06
4.670000000000000000e+03 1.237809999999999928e-05 7.937000000000000411e-06
4.671000000000000000e+03 1.237860000000000037e-05 7.939559999999999925e-06
4.672000000000000000e+03 1.237909999999999977e-05 7.942119999999999440e-06
4.673000000000000000e+03 1.237959999999999918e-05 7.944680000000000649e-06
4.674000000000000000e+03 1.238010000000000027e-05 7.947240000000000163e-06
4.675000000000000000e+03 1.238059999999999968e-05 7.949799999999999678e-06
4.676000000000000000e+03 1.238110000000000077e-05 7.952359999999999193e-06
4.677000000000000000e+03 1.238170000000000039e-05 7.954920000000000402e-06
4.678000000000000000e+03 1.238219999999999980e-05 7.957490000000000616e-06
4.679000000000000000e+03 1.238269999999999920e-05 7.960060000000000830e-06
4.680000000000000000e+03 1.238320000000000029e-05 7.962620000000000345e-06
4.681000000000000000e+03 1.238369999999999970e-05 7.965190000000000559e-06
4.682000000000000000e+03 1.238420000000000079e-05 7.967760000000000773e-06
4.683000000000000000e+03 1.238470000000000020e-05 7.970339999999999993e-06
4.684000000000000000e+03 1.238519999999999960e-05 7.972910000000000207e-06
4.685000000000000000e+03 1.238579999999999922e-05 7.975480000000000422e-06
4.686000000000000000e+03 1.238630000000000032e-05 7.978059999999999641e-06
4.687000000000000000e+03 1.238679999999999972e-05 7.980640000000000555e-06
4.688000000000000000e+03 1.238730000000000081e-05 7.983210000000000769e-06
4.689000000000000000e+03 1.238780000000000022e-05 7.985789999999999989e-06
4.690000000000000000e+03 1.238829999999999962e-05 7.988369999999999209e-06
4.691000000000000000e+03 1.238880000000000072e-05 7.990960000000000822e-06
4.692000000000000000e+03 1.238940000000000034e-05 7.993540000000000042e-06
4.693000000000000000e+03 1.238989999999999974e-05 7.996119999999999262e-06
4.694000000000000000e+03 1.239040000000000084e-05 7.998709999999999181e-06
4.695000000000000000e+03 1.239090000000000024e-05 8.001300000000000794e-06
4.696000000000000000e+03 1.239139999999999964e-05 8.003880000000000014e-06
4.697000000000000000e+03 1.239190000000000074e-05 8.006469999999999933e-06
4.698000000000000000e+03 1.239240000000000014e-05 8.009059999999999853e-06
4.699000000000000000e+03 1.239289999999999954e-05 8.011660000000000472e-06
4.700000000000000000e+03 1.239349999999999916e-05 8.014250000000000391e-06
4.701000000000000000e+03 1.239400000000000026e-05 8.016840000000000310e-06
4.702000000000000000e+03 1.239449999999999966e-05 8.019439999999999235e-06
4.703000000000000000e+03 1.239500000000000076e-05 8.022039999999999854e-06
4.704000000000000000e+03 1.239550000000000016e-05 8.024640000000000473e-06
4.705000000000000000e+03 1.239599999999999956e-05 8.027239999999999398e-06
4.706000000000000000e+03 1.239650000000000066e-05 8.029840000000000016e-06
4.707000000000000000e+03 1.239710000000000028e-05 8.032440000000000635e-06
4.708000000000000000e+03 1.239720000000000050e-05 8.035039999999999560e-06
4.709000000000000000e+03 1.239689999999999984e-05 8.037649999999999184e-06
4.710000000000000000e+03 1.239659999999999918e-05 8.040249999999999803e-06
4.711000000000000000e+03 1.239630000000000022e-05 8.042859999999999428e-06
4.712000000000000000e+03 1.239599999999999956e-05 8.045470000000000746e-06
4.713000000000000000e+03 1.239570000000000060e-05 8.048080000000000370e-06
4.714000000000000000e+03 1.239539999999999994e-05 8.050689999999999995e-06
4.715000000000000000e+03 1.239519999999999950e-05 8.053299999999999619e-06
4.716000000000000000e+03 1.239490000000000054e-05 8.055919999999999943e-06
4.717000000000000000e+03 1.239459999999999988e-05 8.058529999999999567e-06
4.718000000000000000e+03 1.239429999999999922e-05 8.061149999999999891e-06
4.719000000000000000e+03 1.239400000000000026e-05 8.063770000000000215e-06
4.720000000000000000e+03 1.239369999999999960e-05 8.066390000000000539e-06
4.721000000000000000e+03 1.239340000000000064e-05 8.069009999999999169e-06
4.722000000000000000e+03 1.239309999999999998e-05 8.071629999999999493e-06
4.723000000000000000e+03 1.239289999999999954e-05 8.074249999999999816e-06
4.724000000000000000e+03 1.239260000000000058e-05 8.076870000000000140e-06
4.725000000000000000e+03 1.239229999999999992e-05 8.079499999999999470e-06
4.726000000000000000e+03 1.239199999999999926e-05 8.082130000000000493e-06
4.727000000000000000e+03 1.239170000000000030e-05 8.084750000000000817e-06
4.728000000000000000e+03 1.239139999999999964e-05 8.087380000000000146e-06
4.729000000000000000e+03 1.239110000000000068e-05 8.090009999999999476e-06
4.730000000000000000e+03 1.239080000000000002e-05 8.092649999999999505e-06
4.731000000000000000e+03 1.239059999999999958e-05 8.095280000000000528e-06
4.732000000000000000e+03 1.239030000000000062e-05 8.097909999999999858e-06
4.733000000000000000e+03 1.238999999999999996e-05 8.100549999999999887e-06
4.734000000000000000e+03 1.238969999999999930e-05 8.103189999999999915e-06
4.735000000000000000e+03 1.238940000000000034e-05 8.105829999999999944e-06
4.736000000000000000e+03 1.238909999999999968e-05 8.108459999999999274e-06
4.737000000000000000e+03 1.238880000000000072e-05 8.111110000000000002e-06
4.738000000000000000e+03 1.238850000000000006e-05 8.113750000000000031e-06
4.739000000000000000e+03 1.238829999999999962e-05 8.116390000000000060e-06
4.740000000000000000e+03 1.238800000000000065e-05 8.119040000000000789e-06
4.741000000000000000e+03 1.238770000000000000e-05 8.121680000000000818e-06
4.742000000000000000e+03 1.238739999999999934e-05 8.124329999999999852e-06
4.743000000000000000e+03 1.238710000000000038e-05 8.126980000000000580e-06
4.744000000000000000e+03 1.238679999999999972e-05 8.129629999999999615e-06
4.745000000000000000e+03 1.238650000000000075e-05 8.132280000000000343e-06
4.746000000000000000e+03 1.238620000000000010e-05 8.134929999999999378e-06
4.747000000000000000e+03 1.238599999999999966e-05 8.137590000000000806e-06
4.748000000000000000e+03 1.238609999999999988e-05 8.140239999999999840e-06
4.749000000000000000e+03 1.238659999999999928e-05 8.142899999999999574e-06
4.750000000000000000e+03 1.238710000000000038e-05 8.145559999999999308e-06
4.751000000000000000e+03 1.238759999999999978e-05 8.148210000000000037e-06
4.752000000000000000e+03 1.238809999999999918e-05 8.150869999999999771e-06
4.753000000000000000e+03 1.238870000000000050e-05 8.153540000000000204e-06
4.754000000000000000e+03 1.238919999999999990e-05 8.156199999999999938e-06
4.755000000000000000e+03 1.238969999999999930e-05 8.158859999999999672e-06
4.756000000000000000e+03 1.239020000000000040e-05 8.161530000000000106e-06
4.757000000000000000e+03 1.239069999999999980e-05 8.164200000000000539e-06
4.758000000000000000e+03 1.239129999999999942e-05 8.166860000000000273e-06
4.759000000000000000e+03 1.239180000000000052e-05 8.169530000000000707e-06
4.760000000000000000e+03 1.239229999999999992e-05 8.172199999999999446e-06
4.761000000000000000e+03 1.239279999999999932e-05 8.174880000000000579e-06
4.762000000000000000e+03 1.239330000000000042e-05 8.177549999999999319e-06
4.763000000000000000e+03 1.239379999999999982e-05 8.180219999999999752e-06
4.764000000000000000e+03 1.239439999999999944e-05 8.182899999999999191e-06
4.765000000000000000e+03 1.239490000000000054e-05 8.185580000000000324e-06
4.766000000000000000e+03 1.239539999999999994e-05 8.188259999999999763e-06
4.767000000000000000e+03 1.239589999999999934e-05 8.190939999999999202e-06
4.768000000000000000e+03 1.239640000000000044e-05 8.193620000000000335e-06
4.769000000000000000e+03 1.239700000000000006e-05 8.196299999999999774e-06
4.770000000000000000e+03 1.239749999999999946e-05 8.198979999999999213e-06
4.771000000000000000e+03 1.239800000000000056e-05 8.201669999999999352e-06
4.772000000000000000e+03 1.239849999999999996e-05 8.204350000000000485e-06
4.773000000000000000e+03 1.239899999999999936e-05 8.207040000000000624e-06
4.774000000000000000e+03 1.239960000000000068e-05 8.209730000000000762e-06
4.775000000000000000e+03 1.240010000000000008e-05 8.212419999999999207e-06
4.776000000000000000e+03 1.240059999999999948e-05 8.215109999999999345e-06
4.777000000000000000e+03 1.240110000000000058e-05 8.217810000000000183e-06
4.778000000000000000e+03 1.240159999999999998e-05 8.220500000000000322e-06
4.779000000000000000e+03 1.240209999999999938e-05 8.223199999999999466e-06
4.780000000000000000e+03 1.240270000000000070e-05 8.225889999999999605e-06
4.781000000000000000e+03 1.240320000000000010e-05 8.228590000000000443e-06
4.782000000000000000e+03 1.240369999999999951e-05 8.231289999999999587e-06
4.783000000000000000e+03 1.240420000000000060e-05 8.233990000000000425e-06
4.784000000000000000e+03 1.240470000000000000e-05 8.236689999999999569e-06
4.785000000000000000e+03 1.240529999999999963e-05 8.239399999999999413e-06
4.786000000000000000e+03 1.240580000000000072e-05 8.242100000000000251e-06
4.787000000000000000e+03 1.240630000000000012e-05 8.244810000000000094e-06
4.788000000000000000e+03 1.240660000000000078e-05 8.247519999999999938e-06
4.789000000000000000e+03 1.240669999999999931e-05 8.250229999999999782e-06
4.790000000000000000e+03 1.240679999999999953e-05 8.252939999999999625e-06
4.791000000000000000e+03 1.240679999999999953e-05 8.255649999999999469e-06
4.792000000000000000e+03 1.240689999999999975e-05 8.258359999999999312e-06
4.793000000000000000e+03 1.240699999999999996e-05 8.261069999999999156e-06
4.794000000000000000e+03 1.240710000000000018e-05 8.263789999999999699e-06
4.795000000000000000e+03 1.240720000000000040e-05 8.266510000000000242e-06
4.796000000000000000e+03 1.240720000000000040e-05 8.269220000000000086e-06
4.797000000000000000e+03 1.240730000000000062e-05 8.271940000000000629e-06
4.798000000000000000e+03 1.240740000000000084e-05 8.274659999999999478e-06
4.799000000000000000e+03 1.240749999999999937e-05 8.277390000000000721e-06
4.800000000000000000e+03 1.240759999999999959e-05 8.280109999999999570e-06
4.801000000000000000e+03 1.240769999999999981e-05 8.282830000000000113e-06
4.802000000000000000e+03 1.240769999999999981e-05 8.285559999999999662e-06
4.803000000000000000e+03 1.240780000000000002e-05 8.288289999999999211e-06
4.804000000000000000e+03 1.240790000000000024e-05 8.291020000000000453e-06
4.805000000000000000e+03 1.240800000000000046e-05 8.293750000000000002e-06
4.806000000000000000e+03 1.240810000000000068e-05 8.296479999999999551e-06
4.807000000000000000e+03 1.240810000000000068e-05 8.299210000000000793e-06
4.808000000000000000e+03 1.240819999999999921e-05 8.301940000000000342e-06
4.809000000000000000e+03 1.240829999999999943e-05 8.304680000000000590e-06
4.810000000000000000e+03 1.240839999999999965e-05 8.307410000000000139e-06
4.811000000000000000e+03 1.240849999999999987e-05 8.310150000000000387e-06
4.812000000000000000e+03 1.240849999999999987e-05 8.312890000000000635e-06
4.813000000000000000e+03 1.240860000000000008e-05 8.315629999999999189e-06
4.814000000000000000e+03 1.240870000000000030e-05 8.318369999999999438e-06
4.815000000000000000e+03 1.240880000000000052e-05 8.321120000000000385e-06
4.816000000000000000e+03 1.240890000000000074e-05 8.323860000000000633e-06
4.817000000000000000e+03 1.240899999999999927e-05 8.326609999999999887e-06
4.818000000000000000e+03 1.240899999999999927e-05 8.329350000000000135e-06
4.819000000000000000e+03 1.240909999999999949e-05 8.332099999999999389e-06
4.820000000000000000e+03 1.240919999999999971e-05 8.334850000000000337e-06
4.821000000000000000e+03 1.240929999999999993e-05 8.337599999999999591e-06
4.822000000000000000e+03 1.240940000000000015e-05 8.340359999999999544e-06
4.823000000000000000e+03 1.240940000000000015e-05 8.343110000000000492e-06
4.824000000000000000e+03 1.240950000000000036e-05 8.345870000000000445e-06
4.825000000000000000e+03 1.240960000000000058e-05 8.348619999999999698e-06
4.826000000000000000e+03 1.240970000000000080e-05 8.351379999999999652e-06
4.827000000000000000e+03 1.240979999999999933e-05 8.354139999999999605e-06
4.828000000000000000e+03 1.241180000000000033e-05 8.356899999999999558e-06
4.829000000000000000e+03 1.241379999999999963e-05 8.359659999999999511e-06
4.830000000000000000e+03 1.241590000000000085e-05 8.362430000000000164e-06
4.831000000000000000e+03 1.241790000000000015e-05 8.365190000000000117e-06
4.832000000000000000e+03 1.241999999999999967e-05 8.367960000000000770e-06
4.833000000000000000e+03 1.242200000000000067e-05 8.370720000000000724e-06
4.834000000000000000e+03 1.242410000000000019e-05 8.373489999999999682e-06
4.835000000000000000e+03 1.242609999999999949e-05 8.376260000000000335e-06
4.836000000000000000e+03 1.242810000000000049e-05 8.379029999999999294e-06
4.837000000000000000e+03 1.243020000000000001e-05 8.381799999999999947e-06
4.838000000000000000e+03 1.243219999999999932e-05 8.384579999999999605e-06
4.839000000000000000e+03 1.243430000000000053e-05 8.387350000000000258e-06
4.840000000000000000e+03 1.243629999999999984e-05 8.390129999999999916e-06
4.841000000000000000e+03 1.243839999999999936e-05 8.392909999999999574e-06
4.842000000000000000e+03 1.244040000000000036e-05 8.395689999999999233e-06
4.843000000000000000e+03 1.244249999999999988e-05 8.398470000000000585e-06
4.844000000000000000e+03 1.244449999999999918e-05 8.401250000000000243e-06
4.845000000000000000e+03 1.244660000000000040e-05 8.404029999999999901e-06
4.846000000000000000e+03 1.244859999999999970e-05 8.406820000000000259e-06
4.847000000000000000e+03 1.245069999999999922e-05 8.409599999999999918e-06
4.848000000000000000e+03 1.245270000000000022e-05 8.412390000000000275e-06
4.849000000000000000e+03 1.245479999999999974e-05 8.415180000000000633e-06
4.850000000000000000e+03 1.245680000000000074e-05 8.417969999999999297e-06
4.851000000000000000e+03 1.245880000000000004e-05 8.420759999999999655e-06
4.852000000000000000e+03 1.246089999999999957e-05 8.423550000000000013e-06
4.853000000000000000e+03 1.246290000000000056e-05 8.426349999999999376e-06
4.854000000000000000e+03 1.246500000000000009e-05 8.429139999999999734e-06
4.855000000000000000e+03 1.246699999999999939e-05 8.431940000000000791e-06
4.856000000000000000e+03 1.246910000000000061e-05 8.434740000000000155e-06
4.857000000000000000e+03 1.247109999999999991e-05 8.437539999999999518e-06
4.858000000000000000e+03 1.247319999999999943e-05 8.440340000000000575e-06
4.859000000000000000e+03 1.247530000000000065e-05 8.443139999999999939e-06
4.860000000000000000e+03 1.247729999999999995e-05 8.445950000000000002e-06
4.861000000000000000e+03 1.247939999999999947e-05 8.448749999999999365e-06
4.862000000000000000e+03 1.248140000000000047e-05 8.451559999999999428e-06
4.863000000000000000e+03 1.248349999999999999e-05 8.454360000000000485e-06
4.864000000000000000e+03 1.248549999999999930e-05 8.457170000000000548e-06
4.865000000000000000e+03 1.248760000000000051e-05 8.459980000000000611e-06
4.866000000000000000e+03 1.248959999999999982e-05 8.462799999999999679e-06
4.867000000000000000e+03 1.249130000000000016e-05 8.465609999999999742e-06
4.868000000000000000e+03 1.249249999999999940e-05 8.468419999999999805e-06
4.869000000000000000e+03 1.249380000000000056e-05 8.471240000000000567e-06
4.870000000000000000e+03 1.249499999999999980e-05 8.474059999999999636e-06
4.871000000000000000e+03 1.249629999999999926e-05 8.476869999999999699e-06
4.872000000000000000e+03 1.249760000000000042e-05 8.479690000000000461e-06
4.873000000000000000e+03 1.249879999999999966e-05 8.482520000000000229e-06
4.874000000000000000e+03 1.250010000000000082e-05 8.485339999999999297e-06
4.875000000000000000e+03 1.250130000000000006e-05 8.488160000000000060e-06
4.876000000000000000e+03 1.250259999999999952e-05 8.490989999999999828e-06
4.877000000000000000e+03 1.250380000000000046e-05 8.493810000000000590e-06
4.878000000000000000e+03 1.250509999999999992e-05 8.496640000000000358e-06
4.879000000000000000e+03 1.250629999999999917e-05 8.499470000000000126e-06
4.880000000000000000e+03 1.250760000000000032e-05 8.502299999999999894e-06
4.881000000000000000e+03 1.250889999999999979e-05 8.505129999999999662e-06
4.882000000000000000e+03 1.251010000000000072e-05 8.507970000000000129e-06
4.883000000000000000e+03 1.251140000000000018e-05 8.510799999999999897e-06
4.884000000000000000e+03 1.251259999999999943e-05 8.513640000000000365e-06
4.885000000000000000e+03 1.251390000000000058e-05 8.516480000000000832e-06
4.886000000000000000e+03 1.251509999999999983e-05 8.519310000000000600e-06
4.887000000000000000e+03 1.251639999999999929e-05 8.522149999999999374e-06
4.888000000000000000e+03 1.251770000000000045e-05 8.525000000000000541e-06
4.889000000000000000e+03 1.251889999999999969e-05 8.527839999999999314e-06
4.890000000000000000e+03 1.252020000000000085e-05 8.530679999999999782e-06
4.891000000000000000e+03 1.252140000000000009e-05 8.533529999999999255e-06
4.892000000000000000e+03 1.252269999999999955e-05 8.536380000000000422e-06
4.893000000000000000e+03 1.252390000000000049e-05 8.539219999999999195e-06
4.894000000000000000e+03 1.252519999999999995e-05 8.542070000000000362e-06
4.895000000000000000e+03 1.252649999999999941e-05 8.544930000000000535e-06
4.896000000000000000e+03 1.252770000000000035e-05 8.547780000000000007e-06
4.897000000000000000e+03 1.252899999999999981e-05 8.550629999999999480e-06
4.898000000000000000e+03 1.253020000000000075e-05 8.553489999999999653e-06
4.899000000000000000e+03 1.253150000000000021e-05 8.556340000000000820e-06
4.900000000000000000e+03 1.253279999999999968e-05 8.559199999999999298e-06
4.901000000000000000e+03 1.253400000000000061e-05 8.562059999999999471e-06
4.902000000000000000e+03 1.253530000000000007e-05 8.564919999999999643e-06
4.903000000000000000e+03 1.253649999999999932e-05 8.567790000000000516e-06
4.904000000000000000e+03 1.253780000000000047e-05 8.570650000000000688e-06
4.905000000000000000e+03 1.253909999999999994e-05 8.573509999999999167e-06
4.906000000000000000e+03 1.254029999999999918e-05 8.576380000000000039e-06
4.907000000000000000e+03 1.254090000000000050e-05 8.579249999999999217e-06
4.908000000000000000e+03 1.254070000000000006e-05 8.582120000000000089e-06
4.909000000000000000e+03 1.254059999999999984e-05 8.584989999999999267e-06
4.910000000000000000e+03 1.254039999999999940e-05 8.587860000000000139e-06
4.911000000000000000e+03 1.254029999999999918e-05 8.590729999999999317e-06
4.912000000000000000e+03 1.254010000000000044e-05 8.593609999999999194e-06
4.913000000000000000e+03 1.254000000000000022e-05 8.596480000000000066e-06
4.914000000000000000e+03 1.253990000000000000e-05 8.599359999999999944e-06
4.915000000000000000e+03 1.253969999999999956e-05 8.602239999999999821e-06
4.916000000000000000e+03 1.253959999999999934e-05 8.605119999999999699e-06
4.917000000000000000e+03 1.253940000000000059e-05 8.607999999999999577e-06
4.918000000000000000e+03 1.253930000000000038e-05 8.610879999999999454e-06
4.919000000000000000e+03 1.253909999999999994e-05 8.613770000000000031e-06
4.920000000000000000e+03 1.253899999999999972e-05 8.616649999999999909e-06
4.921000000000000000e+03 1.253889999999999950e-05 8.619540000000000486e-06
4.922000000000000000e+03 1.253870000000000075e-05 8.622429999999999369e-06
4.923000000000000000e+03 1.253860000000000053e-05 8.625319999999999946e-06
4.924000000000000000e+03 1.253840000000000010e-05 8.628210000000000523e-06
4.925000000000000000e+03 1.253829999999999988e-05 8.631099999999999406e-06
4.926000000000000000e+03 1.253809999999999944e-05 8.634000000000000683e-06
4.927000000000000000e+03 1.253799999999999922e-05 8.636889999999999566e-06
4.928000000000000000e+03 1.253780000000000047e-05 8.639790000000000843e-06
4.929000000000000000e+03 1.253770000000000026e-05 8.642690000000000425e-06
4.930000000000000000e+03 1.253760000000000004e-05 8.645590000000000008e-06
4.931000000000000000e+03 1.253739999999999960e-05 8.648489999999999590e-06
4.932000000000000000e+03 1.253729999999999938e-05 8.651389999999999173e-06
4.933000000000000000e+03 1.253710000000000063e-05 8.654290000000000450e-06
4.934000000000000000e+03 1.253700000000000041e-05 8.657200000000000732e-06
4.935000000000000000e+03 1.253679999999999998e-05 8.660100000000000314e-06
4.936000000000000000e+03 1.253669999999999976e-05 8.663010000000000597e-06
4.937000000000000000e+03 1.253659999999999954e-05 8.665919999999999185e-06
4.938000000000000000e+03 1.253640000000000079e-05 8.668829999999999467e-06
4.939000000000000000e+03 1.253630000000000057e-05 8.671739999999999749e-06
4.940000000000000000e+03 1.253610000000000013e-05 8.674660000000000731e-06
4.941000000000000000e+03 1.253599999999999992e-05 8.677569999999999319e-06
4.942000000000000000e+03 1.253579999999999948e-05 8.680490000000000300e-06
4.943000000000000000e+03 1.253569999999999926e-05 8.683409999999999588e-06
4.944000000000000000e+03 1.253550000000000051e-05 8.686319999999999870e-06
4.945000000000000000e+03 1.253540000000000029e-05 8.689239999999999158e-06
4.946000000000000000e+03 1.253530000000000007e-05 8.692170000000000839e-06
4.947000000000000000e+03 1.253630000000000057e-05 8.695090000000000127e-06
4.948000000000000000e+03 1.253850000000000032e-05 8.698009999999999414e-06
4.949000000000000000e+03 1.254070000000000006e-05 8.700939999999999402e-06
4.950000000000000000e+03 1.254289999999999980e-05 8.703869999999999389e-06
4.951000000000000000e+03 1.254519999999999976e-05 8.706799999999999376e-06
4.952000000000000000e+03 1.254739999999999950e-05 8.709729999999999363e-06
4.953000000000000000e+03 1.254959999999999924e-05 8.712659999999999350e-06
4.954000000000000000e+03 1.255180000000000068e-05 8.715589999999999338e-06
4.955000000000000000e+03 1.255400000000000042e-05 8.718530000000000024e-06
4.956000000000000000e+03 1.255620000000000016e-05 8.721460000000000012e-06
4.957000000000000000e+03 1.255850000000000012e-05 8.724400000000000698e-06
4.958000000000000000e+03 1.256069999999999987e-05 8.727339999999999691e-06
4.959000000000000000e+03 1.256289999999999961e-05 8.730280000000000378e-06
4.960000000000000000e+03 1.256509999999999935e-05 8.733219999999999370e-06
4.961000000000000000e+03 1.256730000000000078e-05 8.736160000000000057e-06
4.962000000000000000e+03 1.256960000000000075e-05 8.739100000000000744e-06
4.963000000000000000e+03 1.257180000000000049e-05 8.742050000000000436e-06
4.964000000000000000e+03 1.257400000000000023e-05 8.745000000000000128e-06
4.965000000000000000e+03 1.257619999999999997e-05 8.747949999999999821e-06
4.966000000000000000e+03 1.257839999999999971e-05 8.750899999999999513e-06
4.967000000000000000e+03 1.258069999999999967e-05 8.753849999999999205e-06
4.968000000000000000e+03 1.258289999999999942e-05 8.756800000000000591e-06
4.969000000000000000e+03 1.258509999999999916e-05 8.759750000000000284e-06
4.970000000000000000e+03 1.258730000000000059e-05 8.762710000000000675e-06
4.971000000000000000e+03 1.258960000000000055e-05 8.765669999999999373e-06
4.972000000000000000e+03 1.259180000000000030e-05 8.768620000000000759e-06
4.973000000000000000e+03 1.259400000000000004e-05 8.771579999999999457e-06
4.974000000000000000e+03 1.259619999999999978e-05 8.774539999999999849e-06
4.975000000000000000e+03 1.259849999999999974e-05 8.777509999999999246e-06
4.976000000000000000e+03 1.260069999999999948e-05 8.780469999999999638e-06
4.977000000000000000e+03 1.260289999999999922e-05 8.783440000000000729e-06
4.978000000000000000e+03 1.260510000000000066e-05 8.786399999999999427e-06
4.979000000000000000e+03 1.260740000000000062e-05 8.789370000000000518e-06
4.980000000000000000e+03 1.260960000000000036e-05 8.792339999999999916e-06
4.981000000000000000e+03 1.261180000000000010e-05 8.795309999999999313e-06
4.982000000000000000e+03 1.261410000000000007e-05 8.798280000000000404e-06
4.983000000000000000e+03 1.261629999999999981e-05 8.801260000000000501e-06
4.984000000000000000e+03 1.261849999999999955e-05 8.804229999999999898e-06
4.985000000000000000e+03 1.262069999999999929e-05 8.807209999999999995e-06
4.986000000000000000e+03 1.262299999999999925e-05 8.810190000000000092e-06
4.987000000000000000e+03 1.262500000000000025e-05 8.813170000000000189e-06
4.988000000000000000e+03 1.262670000000000059e-05 8.816150000000000286e-06
4.989000000000000000e+03 1.262849999999999945e-05 8.819130000000000383e-06
4.990000000000000000e+03 1.263019999999999979e-05 8.822110000000000479e-06
4.991000000000000000e+03 1.263200000000000035e-05 8.825099999999999582e-06
4.992000000000000000e+03 1.263379999999999922e-05 8.828090000000000378e-06
4.993000000000000000e+03 1.263549999999999956e-05 8.831070000000000475e-06
4.994000000000000000e+03 1.263730000000000011e-05 8.834059999999999577e-06
4.995000000000000000e+03 1.263910000000000067e-05 8.837050000000000374e-06
4.996000000000000000e+03 1.264079999999999932e-05 8.840050000000000175e-06
4.997000000000000000e+03 1.264259999999999988e-05 8.843039999999999278e-06
4.998000000000000000e+03 1.264430000000000022e-05 8.846030000000000074e-06
4.999000000000000000e+03 1.264610000000000078e-05 8.849029999999999876e-06
5.000000000000000000e+03 1.264789999999999964e-05 8.852029999999999678e-06
5.001000000000000000e+03 1.264959999999999998e-05 8.855029999999999480e-06
5.002000000000000000e+03 1.265140000000000054e-05 8.858029999999999282e-06
5.003000000000000000e+03 1.265319999999999940e-05 8.861030000000000778e-06
5.004000000000000000e+03 1.265489999999999974e-05 8.864039999999999585e-06
5.005000000000000000e+03 1.265670000000000030e-05 8.867039999999999387e-06
5.006000000000000000e+03 1.265849999999999917e-05 8.870049999999999888e-06
5.007000000000000000e+03 1.266019999999999951e-05 8.873049999999999690e-06
5.008000000000000000e+03 1.266200000000000006e-05 8.876060000000000192e-06
5.009000000000000000e+03 1.266380000000000062e-05 8.879079999999999698e-06
5.010000000000000000e+03 1.266549999999999927e-05 8.882090000000000200e-06
5.011000000000000000e+03 1.266729999999999983e-05 8.885100000000000701e-06
5.012000000000000000e+03 1.266910000000000039e-05 8.888120000000000208e-06
5.013000000000000000e+03 1.267080000000000073e-05 8.891130000000000710e-06
5.014000000000000000e+03 1.267259999999999959e-05 8.894150000000000217e-06
5.015000000000000000e+03 1.267440000000000015e-05 8.897169999999999723e-06
5.016000000000000000e+03 1.267610000000000049e-05 8.900189999999999230e-06
5.017000000000000000e+03 1.267789999999999935e-05 8.903210000000000431e-06
5.018000000000000000e+03 1.267969999999999991e-05 8.906240000000000638e-06
5.019000000000000000e+03 1.268140000000000025e-05 8.909260000000000145e-06
5.020000000000000000e+03 1.268320000000000081e-05 8.912290000000000351e-06
5.021000000000000000e+03 1.268499999999999967e-05 8.915320000000000558e-06
5.022000000000000000e+03 1.268670000000000001e-05 8.918350000000000764e-06
5.023000000000000000e+03 1.268850000000000057e-05 8.921379999999999277e-06
5.024000000000000000e+03 1.269029999999999944e-05 8.924409999999999483e-06
5.025000000000000000e+03 1.269199999999999978e-05 8.927439999999999689e-06
5.026000000000000000e+03 1.269380000000000034e-05 8.930480000000000595e-06
5.027000000000000000e+03 1.269429999999999974e-05 8.933510000000000802e-06
5.028000000000000000e+03 1.269359999999999990e-05 8.936550000000000014e-06
5.029000000000000000e+03 1.269279999999999984e-05 8.939589999999999226e-06
5.030000000000000000e+03 1.269210000000000000e-05 8.942630000000000132e-06
5.031000000000000000e+03 1.269140000000000016e-05 8.945680000000000043e-06
5.032000000000000000e+03 1.269060000000000010e-05 8.948719999999999255e-06
5.033000000000000000e+03 1.268990000000000025e-05 8.951760000000000161e-06
5.034000000000000000e+03 1.268910000000000019e-05 8.954810000000000073e-06
5.035000000000000000e+03 1.268840000000000035e-05 8.957859999999999984e-06
5.036000000000000000e+03 1.268760000000000029e-05 8.960909999999999896e-06
5.037000000000000000e+03 1.268690000000000045e-05 8.963959999999999807e-06
5.038000000000000000e+03 1.268610000000000039e-05 8.967009999999999719e-06
5.039000000000000000e+03 1.268540000000000055e-05 8.970070000000000330e-06
5.040000000000000000e+03 1.268470000000000071e-05 8.973120000000000241e-06
5.041000000000000000e+03 1.268390000000000065e-05 8.976179999999999158e-06
5.042000000000000000e+03 1.268320000000000081e-05 8.979239999999999769e-06
5.043000000000000000e+03 1.268240000000000075e-05 8.982300000000000381e-06
5.044000000000000000e+03 1.268169999999999922e-05 8.985359999999999298e-06
5.045000000000000000e+03 1.268089999999999916e-05 8.988419999999999909e-06
5.046000000000000000e+03 1.268019999999999931e-05 8.991480000000000520e-06
5.047000000000000000e+03 1.267949999999999947e-05 8.994550000000000136e-06
5.048000000000000000e+03 1.267869999999999941e-05 8.997619999999999753e-06
5.049000000000000000e+03 1.267799999999999957e-05 9.000689999999999369e-06
5.050000000000000000e+03 1.267719999999999951e-05 9.003760000000000680e-06
5.051000000000000000e+03 1.267649999999999967e-05 9.006830000000000296e-06
5.052000000000000000e+03 1.267569999999999961e-05 9.009899999999999913e-06
5.053000000000000000e+03 1.267499999999999977e-05 9.012969999999999530e-06
5.054000000000000000e+03 1.267419999999999971e-05 9.016049999999999846e-06
5.055000000000000000e+03 1.267349999999999987e-05 9.019130000000000162e-06
5.056000000000000000e+03 1.267280000000000003e-05 9.022210000000000478e-06
5.057000000000000000e+03 1.267199999999999997e-05 9.025290000000000794e-06
5.058000000000000000e+03 1.267130000000000013e-05 9.028369999999999416e-06
5.059000000000000000e+03 1.267050000000000007e-05 9.031449999999999732e-06
5.060000000000000000e+03 1.266980000000000023e-05 9.034530000000000048e-06
5.061000000000000000e+03 1.266900000000000017e-05 9.037619999999999370e-06
5.062000000000000000e+03 1.266830000000000033e-05 9.040710000000000385e-06
5.063000000000000000e+03 1.266760000000000049e-05 9.043799999999999707e-06
5.064000000000000000e+03 1.266680000000000043e-05 9.046890000000000723e-06
5.065000000000000000e+03 1.266610000000000058e-05 9.049980000000000044e-06
5.066000000000000000e+03 1.266530000000000052e-05 9.053069999999999366e-06
5.067000000000000000e+03 1.266579999999999993e-05 9.056169999999999387e-06
5.068000000000000000e+03 1.266760000000000049e-05 9.059260000000000403e-06
5.069000000000000000e+03 1.266939999999999935e-05 9.062360000000000424e-06
5.070000000000000000e+03 1.267119999999999991e-05 9.065460000000000445e-06
5.071000000000000000e+03 1.267300000000000047e-05 9.068560000000000466e-06
5.072000000000000000e+03 1.267479999999999933e-05 9.071660000000000487e-06
5.073000000000000000e+03 1.267649999999999967e-05 9.074760000000000508e-06
5.074000000000000000e+03 1.267830000000000023e-05 9.077869999999999535e-06
5.075000000000000000e+03 1.268010000000000079e-05 9.080980000000000256e-06
5.076000000000000000e+03 1.268189999999999965e-05 9.084080000000000277e-06
5.077000000000000000e+03 1.268370000000000021e-05 9.087189999999999303e-06
5.078000000000000000e+03 1.268550000000000077e-05 9.090300000000000024e-06
5.079000000000000000e+03 1.268719999999999942e-05 9.093419999999999750e-06
5.080000000000000000e+03 1.268899999999999998e-05 9.096530000000000471e-06
5.081000000000000000e+03 1.269080000000000053e-05 9.099639999999999498e-06
5.082000000000000000e+03 1.269259999999999940e-05 9.102759999999999224e-06
5.083000000000000000e+03 1.269439999999999996e-05 9.105880000000000644e-06
5.084000000000000000e+03 1.269620000000000052e-05 9.109000000000000370e-06
5.085000000000000000e+03 1.269799999999999938e-05 9.112120000000000096e-06
5.086000000000000000e+03 1.269969999999999972e-05 9.115239999999999823e-06
5.087000000000000000e+03 1.270150000000000028e-05 9.118370000000000248e-06
5.088000000000000000e+03 1.270330000000000084e-05 9.121489999999999975e-06
5.089000000000000000e+03 1.270509999999999970e-05 9.124620000000000400e-06
5.090000000000000000e+03 1.270690000000000026e-05 9.127750000000000826e-06
5.091000000000000000e+03 1.270870000000000082e-05 9.130879999999999558e-06
5.092000000000000000e+03 1.271049999999999968e-05 9.134009999999999983e-06
5.093000000000000000e+03 1.271220000000000002e-05 9.137140000000000409e-06
5.094000000000000000e+03 1.271400000000000058e-05 9.140279999999999840e-06
5.095000000000000000e+03 1.271579999999999945e-05 9.143410000000000266e-06
5.096000000000000000e+03 1.271760000000000001e-05 9.146549999999999697e-06
5.097000000000000000e+03 1.271940000000000057e-05 9.149690000000000823e-06
5.098000000000000000e+03 1.272119999999999943e-05 9.152830000000000254e-06
5.099000000000000000e+03 1.272299999999999999e-05 9.155969999999999685e-06
5.100000000000000000e+03 1.272480000000000055e-05 9.159110000000000810e-06
5.101000000000000000e+03 1.272659999999999941e-05 9.162259999999999247e-06
5.102000000000000000e+03 1.272829999999999975e-05 9.165400000000000372e-06
5.103000000000000000e+03 1.273010000000000031e-05 9.168550000000000503e-06
5.104000000000000000e+03 1.273189999999999917e-05 9.171700000000000634e-06
5.105000000000000000e+03 1.273369999999999973e-05 9.174850000000000765e-06
5.106000000000000000e+03 1.273550000000000029e-05 9.177999999999999201e-06
5.107000000000000000e+03 1.273689999999999997e-05 9.181160000000000032e-06
5.108000000000000000e+03 1.273790000000000047e-05 9.184310000000000163e-06
5.109000000000000000e+03 1.273889999999999928e-05 9.187469999999999299e-06
5.110000000000000000e+03 1.273989999999999978e-05 9.190630000000000129e-06
5.111000000000000000e+03 1.274090000000000027e-05 9.193789999999999265e-06
5.112000000000000000e+03 1.274190000000000077e-05 9.196950000000000096e-06
5.113000000000000000e+03 1.274289999999999958e-05 9.200109999999999232e-06
5.114000000000000000e+03 1.274390000000000008e-05 9.203270000000000062e-06
5.115000000000000000e+03 1.274490000000000058e-05 9.206439999999999898e-06
5.116000000000000000e+03 1.274589999999999938e-05 9.209609999999999734e-06
5.117000000000000000e+03 1.274689999999999988e-05 9.212770000000000564e-06
5.118000000000000000e+03 1.274790000000000038e-05 9.215940000000000400e-06
5.119000000000000000e+03 1.274889999999999918e-05 9.219119999999999241e-06
5.120000000000000000e+03 1.274989999999999968e-05 9.222290000000000771e-06
5.121000000000000000e+03 1.275090000000000018e-05 9.225460000000000607e-06
5.122000000000000000e+03 1.275190000000000068e-05 9.228639999999999448e-06
5.123000000000000000e+03 1.275289999999999948e-05 9.231819999999999984e-06
5.124000000000000000e+03 1.275389999999999998e-05 9.234989999999999820e-06
5.125000000000000000e+03 1.275490000000000048e-05 9.238179999999999360e-06
5.126000000000000000e+03 1.275589999999999928e-05 9.241359999999999896e-06
5.127000000000000000e+03 1.275689999999999978e-05 9.244540000000000431e-06
5.128000000000000000e+03 1.275790000000000028e-05 9.247729999999999972e-06
5.129000000000000000e+03 1.275890000000000078e-05 9.250910000000000507e-06
5.130000000000000000e+03 1.275989999999999958e-05 9.254100000000000048e-06
5.131000000000000000e+03 1.276079999999999986e-05 9.257289999999999589e-06
5.132000000000000000e+03 1.276180000000000036e-05 9.260480000000000824e-06
5.133000000000000000e+03 1.276279999999999917e-05 9.263670000000000365e-06
5.134000000000000000e+03 1.276379999999999967e-05 9.266870000000000605e-06
5.135000000000000000e+03 1.276480000000000016e-05 9.270060000000000146e-06
5.136000000000000000e+03 1.276580000000000066e-05 9.273260000000000387e-06
5.137000000000000000e+03 1.276679999999999947e-05 9.276460000000000627e-06
5.138000000000000000e+03 1.276779999999999997e-05 9.279659999999999173e-06
5.139000000000000000e+03 1.276880000000000046e-05 9.282859999999999414e-06
5.140000000000000000e+03 1.276979999999999927e-05 9.286059999999999654e-06
5.141000000000000000e+03 1.277079999999999977e-05 9.289270000000000594e-06
5.142000000000000000e+03 1.277180000000000027e-05 9.292470000000000835e-06
5.143000000000000000e+03 1.277280000000000077e-05 9.295680000000000080e-06
5.144000000000000000e+03 1.277379999999999957e-05 9.298889999999999326e-06
5.145000000000000000e+03 1.277480000000000007e-05 9.302100000000000266e-06
5.146000000000000000e+03 1.277580000000000057e-05 9.305309999999999512e-06
5.147000000000000000e+03 1.277670000000000085e-05 9.308520000000000452e-06
5.148000000000000000e+03 1.277730000000000047e-05 9.311740000000000398e-06
5.149000000000000000e+03 1.277800000000000031e-05 9.314949999999999644e-06
5.150000000000000000e+03 1.277859999999999993e-05 9.318169999999999589e-06
5.151000000000000000e+03 1.277919999999999955e-05 9.321389999999999534e-06
5.152000000000000000e+03 1.277989999999999939e-05 9.324609999999999480e-06
5.153000000000000000e+03 1.278050000000000071e-05 9.327829999999999425e-06
5.154000000000000000e+03 1.278120000000000055e-05 9.331060000000000070e-06
5.155000000000000000e+03 1.278180000000000017e-05 9.334280000000000016e-06
5.156000000000000000e+03 1.278250000000000001e-05 9.337510000000000661e-06
5.157000000000000000e+03 1.278309999999999963e-05 9.340739999999999612e-06
5.158000000000000000e+03 1.278379999999999947e-05 9.343970000000000257e-06
5.159000000000000000e+03 1.278440000000000079e-05 9.347199999999999208e-06
5.160000000000000000e+03 1.278510000000000063e-05 9.350429999999999853e-06
5.161000000000000000e+03 1.278570000000000025e-05 9.353669999999999503e-06
5.162000000000000000e+03 1.278629999999999987e-05 9.356900000000000148e-06
5.163000000000000000e+03 1.278699999999999971e-05 9.360139999999999799e-06
5.164000000000000000e+03 1.278759999999999934e-05 9.363379999999999449e-06
5.165000000000000000e+03 1.278829999999999918e-05 9.366620000000000794e-06
5.166000000000000000e+03 1.278890000000000049e-05 9.369860000000000444e-06
5.167000000000000000e+03 1.278960000000000033e-05 9.373110000000000794e-06
5.168000000000000000e+03 1.279019999999999996e-05 9.376350000000000445e-06
5.169000000000000000e+03 1.279089999999999980e-05 9.379600000000000795e-06
5.170000000000000000e+03 1.279149999999999942e-05 9.382849999999999451e-06
5.171000000000000000e+03 1.279219999999999926e-05 9.386099999999999801e-06
5.172000000000000000e+03 1.279280000000000057e-05 9.389350000000000151e-06
5.173000000000000000e+03 1.279350000000000041e-05 9.392600000000000501e-06
5.174000000000000000e+03 1.279410000000000004e-05 9.395859999999999857e-06
5.175000000000000000e+03 1.279469999999999966e-05 9.399110000000000207e-06
5.176000000000000000e+03 1.279539999999999950e-05 9.402369999999999562e-06
5.177000000000000000e+03 1.279600000000000081e-05 9.405630000000000612e-06
5.178000000000000000e+03 1.279670000000000066e-05 9.408889999999999967e-06
5.179000000000000000e+03 1.279730000000000028e-05 9.412149999999999323e-06
5.180000000000000000e+03 1.279800000000000012e-05 9.415410000000000372e-06
5.181000000000000000e+03 1.279859999999999974e-05 9.418680000000000427e-06
5.182000000000000000e+03 1.279929999999999958e-05 9.421950000000000483e-06
5.183000000000000000e+03 1.279989999999999920e-05 9.425209999999999838e-06
5.184000000000000000e+03 1.280060000000000074e-05 9.428479999999999893e-06
5.185000000000000000e+03 1.280120000000000036e-05 9.431749999999999948e-06
5.186000000000000000e+03 1.280190000000000020e-05 9.435030000000000703e-06
5.187000000000000000e+03 1.280249999999999982e-05 9.438300000000000758e-06
5.188000000000000000e+03 1.280309999999999944e-05 9.441579999999999819e-06
5.189000000000000000e+03 1.280370000000000076e-05 9.444849999999999874e-06
5.190000000000000000e+03 1.280430000000000038e-05 9.448130000000000628e-06
5.191000000000000000e+03 1.280490000000000000e-05 9.451409999999999689e-06
5.192000000000000000e+03 1.280549999999999962e-05 9.454690000000000444e-06
5.193000000000000000e+03 1.280609999999999924e-05 9.457980000000000204e-06
5.194000000000000000e+03 1.280670000000000056e-05 9.461259999999999264e-06
5.195000000000000000e+03 1.280730000000000018e-05 9.464550000000000718e-06
5.196000000000000000e+03 1.280789999999999980e-05 9.467840000000000479e-06
5.197000000000000000e+03 1.280849999999999942e-05 9.471130000000000239e-06
5.198000000000000000e+03 1.280910000000000074e-05 9.474419999999999999e-06
5.199000000000000000e+03 1.280970000000000036e-05 9.477709999999999759e-06
5.200000000000000000e+03 1.281029999999999998e-05 9.480999999999999519e-06
5.201000000000000000e+03 1.281089999999999960e-05 9.484299999999999979e-06
5.202000000000000000e+03 1.281159999999999945e-05 9.487600000000000438e-06
5.203000000000000000e+03 1.281220000000000076e-05 9.490899999999999204e-06
5.204000000000000000e+03 1.281280000000000038e-05 9.494199999999999664e-06
5.205000000000000000e+03 1.281340000000000000e-05 9.497500000000000123e-06
5.206000000000000000e+03 1.281399999999999963e-05 9.500800000000000583e-06
5.207000000000000000e+03 1.281459999999999925e-05 9.504110000000000048e-06
5.208000000000000000e+03 1.281520000000000056e-05 9.507410000000000508e-06
5.209000000000000000e+03 1.281580000000000018e-05 9.510719999999999973e-06
5.210000000000000000e+03 1.281639999999999981e-05 9.514029999999999438e-06
5.211000000000000000e+03 1.281699999999999943e-05 9.517340000000000598e-06
5.212000000000000000e+03 1.281760000000000074e-05 9.520650000000000063e-06
5.213000000000000000e+03 1.281820000000000036e-05 9.523970000000000227e-06
5.214000000000000000e+03 1.281879999999999999e-05 9.527279999999999693e-06
5.215000000000000000e+03 1.281939999999999961e-05 9.530599999999999857e-06
5.216000000000000000e+03 1.281999999999999923e-05 9.533920000000000022e-06
5.217000000000000000e+03 1.282060000000000054e-05 9.537240000000000187e-06
5.218000000000000000e+03 1.282120000000000017e-05 9.540560000000000352e-06
5.219000000000000000e+03 1.282179999999999979e-05 9.543889999999999522e-06
5.220000000000000000e+03 1.282239999999999941e-05 9.547209999999999686e-06
5.221000000000000000e+03 1.282300000000000073e-05 9.550540000000000551e-06
5.222000000000000000e+03 1.282370000000000057e-05 9.553860000000000715e-06
5.223000000000000000e+03 1.282430000000000019e-05 9.557189999999999886e-06
5.224000000000000000e+03 1.282489999999999981e-05 9.560529999999999755e-06
5.225000000000000000e+03 1.282549999999999943e-05 9.563860000000000620e-06
5.226000000000000000e+03 1.282610000000000075e-05 9.567189999999999790e-06
5.227000000000000000e+03 1.283019999999999957e-05 9.570529999999999660e-06
5.228000000000000000e+03 1.283440000000000031e-05 9.573869999999999529e-06
5.229000000000000000e+03 1.283850000000000083e-05 9.577200000000000394e-06
5.230000000000000000e+03 1.284269999999999988e-05 9.580549999999999269e-06
5.231000000000000000e+03 1.284680000000000040e-05 9.583890000000000833e-06
5.232000000000000000e+03 1.285099999999999944e-05 9.587230000000000703e-06
5.233000000000000000e+03 1.285509999999999996e-05 9.590579999999999578e-06
5.234000000000000000e+03 1.285930000000000070e-05 9.593919999999999448e-06
5.235000000000000000e+03 1.286339999999999953e-05 9.597270000000000017e-06
5.236000000000000000e+03 1.286760000000000026e-05 9.600620000000000586e-06
5.237000000000000000e+03 1.287179999999999931e-05 9.603969999999999462e-06
5.238000000000000000e+03 1.287589999999999983e-05 9.607330000000000730e-06
5.239000000000000000e+03 1.288010000000000057e-05 9.610679999999999606e-06
5.240000000000000000e+03 1.288429999999999961e-05 9.614039999999999180e-06
5.241000000000000000e+03 1.288840000000000013e-05 9.617389999999999750e-06
5.242000000000000000e+03 1.289259999999999918e-05 9.620749999999999325e-06
5.243000000000000000e+03 1.289679999999999992e-05 9.624110000000000593e-06
5.244000000000000000e+03 1.290090000000000044e-05 9.627479999999999174e-06
5.245000000000000000e+03 1.290509999999999948e-05 9.630840000000000443e-06
5.246000000000000000e+03 1.290930000000000022e-05 9.634210000000000717e-06
5.247000000000000000e+03 1.291340000000000074e-05 9.637570000000000292e-06
5.248000000000000000e+03 1.291759999999999979e-05 9.640940000000000566e-06
5.249000000000000000e+03 1.292180000000000052e-05 9.644310000000000840e-06
5.250000000000000000e+03 1.292599999999999957e-05 9.647679999999999421e-06
5.251000000000000000e+03 1.293010000000000009e-05 9.651060000000000395e-06
5.252000000000000000e+03 1.293430000000000083e-05 9.654430000000000669e-06
5.253000000000000000e+03 1.293849999999999987e-05 9.657809999999999949e-06
5.254000000000000000e+03 1.294270000000000061e-05 9.661189999999999229e-06
5.255000000000000000e+03 1.294689999999999966e-05 9.664570000000000203e-06
5.256000000000000000e+03 1.295110000000000040e-05 9.667949999999999483e-06
5.257000000000000000e+03 1.295519999999999922e-05 9.671330000000000456e-06
5.258000000000000000e+03 1.295939999999999996e-05 9.674709999999999736e-06
5.259000000000000000e+03 1.296360000000000070e-05 9.678099999999999716e-06
5.260000000000000000e+03 1.296779999999999975e-05 9.681489999999999695e-06
5.261000000000000000e+03 1.297200000000000048e-05 9.684879999999999674e-06
5.262000000000000000e+03 1.297619999999999953e-05 9.688269999999999654e-06
5.263000000000000000e+03 1.298040000000000027e-05 9.691659999999999633e-06
5.264000000000000000e+03 1.298459999999999931e-05 9.695049999999999613e-06
5.265000000000000000e+03 1.298880000000000005e-05 9.698450000000000292e-06
5.266000000000000000e+03 1.299190000000000007e-05 9.701849999999999277e-06
5.267000000000000000e+03 1.299379999999999916e-05 9.705239999999999256e-06
5.268000000000000000e+03 1.299569999999999994e-05 9.708639999999999935e-06
5.269000000000000000e+03 1.299769999999999924e-05 9.712049999999999619e-06
5.270000000000000000e+03 1.299960000000000002e-05 9.715450000000000298e-06
5.271000000000000000e+03 1.300150000000000079e-05 9.718849999999999283e-06
5.272000000000000000e+03 1.300339999999999988e-05 9.722260000000000662e-06
5.273000000000000000e+03 1.300539999999999918e-05 9.725670000000000346e-06
5.274000000000000000e+03 1.300729999999999996e-05 9.729080000000000031e-06
5.275000000000000000e+03 1.300920000000000074e-05 9.732489999999999715e-06
5.276000000000000000e+03 1.301120000000000004e-05 9.735899999999999399e-06
5.277000000000000000e+03 1.301310000000000082e-05 9.739319999999999783e-06
5.278000000000000000e+03 1.301499999999999990e-05 9.742729999999999468e-06
5.279000000000000000e+03 1.301699999999999921e-05 9.746149999999999852e-06
5.280000000000000000e+03 1.301889999999999998e-05 9.749570000000000236e-06
5.281000000000000000e+03 1.302080000000000076e-05 9.752990000000000620e-06
5.282000000000000000e+03 1.302280000000000007e-05 9.756409999999999310e-06
5.283000000000000000e+03 1.302470000000000084e-05 9.759840000000000393e-06
5.284000000000000000e+03 1.302670000000000015e-05 9.763260000000000777e-06
5.285000000000000000e+03 1.302859999999999923e-05 9.766690000000000167e-06
5.286000000000000000e+03 1.303050000000000001e-05 9.770119999999999556e-06
5.287000000000000000e+03 1.303249999999999931e-05 9.773550000000000640e-06
5.288000000000000000e+03 1.303440000000000009e-05 9.776980000000000029e-06
5.289000000000000000e+03 1.303629999999999917e-05 9.780409999999999419e-06
5.290000000000000000e+03 1.303830000000000017e-05 9.783849999999999508e-06
5.291000000000000000e+03 1.304019999999999926e-05 9.787280000000000591e-06
5.292000000000000000e+03 1.304210000000000003e-05 9.790720000000000680e-06
5.293000000000000000e+03 1.304409999999999934e-05 9.794160000000000769e-06
5.294000000000000000e+03 1.304600000000000011e-05 9.797599999999999164e-06
5.295000000000000000e+03 1.304799999999999942e-05 9.801049999999999953e-06
5.296000000000000000e+03 1.304990000000000020e-05 9.804490000000000042e-06
5.297000000000000000e+03 1.305179999999999928e-05 9.807940000000000831e-06
5.298000000000000000e+03 1.305380000000000028e-05 9.811379999999999226e-06
5.299000000000000000e+03 1.305569999999999936e-05 9.814830000000000014e-06
5.300000000000000000e+03 1.305770000000000036e-05 9.818280000000000803e-06
5.301000000000000000e+03 1.305959999999999944e-05 9.821740000000000597e-06
5.302000000000000000e+03 1.306150000000000022e-05 9.825189999999999691e-06
5.303000000000000000e+03 1.306349999999999952e-05 9.828649999999999486e-06
5.304000000000000000e+03 1.306540000000000030e-05 9.832100000000000274e-06
5.305000000000000000e+03 1.306739999999999960e-05 9.835560000000000068e-06
5.306000000000000000e+03 1.306909999999999994e-05 9.839019999999999862e-06
5.307000000000000000e+03 1.307059999999999985e-05 9.842490000000000356e-06
5.308000000000000000e+03 1.307219999999999997e-05 9.845950000000000150e-06
5.309000000000000000e+03 1.307369999999999987e-05 9.849409999999999944e-06
5.310000000000000000e+03 1.307519999999999977e-05 9.852880000000000438e-06
5.311000000000000000e+03 1.307669999999999967e-05 9.856349999999999237e-06
5.312000000000000000e+03 1.307829999999999979e-05 9.859819999999999731e-06
5.313000000000000000e+03 1.307979999999999969e-05 9.863290000000000225e-06
5.314000000000000000e+03 1.308129999999999959e-05 9.866769999999999724e-06
5.315000000000000000e+03 1.308289999999999971e-05 9.870240000000000217e-06
5.316000000000000000e+03 1.308439999999999961e-05 9.873719999999999716e-06
5.317000000000000000e+03 1.308589999999999951e-05 9.877199999999999215e-06
5.318000000000000000e+03 1.308749999999999963e-05 9.880680000000000409e-06
5.319000000000000000e+03 1.308899999999999953e-05 9.884159999999999908e-06
5.320000000000000000e+03 1.309049999999999943e-05 9.887639999999999407e-06
5.321000000000000000e+03 1.309199999999999934e-05 9.891120000000000600e-06
5.322000000000000000e+03 1.309359999999999946e-05 9.894610000000000799e-06
5.323000000000000000e+03 1.309509999999999936e-05 9.898099999999999303e-06
5.324000000000000000e+03 1.309659999999999926e-05 9.901589999999999502e-06
5.325000000000000000e+03 1.309819999999999938e-05 9.905079999999999701e-06
5.326000000000000000e+03 1.309969999999999928e-05 9.908569999999999899e-06
5.327000000000000000e+03 1.310119999999999918e-05 9.912070000000000798e-06
5.328000000000000000e+03 1.310279999999999930e-05 9.915559999999999302e-06
5.329000000000000000e+03 1.310429999999999920e-05 9.919060000000000200e-06
5.330000000000000000e+03 1.310580000000000080e-05 9.922559999999999405e-06
5.331000000000000000e+03 1.310739999999999922e-05 9.926060000000000303e-06
5.332000000000000000e+03 1.310890000000000082e-05 9.929559999999999507e-06
5.333000000000000000e+03 1.311040000000000072e-05 9.933069999999999411e-06
5.334000000000000000e+03 1.311200000000000084e-05 9.936570000000000309e-06
5.335000000000000000e+03 1.311350000000000074e-05 9.940080000000000213e-06
5.336000000000000000e+03 1.311500000000000064e-05 9.943590000000000116e-06
5.337000000000000000e+03 1.311660000000000076e-05 9.947100000000000020e-06
5.338000000000000000e+03 1.311810000000000066e-05 9.950609999999999924e-06
5.339000000000000000e+03 1.311960000000000056e-05 9.954130000000000527e-06
5.340000000000000000e+03 1.312120000000000068e-05 9.957640000000000431e-06
5.341000000000000000e+03 1.312270000000000058e-05 9.961159999999999340e-06
5.342000000000000000e+03 1.312420000000000048e-05 9.964679999999999943e-06
5.343000000000000000e+03 1.312580000000000060e-05 9.968200000000000547e-06
5.344000000000000000e+03 1.312730000000000051e-05 9.971719999999999456e-06
5.345000000000000000e+03 1.312880000000000041e-05 9.975240000000000059e-06
5.346000000000000000e+03 1.313069999999999949e-05 9.978769999999999668e-06
5.347000000000000000e+03 1.313280000000000071e-05 9.982290000000000271e-06
5.348000000000000000e+03 1.313490000000000023e-05 9.985819999999999880e-06
5.349000000000000000e+03 1.313699999999999975e-05 9.989349999999999489e-06
5.350000000000000000e+03 1.313909999999999927e-05 9.992880000000000791e-06
5.351000000000000000e+03 1.314120000000000049e-05 9.996419999999999406e-06
5.352000000000000000e+03 1.314340000000000023e-05 9.999950000000000708e-06
5.353000000000000000e+03 1.314549999999999976e-05 1.000350000000000002e-05
5.354000000000000000e+03 1.314759999999999928e-05 1.000699999999999923e-05
5.355000000000000000e+03 1.314970000000000049e-05 1.001060000000000034e-05
5.356000000000000000e+03 1.315180000000000002e-05 1.001409999999999955e-05
5.357000000000000000e+03 1.315389999999999954e-05 1.001770000000000067e-05
5.358000000000000000e+03 1.315609999999999928e-05 1.002119999999999987e-05
5.359000000000000000e+03 1.315820000000000050e-05 1.002470000000000077e-05
5.360000000000000000e+03 1.316030000000000002e-05 1.002830000000000019e-05
5.361000000000000000e+03 1.316239999999999954e-05 1.003179999999999940e-05
5.362000000000000000e+03 1.316450000000000076e-05 1.003540000000000051e-05
5.363000000000000000e+03 1.316670000000000050e-05 1.003889999999999972e-05
5.364000000000000000e+03 1.316880000000000002e-05 1.004250000000000083e-05
5.365000000000000000e+03 1.317089999999999955e-05 1.004610000000000026e-05
5.366000000000000000e+03 1.317300000000000076e-05 1.004959999999999946e-05
5.367000000000000000e+03 1.317510000000000028e-05 1.005320000000000058e-05
5.368000000000000000e+03 1.317730000000000003e-05 1.005669999999999978e-05
5.369000000000000000e+03 1.317939999999999955e-05 1.006029999999999921e-05
5.370000000000000000e+03 1.318150000000000077e-05 1.006390000000000032e-05
5.371000000000000000e+03 1.318360000000000029e-05 1.006739999999999953e-05
5.372000000000000000e+03 1.318580000000000003e-05 1.007100000000000065e-05
5.373000000000000000e+03 1.318789999999999955e-05 1.007460000000000007e-05
5.374000000000000000e+03 1.319000000000000077e-05 1.007809999999999927e-05
5.375000000000000000e+03 1.319210000000000029e-05 1.008170000000000039e-05
5.376000000000000000e+03 1.319430000000000003e-05 1.008529999999999981e-05
5.377000000000000000e+03 1.319639999999999956e-05 1.008889999999999924e-05
5.378000000000000000e+03 1.319850000000000077e-05 1.009240000000000014e-05
5.379000000000000000e+03 1.320060000000000029e-05 1.009599999999999956e-05
5.380000000000000000e+03 1.320280000000000004e-05 1.009960000000000068e-05
5.381000000000000000e+03 1.320489999999999956e-05 1.010320000000000010e-05
5.382000000000000000e+03 1.320700000000000078e-05 1.010679999999999952e-05
5.383000000000000000e+03 1.320910000000000030e-05 1.011030000000000042e-05
5.384000000000000000e+03 1.321130000000000004e-05 1.011389999999999985e-05
5.385000000000000000e+03 1.321339999999999956e-05 1.011749999999999927e-05
5.386000000000000000e+03 1.321550000000000078e-05 1.012110000000000039e-05
5.387000000000000000e+03 1.321760000000000030e-05 1.012469999999999981e-05
5.388000000000000000e+03 1.321959999999999960e-05 1.012829999999999923e-05
5.389000000000000000e+03 1.322170000000000082e-05 1.013190000000000035e-05
5.390000000000000000e+03 1.322380000000000034e-05 1.013549999999999977e-05
5.391000000000000000e+03 1.322589999999999987e-05 1.013909999999999920e-05
5.392000000000000000e+03 1.322799999999999939e-05 1.014270000000000032e-05
5.393000000000000000e+03 1.323000000000000039e-05 1.014629999999999974e-05
5.394000000000000000e+03 1.323209999999999991e-05 1.014989999999999916e-05
5.395000000000000000e+03 1.323419999999999943e-05 1.015350000000000028e-05
5.396000000000000000e+03 1.323630000000000065e-05 1.015709999999999970e-05
5.397000000000000000e+03 1.323829999999999995e-05 1.016070000000000082e-05
5.398000000000000000e+03 1.324039999999999947e-05 1.016430000000000024e-05
5.399000000000000000e+03 1.324250000000000069e-05 1.016789999999999967e-05
5.400000000000000000e+03 1.324460000000000021e-05 1.017159999999999931e-05
5.401000000000000000e+03 1.324669999999999973e-05 1.017520000000000043e-05
5.402000000000000000e+03 1.324870000000000073e-05 1.017879999999999985e-05
5.403000000000000000e+03 1.325080000000000025e-05 1.018239999999999927e-05
5.404000000000000000e+03 1.325289999999999978e-05 1.018600000000000039e-05
5.405000000000000000e+03 1.325499999999999930e-05 1.018970000000000004e-05
5.406000000000000000e+03 1.325710000000000052e-05 1.019329999999999946e-05
5.407000000000000000e+03 1.325909999999999982e-05 1.019690000000000058e-05
5.408000000000000000e+03 1.326119999999999934e-05 1.020050000000000000e-05
5.409000000000000000e+03 1.326330000000000056e-05 1.020419999999999964e-05
5.410000000000000000e+03 1.326540000000000008e-05 1.020780000000000076e-05
5.411000000000000000e+03 1.326749999999999960e-05 1.021140000000000018e-05
5.412000000000000000e+03 1.326960000000000082e-05 1.021509999999999983e-05
5.413000000000000000e+03 1.327160000000000012e-05 1.021869999999999925e-05
5.414000000000000000e+03 1.327369999999999965e-05 1.022230000000000037e-05
5.415000000000000000e+03 1.327579999999999917e-05 1.022600000000000001e-05
5.416000000000000000e+03 1.327790000000000038e-05 1.022959999999999943e-05
5.417000000000000000e+03 1.327999999999999991e-05 1.023330000000000077e-05
5.418000000000000000e+03 1.328209999999999943e-05 1.023690000000000019e-05
5.419000000000000000e+03 1.328420000000000065e-05 1.024049999999999962e-05
5.420000000000000000e+03 1.328619999999999995e-05 1.024419999999999926e-05
5.421000000000000000e+03 1.328829999999999947e-05 1.024780000000000038e-05
5.422000000000000000e+03 1.329040000000000069e-05 1.025150000000000002e-05
5.423000000000000000e+03 1.329250000000000021e-05 1.025509999999999944e-05
5.424000000000000000e+03 1.329459999999999973e-05 1.025880000000000078e-05
5.425000000000000000e+03 1.329669999999999926e-05 1.026250000000000042e-05
5.426000000000000000e+03 1.329899999999999922e-05 1.026609999999999985e-05
5.427000000000000000e+03 1.330159999999999984e-05 1.026979999999999949e-05
5.428000000000000000e+03 1.330410000000000024e-05 1.027340000000000061e-05
5.429000000000000000e+03 1.330669999999999916e-05 1.027710000000000025e-05
5.430000000000000000e+03 1.330919999999999956e-05 1.028079999999999989e-05
5.431000000000000000e+03 1.331180000000000018e-05 1.028439999999999931e-05
5.432000000000000000e+03 1.331430000000000058e-05 1.028810000000000065e-05
5.433000000000000000e+03 1.331689999999999950e-05 1.029180000000000029e-05
5.434000000000000000e+03 1.331950000000000012e-05 1.029539999999999972e-05
5.435000000000000000e+03 1.332200000000000052e-05 1.029909999999999936e-05
5.436000000000000000e+03 1.332459999999999945e-05 1.030280000000000070e-05
5.437000000000000000e+03 1.332720000000000007e-05 1.030650000000000034e-05
5.438000000000000000e+03 1.332970000000000046e-05 1.031009999999999976e-05
5.439000000000000000e+03 1.333229999999999939e-05 1.031379999999999941e-05
5.440000000000000000e+03 1.333479999999999979e-05 1.031750000000000074e-05
5.441000000000000000e+03 1.333740000000000041e-05 1.032120000000000039e-05
5.442000000000000000e+03 1.333999999999999933e-05 1.032490000000000003e-05
5.443000000000000000e+03 1.334249999999999973e-05 1.032859999999999967e-05
5.444000000000000000e+03 1.334510000000000035e-05 1.033220000000000079e-05
5.445000000000000000e+03 1.334769999999999928e-05 1.033590000000000043e-05
5.446000000000000000e+03 1.335019999999999968e-05 1.033960000000000007e-05
5.447000000000000000e+03 1.335280000000000029e-05 1.034329999999999972e-05
5.448000000000000000e+03 1.335539999999999922e-05 1.034699999999999936e-05
5.449000000000000000e+03 1.335789999999999962e-05 1.035070000000000070e-05
5.450000000000000000e+03 1.336050000000000024e-05 1.035440000000000034e-05
5.451000000000000000e+03 1.336309999999999916e-05 1.035809999999999998e-05
5.452000000000000000e+03 1.336559999999999956e-05 1.036179999999999962e-05
5.453000000000000000e+03 1.336820000000000018e-05 1.036549999999999927e-05
5.454000000000000000e+03 1.337080000000000080e-05 1.036920000000000060e-05
5.455000000000000000e+03 1.337329999999999951e-05 1.037290000000000025e-05
5.456000000000000000e+03 1.337590000000000012e-05 1.037659999999999989e-05
5.457000000000000000e+03 1.337850000000000074e-05 1.038029999999999953e-05
5.458000000000000000e+03 1.338109999999999967e-05 1.038399999999999917e-05
5.459000000000000000e+03 1.338360000000000007e-05 1.038780000000000073e-05
5.460000000000000000e+03 1.338620000000000069e-05 1.039150000000000037e-05
5.461000000000000000e+03 1.338879999999999961e-05 1.039520000000000002e-05
5.462000000000000000e+03 1.339140000000000023e-05 1.039889999999999966e-05
5.463000000000000000e+03 1.339390000000000063e-05 1.040259999999999930e-05
5.464000000000000000e+03 1.339649999999999955e-05 1.040639999999999916e-05
5.465000000000000000e+03 1.339910000000000017e-05 1.041010000000000050e-05
5.466000000000000000e+03 1.340129999999999991e-05 1.041380000000000014e-05
5.467000000000000000e+03 1.340310000000000047e-05 1.041749999999999979e-05
5.468000000000000000e+03 1.340489999999999934e-05 1.042129999999999965e-05
5.469000000000000000e+03 1.340669999999999990e-05 1.042499999999999929e-05
5.470000000000000000e+03 1.340850000000000046e-05 1.042870000000000063e-05
5.471000000000000000e+03 1.341029999999999932e-05 1.043250000000000049e-05
5.472000000000000000e+03 1.341209999999999988e-05 1.043620000000000013e-05
5.473000000000000000e+03 1.341390000000000044e-05 1.043989999999999977e-05
5.474000000000000000e+03 1.341569999999999930e-05 1.044369999999999964e-05
5.475000000000000000e+03 1.341749999999999986e-05 1.044739999999999928e-05
5.476000000000000000e+03 1.341930000000000042e-05 1.045110000000000062e-05
5.477000000000000000e+03 1.342119999999999950e-05 1.045490000000000048e-05
5.478000000000000000e+03 1.342300000000000006e-05 1.045860000000000012e-05
5.479000000000000000e+03 1.342480000000000062e-05 1.046239999999999998e-05
5.480000000000000000e+03 1.342659999999999949e-05 1.046609999999999962e-05
5.481000000000000000e+03 1.342840000000000004e-05 1.046989999999999949e-05
5.482000000000000000e+03 1.343020000000000060e-05 1.047360000000000082e-05
5.483000000000000000e+03 1.343199999999999947e-05 1.047740000000000069e-05
5.484000000000000000e+03 1.343380000000000003e-05 1.048110000000000033e-05
5.485000000000000000e+03 1.343560000000000059e-05 1.048490000000000019e-05
5.486000000000000000e+03 1.343739999999999945e-05 1.048870000000000005e-05
5.487000000000000000e+03 1.343930000000000023e-05 1.049239999999999970e-05
5.488000000000000000e+03 1.344110000000000079e-05 1.049619999999999956e-05
5.489000000000000000e+03 1.344289999999999965e-05 1.049999999999999942e-05
5.490000000000000000e+03 1.344470000000000021e-05 1.050370000000000076e-05
5.491000000000000000e+03 1.344650000000000077e-05 1.050750000000000062e-05
5.492000000000000000e+03 1.344829999999999963e-05 1.051130000000000048e-05
5.493000000000000000e+03 1.345010000000000019e-05 1.051500000000000012e-05
5.494000000000000000e+03 1.345190000000000075e-05 1.051879999999999998e-05
5.495000000000000000e+03 1.345369999999999962e-05 1.052259999999999985e-05
5.496000000000000000e+03 1.345560000000000039e-05 1.052639999999999971e-05
5.497000000000000000e+03 1.345739999999999926e-05 1.053009999999999935e-05
5.498000000000000000e+03 1.345919999999999982e-05 1.053389999999999921e-05
5.499000000000000000e+03 1.346100000000000038e-05 1.053770000000000077e-05
5.500000000000000000e+03 1.346279999999999924e-05 1.054150000000000063e-05
5.501000000000000000e+03 1.346459999999999980e-05 1.054530000000000049e-05
5.502000000000000000e+03 1.346640000000000036e-05 1.054910000000000035e-05
5.503000000000000000e+03 1.346829999999999944e-05 1.055280000000000000e-05
5.504000000000000000e+03 1.347010000000000000e-05 1.055659999999999986e-05
5.505000000000000000e+03 1.347190000000000056e-05 1.056039999999999972e-05
5.506000000000000000e+03 1.347379999999999964e-05 1.056419999999999958e-05
5.507000000000000000e+03 1.347580000000000064e-05 1.056799999999999945e-05
5.508000000000000000e+03 1.347779999999999994e-05 1.057179999999999931e-05
5.509000000000000000e+03 1.347979999999999925e-05 1.057559999999999917e-05
5.510000000000000000e+03 1.348190000000000046e-05 1.057940000000000073e-05
5.511000000000000000e+03 1.348389999999999977e-05 1.058320000000000059e-05
5.512000000000000000e+03 1.348590000000000077e-05 1.058700000000000045e-05
5.513000000000000000e+03 1.348790000000000007e-05 1.059080000000000031e-05
5.514000000000000000e+03 1.348989999999999937e-05 1.059460000000000017e-05
5.515000000000000000e+03 1.349190000000000037e-05 1.059840000000000004e-05
5.516000000000000000e+03 1.349389999999999967e-05 1.060230000000000012e-05
5.517000000000000000e+03 1.349599999999999919e-05 1.060609999999999998e-05
5.518000000000000000e+03 1.349800000000000019e-05 1.060989999999999984e-05
5.519000000000000000e+03 1.349999999999999949e-05 1.061369999999999970e-05
5.520000000000000000e+03 1.350200000000000049e-05 1.061749999999999956e-05
5.521000000000000000e+03 1.350399999999999980e-05 1.062129999999999943e-05
5.522000000000000000e+03 1.350600000000000079e-05 1.062519999999999951e-05
5.523000000000000000e+03 1.350810000000000032e-05 1.062899999999999937e-05
5.524000000000000000e+03 1.351009999999999962e-05 1.063279999999999923e-05
5.525000000000000000e+03 1.351210000000000062e-05 1.063660000000000079e-05
5.526000000000000000e+03 1.351409999999999992e-05 1.064049999999999917e-05
5.527000000000000000e+03 1.351609999999999922e-05 1.064430000000000073e-05
5.528000000000000000e+03 1.351810000000000022e-05 1.064810000000000059e-05
5.529000000000000000e+03 1.352019999999999974e-05 1.065200000000000067e-05
5.530000000000000000e+03 1.352220000000000074e-05 1.065580000000000054e-05
5.531000000000000000e+03 1.352420000000000004e-05 1.065960000000000040e-05
5.532000000000000000e+03 1.352619999999999935e-05 1.066350000000000048e-05
5.533000000000000000e+03 1.352820000000000034e-05 1.066730000000000034e-05
5.534000000000000000e+03 1.353029999999999987e-05 1.067120000000000042e-05
5.535000000000000000e+03 1.353229999999999917e-05 1.067500000000000028e-05
5.536000000000000000e+03 1.353430000000000017e-05 1.067890000000000037e-05
5.537000000000000000e+03 1.353629999999999947e-05 1.068270000000000023e-05
5.538000000000000000e+03 1.353830000000000047e-05 1.068660000000000031e-05
5.539000000000000000e+03 1.354039999999999999e-05 1.069040000000000017e-05
5.540000000000000000e+03 1.354239999999999929e-05 1.069430000000000025e-05
5.541000000000000000e+03 1.354440000000000029e-05 1.069810000000000011e-05
5.542000000000000000e+03 1.354639999999999959e-05 1.070200000000000020e-05
5.543000000000000000e+03 1.354850000000000081e-05 1.070580000000000006e-05
5.544000000000000000e+03 1.355050000000000011e-05 1.070970000000000014e-05
5.545000000000000000e+03 1.355249999999999942e-05 1.071360000000000022e-05
5.546000000000000000e+03 1.355450000000000041e-05 1.071740000000000008e-05
5.547000000000000000e+03 1.355639999999999950e-05 1.072130000000000016e-05
5.548000000000000000e+03 1.355840000000000049e-05 1.072520000000000024e-05
5.549000000000000000e+03 1.356029999999999958e-05 1.072900000000000011e-05
5.550000000000000000e+03 1.356220000000000036e-05 1.073290000000000019e-05
5.551000000000000000e+03 1.356419999999999966e-05 1.073680000000000027e-05
5.552000000000000000e+03 1.356610000000000044e-05 1.074060000000000013e-05
5.553000000000000000e+03 1.356809999999999974e-05 1.074450000000000021e-05
5.554000000000000000e+03 1.357000000000000052e-05 1.074840000000000029e-05
5.555000000000000000e+03 1.357189999999999960e-05 1.075230000000000037e-05
5.556000000000000000e+03 1.357390000000000060e-05 1.075620000000000046e-05
5.557000000000000000e+03 1.357579999999999968e-05 1.076000000000000032e-05
5.558000000000000000e+03 1.357770000000000046e-05 1.076390000000000040e-05
5.559000000000000000e+03 1.357969999999999977e-05 1.076780000000000048e-05
5.560000000000000000e+03 1.358160000000000054e-05 1.077170000000000056e-05
5.561000000000000000e+03 1.358359999999999985e-05 1.077560000000000064e-05
5.562000000000000000e+03 1.358550000000000062e-05 1.077950000000000072e-05
5.563000000000000000e+03 1.358749999999999993e-05 1.078340000000000081e-05
5.564000000000000000e+03 1.358940000000000071e-05 1.078729999999999919e-05
5.565000000000000000e+03 1.359129999999999979e-05 1.079119999999999927e-05
5.566000000000000000e+03 1.359330000000000079e-05 1.079509999999999935e-05
5.567000000000000000e+03 1.359519999999999987e-05 1.079899999999999944e-05
5.568000000000000000e+03 1.359719999999999917e-05 1.080289999999999952e-05
5.569000000000000000e+03 1.359909999999999995e-05 1.080679999999999960e-05
5.570000000000000000e+03 1.360100000000000073e-05 1.081069999999999968e-05
5.571000000000000000e+03 1.360300000000000003e-05 1.081459999999999976e-05
5.572000000000000000e+03 1.360490000000000081e-05 1.081849999999999984e-05
5.573000000000000000e+03 1.360690000000000011e-05 1.082239999999999992e-05
5.574000000000000000e+03 1.360879999999999920e-05 1.082630000000000000e-05
5.575000000000000000e+03 1.361080000000000020e-05 1.083020000000000009e-05
5.576000000000000000e+03 1.361269999999999928e-05 1.083420000000000039e-05
5.577000000000000000e+03 1.361470000000000028e-05 1.083810000000000047e-05
5.578000000000000000e+03 1.361659999999999936e-05 1.084200000000000055e-05
5.579000000000000000e+03 1.361860000000000036e-05 1.084590000000000063e-05
5.580000000000000000e+03 1.362049999999999944e-05 1.084989999999999924e-05
5.581000000000000000e+03 1.362240000000000022e-05 1.085379999999999932e-05
5.582000000000000000e+03 1.362439999999999952e-05 1.085769999999999940e-05
5.583000000000000000e+03 1.362630000000000030e-05 1.086159999999999948e-05
5.584000000000000000e+03 1.362829999999999960e-05 1.086559999999999978e-05
5.585000000000000000e+03 1.363020000000000038e-05 1.086949999999999986e-05
5.586000000000000000e+03 1.363289999999999953e-05 1.087339999999999994e-05
5.587000000000000000e+03 1.363640000000000043e-05 1.087740000000000024e-05
5.588000000000000000e+03 1.363979999999999941e-05 1.088130000000000033e-05
5.589000000000000000e+03 1.364320000000000009e-05 1.088530000000000063e-05
5.590000000000000000e+03 1.364669999999999929e-05 1.088920000000000071e-05
5.591000000000000000e+03 1.365009999999999997e-05 1.089310000000000079e-05
5.592000000000000000e+03 1.365359999999999918e-05 1.089709999999999939e-05
5.593000000000000000e+03 1.365699999999999986e-05 1.090099999999999948e-05
5.594000000000000000e+03 1.366040000000000053e-05 1.090499999999999978e-05
5.595000000000000000e+03 1.366389999999999974e-05 1.090889999999999986e-05
5.596000000000000000e+03 1.366730000000000042e-05 1.091290000000000016e-05
5.597000000000000000e+03 1.367079999999999962e-05 1.091680000000000024e-05
5.598000000000000000e+03 1.367420000000000030e-05 1.092080000000000054e-05
5.599000000000000000e+03 1.367769999999999950e-05 1.092480000000000084e-05
5.600000000000000000e+03 1.368110000000000018e-05 1.092869999999999923e-05
5.601000000000000000e+03 1.368459999999999939e-05 1.093269999999999953e-05
5.602000000000000000e+03 1.368800000000000007e-05 1.093659999999999961e-05
5.603000000000000000e+03 1.369149999999999927e-05 1.094059999999999991e-05
5.604000000000000000e+03 1.369489999999999995e-05 1.094460000000000021e-05
5.605000000000000000e+03 1.369839999999999915e-05 1.094850000000000029e-05
5.606000000000000000e+03 1.370179999999999983e-05 1.095250000000000059e-05
5.607000000000000000e+03 1.370530000000000073e-05 1.095649999999999920e-05
5.608000000000000000e+03 1.370869999999999972e-05 1.096049999999999950e-05
5.609000000000000000e+03 1.371220000000000061e-05 1.096439999999999958e-05
5.610000000000000000e+03 1.371559999999999960e-05 1.096839999999999988e-05
5.611000000000000000e+03 1.371910000000000050e-05 1.097240000000000018e-05
5.612000000000000000e+03 1.372259999999999970e-05 1.097640000000000048e-05
5.613000000000000000e+03 1.372600000000000038e-05 1.098040000000000078e-05
5.614000000000000000e+03 1.372949999999999958e-05 1.098439999999999939e-05
5.615000000000000000e+03 1.373290000000000026e-05 1.098829999999999947e-05
5.616000000000000000e+03 1.373639999999999947e-05 1.099229999999999977e-05
5.617000000000000000e+03 1.373990000000000037e-05 1.099630000000000007e-05
5.618000000000000000e+03 1.374329999999999935e-05 1.100030000000000037e-05
5.619000000000000000e+03 1.374680000000000025e-05 1.100430000000000067e-05
5.620000000000000000e+03 1.375029999999999945e-05 1.100829999999999928e-05
5.621000000000000000e+03 1.375370000000000013e-05 1.101229999999999958e-05
5.622000000000000000e+03 1.375719999999999934e-05 1.101629999999999988e-05
5.623000000000000000e+03 1.376070000000000023e-05 1.102030000000000018e-05
5.624000000000000000e+03 1.376409999999999922e-05 1.102430000000000048e-05
5.625000000000000000e+03 1.376760000000000012e-05 1.102830000000000078e-05
5.626000000000000000e+03 1.377029999999999926e-05 1.103229999999999939e-05
5.627000000000000000e+03 1.377300000000000010e-05 1.103629999999999969e-05
5.628000000000000000e+03 1.377579999999999946e-05 1.104029999999999999e-05
5.629000000000000000e+03 1.377850000000000030e-05 1.104440000000000051e-05
5.630000000000000000e+03 1.378119999999999945e-05 1.104840000000000081e-05
5.631000000000000000e+03 1.378390000000000028e-05 1.105239999999999942e-05
5.632000000000000000e+03 1.378669999999999965e-05 1.105639999999999972e-05
5.633000000000000000e+03 1.378940000000000048e-05 1.106040000000000002e-05
5.634000000000000000e+03 1.379209999999999963e-05 1.106450000000000054e-05
5.635000000000000000e+03 1.379480000000000047e-05 1.106850000000000084e-05
5.636000000000000000e+03 1.379759999999999983e-05 1.107249999999999944e-05
5.637000000000000000e+03 1.380030000000000067e-05 1.107649999999999974e-05
5.638000000000000000e+03 1.380299999999999981e-05 1.108060000000000026e-05
5.639000000000000000e+03 1.380570000000000065e-05 1.108460000000000056e-05
5.640000000000000000e+03 1.380850000000000001e-05 1.108859999999999917e-05
5.641000000000000000e+03 1.381119999999999916e-05 1.109269999999999969e-05
5.642000000000000000e+03 1.381390000000000000e-05 1.109669999999999999e-05
5.643000000000000000e+03 1.381669999999999936e-05 1.110070000000000029e-05
5.644000000000000000e+03 1.381940000000000020e-05 1.110480000000000081e-05
5.645000000000000000e+03 1.382209999999999934e-05 1.110879999999999942e-05
5.646000000000000000e+03 1.382480000000000018e-05 1.111289999999999994e-05
5.647000000000000000e+03 1.382759999999999954e-05 1.111690000000000024e-05
5.648000000000000000e+03 1.383030000000000038e-05 1.112100000000000076e-05
5.649000000000000000e+03 1.383299999999999953e-05 1.112499999999999936e-05
5.650000000000000000e+03 1.383580000000000058e-05 1.112909999999999988e-05
5.651000000000000000e+03 1.383849999999999973e-05 1.113310000000000018e-05
5.652000000000000000e+03 1.384120000000000057e-05 1.113720000000000070e-05
5.653000000000000000e+03 1.384399999999999993e-05 1.114119999999999931e-05
5.654000000000000000e+03 1.384670000000000077e-05 1.114529999999999983e-05
5.655000000000000000e+03 1.384950000000000013e-05 1.114930000000000013e-05
5.656000000000000000e+03 1.385219999999999927e-05 1.115340000000000065e-05
5.657000000000000000e+03 1.385490000000000011e-05 1.115749999999999948e-05
5.658000000000000000e+03 1.385769999999999948e-05 1.116149999999999978e-05
5.659000000000000000e+03 1.386040000000000031e-05 1.116560000000000030e-05
5.660000000000000000e+03 1.386309999999999946e-05 1.116970000000000082e-05
5.661000000000000000e+03 1.386590000000000051e-05 1.117369999999999942e-05
5.662000000000000000e+03 1.386859999999999966e-05 1.117779999999999994e-05
5.663000000000000000e+03 1.387140000000000072e-05 1.118190000000000046e-05
5.664000000000000000e+03 1.387409999999999986e-05 1.118599999999999929e-05
5.665000000000000000e+03 1.387609999999999916e-05 1.118999999999999959e-05
5.666000000000000000e+03 1.387719999999999988e-05 1.119410000000000011e-05
5.667000000000000000e+03 1.387840000000000082e-05 1.119820000000000063e-05
5.668000000000000000e+03 1.387960000000000006e-05 1.120229999999999945e-05
5.669000000000000000e+03 1.388079999999999930e-05 1.120639999999999997e-05
5.670000000000000000e+03 1.388190000000000002e-05 1.121050000000000049e-05
5.671000000000000000e+03 1.388309999999999927e-05 1.121459999999999932e-05
5.672000000000000000e+03 1.388430000000000020e-05 1.121869999999999984e-05
5.673000000000000000e+03 1.388539999999999923e-05 1.122270000000000014e-05
5.674000000000000000e+03 1.388660000000000016e-05 1.122680000000000066e-05
5.675000000000000000e+03 1.388779999999999941e-05 1.123089999999999949e-05
5.676000000000000000e+03 1.388900000000000034e-05 1.123500000000000001e-05
5.677000000000000000e+03 1.389009999999999937e-05 1.123910000000000052e-05
5.678000000000000000e+03 1.389130000000000031e-05 1.124319999999999935e-05
5.679000000000000000e+03 1.389249999999999955e-05 1.124729999999999987e-05
5.680000000000000000e+03 1.389370000000000049e-05 1.125150000000000061e-05
5.681000000000000000e+03 1.389479999999999951e-05 1.125559999999999944e-05
5.682000000000000000e+03 1.389600000000000045e-05 1.125969999999999995e-05
5.683000000000000000e+03 1.389719999999999969e-05 1.126380000000000047e-05
5.684000000000000000e+03 1.389840000000000063e-05 1.126789999999999930e-05
5.685000000000000000e+03 1.389949999999999965e-05 1.127199999999999982e-05
5.686000000000000000e+03 1.390070000000000059e-05 1.127610000000000034e-05
5.687000000000000000e+03 1.390189999999999983e-05 1.128029999999999939e-05
5.688000000000000000e+03 1.390310000000000077e-05 1.128439999999999990e-05
5.689000000000000000e+03 1.390419999999999979e-05 1.128850000000000042e-05
5.690000000000000000e+03 1.390540000000000073e-05 1.129259999999999925e-05
5.691000000000000000e+03 1.390659999999999997e-05 1.129679999999999999e-05
5.692000000000000000e+03 1.390779999999999922e-05 1.130090000000000051e-05
5.693000000000000000e+03 1.390889999999999993e-05 1.130499999999999933e-05
5.694000000000000000e+03 1.391009999999999918e-05 1.130909999999999985e-05
5.695000000000000000e+03 1.391130000000000011e-05 1.131330000000000059e-05
5.696000000000000000e+03 1.391249999999999936e-05 1.131739999999999942e-05
5.697000000000000000e+03 1.391360000000000008e-05 1.132160000000000016e-05
5.698000000000000000e+03 1.391479999999999932e-05 1.132570000000000068e-05
5.699000000000000000e+03 1.391600000000000026e-05 1.132979999999999950e-05
5.700000000000000000e+03 1.391719999999999950e-05 1.133400000000000024e-05
5.701000000000000000e+03 1.391830000000000022e-05 1.133810000000000076e-05
5.702000000000000000e+03 1.391949999999999946e-05 1.134229999999999981e-05
5.703000000000000000e+03 1.392070000000000040e-05 1.134640000000000033e-05
5.704000000000000000e+03 1.392189999999999964e-05 1.135059999999999937e-05
5.705000000000000000e+03 1.392460000000000048e-05 1.135469999999999989e-05
5.706000000000000000e+03 1.392879999999999952e-05 1.135890000000000063e-05
5.707000000000000000e+03 1.393310000000000048e-05 1.136299999999999946e-05
5.708000000000000000e+03 1.393729999999999953e-05 1.136720000000000020e-05
5.709000000000000000e+03 1.394160000000000048e-05 1.137139999999999924e-05
5.710000000000000000e+03 1.394579999999999953e-05 1.137549999999999976e-05
5.711000000000000000e+03 1.395000000000000027e-05 1.137970000000000050e-05
5.712000000000000000e+03 1.395429999999999953e-05 1.138389999999999955e-05
5.713000000000000000e+03 1.395850000000000027e-05 1.138800000000000006e-05
5.714000000000000000e+03 1.396279999999999954e-05 1.139220000000000080e-05
5.715000000000000000e+03 1.396710000000000049e-05 1.139639999999999985e-05
5.716000000000000000e+03 1.397129999999999954e-05 1.140060000000000059e-05
5.717000000000000000e+03 1.397560000000000050e-05 1.140469999999999941e-05
5.718000000000000000e+03 1.397979999999999954e-05 1.140890000000000015e-05
5.719000000000000000e+03 1.398410000000000050e-05 1.141309999999999920e-05
5.720000000000000000e+03 1.398829999999999955e-05 1.141729999999999994e-05
5.721000000000000000e+03 1.399260000000000050e-05 1.142150000000000068e-05
5.722000000000000000e+03 1.399689999999999977e-05 1.142559999999999950e-05
5.723000000000000000e+03 1.400110000000000051e-05 1.142980000000000024e-05
5.724000000000000000e+03 1.400539999999999977e-05 1.143399999999999929e-05
5.725000000000000000e+03 1.400970000000000073e-05 1.143820000000000002e-05
5.726000000000000000e+03 1.401389999999999978e-05 1.144240000000000076e-05
5.727000000000000000e+03 1.401820000000000073e-05 1.144659999999999981e-05
5.728000000000000000e+03 1.402250000000000000e-05 1.145080000000000055e-05
5.729000000000000000e+03 1.402670000000000074e-05 1.145499999999999959e-05
5.730000000000000000e+03 1.403100000000000000e-05 1.145920000000000033e-05
5.731000000000000000e+03 1.403529999999999927e-05 1.146339999999999938e-05
5.732000000000000000e+03 1.403960000000000022e-05 1.146760000000000012e-05
5.733000000000000000e+03 1.404379999999999927e-05 1.147179999999999916e-05
5.734000000000000000e+03 1.404810000000000023e-05 1.147599999999999990e-05
5.735000000000000000e+03 1.405239999999999949e-05 1.148020000000000064e-05
5.736000000000000000e+03 1.405670000000000045e-05 1.148439999999999968e-05
5.737000000000000000e+03 1.406099999999999971e-05 1.148870000000000064e-05
5.738000000000000000e+03 1.406520000000000045e-05 1.149289999999999969e-05
5.739000000000000000e+03 1.406949999999999972e-05 1.149710000000000043e-05
5.740000000000000000e+03 1.407380000000000068e-05 1.150129999999999947e-05
5.741000000000000000e+03 1.407809999999999994e-05 1.150550000000000021e-05
5.742000000000000000e+03 1.408239999999999920e-05 1.150979999999999947e-05
5.743000000000000000e+03 1.408670000000000016e-05 1.151400000000000021e-05
5.744000000000000000e+03 1.409099999999999943e-05 1.151819999999999926e-05
5.745000000000000000e+03 1.409409999999999945e-05 1.152240000000000000e-05
5.746000000000000000e+03 1.409600000000000023e-05 1.152669999999999926e-05
5.747000000000000000e+03 1.409789999999999931e-05 1.153090000000000000e-05
5.748000000000000000e+03 1.409990000000000031e-05 1.153510000000000074e-05
5.749000000000000000e+03 1.410179999999999939e-05 1.153940000000000000e-05
5.750000000000000000e+03 1.410370000000000017e-05 1.154360000000000074e-05
5.751000000000000000e+03 1.410569999999999947e-05 1.154790000000000001e-05
5.752000000000000000e+03 1.410760000000000025e-05 1.155210000000000075e-05
5.753000000000000000e+03 1.410949999999999933e-05 1.155629999999999979e-05
5.754000000000000000e+03 1.411150000000000033e-05 1.156060000000000075e-05
5.755000000000000000e+03 1.411339999999999942e-05 1.156479999999999980e-05
5.756000000000000000e+03 1.411540000000000041e-05 1.156910000000000075e-05
5.757000000000000000e+03 1.411729999999999950e-05 1.157329999999999980e-05
5.758000000000000000e+03 1.411920000000000028e-05 1.157760000000000076e-05
5.759000000000000000e+03 1.412119999999999958e-05 1.158190000000000002e-05
5.760000000000000000e+03 1.412310000000000036e-05 1.158610000000000076e-05
5.761000000000000000e+03 1.412499999999999944e-05 1.159040000000000002e-05
5.762000000000000000e+03 1.412700000000000044e-05 1.159460000000000076e-05
5.763000000000000000e+03 1.412889999999999952e-05 1.159890000000000003e-05
5.764000000000000000e+03 1.413080000000000030e-05 1.160319999999999929e-05
5.765000000000000000e+03 1.413279999999999960e-05 1.160740000000000003e-05
5.766000000000000000e+03 1.413470000000000038e-05 1.161169999999999930e-05
5.767000000000000000e+03 1.413669999999999968e-05 1.161600000000000025e-05
5.768000000000000000e+03 1.413860000000000046e-05 1.162019999999999930e-05
5.769000000000000000e+03 1.414049999999999955e-05 1.162450000000000026e-05
5.770000000000000000e+03 1.414250000000000054e-05 1.162879999999999952e-05
5.771000000000000000e+03 1.414439999999999963e-05 1.163310000000000048e-05
5.772000000000000000e+03 1.414640000000000062e-05 1.163739999999999974e-05
5.773000000000000000e+03 1.414829999999999971e-05 1.164160000000000048e-05
5.774000000000000000e+03 1.415020000000000049e-05 1.164589999999999975e-05
5.775000000000000000e+03 1.415219999999999979e-05 1.165020000000000071e-05
5.776000000000000000e+03 1.415410000000000057e-05 1.165449999999999997e-05
5.777000000000000000e+03 1.415609999999999987e-05 1.165879999999999923e-05
5.778000000000000000e+03 1.415800000000000065e-05 1.166310000000000019e-05
5.779000000000000000e+03 1.415989999999999973e-05 1.166739999999999946e-05
5.780000000000000000e+03 1.416190000000000073e-05 1.167170000000000041e-05
5.781000000000000000e+03 1.416379999999999981e-05 1.167599999999999968e-05
5.782000000000000000e+03 1.416580000000000081e-05 1.168030000000000064e-05
5.783000000000000000e+03 1.416769999999999990e-05 1.168459999999999990e-05
5.784000000000000000e+03 1.416969999999999920e-05 1.168889999999999917e-05
5.785000000000000000e+03 1.417229999999999982e-05 1.169320000000000012e-05
5.786000000000000000e+03 1.417560000000000028e-05 1.169749999999999939e-05
5.787000000000000000e+03 1.417890000000000074e-05 1.170180000000000035e-05
5.788000000000000000e+03 1.418219999999999950e-05 1.170609999999999961e-05
5.789000000000000000e+03 1.418549999999999996e-05 1.171040000000000057e-05
5.790000000000000000e+03 1.418880000000000042e-05 1.171480000000000005e-05
5.791000000000000000e+03 1.419209999999999919e-05 1.171909999999999932e-05
5.792000000000000000e+03 1.419539999999999965e-05 1.172340000000000028e-05
5.793000000000000000e+03 1.419870000000000011e-05 1.172769999999999954e-05
5.794000000000000000e+03 1.420210000000000079e-05 1.173200000000000050e-05
5.795000000000000000e+03 1.420539999999999955e-05 1.173639999999999998e-05
5.796000000000000000e+03 1.420870000000000001e-05 1.174069999999999925e-05
5.797000000000000000e+03 1.421200000000000047e-05 1.174500000000000020e-05
5.798000000000000000e+03 1.421529999999999924e-05 1.174939999999999969e-05
5.799000000000000000e+03 1.421859999999999970e-05 1.175370000000000065e-05
5.800000000000000000e+03 1.422190000000000016e-05 1.175799999999999991e-05
5.801000000000000000e+03 1.422530000000000083e-05 1.176239999999999939e-05
5.802000000000000000e+03 1.422859999999999960e-05 1.176670000000000035e-05
5.803000000000000000e+03 1.423190000000000006e-05 1.177109999999999984e-05
5.804000000000000000e+03 1.423520000000000052e-05 1.177540000000000079e-05
5.805000000000000000e+03 1.423849999999999929e-05 1.177970000000000006e-05
5.806000000000000000e+03 1.424189999999999996e-05 1.178409999999999954e-05
5.807000000000000000e+03 1.424520000000000042e-05 1.178840000000000050e-05
5.808000000000000000e+03 1.424849999999999919e-05 1.179279999999999998e-05
5.809000000000000000e+03 1.425179999999999965e-05 1.179709999999999925e-05
5.810000000000000000e+03 1.425510000000000011e-05 1.180150000000000043e-05
5.811000000000000000e+03 1.425850000000000079e-05 1.180589999999999991e-05
5.812000000000000000e+03 1.426179999999999955e-05 1.181019999999999917e-05
5.813000000000000000e+03 1.426510000000000001e-05 1.181460000000000035e-05
5.814000000000000000e+03 1.426840000000000047e-05 1.181889999999999962e-05
5.815000000000000000e+03 1.427179999999999946e-05 1.182330000000000079e-05
5.816000000000000000e+03 1.427509999999999992e-05 1.182770000000000028e-05
5.817000000000000000e+03 1.427840000000000038e-05 1.183199999999999954e-05
5.818000000000000000e+03 1.428179999999999936e-05 1.183640000000000072e-05
5.819000000000000000e+03 1.428509999999999982e-05 1.184080000000000020e-05
5.820000000000000000e+03 1.428840000000000028e-05 1.184519999999999969e-05
5.821000000000000000e+03 1.429179999999999927e-05 1.184950000000000064e-05
5.822000000000000000e+03 1.429509999999999973e-05 1.185390000000000013e-05
5.823000000000000000e+03 1.429840000000000019e-05 1.185829999999999961e-05
5.824000000000000000e+03 1.430179999999999917e-05 1.186270000000000079e-05
5.825000000000000000e+03 1.430460000000000023e-05 1.186710000000000027e-05
5.826000000000000000e+03 1.430700000000000041e-05 1.187149999999999976e-05
5.827000000000000000e+03 1.430940000000000059e-05 1.187580000000000071e-05
5.828000000000000000e+03 1.431170000000000055e-05 1.188020000000000020e-05
5.829000000000000000e+03 1.431410000000000073e-05 1.188459999999999968e-05
5.830000000000000000e+03 1.431649999999999922e-05 1.188899999999999916e-05
5.831000000000000000e+03 1.431879999999999918e-05 1.189340000000000034e-05
5.832000000000000000e+03 1.432119999999999936e-05 1.189779999999999983e-05
5.833000000000000000e+03 1.432359999999999954e-05 1.190219999999999931e-05
5.834000000000000000e+03 1.432599999999999972e-05 1.190660000000000049e-05
5.835000000000000000e+03 1.432829999999999968e-05 1.191099999999999997e-05
5.836000000000000000e+03 1.433069999999999986e-05 1.191539999999999945e-05
5.837000000000000000e+03 1.433310000000000004e-05 1.191980000000000063e-05
5.838000000000000000e+03 1.433550000000000022e-05 1.192430000000000033e-05
5.839000000000000000e+03 1.433780000000000018e-05 1.192869999999999982e-05
5.840000000000000000e+03 1.434020000000000036e-05 1.193309999999999930e-05
5.841000000000000000e+03 1.434260000000000054e-05 1.193750000000000048e-05
5.842000000000000000e+03 1.434500000000000072e-05 1.194189999999999996e-05
5.843000000000000000e+03 1.434739999999999921e-05 1.194629999999999945e-05
5.844000000000000000e+03 1.434969999999999917e-05 1.195080000000000084e-05
5.845000000000000000e+03 1.435209999999999935e-05 1.195520000000000033e-05
5.846000000000000000e+03 1.435449999999999953e-05 1.195959999999999981e-05
5.847000000000000000e+03 1.435689999999999971e-05 1.196399999999999929e-05
5.848000000000000000e+03 1.435929999999999989e-05 1.196850000000000069e-05
5.849000000000000000e+03 1.436159999999999985e-05 1.197290000000000017e-05
5.850000000000000000e+03 1.436400000000000003e-05 1.197729999999999966e-05
5.851000000000000000e+03 1.436640000000000021e-05 1.198179999999999936e-05
5.852000000000000000e+03 1.436880000000000039e-05 1.198620000000000054e-05
5.853000000000000000e+03 1.437120000000000057e-05 1.199070000000000024e-05
5.854000000000000000e+03 1.437350000000000053e-05 1.199509999999999972e-05
5.855000000000000000e+03 1.437590000000000071e-05 1.199949999999999921e-05
5.856000000000000000e+03 1.437829999999999920e-05 1.200400000000000060e-05
5.857000000000000000e+03 1.438069999999999938e-05 1.200840000000000009e-05
5.858000000000000000e+03 1.438309999999999956e-05 1.201289999999999979e-05
5.859000000000000000e+03 1.438549999999999974e-05 1.201729999999999927e-05
5.860000000000000000e+03 1.438789999999999992e-05 1.202180000000000067e-05
5.861000000000000000e+03 1.439019999999999988e-05 1.202630000000000037e-05
5.862000000000000000e+03 1.439260000000000006e-05 1.203069999999999986e-05
5.863000000000000000e+03 1.439500000000000024e-05 1.203519999999999956e-05
5.864000000000000000e+03 1.439740000000000042e-05 1.203960000000000074e-05
5.865000000000000000e+03 1.440019999999999979e-05 1.204410000000000044e-05
5.866000000000000000e+03 1.440350000000000025e-05 1.204860000000000014e-05
5.867000000000000000e+03 1.440670000000000049e-05 1.205299999999999963e-05
5.868000000000000000e+03 1.440990000000000073e-05 1.205749999999999933e-05
5.869000000000000000e+03 1.441319999999999949e-05 1.206200000000000073e-05
5.870000000000000000e+03 1.441639999999999973e-05 1.206650000000000043e-05
5.871000000000000000e+03 1.441970000000000019e-05 1.207089999999999991e-05
5.872000000000000000e+03 1.442290000000000043e-05 1.207539999999999962e-05
5.873000000000000000e+03 1.442619999999999920e-05 1.207989999999999932e-05
5.874000000000000000e+03 1.442939999999999944e-05 1.208440000000000072e-05
5.875000000000000000e+03 1.443269999999999990e-05 1.208890000000000042e-05
5.876000000000000000e+03 1.443590000000000014e-05 1.209340000000000012e-05
5.877000000000000000e+03 1.443920000000000060e-05 1.209779999999999960e-05
5.878000000000000000e+03 1.444240000000000084e-05 1.210229999999999931e-05
5.879000000000000000e+03 1.444569999999999961e-05 1.210680000000000070e-05
5.880000000000000000e+03 1.444889999999999985e-05 1.211130000000000041e-05
5.881000000000000000e+03 1.445220000000000031e-05 1.211580000000000011e-05
5.882000000000000000e+03 1.445540000000000055e-05 1.212029999999999981e-05
5.883000000000000000e+03 1.445869999999999931e-05 1.212479999999999952e-05
5.884000000000000000e+03 1.446189999999999955e-05 1.212929999999999922e-05
5.885000000000000000e+03 1.446520000000000001e-05 1.213380000000000062e-05
5.886000000000000000e+03 1.446840000000000025e-05 1.213830000000000032e-05
5.887000000000000000e+03 1.447170000000000071e-05 1.214280000000000002e-05
5.888000000000000000e+03 1.447499999999999948e-05 1.214739999999999994e-05
5.889000000000000000e+03 1.447819999999999972e-05 1.215189999999999965e-05
5.890000000000000000e+03 1.448150000000000018e-05 1.215639999999999935e-05
5.891000000000000000e+03 1.448470000000000042e-05 1.216090000000000075e-05
5.892000000000000000e+03 1.448799999999999918e-05 1.216540000000000045e-05
5.893000000000000000e+03 1.449129999999999964e-05 1.216990000000000015e-05
5.894000000000000000e+03 1.449449999999999988e-05 1.217450000000000007e-05
5.895000000000000000e+03 1.449780000000000034e-05 1.217899999999999978e-05
5.896000000000000000e+03 1.450110000000000080e-05 1.218349999999999948e-05
5.897000000000000000e+03 1.450429999999999935e-05 1.218799999999999918e-05
5.898000000000000000e+03 1.450759999999999981e-05 1.219260000000000080e-05
5.899000000000000000e+03 1.451090000000000027e-05 1.219710000000000050e-05
5.900000000000000000e+03 1.451410000000000051e-05 1.220160000000000020e-05
5.901000000000000000e+03 1.451739999999999927e-05 1.220620000000000013e-05
5.902000000000000000e+03 1.452069999999999973e-05 1.221069999999999983e-05
5.903000000000000000e+03 1.452389999999999997e-05 1.221529999999999975e-05
5.904000000000000000e+03 1.452720000000000043e-05 1.221979999999999945e-05
5.905000000000000000e+03 1.453030000000000046e-05 1.222439999999999938e-05
5.906000000000000000e+03 1.453330000000000026e-05 1.222890000000000077e-05
5.907000000000000000e+03 1.453630000000000006e-05 1.223350000000000069e-05
5.908000000000000000e+03 1.453929999999999986e-05 1.223800000000000040e-05
5.909000000000000000e+03 1.454229999999999966e-05 1.224260000000000032e-05
5.910000000000000000e+03 1.454529999999999946e-05 1.224710000000000002e-05
5.911000000000000000e+03 1.454829999999999927e-05 1.225169999999999994e-05
5.912000000000000000e+03 1.455130000000000076e-05 1.225619999999999965e-05
5.913000000000000000e+03 1.455430000000000056e-05 1.226079999999999957e-05
5.914000000000000000e+03 1.455730000000000037e-05 1.226539999999999949e-05
5.915000000000000000e+03 1.456030000000000017e-05 1.226989999999999919e-05
5.916000000000000000e+03 1.456329999999999997e-05 1.227450000000000081e-05
5.917000000000000000e+03 1.456629999999999977e-05 1.227910000000000073e-05
5.918000000000000000e+03 1.456929999999999957e-05 1.228360000000000043e-05
5.919000000000000000e+03 1.457229999999999938e-05 1.228820000000000036e-05
5.920000000000000000e+03 1.457529999999999918e-05 1.229280000000000028e-05
5.921000000000000000e+03 1.457830000000000067e-05 1.229740000000000020e-05
5.922000000000000000e+03 1.458130000000000048e-05 1.230200000000000012e-05
5.923000000000000000e+03 1.458430000000000028e-05 1.230649999999999983e-05
5.924000000000000000e+03 1.458740000000000030e-05 1.231109999999999975e-05
5.925000000000000000e+03 1.459040000000000010e-05 1.231569999999999967e-05
5.926000000000000000e+03 1.459339999999999990e-05 1.232029999999999959e-05
5.927000000000000000e+03 1.459639999999999970e-05 1.232489999999999951e-05
5.928000000000000000e+03 1.459939999999999951e-05 1.232949999999999944e-05
5.929000000000000000e+03 1.460239999999999931e-05 1.233409999999999936e-05
5.930000000000000000e+03 1.460540000000000080e-05 1.233869999999999928e-05
5.931000000000000000e+03 1.460840000000000061e-05 1.234329999999999920e-05
5.932000000000000000e+03 1.461140000000000041e-05 1.234790000000000082e-05
5.933000000000000000e+03 1.461440000000000021e-05 1.235250000000000074e-05
5.934000000000000000e+03 1.461750000000000023e-05 1.235710000000000066e-05
5.935000000000000000e+03 1.462050000000000003e-05 1.236170000000000058e-05
5.936000000000000000e+03 1.462349999999999983e-05 1.236630000000000051e-05
5.937000000000000000e+03 1.462649999999999964e-05 1.237090000000000043e-05
5.938000000000000000e+03 1.462949999999999944e-05 1.237550000000000035e-05
5.939000000000000000e+03 1.463249999999999924e-05 1.238010000000000027e-05
5.940000000000000000e+03 1.463559999999999926e-05 1.238480000000000041e-05
5.941000000000000000e+03 1.463860000000000076e-05 1.238940000000000034e-05
5.942000000000000000e+03 1.464160000000000056e-05 1.239400000000000026e-05
5.943000000000000000e+03 1.464460000000000036e-05 1.239860000000000018e-05
5.944000000000000000e+03 1.464760000000000016e-05 1.240330000000000032e-05
5.945000000000000000e+03 1.465049999999999975e-05 1.240790000000000024e-05
5.946000000000000000e+03 1.465320000000000058e-05 1.241250000000000017e-05
5.947000000000000000e+03 1.465579999999999951e-05 1.241710000000000009e-05
5.948000000000000000e+03 1.465850000000000035e-05 1.242180000000000023e-05
5.949000000000000000e+03 1.466119999999999949e-05 1.242640000000000015e-05
5.950000000000000000e+03 1.466390000000000033e-05 1.243110000000000029e-05
5.951000000000000000e+03 1.466649999999999925e-05 1.243570000000000022e-05
5.952000000000000000e+03 1.466920000000000009e-05 1.244030000000000014e-05
5.953000000000000000e+03 1.467189999999999924e-05 1.244500000000000028e-05
5.954000000000000000e+03 1.467460000000000007e-05 1.244960000000000020e-05
5.955000000000000000e+03 1.467729999999999922e-05 1.245430000000000034e-05
5.956000000000000000e+03 1.468000000000000006e-05 1.245890000000000026e-05
5.957000000000000000e+03 1.468260000000000067e-05 1.246360000000000041e-05
5.958000000000000000e+03 1.468529999999999982e-05 1.246820000000000033e-05
5.959000000000000000e+03 1.468800000000000066e-05 1.247290000000000047e-05
5.960000000000000000e+03 1.469069999999999980e-05 1.247760000000000061e-05
5.961000000000000000e+03 1.469340000000000064e-05 1.248220000000000053e-05
5.962000000000000000e+03 1.469609999999999978e-05 1.248690000000000067e-05
5.963000000000000000e+03 1.469870000000000040e-05 1.249150000000000060e-05
5.964000000000000000e+03 1.470139999999999955e-05 1.249620000000000074e-05
5.965000000000000000e+03 1.470410000000000038e-05 1.250089999999999918e-05
5.966000000000000000e+03 1.470679999999999953e-05 1.250559999999999933e-05
5.967000000000000000e+03 1.470950000000000037e-05 1.251019999999999925e-05
5.968000000000000000e+03 1.471219999999999951e-05 1.251489999999999939e-05
5.969000000000000000e+03 1.471490000000000035e-05 1.251959999999999953e-05
5.970000000000000000e+03 1.471759999999999949e-05 1.252429999999999967e-05
5.971000000000000000e+03 1.472030000000000033e-05 1.252899999999999981e-05
5.972000000000000000e+03 1.472289999999999926e-05 1.253359999999999974e-05
5.973000000000000000e+03 1.472560000000000009e-05 1.253829999999999988e-05
5.974000000000000000e+03 1.472829999999999924e-05 1.254300000000000002e-05
5.975000000000000000e+03 1.473100000000000008e-05 1.254770000000000016e-05
5.976000000000000000e+03 1.473369999999999922e-05 1.255240000000000030e-05
5.977000000000000000e+03 1.473640000000000006e-05 1.255710000000000044e-05
5.978000000000000000e+03 1.473909999999999920e-05 1.256180000000000058e-05
5.979000000000000000e+03 1.474180000000000004e-05 1.256650000000000072e-05
5.980000000000000000e+03 1.474449999999999918e-05 1.257119999999999917e-05
5.981000000000000000e+03 1.474720000000000002e-05 1.257589999999999931e-05
5.982000000000000000e+03 1.474989999999999917e-05 1.258059999999999945e-05
5.983000000000000000e+03 1.475260000000000000e-05 1.258529999999999960e-05
5.984000000000000000e+03 1.475530000000000084e-05 1.258999999999999974e-05
5.985000000000000000e+03 1.475890000000000027e-05 1.259469999999999988e-05
5.986000000000000000e+03 1.476350000000000019e-05 1.259940000000000002e-05
5.987000000000000000e+03 1.476810000000000011e-05 1.260420000000000038e-05
5.988000000000000000e+03 1.477270000000000003e-05 1.260890000000000052e-05
5.989000000000000000e+03 1.477729999999999995e-05 1.261360000000000066e-05
5.990000000000000000e+03 1.478200000000000010e-05 1.261830000000000080e-05
5.991000000000000000e+03 1.478660000000000002e-05 1.262299999999999925e-05
5.992000000000000000e+03 1.479119999999999994e-05 1.262779999999999961e-05
5.993000000000000000e+03 1.479579999999999986e-05 1.263249999999999975e-05
5.994000000000000000e+03 1.480039999999999978e-05 1.263719999999999990e-05
5.995000000000000000e+03 1.480499999999999971e-05 1.264200000000000026e-05
5.996000000000000000e+03 1.480969999999999985e-05 1.264670000000000040e-05
5.997000000000000000e+03 1.481429999999999977e-05 1.265140000000000054e-05
5.998000000000000000e+03 1.481889999999999969e-05 1.265619999999999921e-05
5.999000000000000000e+03 1.482349999999999961e-05 1.266089999999999935e-05
6.000000000000000000e+03 1.482809999999999954e-05 1.266569999999999971e-05
6.001000000000000000e+03 1.483279999999999968e-05 1.267039999999999985e-05
6.002000000000000000e+03 1.483739999999999960e-05 1.267520000000000021e-05
6.003000000000000000e+03 1.484199999999999952e-05 1.267990000000000035e-05
6.004000000000000000e+03 1.484669999999999966e-05 1.268470000000000071e-05
6.005000000000000000e+03 1.485129999999999958e-05 1.268939999999999916e-05
6.006000000000000000e+03 1.485589999999999951e-05 1.269419999999999952e-05
6.007000000000000000e+03 1.486059999999999965e-05 1.269889999999999966e-05
6.008000000000000000e+03 1.486519999999999957e-05 1.270370000000000002e-05
6.009000000000000000e+03 1.486979999999999949e-05 1.270850000000000038e-05
6.010000000000000000e+03 1.487449999999999963e-05 1.271320000000000052e-05
6.011000000000000000e+03 1.487909999999999956e-05 1.271799999999999919e-05
6.012000000000000000e+03 1.488379999999999970e-05 1.272279999999999955e-05
6.013000000000000000e+03 1.488839999999999962e-05 1.272749999999999969e-05
6.014000000000000000e+03 1.489309999999999976e-05 1.273230000000000005e-05
6.015000000000000000e+03 1.489769999999999968e-05 1.273710000000000041e-05
6.016000000000000000e+03 1.490229999999999960e-05 1.274190000000000077e-05
6.017000000000000000e+03 1.490699999999999975e-05 1.274659999999999922e-05
6.018000000000000000e+03 1.491169999999999989e-05 1.275139999999999958e-05
6.019000000000000000e+03 1.491629999999999981e-05 1.275619999999999994e-05
6.020000000000000000e+03 1.492099999999999995e-05 1.276100000000000030e-05
6.021000000000000000e+03 1.492559999999999987e-05 1.276580000000000066e-05
6.022000000000000000e+03 1.493030000000000001e-05 1.277059999999999933e-05
6.023000000000000000e+03 1.493489999999999994e-05 1.277539999999999969e-05
6.024000000000000000e+03 1.493960000000000008e-05 1.278020000000000005e-05
6.025000000000000000e+03 1.494220000000000070e-05 1.278500000000000041e-05
6.026000000000000000e+03 1.494479999999999962e-05 1.278980000000000077e-05
6.027000000000000000e+03 1.494740000000000024e-05 1.279459999999999944e-05
6.028000000000000000e+03 1.494999999999999916e-05 1.279939999999999980e-05
6.029000000000000000e+03 1.495259999999999978e-05 1.280420000000000016e-05
6.030000000000000000e+03 1.495520000000000040e-05 1.280900000000000052e-05
6.031000000000000000e+03 1.495779999999999933e-05 1.281379999999999919e-05
6.032000000000000000e+03 1.496039999999999995e-05 1.281859999999999955e-05
6.033000000000000000e+03 1.496300000000000056e-05 1.282339999999999991e-05
6.034000000000000000e+03 1.496559999999999949e-05 1.282820000000000027e-05
6.035000000000000000e+03 1.496820000000000011e-05 1.283309999999999915e-05
6.036000000000000000e+03 1.497080000000000073e-05 1.283789999999999952e-05
6.037000000000000000e+03 1.497349999999999987e-05 1.284269999999999988e-05
6.038000000000000000e+03 1.497610000000000049e-05 1.284750000000000024e-05
6.039000000000000000e+03 1.497869999999999942e-05 1.285240000000000082e-05
6.040000000000000000e+03 1.498130000000000003e-05 1.285719999999999948e-05
6.041000000000000000e+03 1.498390000000000065e-05 1.286199999999999984e-05
6.042000000000000000e+03 1.498649999999999958e-05 1.286680000000000020e-05
6.043000000000000000e+03 1.498910000000000020e-05 1.287170000000000078e-05
6.044000000000000000e+03 1.499170000000000082e-05 1.287649999999999945e-05
6.045000000000000000e+03 1.499429999999999974e-05 1.288140000000000003e-05
6.046000000000000000e+03 1.499690000000000036e-05 1.288620000000000039e-05
6.047000000000000000e+03 1.499959999999999950e-05 1.289109999999999928e-05
6.048000000000000000e+03 1.500220000000000012e-05 1.289589999999999964e-05
6.049000000000000000e+03 1.500480000000000074e-05 1.290070000000000000e-05
6.050000000000000000e+03 1.500739999999999967e-05 1.290560000000000058e-05
6.051000000000000000e+03 1.501000000000000028e-05 1.291049999999999946e-05
6.052000000000000000e+03 1.501259999999999921e-05 1.291529999999999982e-05
6.053000000000000000e+03 1.501519999999999983e-05 1.292020000000000040e-05
6.054000000000000000e+03 1.501790000000000067e-05 1.292500000000000077e-05
6.055000000000000000e+03 1.502049999999999959e-05 1.292989999999999965e-05
6.056000000000000000e+03 1.502310000000000021e-05 1.293480000000000023e-05
6.057000000000000000e+03 1.502570000000000083e-05 1.293960000000000059e-05
6.058000000000000000e+03 1.502829999999999975e-05 1.294449999999999948e-05
6.059000000000000000e+03 1.503090000000000037e-05 1.294940000000000006e-05
6.060000000000000000e+03 1.503359999999999952e-05 1.295420000000000042e-05
6.061000000000000000e+03 1.503620000000000014e-05 1.295909999999999930e-05
6.062000000000000000e+03 1.503880000000000075e-05 1.296399999999999988e-05
6.063000000000000000e+03 1.504139999999999968e-05 1.296890000000000046e-05
6.064000000000000000e+03 1.504459999999999992e-05 1.297370000000000082e-05
6.065000000000000000e+03 1.504850000000000000e-05 1.297859999999999971e-05
6.066000000000000000e+03 1.505229999999999986e-05 1.298350000000000029e-05
6.067000000000000000e+03 1.505619999999999994e-05 1.298839999999999918e-05
6.068000000000000000e+03 1.505999999999999981e-05 1.299329999999999976e-05
6.069000000000000000e+03 1.506389999999999989e-05 1.299820000000000034e-05
6.070000000000000000e+03 1.506769999999999975e-05 1.300309999999999922e-05
6.071000000000000000e+03 1.507149999999999961e-05 1.300799999999999980e-05
6.072000000000000000e+03 1.507539999999999969e-05 1.301290000000000038e-05
6.073000000000000000e+03 1.507919999999999955e-05 1.301779999999999927e-05
6.074000000000000000e+03 1.508309999999999964e-05 1.302269999999999985e-05
6.075000000000000000e+03 1.508689999999999950e-05 1.302760000000000043e-05
6.076000000000000000e+03 1.509079999999999958e-05 1.303249999999999931e-05
6.077000000000000000e+03 1.509459999999999944e-05 1.303739999999999989e-05
6.078000000000000000e+03 1.509849999999999952e-05 1.304230000000000047e-05
6.079000000000000000e+03 1.510239999999999960e-05 1.304719999999999936e-05
6.080000000000000000e+03 1.510619999999999946e-05 1.305220000000000016e-05
6.081000000000000000e+03 1.511009999999999955e-05 1.305710000000000074e-05
6.082000000000000000e+03 1.511389999999999941e-05 1.306199999999999962e-05
6.083000000000000000e+03 1.511779999999999949e-05 1.306690000000000020e-05
6.084000000000000000e+03 1.512159999999999935e-05 1.307189999999999931e-05
6.085000000000000000e+03 1.512549999999999943e-05 1.307679999999999989e-05
6.086000000000000000e+03 1.512939999999999951e-05 1.308170000000000047e-05
6.087000000000000000e+03 1.513319999999999938e-05 1.308659999999999935e-05
6.088000000000000000e+03 1.513709999999999946e-05 1.309160000000000015e-05
6.089000000000000000e+03 1.514089999999999932e-05 1.309650000000000073e-05
6.090000000000000000e+03 1.514479999999999940e-05 1.310149999999999984e-05
6.091000000000000000e+03 1.514869999999999948e-05 1.310640000000000042e-05
6.092000000000000000e+03 1.515249999999999934e-05 1.311129999999999930e-05
6.093000000000000000e+03 1.515639999999999942e-05 1.311630000000000010e-05
6.094000000000000000e+03 1.516029999999999951e-05 1.312120000000000068e-05
6.095000000000000000e+03 1.516409999999999937e-05 1.312619999999999979e-05
6.096000000000000000e+03 1.516799999999999945e-05 1.313110000000000037e-05
6.097000000000000000e+03 1.517189999999999953e-05 1.313609999999999947e-05
6.098000000000000000e+03 1.517579999999999961e-05 1.314100000000000005e-05
6.099000000000000000e+03 1.517959999999999947e-05 1.314599999999999916e-05
6.100000000000000000e+03 1.518349999999999955e-05 1.315099999999999996e-05
6.101000000000000000e+03 1.518739999999999964e-05 1.315590000000000054e-05
6.102000000000000000e+03 1.519129999999999972e-05 1.316089999999999964e-05
6.103000000000000000e+03 1.519509999999999958e-05 1.316590000000000044e-05
6.104000000000000000e+03 1.519770000000000020e-05 1.317079999999999933e-05
6.105000000000000000e+03 1.519879999999999922e-05 1.317580000000000013e-05
6.106000000000000000e+03 1.520000000000000016e-05 1.318079999999999923e-05
6.107000000000000000e+03 1.520119999999999940e-05 1.318580000000000003e-05
6.108000000000000000e+03 1.520230000000000012e-05 1.319070000000000061e-05
6.109000000000000000e+03 1.520349999999999936e-05 1.319569999999999971e-05
6.110000000000000000e+03 1.520470000000000030e-05 1.320070000000000051e-05
6.111000000000000000e+03 1.520579999999999932e-05 1.320569999999999962e-05
6.112000000000000000e+03 1.520700000000000026e-05 1.321070000000000042e-05
6.113000000000000000e+03 1.520819999999999950e-05 1.321569999999999952e-05
6.114000000000000000e+03 1.520930000000000022e-05 1.322070000000000032e-05
6.115000000000000000e+03 1.521049999999999947e-05 1.322569999999999943e-05
6.116000000000000000e+03 1.521170000000000040e-05 1.323070000000000023e-05
6.117000000000000000e+03 1.521289999999999965e-05 1.323560000000000081e-05
6.118000000000000000e+03 1.521400000000000036e-05 1.324070000000000013e-05
6.119000000000000000e+03 1.521519999999999961e-05 1.324569999999999924e-05
6.120000000000000000e+03 1.521640000000000054e-05 1.325070000000000004e-05
6.121000000000000000e+03 1.521749999999999957e-05 1.325570000000000083e-05
6.122000000000000000e+03 1.521870000000000051e-05 1.326069999999999994e-05
6.123000000000000000e+03 1.521989999999999975e-05 1.326570000000000074e-05
6.124000000000000000e+03 1.522100000000000047e-05 1.327069999999999984e-05
6.125000000000000000e+03 1.522219999999999971e-05 1.327570000000000064e-05
6.126000000000000000e+03 1.522340000000000065e-05 1.328069999999999975e-05
6.127000000000000000e+03 1.522459999999999989e-05 1.328580000000000077e-05
6.128000000000000000e+03 1.522570000000000061e-05 1.329079999999999987e-05
6.129000000000000000e+03 1.522689999999999985e-05 1.329580000000000067e-05
6.130000000000000000e+03 1.522810000000000079e-05 1.330079999999999978e-05
6.131000000000000000e+03 1.522919999999999981e-05 1.330590000000000079e-05
6.132000000000000000e+03 1.523040000000000075e-05 1.331089999999999990e-05
6.133000000000000000e+03 1.523159999999999999e-05 1.331590000000000070e-05
6.134000000000000000e+03 1.523270000000000071e-05 1.332100000000000002e-05
6.135000000000000000e+03 1.523389999999999995e-05 1.332600000000000082e-05
6.136000000000000000e+03 1.523509999999999920e-05 1.333110000000000015e-05
6.137000000000000000e+03 1.523630000000000013e-05 1.333609999999999925e-05
6.138000000000000000e+03 1.523739999999999916e-05 1.334120000000000027e-05
6.139000000000000000e+03 1.523860000000000009e-05 1.334619999999999938e-05
6.140000000000000000e+03 1.523979999999999934e-05 1.335130000000000039e-05
6.141000000000000000e+03 1.524090000000000006e-05 1.335629999999999950e-05
6.142000000000000000e+03 1.524209999999999930e-05 1.336140000000000052e-05
6.143000000000000000e+03 1.524330000000000024e-05 1.336639999999999962e-05
6.144000000000000000e+03 1.524640000000000026e-05 1.337150000000000064e-05
6.145000000000000000e+03 1.525159999999999980e-05 1.337649999999999975e-05
6.146000000000000000e+03 1.525670000000000082e-05 1.338160000000000076e-05
6.147000000000000000e+03 1.526180000000000014e-05 1.338670000000000009e-05
6.148000000000000000e+03 1.526700000000000138e-05 1.339169999999999919e-05
6.149000000000000000e+03 1.527209999999999901e-05 1.339680000000000021e-05
6.150000000000000000e+03 1.527720000000000003e-05 1.340189999999999954e-05
6.151000000000000000e+03 1.528240000000000127e-05 1.340700000000000055e-05
6.152000000000000000e+03 1.528749999999999890e-05 1.341199999999999966e-05
6.153000000000000000e+03 1.529259999999999992e-05 1.341710000000000068e-05
6.154000000000000000e+03 1.529780000000000115e-05 1.342220000000000000e-05
6.155000000000000000e+03 1.530289999999999878e-05 1.342729999999999933e-05
6.156000000000000000e+03 1.530810000000000002e-05 1.343240000000000035e-05
6.157000000000000000e+03 1.531320000000000104e-05 1.343749999999999967e-05
6.158000000000000000e+03 1.531839999999999889e-05 1.344260000000000069e-05
6.159000000000000000e+03 1.532349999999999991e-05 1.344759999999999979e-05
6.160000000000000000e+03 1.532870000000000115e-05 1.345270000000000081e-05
6.161000000000000000e+03 1.533379999999999878e-05 1.345780000000000014e-05
6.162000000000000000e+03 1.533900000000000001e-05 1.346289999999999946e-05
6.163000000000000000e+03 1.534410000000000103e-05 1.346800000000000048e-05
6.164000000000000000e+03 1.534929999999999888e-05 1.347320000000000002e-05
6.165000000000000000e+03 1.535450000000000012e-05 1.347829999999999935e-05
6.166000000000000000e+03 1.535960000000000114e-05 1.348340000000000037e-05
6.167000000000000000e+03 1.536479999999999899e-05 1.348849999999999969e-05
6.168000000000000000e+03 1.537000000000000023e-05 1.349360000000000071e-05
6.169000000000000000e+03 1.537510000000000124e-05 1.349870000000000003e-05
6.170000000000000000e+03 1.538029999999999909e-05 1.350379999999999936e-05
6.171000000000000000e+03 1.538550000000000033e-05 1.350900000000000059e-05
6.172000000000000000e+03 1.539060000000000135e-05 1.351409999999999992e-05
6.173000000000000000e+03 1.539579999999999920e-05 1.351919999999999924e-05
6.174000000000000000e+03 1.540100000000000044e-05 1.352430000000000026e-05
6.175000000000000000e+03 1.540620000000000167e-05 1.352949999999999981e-05
6.176000000000000000e+03 1.541139999999999952e-05 1.353460000000000082e-05
6.177000000000000000e+03 1.541650000000000054e-05 1.353970000000000015e-05
6.178000000000000000e+03 1.542169999999999839e-05 1.354489999999999969e-05
6.179000000000000000e+03 1.542689999999999963e-05 1.355000000000000071e-05
6.180000000000000000e+03 1.543210000000000087e-05 1.355510000000000003e-05
6.181000000000000000e+03 1.543729999999999872e-05 1.356029999999999958e-05
6.182000000000000000e+03 1.544249999999999996e-05 1.356540000000000060e-05
6.183000000000000000e+03 1.544770000000000119e-05 1.357060000000000014e-05
6.184000000000000000e+03 1.545269999999999860e-05 1.357569999999999946e-05
6.185000000000000000e+03 1.545739999999999875e-05 1.358090000000000070e-05
6.186000000000000000e+03 1.546219999999999911e-05 1.358600000000000003e-05
6.187000000000000000e+03 1.546699999999999947e-05 1.359119999999999957e-05
6.188000000000000000e+03 1.547179999999999983e-05 1.359640000000000081e-05
6.189000000000000000e+03 1.547660000000000019e-05 1.360150000000000013e-05
6.190000000000000000e+03 1.548140000000000055e-05 1.360669999999999968e-05
6.191000000000000000e+03 1.548620000000000091e-05 1.361189999999999922e-05
6.192000000000000000e+03 1.549100000000000127e-05 1.361700000000000024e-05
6.193000000000000000e+03 1.549580000000000163e-05 1.362219999999999978e-05
6.194000000000000000e+03 1.550059999999999860e-05 1.362739999999999933e-05
6.195000000000000000e+03 1.550539999999999896e-05 1.363260000000000056e-05
6.196000000000000000e+03 1.551019999999999932e-05 1.363769999999999989e-05
6.197000000000000000e+03 1.551499999999999968e-05 1.364289999999999943e-05
6.198000000000000000e+03 1.551980000000000004e-05 1.364810000000000067e-05
6.199000000000000000e+03 1.552460000000000041e-05 1.365330000000000021e-05
6.200000000000000000e+03 1.552940000000000077e-05 1.365849999999999976e-05
6.201000000000000000e+03 1.553420000000000113e-05 1.366369999999999930e-05
6.202000000000000000e+03 1.553900000000000149e-05 1.366890000000000054e-05
6.203000000000000000e+03 1.554389999999999868e-05 1.367410000000000008e-05
6.204000000000000000e+03 1.554869999999999904e-05 1.367919999999999941e-05
6.205000000000000000e+03 1.555349999999999940e-05 1.368440000000000064e-05
6.206000000000000000e+03 1.555829999999999976e-05 1.368970000000000041e-05
6.207000000000000000e+03 1.556310000000000012e-05 1.369489999999999995e-05
6.208000000000000000e+03 1.556790000000000048e-05 1.370009999999999949e-05
6.209000000000000000e+03 1.557280000000000106e-05 1.370530000000000073e-05
6.210000000000000000e+03 1.557760000000000142e-05 1.371050000000000027e-05
6.211000000000000000e+03 1.558239999999999840e-05 1.371569999999999982e-05
6.212000000000000000e+03 1.558719999999999876e-05 1.372089999999999936e-05
6.213000000000000000e+03 1.559209999999999934e-05 1.372610000000000060e-05
6.214000000000000000e+03 1.559689999999999970e-05 1.373140000000000036e-05
6.215000000000000000e+03 1.560170000000000006e-05 1.373659999999999991e-05
6.216000000000000000e+03 1.560660000000000064e-05 1.374179999999999945e-05
6.217000000000000000e+03 1.561140000000000100e-05 1.374700000000000069e-05
6.218000000000000000e+03 1.561620000000000136e-05 1.375230000000000045e-05
6.219000000000000000e+03 1.562109999999999855e-05 1.375749999999999999e-05
6.220000000000000000e+03 1.562589999999999891e-05 1.376269999999999954e-05
6.221000000000000000e+03 1.563069999999999927e-05 1.376799999999999930e-05
6.222000000000000000e+03 1.563559999999999985e-05 1.377320000000000054e-05
6.223000000000000000e+03 1.564040000000000021e-05 1.377840000000000008e-05
6.224000000000000000e+03 1.564550000000000123e-05 1.378369999999999984e-05
6.225000000000000000e+03 1.565069999999999908e-05 1.378889999999999939e-05
6.226000000000000000e+03 1.565590000000000032e-05 1.379420000000000085e-05
6.227000000000000000e+03 1.566110000000000156e-05 1.379940000000000039e-05
6.228000000000000000e+03 1.566639999999999962e-05 1.380470000000000015e-05
6.229000000000000000e+03 1.567160000000000086e-05 1.380989999999999970e-05
6.230000000000000000e+03 1.567679999999999871e-05 1.381519999999999946e-05
6.231000000000000000e+03 1.568210000000000017e-05 1.382049999999999922e-05
6.232000000000000000e+03 1.568730000000000141e-05 1.382570000000000046e-05
6.233000000000000000e+03 1.569259999999999947e-05 1.383100000000000022e-05
6.234000000000000000e+03 1.569780000000000071e-05 1.383629999999999999e-05
6.235000000000000000e+03 1.570299999999999856e-05 1.384149999999999953e-05
6.236000000000000000e+03 1.570830000000000002e-05 1.384679999999999929e-05
6.237000000000000000e+03 1.571350000000000126e-05 1.385210000000000075e-05
6.238000000000000000e+03 1.571879999999999933e-05 1.385740000000000051e-05
6.239000000000000000e+03 1.572400000000000056e-05 1.386260000000000006e-05
6.240000000000000000e+03 1.572929999999999863e-05 1.386789999999999982e-05
6.241000000000000000e+03 1.573449999999999987e-05 1.387319999999999958e-05
6.242000000000000000e+03 1.573980000000000133e-05 1.387849999999999934e-05
6.243000000000000000e+03 1.574509999999999940e-05 1.388380000000000080e-05
6.244000000000000000e+03 1.575030000000000063e-05 1.388910000000000056e-05
6.245000000000000000e+03 1.575559999999999870e-05 1.389440000000000033e-05
6.246000000000000000e+03 1.576079999999999994e-05 1.389970000000000009e-05
6.247000000000000000e+03 1.576610000000000140e-05 1.390489999999999963e-05
6.248000000000000000e+03 1.577139999999999947e-05 1.391019999999999940e-05
6.249000000000000000e+03 1.577670000000000092e-05 1.391559999999999938e-05
6.250000000000000000e+03 1.578189999999999877e-05 1.392090000000000084e-05
6.251000000000000000e+03 1.578720000000000023e-05 1.392620000000000060e-05
6.252000000000000000e+03 1.579250000000000169e-05 1.393150000000000036e-05
6.253000000000000000e+03 1.579769999999999954e-05 1.393680000000000012e-05
6.254000000000000000e+03 1.580300000000000099e-05 1.394209999999999989e-05
6.255000000000000000e+03 1.580829999999999906e-05 1.394739999999999965e-05
6.256000000000000000e+03 1.581360000000000052e-05 1.395269999999999941e-05
6.257000000000000000e+03 1.581889999999999859e-05 1.395809999999999939e-05
6.258000000000000000e+03 1.582420000000000004e-05 1.396339999999999916e-05
6.259000000000000000e+03 1.582940000000000128e-05 1.396870000000000061e-05
6.260000000000000000e+03 1.583469999999999935e-05 1.397400000000000038e-05
6.261000000000000000e+03 1.584000000000000081e-05 1.397940000000000036e-05
6.262000000000000000e+03 1.584529999999999888e-05 1.398470000000000012e-05
6.263000000000000000e+03 1.585060000000000033e-05 1.398999999999999989e-05
6.264000000000000000e+03 1.585469999999999916e-05 1.399539999999999987e-05
6.265000000000000000e+03 1.585769999999999896e-05 1.400069999999999963e-05
6.266000000000000000e+03 1.586069999999999876e-05 1.400609999999999961e-05
6.267000000000000000e+03 1.586369999999999857e-05 1.401139999999999938e-05
6.268000000000000000e+03 1.586669999999999837e-05 1.401679999999999936e-05
6.269000000000000000e+03 1.586970000000000156e-05 1.402210000000000082e-05
6.270000000000000000e+03 1.587270000000000136e-05 1.402750000000000080e-05
6.271000000000000000e+03 1.587560000000000094e-05 1.403280000000000056e-05
6.272000000000000000e+03 1.587860000000000074e-05 1.403820000000000054e-05
6.273000000000000000e+03 1.588160000000000055e-05 1.404350000000000031e-05
6.274000000000000000e+03 1.588460000000000035e-05 1.404890000000000029e-05
6.275000000000000000e+03 1.588760000000000015e-05 1.405430000000000027e-05
6.276000000000000000e+03 1.589059999999999995e-05 1.405960000000000003e-05
6.277000000000000000e+03 1.589359999999999975e-05 1.406500000000000001e-05
6.278000000000000000e+03 1.589659999999999955e-05 1.407040000000000000e-05
6.279000000000000000e+03 1.589959999999999936e-05 1.407569999999999976e-05
6.280000000000000000e+03 1.590249999999999894e-05 1.408109999999999974e-05
6.281000000000000000e+03 1.590549999999999874e-05 1.408649999999999972e-05
6.282000000000000000e+03 1.590849999999999854e-05 1.409189999999999971e-05
6.283000000000000000e+03 1.591149999999999834e-05 1.409729999999999969e-05
6.284000000000000000e+03 1.591450000000000153e-05 1.410269999999999967e-05
6.285000000000000000e+03 1.591750000000000134e-05 1.410799999999999943e-05
6.286000000000000000e+03 1.592050000000000114e-05 1.411339999999999942e-05
6.287000000000000000e+03 1.592350000000000094e-05 1.411879999999999940e-05
6.288000000000000000e+03 1.592650000000000074e-05 1.412419999999999938e-05
6.289000000000000000e+03 1.592950000000000054e-05 1.412959999999999936e-05
6.290000000000000000e+03 1.593250000000000035e-05 1.413499999999999934e-05
6.291000000000000000e+03 1.593550000000000015e-05 1.414039999999999933e-05
6.292000000000000000e+03 1.593849999999999995e-05 1.414579999999999931e-05
6.293000000000000000e+03 1.594149999999999975e-05 1.415119999999999929e-05
6.294000000000000000e+03 1.594449999999999955e-05 1.415669999999999949e-05
6.295000000000000000e+03 1.594749999999999936e-05 1.416209999999999947e-05
6.296000000000000000e+03 1.595049999999999916e-05 1.416749999999999946e-05
6.297000000000000000e+03 1.595349999999999896e-05 1.417289999999999944e-05
6.298000000000000000e+03 1.595649999999999876e-05 1.417829999999999942e-05
6.299000000000000000e+03 1.595949999999999856e-05 1.418369999999999940e-05
6.300000000000000000e+03 1.596249999999999836e-05 1.418919999999999960e-05
6.301000000000000000e+03 1.596550000000000155e-05 1.419459999999999959e-05
6.302000000000000000e+03 1.596850000000000136e-05 1.419999999999999957e-05
6.303000000000000000e+03 1.597150000000000116e-05 1.420549999999999977e-05
6.304000000000000000e+03 1.597430000000000052e-05 1.421089999999999975e-05
6.305000000000000000e+03 1.597669999999999901e-05 1.421629999999999973e-05
6.306000000000000000e+03 1.597920000000000110e-05 1.422179999999999994e-05
6.307000000000000000e+03 1.598169999999999981e-05 1.422719999999999992e-05
6.308000000000000000e+03 1.598410000000000168e-05 1.423270000000000012e-05
6.309000000000000000e+03 1.598660000000000039e-05 1.423810000000000010e-05
6.310000000000000000e+03 1.598909999999999909e-05 1.424350000000000008e-05
6.311000000000000000e+03 1.599150000000000097e-05 1.424900000000000029e-05
6.312000000000000000e+03 1.599399999999999967e-05 1.425450000000000049e-05
6.313000000000000000e+03 1.599649999999999838e-05 1.425990000000000047e-05
6.314000000000000000e+03 1.599890000000000025e-05 1.426540000000000067e-05
6.315000000000000000e+03 1.600139999999999896e-05 1.427080000000000065e-05
6.316000000000000000e+03 1.600390000000000105e-05 1.427629999999999916e-05
6.317000000000000000e+03 1.600629999999999954e-05 1.428179999999999936e-05
6.318000000000000000e+03 1.600880000000000163e-05 1.428719999999999934e-05
6.319000000000000000e+03 1.601130000000000034e-05 1.429269999999999955e-05
6.320000000000000000e+03 1.601379999999999904e-05 1.429819999999999975e-05
6.321000000000000000e+03 1.601620000000000092e-05 1.430369999999999995e-05
6.322000000000000000e+03 1.601869999999999962e-05 1.430909999999999993e-05
6.323000000000000000e+03 1.602119999999999833e-05 1.431460000000000013e-05
6.324000000000000000e+03 1.602370000000000042e-05 1.432010000000000033e-05
6.325000000000000000e+03 1.602609999999999891e-05 1.432560000000000054e-05
6.326000000000000000e+03 1.602860000000000100e-05 1.433110000000000074e-05
6.327000000000000000e+03 1.603109999999999971e-05 1.433659999999999924e-05
6.328000000000000000e+03 1.603350000000000158e-05 1.434209999999999945e-05
6.329000000000000000e+03 1.603600000000000029e-05 1.434749999999999943e-05
6.330000000000000000e+03 1.603849999999999899e-05 1.435299999999999963e-05
6.331000000000000000e+03 1.604100000000000109e-05 1.435849999999999983e-05
6.332000000000000000e+03 1.604349999999999979e-05 1.436410000000000025e-05
6.333000000000000000e+03 1.604590000000000167e-05 1.436960000000000045e-05
6.334000000000000000e+03 1.604840000000000037e-05 1.437510000000000065e-05
6.335000000000000000e+03 1.605089999999999908e-05 1.438059999999999916e-05
6.336000000000000000e+03 1.605340000000000117e-05 1.438609999999999936e-05
6.337000000000000000e+03 1.605579999999999966e-05 1.439159999999999956e-05
6.338000000000000000e+03 1.605829999999999836e-05 1.439709999999999977e-05
6.339000000000000000e+03 1.606080000000000046e-05 1.440259999999999997e-05
6.340000000000000000e+03 1.606329999999999916e-05 1.440820000000000039e-05
6.341000000000000000e+03 1.606580000000000125e-05 1.441370000000000059e-05
6.342000000000000000e+03 1.606819999999999974e-05 1.441920000000000079e-05
6.343000000000000000e+03 1.607069999999999845e-05 1.442469999999999930e-05
6.344000000000000000e+03 1.607409999999999913e-05 1.443029999999999972e-05
6.345000000000000000e+03 1.607830000000000156e-05 1.443579999999999992e-05
6.346000000000000000e+03 1.608250000000000060e-05 1.444140000000000034e-05
6.347000000000000000e+03 1.608669999999999965e-05 1.444690000000000054e-05
6.348000000000000000e+03 1.609089999999999869e-05 1.445240000000000074e-05
6.349000000000000000e+03 1.609510000000000113e-05 1.445799999999999947e-05
6.350000000000000000e+03 1.609930000000000017e-05 1.446349999999999967e-05
6.351000000000000000e+03 1.610349999999999922e-05 1.446910000000000009e-05
6.352000000000000000e+03 1.610770000000000165e-05 1.447460000000000029e-05
6.353000000000000000e+03 1.611190000000000069e-05 1.448020000000000072e-05
6.354000000000000000e+03 1.611609999999999974e-05 1.448569999999999922e-05
6.355000000000000000e+03 1.612029999999999878e-05 1.449129999999999964e-05
6.356000000000000000e+03 1.612450000000000122e-05 1.449690000000000006e-05
6.357000000000000000e+03 1.612880000000000048e-05 1.450240000000000027e-05
6.358000000000000000e+03 1.613299999999999953e-05 1.450800000000000069e-05
6.359000000000000000e+03 1.613719999999999857e-05 1.451359999999999941e-05
6.360000000000000000e+03 1.614140000000000101e-05 1.451909999999999961e-05
6.361000000000000000e+03 1.614560000000000005e-05 1.452470000000000003e-05
6.362000000000000000e+03 1.614979999999999910e-05 1.453030000000000046e-05
6.363000000000000000e+03 1.615409999999999836e-05 1.453589999999999918e-05
6.364000000000000000e+03 1.615830000000000079e-05 1.454149999999999960e-05
6.365000000000000000e+03 1.616249999999999984e-05 1.454699999999999980e-05
6.366000000000000000e+03 1.616669999999999888e-05 1.455260000000000023e-05
6.367000000000000000e+03 1.617100000000000154e-05 1.455820000000000065e-05
6.368000000000000000e+03 1.617520000000000058e-05 1.456379999999999937e-05
6.369000000000000000e+03 1.617939999999999963e-05 1.456939999999999979e-05
6.370000000000000000e+03 1.618359999999999867e-05 1.457500000000000021e-05
6.371000000000000000e+03 1.618790000000000132e-05 1.458060000000000063e-05
6.372000000000000000e+03 1.619210000000000037e-05 1.458619999999999936e-05
6.373000000000000000e+03 1.619629999999999941e-05 1.459179999999999978e-05
6.374000000000000000e+03 1.620059999999999868e-05 1.459740000000000020e-05
6.375000000000000000e+03 1.620480000000000111e-05 1.460300000000000062e-05
6.376000000000000000e+03 1.620900000000000015e-05 1.460859999999999935e-05
6.377000000000000000e+03 1.621329999999999942e-05 1.461419999999999977e-05
6.378000000000000000e+03 1.621749999999999846e-05 1.461990000000000041e-05
6.379000000000000000e+03 1.622180000000000112e-05 1.462550000000000083e-05
6.380000000000000000e+03 1.622600000000000016e-05 1.463109999999999956e-05
6.381000000000000000e+03 1.623019999999999921e-05 1.463669999999999998e-05
6.382000000000000000e+03 1.623449999999999847e-05 1.464240000000000062e-05
6.383000000000000000e+03 1.623870000000000090e-05 1.464799999999999935e-05
6.384000000000000000e+03 1.624269999999999951e-05 1.465359999999999977e-05
6.385000000000000000e+03 1.624650000000000107e-05 1.465930000000000041e-05
6.386000000000000000e+03 1.625029999999999923e-05 1.466490000000000083e-05
6.387000000000000000e+03 1.625410000000000079e-05 1.467049999999999955e-05
6.388000000000000000e+03 1.625789999999999896e-05 1.467620000000000019e-05
6.389000000000000000e+03 1.626170000000000051e-05 1.468180000000000061e-05
6.390000000000000000e+03 1.626539999999999846e-05 1.468749999999999956e-05
6.391000000000000000e+03 1.626920000000000002e-05 1.469309999999999998e-05
6.392000000000000000e+03 1.627300000000000157e-05 1.469880000000000062e-05
6.393000000000000000e+03 1.627679999999999974e-05 1.470439999999999935e-05
6.394000000000000000e+03 1.628060000000000130e-05 1.471009999999999999e-05
6.395000000000000000e+03 1.628439999999999947e-05 1.471570000000000041e-05
6.396000000000000000e+03 1.628820000000000102e-05 1.472139999999999935e-05
6.397000000000000000e+03 1.629199999999999919e-05 1.472709999999999999e-05
6.398000000000000000e+03 1.629580000000000075e-05 1.473270000000000042e-05
6.399000000000000000e+03 1.629959999999999891e-05 1.473839999999999936e-05
6.400000000000000000e+03 1.630340000000000047e-05 1.474410000000000000e-05
6.401000000000000000e+03 1.630719999999999864e-05 1.474980000000000064e-05
6.402000000000000000e+03 1.631100000000000019e-05 1.475539999999999937e-05
6.403000000000000000e+03 1.631470000000000153e-05 1.476110000000000001e-05
6.404000000000000000e+03 1.631849999999999970e-05 1.476680000000000065e-05
6.405000000000000000e+03 1.632230000000000126e-05 1.477249999999999959e-05
6.406000000000000000e+03 1.632609999999999942e-05 1.477820000000000023e-05
6.407000000000000000e+03 1.633000000000000120e-05 1.478389999999999918e-05
6.408000000000000000e+03 1.633379999999999937e-05 1.478949999999999960e-05
6.409000000000000000e+03 1.633760000000000092e-05 1.479520000000000024e-05
6.410000000000000000e+03 1.634139999999999909e-05 1.480089999999999919e-05
6.411000000000000000e+03 1.634520000000000065e-05 1.480659999999999983e-05
6.412000000000000000e+03 1.634899999999999881e-05 1.481230000000000047e-05
6.413000000000000000e+03 1.635280000000000037e-05 1.481799999999999941e-05
6.414000000000000000e+03 1.635659999999999854e-05 1.482380000000000027e-05
6.415000000000000000e+03 1.636040000000000009e-05 1.482949999999999922e-05
6.416000000000000000e+03 1.636420000000000165e-05 1.483519999999999986e-05
6.417000000000000000e+03 1.636799999999999982e-05 1.484090000000000050e-05
6.418000000000000000e+03 1.637180000000000137e-05 1.484659999999999944e-05
6.419000000000000000e+03 1.637559999999999954e-05 1.485230000000000008e-05
6.420000000000000000e+03 1.637950000000000132e-05 1.485809999999999925e-05
6.421000000000000000e+03 1.638329999999999949e-05 1.486379999999999989e-05
6.422000000000000000e+03 1.638710000000000104e-05 1.486950000000000053e-05
6.423000000000000000e+03 1.639089999999999921e-05 1.487519999999999947e-05
6.424000000000000000e+03 1.639480000000000098e-05 1.488100000000000033e-05
6.425000000000000000e+03 1.639869999999999937e-05 1.488669999999999928e-05
6.426000000000000000e+03 1.640260000000000115e-05 1.489250000000000014e-05
6.427000000000000000e+03 1.640649999999999953e-05 1.489820000000000078e-05
6.428000000000000000e+03 1.641040000000000131e-05 1.490389999999999972e-05
6.429000000000000000e+03 1.641429999999999970e-05 1.490970000000000058e-05
6.430000000000000000e+03 1.641820000000000147e-05 1.491539999999999953e-05
6.431000000000000000e+03 1.642209999999999986e-05 1.492120000000000039e-05
6.432000000000000000e+03 1.642600000000000163e-05 1.492689999999999934e-05
6.433000000000000000e+03 1.642990000000000002e-05 1.493270000000000019e-05
6.434000000000000000e+03 1.643379999999999841e-05 1.493849999999999936e-05
6.435000000000000000e+03 1.643770000000000018e-05 1.494420000000000000e-05
6.436000000000000000e+03 1.644159999999999857e-05 1.494999999999999916e-05
6.437000000000000000e+03 1.644560000000000057e-05 1.495569999999999980e-05
6.438000000000000000e+03 1.644949999999999895e-05 1.496150000000000066e-05
6.439000000000000000e+03 1.645340000000000073e-05 1.496729999999999983e-05
6.440000000000000000e+03 1.645729999999999912e-05 1.497310000000000069e-05
6.441000000000000000e+03 1.646120000000000089e-05 1.497879999999999963e-05
6.442000000000000000e+03 1.646509999999999928e-05 1.498460000000000049e-05
6.443000000000000000e+03 1.646900000000000105e-05 1.499039999999999966e-05
6.444000000000000000e+03 1.647289999999999944e-05 1.499620000000000052e-05
6.445000000000000000e+03 1.647690000000000144e-05 1.500199999999999968e-05
6.446000000000000000e+03 1.648079999999999982e-05 1.500780000000000054e-05
6.447000000000000000e+03 1.648470000000000160e-05 1.501359999999999971e-05
6.448000000000000000e+03 1.648859999999999999e-05 1.501940000000000057e-05
6.449000000000000000e+03 1.649249999999999837e-05 1.502519999999999973e-05
6.450000000000000000e+03 1.649650000000000037e-05 1.503100000000000059e-05
6.451000000000000000e+03 1.650039999999999875e-05 1.503679999999999976e-05
6.452000000000000000e+03 1.650430000000000053e-05 1.504260000000000062e-05
6.453000000000000000e+03 1.650819999999999892e-05 1.504839999999999978e-05
6.454000000000000000e+03 1.651220000000000091e-05 1.505420000000000064e-05
6.455000000000000000e+03 1.651609999999999930e-05 1.505999999999999981e-05
6.456000000000000000e+03 1.652000000000000107e-05 1.506580000000000066e-05
6.457000000000000000e+03 1.652389999999999946e-05 1.507159999999999983e-05
6.458000000000000000e+03 1.652790000000000146e-05 1.507740000000000069e-05
6.459000000000000000e+03 1.653179999999999984e-05 1.508330000000000007e-05
6.460000000000000000e+03 1.653570000000000162e-05 1.508909999999999924e-05
6.461000000000000000e+03 1.653970000000000022e-05 1.509490000000000010e-05
6.462000000000000000e+03 1.654359999999999861e-05 1.510079999999999948e-05
6.463000000000000000e+03 1.654869999999999963e-05 1.510660000000000034e-05
6.464000000000000000e+03 1.655510000000000011e-05 1.511239999999999951e-05
6.465000000000000000e+03 1.656140000000000037e-05 1.511830000000000059e-05
6.466000000000000000e+03 1.656770000000000063e-05 1.512409999999999975e-05
6.467000000000000000e+03 1.657410000000000111e-05 1.513000000000000083e-05
6.468000000000000000e+03 1.658040000000000138e-05 1.513579999999999999e-05
6.469000000000000000e+03 1.658670000000000164e-05 1.514169999999999938e-05
6.470000000000000000e+03 1.659309999999999873e-05 1.514750000000000024e-05
6.471000000000000000e+03 1.659939999999999899e-05 1.515339999999999962e-05
6.472000000000000000e+03 1.660579999999999947e-05 1.515920000000000048e-05
6.473000000000000000e+03 1.661209999999999973e-05 1.516509999999999987e-05
6.474000000000000000e+03 1.661850000000000022e-05 1.517090000000000073e-05
6.475000000000000000e+03 1.662480000000000048e-05 1.517680000000000011e-05
6.476000000000000000e+03 1.663120000000000096e-05 1.518269999999999949e-05
6.477000000000000000e+03 1.663760000000000144e-05 1.518850000000000035e-05
6.478000000000000000e+03 1.664389999999999831e-05 1.519439999999999974e-05
6.479000000000000000e+03 1.665029999999999879e-05 1.520030000000000082e-05
6.480000000000000000e+03 1.665669999999999927e-05 1.520620000000000020e-05
6.481000000000000000e+03 1.666299999999999954e-05 1.521209999999999959e-05
6.482000000000000000e+03 1.666940000000000002e-05 1.521790000000000045e-05
6.483000000000000000e+03 1.667580000000000050e-05 1.522379999999999983e-05
6.484000000000000000e+03 1.668210000000000076e-05 1.522969999999999921e-05
6.485000000000000000e+03 1.668850000000000124e-05 1.523560000000000029e-05
6.486000000000000000e+03 1.669489999999999833e-05 1.524149999999999968e-05
6.487000000000000000e+03 1.670129999999999881e-05 1.524740000000000076e-05
6.488000000000000000e+03 1.670769999999999929e-05 1.525330000000000014e-05
6.489000000000000000e+03 1.671409999999999977e-05 1.525920000000000122e-05
6.490000000000000000e+03 1.672050000000000026e-05 1.526510000000000060e-05
6.491000000000000000e+03 1.672690000000000074e-05 1.527099999999999999e-05
6.492000000000000000e+03 1.673330000000000122e-05 1.527689999999999937e-05
6.493000000000000000e+03 1.673969999999999831e-05 1.528279999999999876e-05
6.494000000000000000e+03 1.674609999999999879e-05 1.528870000000000153e-05
6.495000000000000000e+03 1.675249999999999927e-05 1.529470000000000113e-05
6.496000000000000000e+03 1.675889999999999975e-05 1.530060000000000052e-05
6.497000000000000000e+03 1.676530000000000023e-05 1.530649999999999990e-05
6.498000000000000000e+03 1.677170000000000071e-05 1.531239999999999929e-05
6.499000000000000000e+03 1.677810000000000119e-05 1.531839999999999889e-05
6.500000000000000000e+03 1.678450000000000168e-05 1.532430000000000166e-05
6.501000000000000000e+03 1.679089999999999877e-05 1.533020000000000105e-05
6.502000000000000000e+03 1.679739999999999947e-05 1.533620000000000065e-05
6.503000000000000000e+03 1.680309999999999841e-05 1.534210000000000004e-05
6.504000000000000000e+03 1.680809999999999921e-05 1.534799999999999942e-05
6.505000000000000000e+03 1.681310000000000001e-05 1.535399999999999902e-05
6.506000000000000000e+03 1.681820000000000103e-05 1.535989999999999841e-05
6.507000000000000000e+03 1.682319999999999844e-05 1.536590000000000140e-05
6.508000000000000000e+03 1.682819999999999924e-05 1.537180000000000078e-05
6.509000000000000000e+03 1.683320000000000004e-05 1.537780000000000039e-05
6.510000000000000000e+03 1.683830000000000106e-05 1.538379999999999999e-05
6.511000000000000000e+03 1.684329999999999847e-05 1.538969999999999938e-05
6.512000000000000000e+03 1.684829999999999927e-05 1.539569999999999898e-05
6.513000000000000000e+03 1.685340000000000029e-05 1.540159999999999836e-05
6.514000000000000000e+03 1.685840000000000109e-05 1.540760000000000136e-05
6.515000000000000000e+03 1.686349999999999872e-05 1.541360000000000096e-05
6.516000000000000000e+03 1.686849999999999952e-05 1.541960000000000056e-05
6.517000000000000000e+03 1.687350000000000031e-05 1.542549999999999995e-05
6.518000000000000000e+03 1.687860000000000133e-05 1.543149999999999955e-05
6.519000000000000000e+03 1.688359999999999874e-05 1.543749999999999916e-05
6.520000000000000000e+03 1.688869999999999976e-05 1.544349999999999876e-05
6.521000000000000000e+03 1.689370000000000056e-05 1.544949999999999836e-05
6.522000000000000000e+03 1.689880000000000158e-05 1.545550000000000136e-05
6.523000000000000000e+03 1.690379999999999899e-05 1.546140000000000074e-05
6.524000000000000000e+03 1.690890000000000001e-05 1.546740000000000034e-05
6.525000000000000000e+03 1.691390000000000081e-05 1.547339999999999995e-05
6.526000000000000000e+03 1.691899999999999844e-05 1.547939999999999955e-05
6.527000000000000000e+03 1.692399999999999924e-05 1.548539999999999915e-05
6.528000000000000000e+03 1.692910000000000026e-05 1.549139999999999876e-05
6.529000000000000000e+03 1.693420000000000128e-05 1.549749999999999858e-05
6.530000000000000000e+03 1.693919999999999869e-05 1.550350000000000157e-05
6.531000000000000000e+03 1.694429999999999970e-05 1.550950000000000118e-05
6.532000000000000000e+03 1.694940000000000072e-05 1.551550000000000078e-05
6.533000000000000000e+03 1.695440000000000152e-05 1.552150000000000038e-05
6.534000000000000000e+03 1.695949999999999915e-05 1.552749999999999999e-05
6.535000000000000000e+03 1.696460000000000017e-05 1.553359999999999981e-05
6.536000000000000000e+03 1.696960000000000097e-05 1.553959999999999941e-05
6.537000000000000000e+03 1.697469999999999860e-05 1.554559999999999902e-05
6.538000000000000000e+03 1.697979999999999962e-05 1.555169999999999884e-05
6.539000000000000000e+03 1.698490000000000064e-05 1.555769999999999845e-05
6.540000000000000000e+03 1.698990000000000144e-05 1.556370000000000144e-05
6.541000000000000000e+03 1.699499999999999907e-05 1.556980000000000126e-05
6.542000000000000000e+03 1.700010000000000009e-05 1.557580000000000086e-05
6.543000000000000000e+03 1.700449999999999957e-05 1.558190000000000069e-05
6.544000000000000000e+03 1.700820000000000091e-05 1.558790000000000029e-05
6.545000000000000000e+03 1.701189999999999885e-05 1.559400000000000011e-05
6.546000000000000000e+03 1.701560000000000019e-05 1.559999999999999972e-05
6.547000000000000000e+03 1.701930000000000153e-05 1.560609999999999954e-05
6.548000000000000000e+03 1.702299999999999948e-05 1.561209999999999914e-05
6.549000000000000000e+03 1.702670000000000081e-05 1.561819999999999897e-05
6.550000000000000000e+03 1.703039999999999876e-05 1.562429999999999879e-05
6.551000000000000000e+03 1.703410000000000010e-05 1.563029999999999839e-05
6.552000000000000000e+03 1.703790000000000165e-05 1.563640000000000161e-05
6.553000000000000000e+03 1.704159999999999960e-05 1.564250000000000143e-05
6.554000000000000000e+03 1.704530000000000094e-05 1.564850000000000103e-05
6.555000000000000000e+03 1.704899999999999889e-05 1.565460000000000086e-05
6.556000000000000000e+03 1.705270000000000023e-05 1.566070000000000068e-05
6.557000000000000000e+03 1.705640000000000156e-05 1.566680000000000050e-05
6.558000000000000000e+03 1.706009999999999951e-05 1.567290000000000032e-05
6.559000000000000000e+03 1.706390000000000107e-05 1.567900000000000015e-05
6.560000000000000000e+03 1.706759999999999902e-05 1.568509999999999997e-05
6.561000000000000000e+03 1.707130000000000035e-05 1.569109999999999957e-05
6.562000000000000000e+03 1.707500000000000169e-05 1.569719999999999940e-05
6.563000000000000000e+03 1.707869999999999964e-05 1.570329999999999922e-05
6.564000000000000000e+03 1.708240000000000097e-05 1.570939999999999904e-05
6.565000000000000000e+03 1.708619999999999914e-05 1.571559999999999909e-05
6.566000000000000000e+03 1.708990000000000048e-05 1.572169999999999891e-05
6.567000000000000000e+03 1.709359999999999843e-05 1.572779999999999873e-05
6.568000000000000000e+03 1.709729999999999976e-05 1.573389999999999855e-05
6.569000000000000000e+03 1.710110000000000132e-05 1.573999999999999838e-05
6.570000000000000000e+03 1.710479999999999927e-05 1.574610000000000159e-05
6.571000000000000000e+03 1.710850000000000061e-05 1.575220000000000141e-05
6.572000000000000000e+03 1.711219999999999855e-05 1.575840000000000145e-05
6.573000000000000000e+03 1.711600000000000011e-05 1.576450000000000128e-05
6.574000000000000000e+03 1.711970000000000145e-05 1.577060000000000110e-05
6.575000000000000000e+03 1.712339999999999940e-05 1.577680000000000114e-05
6.576000000000000000e+03 1.712720000000000095e-05 1.578290000000000096e-05
6.577000000000000000e+03 1.713089999999999890e-05 1.578900000000000079e-05
6.578000000000000000e+03 1.713460000000000024e-05 1.579520000000000083e-05
6.579000000000000000e+03 1.713830000000000157e-05 1.580130000000000065e-05
6.580000000000000000e+03 1.714209999999999974e-05 1.580750000000000070e-05
6.581000000000000000e+03 1.714580000000000108e-05 1.581360000000000052e-05
6.582000000000000000e+03 1.714959999999999925e-05 1.581980000000000056e-05
6.583000000000000000e+03 1.715419999999999917e-05 1.582590000000000038e-05
6.584000000000000000e+03 1.715970000000000106e-05 1.583210000000000043e-05
6.585000000000000000e+03 1.716519999999999957e-05 1.583820000000000025e-05
6.586000000000000000e+03 1.717070000000000147e-05 1.584440000000000029e-05
6.587000000000000000e+03 1.717619999999999997e-05 1.585060000000000033e-05
6.588000000000000000e+03 1.718169999999999848e-05 1.585670000000000016e-05
6.589000000000000000e+03 1.718730000000000060e-05 1.586290000000000020e-05
6.590000000000000000e+03 1.719279999999999910e-05 1.586910000000000024e-05
6.591000000000000000e+03 1.719830000000000100e-05 1.587530000000000028e-05
6.592000000000000000e+03 1.720379999999999951e-05 1.588140000000000011e-05
6.593000000000000000e+03 1.720930000000000140e-05 1.588760000000000015e-05
6.594000000000000000e+03 1.721490000000000013e-05 1.589380000000000019e-05
6.595000000000000000e+03 1.722039999999999864e-05 1.590000000000000023e-05
6.596000000000000000e+03 1.722590000000000053e-05 1.590620000000000028e-05
6.597000000000000000e+03 1.723149999999999926e-05 1.591240000000000032e-05
6.598000000000000000e+03 1.723700000000000115e-05 1.591860000000000036e-05
6.599000000000000000e+03 1.724249999999999966e-05 1.592480000000000040e-05
6.600000000000000000e+03 1.724809999999999839e-05 1.593100000000000044e-05
6.601000000000000000e+03 1.725360000000000028e-05 1.593720000000000049e-05
6.602000000000000000e+03 1.725909999999999879e-05 1.594340000000000053e-05
6.603000000000000000e+03 1.726470000000000091e-05 1.594960000000000057e-05
6.604000000000000000e+03 1.727019999999999941e-05 1.595580000000000061e-05
6.605000000000000000e+03 1.727580000000000153e-05 1.596200000000000066e-05
6.606000000000000000e+03 1.728130000000000004e-05 1.596820000000000070e-05
6.607000000000000000e+03 1.728689999999999876e-05 1.597450000000000096e-05
6.608000000000000000e+03 1.729240000000000066e-05 1.598070000000000100e-05
6.609000000000000000e+03 1.729799999999999938e-05 1.598690000000000104e-05
6.610000000000000000e+03 1.730350000000000128e-05 1.599310000000000109e-05
6.611000000000000000e+03 1.730910000000000001e-05 1.599940000000000135e-05
6.612000000000000000e+03 1.731469999999999873e-05 1.600560000000000139e-05
6.613000000000000000e+03 1.732020000000000063e-05 1.601190000000000165e-05
6.614000000000000000e+03 1.732579999999999936e-05 1.601809999999999831e-05
6.615000000000000000e+03 1.733130000000000125e-05 1.602429999999999835e-05
6.616000000000000000e+03 1.733689999999999998e-05 1.603059999999999861e-05
6.617000000000000000e+03 1.734249999999999870e-05 1.603679999999999865e-05
6.618000000000000000e+03 1.734800000000000060e-05 1.604309999999999891e-05
6.619000000000000000e+03 1.735359999999999933e-05 1.604929999999999896e-05
6.620000000000000000e+03 1.735920000000000144e-05 1.605559999999999922e-05
6.621000000000000000e+03 1.736480000000000017e-05 1.606189999999999948e-05
6.622000000000000000e+03 1.737029999999999868e-05 1.606809999999999952e-05
6.623000000000000000e+03 1.737460000000000133e-05 1.607439999999999978e-05
6.624000000000000000e+03 1.737760000000000113e-05 1.608070000000000004e-05
6.625000000000000000e+03 1.738050000000000071e-05 1.608690000000000009e-05
6.626000000000000000e+03 1.738350000000000051e-05 1.609320000000000035e-05
6.627000000000000000e+03 1.738650000000000032e-05 1.609950000000000061e-05
6.628000000000000000e+03 1.738939999999999990e-05 1.610580000000000087e-05
6.629000000000000000e+03 1.739239999999999970e-05 1.611200000000000091e-05
6.630000000000000000e+03 1.739539999999999950e-05 1.611830000000000118e-05
6.631000000000000000e+03 1.739839999999999930e-05 1.612460000000000144e-05
6.632000000000000000e+03 1.740129999999999889e-05 1.613089999999999831e-05
6.633000000000000000e+03 1.740429999999999869e-05 1.613719999999999857e-05
6.634000000000000000e+03 1.740729999999999849e-05 1.614349999999999883e-05
6.635000000000000000e+03 1.741020000000000146e-05 1.614979999999999910e-05
6.636000000000000000e+03 1.741320000000000126e-05 1.615609999999999936e-05
6.637000000000000000e+03 1.741620000000000106e-05 1.616239999999999962e-05
6.638000000000000000e+03 1.741920000000000087e-05 1.616869999999999988e-05
6.639000000000000000e+03 1.742210000000000045e-05 1.617500000000000014e-05
6.640000000000000000e+03 1.742510000000000025e-05 1.618130000000000040e-05
6.641000000000000000e+03 1.742810000000000005e-05 1.618760000000000066e-05
6.642000000000000000e+03 1.743109999999999986e-05 1.619400000000000115e-05
6.643000000000000000e+03 1.743399999999999944e-05 1.620030000000000141e-05
6.644000000000000000e+03 1.743699999999999924e-05 1.620660000000000167e-05
6.645000000000000000e+03 1.743999999999999904e-05 1.621289999999999854e-05
6.646000000000000000e+03 1.744299999999999884e-05 1.621929999999999902e-05
6.647000000000000000e+03 1.744599999999999865e-05 1.622559999999999928e-05
6.648000000000000000e+03 1.744890000000000162e-05 1.623189999999999955e-05
6.649000000000000000e+03 1.745190000000000142e-05 1.623830000000000003e-05
6.650000000000000000e+03 1.745490000000000122e-05 1.624460000000000029e-05
6.651000000000000000e+03 1.745790000000000102e-05 1.625100000000000077e-05
6.652000000000000000e+03 1.746090000000000082e-05 1.625730000000000103e-05
6.653000000000000000e+03 1.746380000000000041e-05 1.626370000000000151e-05
6.654000000000000000e+03 1.746680000000000021e-05 1.626999999999999838e-05
6.655000000000000000e+03 1.746980000000000001e-05 1.627639999999999887e-05
6.656000000000000000e+03 1.747279999999999981e-05 1.628269999999999913e-05
6.657000000000000000e+03 1.747579999999999961e-05 1.628909999999999961e-05
6.658000000000000000e+03 1.747879999999999942e-05 1.629550000000000009e-05
6.659000000000000000e+03 1.748169999999999900e-05 1.630180000000000035e-05
6.660000000000000000e+03 1.748469999999999880e-05 1.630820000000000083e-05
6.661000000000000000e+03 1.748769999999999860e-05 1.631460000000000131e-05
6.662000000000000000e+03 1.749069999999999840e-05 1.632090000000000157e-05
6.663000000000000000e+03 1.749460000000000018e-05 1.632729999999999867e-05
6.664000000000000000e+03 1.749940000000000054e-05 1.633369999999999915e-05
6.665000000000000000e+03 1.750410000000000068e-05 1.634009999999999963e-05
6.666000000000000000e+03 1.750890000000000104e-05 1.634650000000000011e-05
6.667000000000000000e+03 1.751370000000000140e-05 1.635290000000000059e-05
6.668000000000000000e+03 1.751849999999999837e-05 1.635930000000000107e-05
6.669000000000000000e+03 1.752329999999999874e-05 1.636570000000000155e-05
6.670000000000000000e+03 1.752809999999999910e-05 1.637199999999999842e-05
6.671000000000000000e+03 1.753279999999999924e-05 1.637849999999999912e-05
6.672000000000000000e+03 1.753759999999999960e-05 1.638489999999999961e-05
6.673000000000000000e+03 1.754239999999999996e-05 1.639130000000000009e-05
6.674000000000000000e+03 1.754720000000000032e-05 1.639770000000000057e-05
6.675000000000000000e+03 1.755200000000000068e-05 1.640410000000000105e-05
6.676000000000000000e+03 1.755680000000000104e-05 1.641050000000000153e-05
6.677000000000000000e+03 1.756160000000000140e-05 1.641689999999999862e-05
6.678000000000000000e+03 1.756639999999999837e-05 1.642329999999999910e-05
6.679000000000000000e+03 1.757119999999999873e-05 1.642979999999999980e-05
6.680000000000000000e+03 1.757599999999999909e-05 1.643620000000000028e-05
6.681000000000000000e+03 1.758079999999999946e-05 1.644260000000000076e-05
6.682000000000000000e+03 1.758559999999999982e-05 1.644910000000000146e-05
6.683000000000000000e+03 1.759040000000000018e-05 1.645549999999999856e-05
6.684000000000000000e+03 1.759520000000000054e-05 1.646189999999999904e-05
6.685000000000000000e+03 1.760000000000000090e-05 1.646839999999999974e-05
6.686000000000000000e+03 1.760480000000000126e-05 1.647480000000000022e-05
6.687000000000000000e+03 1.760960000000000162e-05 1.648130000000000092e-05
6.688000000000000000e+03 1.761439999999999859e-05 1.648770000000000140e-05
6.689000000000000000e+03 1.761919999999999895e-05 1.649419999999999871e-05
6.690000000000000000e+03 1.762409999999999953e-05 1.650059999999999919e-05
6.691000000000000000e+03 1.762889999999999989e-05 1.650709999999999989e-05
6.692000000000000000e+03 1.763370000000000025e-05 1.651350000000000037e-05
6.693000000000000000e+03 1.763850000000000061e-05 1.652000000000000107e-05
6.694000000000000000e+03 1.764330000000000097e-05 1.652649999999999839e-05
6.695000000000000000e+03 1.764810000000000133e-05 1.653289999999999887e-05
6.696000000000000000e+03 1.765299999999999853e-05 1.653939999999999957e-05
6.697000000000000000e+03 1.765779999999999889e-05 1.654590000000000027e-05
6.698000000000000000e+03 1.766259999999999925e-05 1.655240000000000097e-05
6.699000000000000000e+03 1.766739999999999961e-05 1.655890000000000167e-05
6.700000000000000000e+03 1.767230000000000019e-05 1.656529999999999876e-05
6.701000000000000000e+03 1.767710000000000055e-05 1.657179999999999946e-05
6.702000000000000000e+03 1.768190000000000091e-05 1.657830000000000016e-05
6.703000000000000000e+03 1.768699999999999854e-05 1.658480000000000086e-05
6.704000000000000000e+03 1.769230000000000000e-05 1.659130000000000156e-05
6.705000000000000000e+03 1.769770000000000167e-05 1.659779999999999887e-05
6.706000000000000000e+03 1.770299999999999974e-05 1.660429999999999957e-05
6.707000000000000000e+03 1.770840000000000142e-05 1.661080000000000027e-05
6.708000000000000000e+03 1.771369999999999949e-05 1.661730000000000097e-05
6.709000000000000000e+03 1.771910000000000116e-05 1.662380000000000167e-05
6.710000000000000000e+03 1.772449999999999945e-05 1.663029999999999898e-05
6.711000000000000000e+03 1.772980000000000091e-05 1.663689999999999990e-05
6.712000000000000000e+03 1.773519999999999920e-05 1.664340000000000060e-05
6.713000000000000000e+03 1.774050000000000065e-05 1.664990000000000130e-05
6.714000000000000000e+03 1.774589999999999894e-05 1.665639999999999862e-05
6.715000000000000000e+03 1.775130000000000062e-05 1.666299999999999954e-05
6.716000000000000000e+03 1.775659999999999869e-05 1.666950000000000024e-05
6.717000000000000000e+03 1.776200000000000036e-05 1.667600000000000094e-05
6.718000000000000000e+03 1.776739999999999865e-05 1.668259999999999847e-05
6.719000000000000000e+03 1.777270000000000011e-05 1.668909999999999917e-05
6.720000000000000000e+03 1.777809999999999840e-05 1.669559999999999987e-05
6.721000000000000000e+03 1.778350000000000007e-05 1.670220000000000079e-05
6.722000000000000000e+03 1.778889999999999836e-05 1.670870000000000149e-05
6.723000000000000000e+03 1.779419999999999982e-05 1.671529999999999902e-05
6.724000000000000000e+03 1.779960000000000149e-05 1.672179999999999972e-05
6.725000000000000000e+03 1.780499999999999978e-05 1.672840000000000064e-05
6.726000000000000000e+03 1.781040000000000146e-05 1.673500000000000156e-05
6.727000000000000000e+03 1.781579999999999975e-05 1.674149999999999887e-05
6.728000000000000000e+03 1.782120000000000142e-05 1.674809999999999979e-05
6.729000000000000000e+03 1.782649999999999949e-05 1.675470000000000071e-05
6.730000000000000000e+03 1.783190000000000117e-05 1.676120000000000141e-05
6.731000000000000000e+03 1.783729999999999946e-05 1.676779999999999894e-05
6.732000000000000000e+03 1.784270000000000113e-05 1.677439999999999986e-05
6.733000000000000000e+03 1.784809999999999942e-05 1.678100000000000078e-05
6.734000000000000000e+03 1.785350000000000110e-05 1.678759999999999831e-05
6.735000000000000000e+03 1.785889999999999938e-05 1.679409999999999901e-05
6.736000000000000000e+03 1.786430000000000106e-05 1.680069999999999993e-05
6.737000000000000000e+03 1.786969999999999935e-05 1.680730000000000085e-05
6.738000000000000000e+03 1.787510000000000103e-05 1.681389999999999838e-05
6.739000000000000000e+03 1.788049999999999931e-05 1.682049999999999930e-05
6.740000000000000000e+03 1.788590000000000099e-05 1.682710000000000022e-05
6.741000000000000000e+03 1.789129999999999928e-05 1.683370000000000114e-05
6.742000000000000000e+03 1.789670000000000095e-05 1.684029999999999867e-05
6.743000000000000000e+03 1.790160000000000153e-05 1.684689999999999959e-05
6.744000000000000000e+03 1.790580000000000058e-05 1.685360000000000073e-05
6.745000000000000000e+03 1.791009999999999984e-05 1.686020000000000164e-05
6.746000000000000000e+03 1.791439999999999911e-05 1.686679999999999918e-05
6.747000000000000000e+03 1.791869999999999837e-05 1.687340000000000010e-05
6.748000000000000000e+03 1.792290000000000080e-05 1.688000000000000101e-05
6.749000000000000000e+03 1.792720000000000007e-05 1.688669999999999877e-05
6.750000000000000000e+03 1.793149999999999933e-05 1.689329999999999968e-05
6.751000000000000000e+03 1.793579999999999860e-05 1.689990000000000060e-05
6.752000000000000000e+03 1.794010000000000125e-05 1.690659999999999835e-05
6.753000000000000000e+03 1.794430000000000029e-05 1.691319999999999927e-05
6.754000000000000000e+03 1.794859999999999956e-05 1.691990000000000041e-05
6.755000000000000000e+03 1.795289999999999882e-05 1.692650000000000133e-05
6.756000000000000000e+03 1.795720000000000148e-05 1.693309999999999886e-05
6.757000000000000000e+03 1.796150000000000074e-05 1.693980000000000000e-05
6.758000000000000000e+03 1.796580000000000000e-05 1.694650000000000114e-05
6.759000000000000000e+03 1.796999999999999905e-05 1.695309999999999867e-05
6.760000000000000000e+03 1.797429999999999831e-05 1.695979999999999981e-05
6.761000000000000000e+03 1.797860000000000097e-05 1.696640000000000073e-05
6.762000000000000000e+03 1.798290000000000023e-05 1.697309999999999848e-05
6.763000000000000000e+03 1.798719999999999949e-05 1.697979999999999962e-05
6.764000000000000000e+03 1.799149999999999876e-05 1.698640000000000054e-05
6.765000000000000000e+03 1.799580000000000141e-05 1.699310000000000168e-05
6.766000000000000000e+03 1.800010000000000068e-05 1.699979999999999943e-05
6.767000000000000000e+03 1.800439999999999994e-05 1.700650000000000057e-05
6.768000000000000000e+03 1.800869999999999920e-05 1.701319999999999832e-05
6.769000000000000000e+03 1.801299999999999847e-05 1.701989999999999946e-05
6.770000000000000000e+03 1.801730000000000112e-05 1.702650000000000037e-05
6.771000000000000000e+03 1.802160000000000038e-05 1.703320000000000151e-05
6.772000000000000000e+03 1.802589999999999965e-05 1.703989999999999926e-05
6.773000000000000000e+03 1.803019999999999891e-05 1.704660000000000040e-05
6.774000000000000000e+03 1.803450000000000157e-05 1.705330000000000154e-05
6.775000000000000000e+03 1.803880000000000083e-05 1.705999999999999929e-05
6.776000000000000000e+03 1.804310000000000009e-05 1.706680000000000065e-05
6.777000000000000000e+03 1.804739999999999936e-05 1.707349999999999840e-05
6.778000000000000000e+03 1.805169999999999862e-05 1.708019999999999954e-05
6.779000000000000000e+03 1.805600000000000128e-05 1.708690000000000068e-05
6.780000000000000000e+03 1.806030000000000054e-05 1.709359999999999843e-05
6.781000000000000000e+03 1.806459999999999980e-05 1.710029999999999957e-05
6.782000000000000000e+03 1.806889999999999907e-05 1.710710000000000092e-05
6.783000000000000000e+03 1.807479999999999845e-05 1.711379999999999867e-05
6.784000000000000000e+03 1.808220000000000113e-05 1.712049999999999981e-05
6.785000000000000000e+03 1.808960000000000041e-05 1.712730000000000117e-05
6.786000000000000000e+03 1.809699999999999970e-05 1.713399999999999892e-05
6.787000000000000000e+03 1.810439999999999898e-05 1.714080000000000028e-05
6.788000000000000000e+03 1.811189999999999849e-05 1.714750000000000142e-05
6.789000000000000000e+03 1.811930000000000116e-05 1.715419999999999917e-05
6.790000000000000000e+03 1.812670000000000045e-05 1.716100000000000053e-05
6.791000000000000000e+03 1.813419999999999995e-05 1.716770000000000167e-05
6.792000000000000000e+03 1.814159999999999924e-05 1.717449999999999964e-05
6.793000000000000000e+03 1.814899999999999852e-05 1.718130000000000099e-05
6.794000000000000000e+03 1.815650000000000141e-05 1.718799999999999874e-05
6.795000000000000000e+03 1.816390000000000070e-05 1.719480000000000010e-05
6.796000000000000000e+03 1.817140000000000020e-05 1.720160000000000146e-05
6.797000000000000000e+03 1.817879999999999949e-05 1.720829999999999921e-05
6.798000000000000000e+03 1.818629999999999899e-05 1.721510000000000057e-05
6.799000000000000000e+03 1.819370000000000167e-05 1.722189999999999854e-05
6.800000000000000000e+03 1.820120000000000117e-05 1.722869999999999990e-05
6.801000000000000000e+03 1.820870000000000068e-05 1.723550000000000125e-05
6.802000000000000000e+03 1.821609999999999996e-05 1.724219999999999900e-05
6.803000000000000000e+03 1.822359999999999947e-05 1.724900000000000036e-05
6.804000000000000000e+03 1.823109999999999897e-05 1.725579999999999833e-05
6.805000000000000000e+03 1.823850000000000165e-05 1.726259999999999969e-05
6.806000000000000000e+03 1.824600000000000115e-05 1.726940000000000105e-05
6.807000000000000000e+03 1.825350000000000065e-05 1.727619999999999902e-05
6.808000000000000000e+03 1.826100000000000016e-05 1.728300000000000038e-05
6.809000000000000000e+03 1.826849999999999966e-05 1.728979999999999834e-05
6.810000000000000000e+03 1.827599999999999917e-05 1.729659999999999970e-05
6.811000000000000000e+03 1.828349999999999867e-05 1.730350000000000128e-05
6.812000000000000000e+03 1.829100000000000157e-05 1.731029999999999925e-05
6.813000000000000000e+03 1.829850000000000107e-05 1.731710000000000061e-05
6.814000000000000000e+03 1.830600000000000058e-05 1.732389999999999858e-05
6.815000000000000000e+03 1.831350000000000008e-05 1.733069999999999994e-05
6.816000000000000000e+03 1.832099999999999958e-05 1.733760000000000151e-05
6.817000000000000000e+03 1.832849999999999909e-05 1.734439999999999948e-05
6.818000000000000000e+03 1.833599999999999859e-05 1.735120000000000084e-05
6.819000000000000000e+03 1.834350000000000149e-05 1.735809999999999903e-05
6.820000000000000000e+03 1.835110000000000121e-05 1.736490000000000039e-05
6.821000000000000000e+03 1.835860000000000072e-05 1.737179999999999858e-05
6.822000000000000000e+03 1.836610000000000022e-05 1.737859999999999993e-05
6.823000000000000000e+03 1.837209999999999982e-05 1.738550000000000151e-05
6.824000000000000000e+03 1.837819999999999965e-05 1.739229999999999948e-05
6.825000000000000000e+03 1.838419999999999925e-05 1.739920000000000106e-05
6.826000000000000000e+03 1.839019999999999885e-05 1.740599999999999903e-05
6.827000000000000000e+03 1.839619999999999846e-05 1.741290000000000061e-05
6.828000000000000000e+03 1.840230000000000167e-05 1.741979999999999879e-05
6.829000000000000000e+03 1.840830000000000127e-05 1.742660000000000015e-05
6.830000000000000000e+03 1.841430000000000088e-05 1.743349999999999834e-05
6.831000000000000000e+03 1.842040000000000070e-05 1.744039999999999992e-05
6.832000000000000000e+03 1.842640000000000030e-05 1.744730000000000150e-05
6.833000000000000000e+03 1.843239999999999991e-05 1.745419999999999968e-05
6.834000000000000000e+03 1.843849999999999973e-05 1.746100000000000104e-05
6.835000000000000000e+03 1.844449999999999933e-05 1.746789999999999923e-05
6.836000000000000000e+03 1.845059999999999916e-05 1.747480000000000081e-05
6.837000000000000000e+03 1.845659999999999876e-05 1.748169999999999900e-05
6.838000000000000000e+03 1.846269999999999858e-05 1.748860000000000058e-05
6.839000000000000000e+03 1.846870000000000158e-05 1.749549999999999876e-05
6.840000000000000000e+03 1.847480000000000140e-05 1.750240000000000034e-05
6.841000000000000000e+03 1.848080000000000100e-05 1.750929999999999853e-05
6.842000000000000000e+03 1.848690000000000083e-05 1.751620000000000011e-05
6.843000000000000000e+03 1.849300000000000065e-05 1.752310000000000168e-05
6.844000000000000000e+03 1.849900000000000025e-05 1.753010000000000009e-05
6.845000000000000000e+03 1.850510000000000008e-05 1.753700000000000167e-05
6.846000000000000000e+03 1.851109999999999968e-05 1.754389999999999986e-05
6.847000000000000000e+03 1.851719999999999950e-05 1.755080000000000144e-05
6.848000000000000000e+03 1.852329999999999933e-05 1.755779999999999984e-05
6.849000000000000000e+03 1.852939999999999915e-05 1.756470000000000142e-05
6.850000000000000000e+03 1.853539999999999875e-05 1.757159999999999961e-05
6.851000000000000000e+03 1.854149999999999857e-05 1.757860000000000141e-05
6.852000000000000000e+03 1.854759999999999840e-05 1.758549999999999960e-05
6.853000000000000000e+03 1.855370000000000161e-05 1.759240000000000117e-05
6.854000000000000000e+03 1.855970000000000121e-05 1.759939999999999958e-05
6.855000000000000000e+03 1.856580000000000104e-05 1.760630000000000116e-05
6.856000000000000000e+03 1.857190000000000086e-05 1.761329999999999957e-05
6.857000000000000000e+03 1.857800000000000068e-05 1.762020000000000114e-05
6.858000000000000000e+03 1.858410000000000050e-05 1.762719999999999955e-05
6.859000000000000000e+03 1.859020000000000033e-05 1.763420000000000135e-05
6.860000000000000000e+03 1.859630000000000015e-05 1.764109999999999954e-05
6.861000000000000000e+03 1.860239999999999997e-05 1.764810000000000133e-05
6.862000000000000000e+03 1.860770000000000143e-05 1.765509999999999974e-05
6.863000000000000000e+03 1.861230000000000135e-05 1.766200000000000132e-05
6.864000000000000000e+03 1.861700000000000149e-05 1.766899999999999973e-05
6.865000000000000000e+03 1.862160000000000142e-05 1.767600000000000153e-05
6.866000000000000000e+03 1.862620000000000134e-05 1.768299999999999993e-05
6.867000000000000000e+03 1.863080000000000126e-05 1.768999999999999834e-05
6.868000000000000000e+03 1.863540000000000118e-05 1.769700000000000014e-05
6.869000000000000000e+03 1.864010000000000132e-05 1.770399999999999855e-05
6.870000000000000000e+03 1.864470000000000125e-05 1.771100000000000034e-05
6.871000000000000000e+03 1.864930000000000117e-05 1.771799999999999875e-05
6.872000000000000000e+03 1.865390000000000109e-05 1.772500000000000055e-05
6.873000000000000000e+03 1.865850000000000101e-05 1.773199999999999896e-05
6.874000000000000000e+03 1.866320000000000115e-05 1.773900000000000075e-05
6.875000000000000000e+03 1.866780000000000108e-05 1.774599999999999916e-05
6.876000000000000000e+03 1.867240000000000100e-05 1.775300000000000096e-05
6.877000000000000000e+03 1.867710000000000114e-05 1.775999999999999937e-05
6.878000000000000000e+03 1.868170000000000106e-05 1.776700000000000116e-05
6.879000000000000000e+03 1.868630000000000098e-05 1.777409999999999979e-05
6.880000000000000000e+03 1.869100000000000112e-05 1.778110000000000159e-05
6.881000000000000000e+03 1.869560000000000105e-05 1.778809999999999999e-05
6.882000000000000000e+03 1.870020000000000097e-05 1.779519999999999862e-05
6.883000000000000000e+03 1.870490000000000111e-05 1.780220000000000042e-05
6.884000000000000000e+03 1.870950000000000103e-05 1.780919999999999883e-05
6.885000000000000000e+03 1.871410000000000095e-05 1.781630000000000084e-05
6.886000000000000000e+03 1.871880000000000110e-05 1.782329999999999925e-05
6.887000000000000000e+03 1.872340000000000102e-05 1.783040000000000127e-05
6.888000000000000000e+03 1.872810000000000116e-05 1.783739999999999967e-05
6.889000000000000000e+03 1.873270000000000108e-05 1.784450000000000169e-05
6.890000000000000000e+03 1.873740000000000122e-05 1.785160000000000032e-05
6.891000000000000000e+03 1.874200000000000114e-05 1.785859999999999873e-05
6.892000000000000000e+03 1.874660000000000107e-05 1.786570000000000074e-05
6.893000000000000000e+03 1.875130000000000121e-05 1.787279999999999937e-05
6.894000000000000000e+03 1.875590000000000113e-05 1.787980000000000117e-05
6.895000000000000000e+03 1.876060000000000127e-05 1.788689999999999979e-05
6.896000000000000000e+03 1.876520000000000119e-05 1.789399999999999842e-05
6.897000000000000000e+03 1.876990000000000133e-05 1.790110000000000044e-05
6.898000000000000000e+03 1.877460000000000148e-05 1.790809999999999885e-05
6.899000000000000000e+03 1.877920000000000140e-05 1.791520000000000086e-05
6.900000000000000000e+03 1.878390000000000154e-05 1.792229999999999949e-05
6.901000000000000000e+03 1.878850000000000146e-05 1.792940000000000150e-05
6.902000000000000000e+03 1.879440000000000085e-05 1.793650000000000013e-05
6.903000000000000000e+03 1.880139999999999925e-05 1.794359999999999876e-05
6.904000000000000000e+03 1.880840000000000105e-05 1.795070000000000078e-05
6.905000000000000000e+03 1.881549999999999968e-05 1.795779999999999940e-05
6.906000000000000000e+03 1.882250000000000147e-05 1.796490000000000142e-05
6.907000000000000000e+03 1.882960000000000010e-05 1.797210000000000027e-05
6.908000000000000000e+03 1.883659999999999851e-05 1.797919999999999889e-05
6.909000000000000000e+03 1.884370000000000053e-05 1.798630000000000091e-05
6.910000000000000000e+03 1.885069999999999893e-05 1.799339999999999954e-05
6.911000000000000000e+03 1.885780000000000095e-05 1.800050000000000155e-05
6.912000000000000000e+03 1.886489999999999958e-05 1.800770000000000040e-05
6.913000000000000000e+03 1.887190000000000137e-05 1.801479999999999903e-05
6.914000000000000000e+03 1.887900000000000000e-05 1.802190000000000104e-05
6.915000000000000000e+03 1.888609999999999863e-05 1.802909999999999989e-05
6.916000000000000000e+03 1.889310000000000043e-05 1.803619999999999852e-05
6.917000000000000000e+03 1.890019999999999905e-05 1.804340000000000075e-05
6.918000000000000000e+03 1.890730000000000107e-05 1.805049999999999938e-05
6.919000000000000000e+03 1.891429999999999948e-05 1.805770000000000161e-05
6.920000000000000000e+03 1.892140000000000149e-05 1.806480000000000024e-05
6.921000000000000000e+03 1.892850000000000012e-05 1.807199999999999909e-05
6.922000000000000000e+03 1.893559999999999875e-05 1.807910000000000110e-05
6.923000000000000000e+03 1.894270000000000076e-05 1.808629999999999995e-05
6.924000000000000000e+03 1.894979999999999939e-05 1.809349999999999880e-05
6.925000000000000000e+03 1.895690000000000141e-05 1.810060000000000081e-05
6.926000000000000000e+03 1.896400000000000004e-05 1.810779999999999966e-05
6.927000000000000000e+03 1.897109999999999866e-05 1.811499999999999851e-05
6.928000000000000000e+03 1.897820000000000068e-05 1.812220000000000074e-05
6.929000000000000000e+03 1.898529999999999931e-05 1.812939999999999959e-05
6.930000000000000000e+03 1.899240000000000132e-05 1.813650000000000161e-05
6.931000000000000000e+03 1.899949999999999995e-05 1.814370000000000045e-05
6.932000000000000000e+03 1.900659999999999858e-05 1.815089999999999930e-05
6.933000000000000000e+03 1.901370000000000059e-05 1.815810000000000153e-05
6.934000000000000000e+03 1.902079999999999922e-05 1.816530000000000038e-05
6.935000000000000000e+03 1.902800000000000146e-05 1.817249999999999923e-05
6.936000000000000000e+03 1.903510000000000008e-05 1.817970000000000146e-05
6.937000000000000000e+03 1.904219999999999871e-05 1.818700000000000053e-05
6.938000000000000000e+03 1.904930000000000073e-05 1.819419999999999938e-05
6.939000000000000000e+03 1.905649999999999957e-05 1.820140000000000161e-05
6.940000000000000000e+03 1.906360000000000159e-05 1.820860000000000046e-05
6.941000000000000000e+03 1.907080000000000044e-05 1.821579999999999930e-05
6.942000000000000000e+03 1.907659999999999960e-05 1.822300000000000154e-05
6.943000000000000000e+03 1.908099999999999908e-05 1.823030000000000061e-05
6.944000000000000000e+03 1.908549999999999879e-05 1.823749999999999945e-05
6.945000000000000000e+03 1.908990000000000166e-05 1.824470000000000169e-05
6.946000000000000000e+03 1.909440000000000136e-05 1.825200000000000075e-05
6.947000000000000000e+03 1.909890000000000106e-05 1.825919999999999960e-05
6.948000000000000000e+03 1.910330000000000055e-05 1.826649999999999867e-05
6.949000000000000000e+03 1.910780000000000025e-05 1.827370000000000090e-05
6.950000000000000000e+03 1.911229999999999995e-05 1.828099999999999997e-05
6.951000000000000000e+03 1.911679999999999966e-05 1.828819999999999881e-05
6.952000000000000000e+03 1.912119999999999914e-05 1.829550000000000127e-05
6.953000000000000000e+03 1.912569999999999884e-05 1.830270000000000012e-05
6.954000000000000000e+03 1.913019999999999855e-05 1.830999999999999918e-05
6.955000000000000000e+03 1.913470000000000164e-05 1.831730000000000164e-05
6.956000000000000000e+03 1.913910000000000112e-05 1.832460000000000070e-05
6.957000000000000000e+03 1.914360000000000082e-05 1.833179999999999955e-05
6.958000000000000000e+03 1.914810000000000053e-05 1.833909999999999862e-05
6.959000000000000000e+03 1.915260000000000023e-05 1.834640000000000107e-05
6.960000000000000000e+03 1.915709999999999993e-05 1.835370000000000014e-05
6.961000000000000000e+03 1.916149999999999942e-05 1.836099999999999920e-05
6.962000000000000000e+03 1.916599999999999912e-05 1.836830000000000166e-05
6.963000000000000000e+03 1.917049999999999882e-05 1.837550000000000050e-05
6.964000000000000000e+03 1.917499999999999852e-05 1.838279999999999957e-05
6.965000000000000000e+03 1.917950000000000161e-05 1.839009999999999864e-05
6.966000000000000000e+03 1.918400000000000132e-05 1.839740000000000109e-05
6.967000000000000000e+03 1.918840000000000080e-05 1.840480000000000038e-05
6.968000000000000000e+03 1.919290000000000050e-05 1.841209999999999944e-05
6.969000000000000000e+03 1.919740000000000021e-05 1.841939999999999851e-05
6.970000000000000000e+03 1.920189999999999991e-05 1.842670000000000096e-05
6.971000000000000000e+03 1.920639999999999961e-05 1.843400000000000003e-05
6.972000000000000000e+03 1.921089999999999931e-05 1.844129999999999909e-05
6.973000000000000000e+03 1.921539999999999902e-05 1.844869999999999838e-05
6.974000000000000000e+03 1.921989999999999872e-05 1.845600000000000083e-05
6.975000000000000000e+03 1.922439999999999842e-05 1.846329999999999990e-05
6.976000000000000000e+03 1.922890000000000151e-05 1.847069999999999919e-05
6.977000000000000000e+03 1.923340000000000122e-05 1.847800000000000164e-05
6.978000000000000000e+03 1.923790000000000092e-05 1.848540000000000092e-05
6.979000000000000000e+03 1.924240000000000062e-05 1.849269999999999999e-05
6.980000000000000000e+03 1.924690000000000033e-05 1.850009999999999928e-05
6.981000000000000000e+03 1.925140000000000003e-05 1.850739999999999834e-05
6.982000000000000000e+03 1.925670000000000149e-05 1.851480000000000102e-05
6.983000000000000000e+03 1.926280000000000131e-05 1.852210000000000008e-05
6.984000000000000000e+03 1.926890000000000113e-05 1.852949999999999937e-05
6.985000000000000000e+03 1.927500000000000095e-05 1.853689999999999865e-05
6.986000000000000000e+03 1.928110000000000078e-05 1.854420000000000111e-05
6.987000000000000000e+03 1.928730000000000082e-05 1.855160000000000039e-05
6.988000000000000000e+03 1.929340000000000064e-05 1.855899999999999968e-05
6.989000000000000000e+03 1.929950000000000047e-05 1.856639999999999896e-05
6.990000000000000000e+03 1.930560000000000029e-05 1.857370000000000142e-05
6.991000000000000000e+03 1.931170000000000011e-05 1.858110000000000070e-05
6.992000000000000000e+03 1.931790000000000015e-05 1.858849999999999999e-05
6.993000000000000000e+03 1.932399999999999998e-05 1.859589999999999927e-05
6.994000000000000000e+03 1.933009999999999980e-05 1.860329999999999856e-05
6.995000000000000000e+03 1.933629999999999984e-05 1.861070000000000123e-05
6.996000000000000000e+03 1.934239999999999967e-05 1.861810000000000052e-05
6.997000000000000000e+03 1.934849999999999949e-05 1.862549999999999980e-05
6.998000000000000000e+03 1.935469999999999953e-05 1.863289999999999909e-05
6.999000000000000000e+03 1.936079999999999935e-05 1.864029999999999837e-05
7.000000000000000000e+03 1.936689999999999918e-05 1.864770000000000105e-05
7.001000000000000000e+03 1.937309999999999922e-05 1.865520000000000055e-05
7.002000000000000000e+03 1.937919999999999904e-05 1.866259999999999984e-05
7.003000000000000000e+03 1.938539999999999908e-05 1.866999999999999912e-05
7.004000000000000000e+03 1.939149999999999891e-05 1.867739999999999841e-05
7.005000000000000000e+03 1.939769999999999895e-05 1.868490000000000130e-05
7.006000000000000000e+03 1.940379999999999877e-05 1.869230000000000059e-05
7.007000000000000000e+03 1.940999999999999881e-05 1.869980000000000009e-05
7.008000000000000000e+03 1.941609999999999864e-05 1.870719999999999938e-05
7.009000000000000000e+03 1.942229999999999868e-05 1.871459999999999866e-05
7.010000000000000000e+03 1.942849999999999872e-05 1.872210000000000156e-05
7.011000000000000000e+03 1.943459999999999855e-05 1.872960000000000106e-05
7.012000000000000000e+03 1.944079999999999859e-05 1.873700000000000035e-05
7.013000000000000000e+03 1.944699999999999863e-05 1.874449999999999985e-05
7.014000000000000000e+03 1.945309999999999845e-05 1.875189999999999914e-05
7.015000000000000000e+03 1.945929999999999850e-05 1.875939999999999864e-05
7.016000000000000000e+03 1.946549999999999854e-05 1.876690000000000153e-05
7.017000000000000000e+03 1.947159999999999836e-05 1.877430000000000082e-05
7.018000000000000000e+03 1.947779999999999840e-05 1.878180000000000032e-05
7.019000000000000000e+03 1.948399999999999844e-05 1.878929999999999983e-05
7.020000000000000000e+03 1.949019999999999849e-05 1.879679999999999933e-05
7.021000000000000000e+03 1.949639999999999853e-05 1.880429999999999884e-05
7.022000000000000000e+03 1.950180000000000021e-05 1.881179999999999834e-05
7.023000000000000000e+03 1.950650000000000035e-05 1.881920000000000102e-05
7.024000000000000000e+03 1.951120000000000049e-05 1.882670000000000052e-05
7.025000000000000000e+03 1.951590000000000063e-05 1.883420000000000002e-05
7.026000000000000000e+03 1.952050000000000055e-05 1.884169999999999953e-05
7.027000000000000000e+03 1.952520000000000069e-05 1.884929999999999925e-05
7.028000000000000000e+03 1.952990000000000083e-05 1.885679999999999876e-05
7.029000000000000000e+03 1.953460000000000098e-05 1.886430000000000165e-05
7.030000000000000000e+03 1.953930000000000112e-05 1.887180000000000116e-05
7.031000000000000000e+03 1.954400000000000126e-05 1.887930000000000066e-05
7.032000000000000000e+03 1.954870000000000140e-05 1.888680000000000016e-05
7.033000000000000000e+03 1.955340000000000154e-05 1.889439999999999989e-05
7.034000000000000000e+03 1.955810000000000168e-05 1.890189999999999939e-05
7.035000000000000000e+03 1.956279999999999844e-05 1.890939999999999890e-05
7.036000000000000000e+03 1.956749999999999858e-05 1.891699999999999862e-05
7.037000000000000000e+03 1.957219999999999872e-05 1.892450000000000151e-05
7.038000000000000000e+03 1.957689999999999886e-05 1.893210000000000124e-05
7.039000000000000000e+03 1.958159999999999900e-05 1.893960000000000074e-05
7.040000000000000000e+03 1.958629999999999914e-05 1.894720000000000047e-05
7.041000000000000000e+03 1.959099999999999928e-05 1.895469999999999997e-05
7.042000000000000000e+03 1.959569999999999943e-05 1.896229999999999970e-05
7.043000000000000000e+03 1.960039999999999957e-05 1.896979999999999920e-05
7.044000000000000000e+03 1.960509999999999971e-05 1.897739999999999892e-05
7.045000000000000000e+03 1.960979999999999985e-05 1.898499999999999865e-05
7.046000000000000000e+03 1.961449999999999999e-05 1.899250000000000154e-05
7.047000000000000000e+03 1.961920000000000013e-05 1.900010000000000127e-05
7.048000000000000000e+03 1.962390000000000027e-05 1.900770000000000099e-05
7.049000000000000000e+03 1.962870000000000063e-05 1.901530000000000071e-05
7.050000000000000000e+03 1.963340000000000078e-05 1.902280000000000022e-05
7.051000000000000000e+03 1.963810000000000092e-05 1.903039999999999994e-05
7.052000000000000000e+03 1.964280000000000106e-05 1.903799999999999967e-05
7.053000000000000000e+03 1.964750000000000120e-05 1.904559999999999939e-05
7.054000000000000000e+03 1.965220000000000134e-05 1.905319999999999911e-05
7.055000000000000000e+03 1.965699999999999831e-05 1.906079999999999884e-05
7.056000000000000000e+03 1.966169999999999845e-05 1.906839999999999856e-05
7.057000000000000000e+03 1.966639999999999860e-05 1.907600000000000167e-05
7.058000000000000000e+03 1.967109999999999874e-05 1.908360000000000140e-05
7.059000000000000000e+03 1.967589999999999910e-05 1.909130000000000134e-05
7.060000000000000000e+03 1.968059999999999924e-05 1.909890000000000106e-05
7.061000000000000000e+03 1.968529999999999938e-05 1.910650000000000079e-05
7.062000000000000000e+03 1.969060000000000084e-05 1.911410000000000051e-05
7.063000000000000000e+03 1.969629999999999978e-05 1.912180000000000046e-05
7.064000000000000000e+03 1.970209999999999895e-05 1.912940000000000018e-05
7.065000000000000000e+03 1.970790000000000150e-05 1.913699999999999990e-05
7.066000000000000000e+03 1.971360000000000045e-05 1.914469999999999985e-05
7.067000000000000000e+03 1.971939999999999961e-05 1.915229999999999957e-05
7.068000000000000000e+03 1.972519999999999878e-05 1.915999999999999951e-05
7.069000000000000000e+03 1.973100000000000133e-05 1.916759999999999924e-05
7.070000000000000000e+03 1.973680000000000050e-05 1.917529999999999918e-05
7.071000000000000000e+03 1.974249999999999944e-05 1.918289999999999891e-05
7.072000000000000000e+03 1.974829999999999861e-05 1.919059999999999885e-05
7.073000000000000000e+03 1.975410000000000116e-05 1.919819999999999857e-05
7.074000000000000000e+03 1.975990000000000033e-05 1.920589999999999852e-05
7.075000000000000000e+03 1.976569999999999949e-05 1.921359999999999846e-05
7.076000000000000000e+03 1.977149999999999866e-05 1.922129999999999840e-05
7.077000000000000000e+03 1.977730000000000121e-05 1.922890000000000151e-05
7.078000000000000000e+03 1.978310000000000038e-05 1.923660000000000146e-05
7.079000000000000000e+03 1.978889999999999954e-05 1.924430000000000140e-05
7.080000000000000000e+03 1.979469999999999871e-05 1.925200000000000134e-05
7.081000000000000000e+03 1.980050000000000126e-05 1.925970000000000129e-05
7.082000000000000000e+03 1.980630000000000042e-05 1.926740000000000123e-05
7.083000000000000000e+03 1.981209999999999959e-05 1.927510000000000117e-05
7.084000000000000000e+03 1.981789999999999875e-05 1.928280000000000112e-05
7.085000000000000000e+03 1.982370000000000131e-05 1.929050000000000106e-05
7.086000000000000000e+03 1.982950000000000047e-05 1.929820000000000100e-05
7.087000000000000000e+03 1.983529999999999964e-05 1.930590000000000095e-05
7.088000000000000000e+03 1.984109999999999880e-05 1.931360000000000089e-05
7.089000000000000000e+03 1.984690000000000136e-05 1.932130000000000083e-05
7.090000000000000000e+03 1.985280000000000074e-05 1.932900000000000078e-05
7.091000000000000000e+03 1.985859999999999991e-05 1.933680000000000094e-05
7.092000000000000000e+03 1.986439999999999907e-05 1.934450000000000088e-05
7.093000000000000000e+03 1.987020000000000163e-05 1.935220000000000082e-05
7.094000000000000000e+03 1.987600000000000079e-05 1.936000000000000099e-05
7.095000000000000000e+03 1.988190000000000017e-05 1.936770000000000093e-05
7.096000000000000000e+03 1.988769999999999934e-05 1.937550000000000109e-05
7.097000000000000000e+03 1.989349999999999851e-05 1.938320000000000104e-05
7.098000000000000000e+03 1.989930000000000106e-05 1.939100000000000120e-05
7.099000000000000000e+03 1.990520000000000044e-05 1.939870000000000114e-05
7.100000000000000000e+03 1.991099999999999961e-05 1.940650000000000130e-05
7.101000000000000000e+03 1.991679999999999877e-05 1.941420000000000125e-05
7.102000000000000000e+03 1.992380000000000057e-05 1.942200000000000141e-05
7.103000000000000000e+03 1.993200000000000161e-05 1.942980000000000157e-05
7.104000000000000000e+03 1.994009999999999904e-05 1.943750000000000152e-05
7.105000000000000000e+03 1.994819999999999986e-05 1.944530000000000168e-05
7.106000000000000000e+03 1.995640000000000090e-05 1.945309999999999845e-05
7.107000000000000000e+03 1.996449999999999833e-05 1.946089999999999862e-05
7.108000000000000000e+03 1.997269999999999937e-05 1.946859999999999856e-05
7.109000000000000000e+03 1.998080000000000019e-05 1.947639999999999872e-05
7.110000000000000000e+03 1.998900000000000123e-05 1.948419999999999888e-05
7.111000000000000000e+03 1.999709999999999867e-05 1.949199999999999905e-05
7.112000000000000000e+03 2.000529999999999970e-05 1.949979999999999921e-05
7.113000000000000000e+03 2.001350000000000074e-05 1.950759999999999937e-05
7.114000000000000000e+03 2.002160000000000156e-05 1.951539999999999953e-05
7.115000000000000000e+03 2.002979999999999922e-05 1.952319999999999970e-05
7.116000000000000000e+03 2.003800000000000026e-05 1.953110000000000008e-05
7.117000000000000000e+03 2.004620000000000130e-05 1.953890000000000024e-05
7.118000000000000000e+03 2.005429999999999873e-05 1.954670000000000040e-05
7.119000000000000000e+03 2.006249999999999977e-05 1.955450000000000057e-05
7.120000000000000000e+03 2.007070000000000081e-05 1.956230000000000073e-05
7.121000000000000000e+03 2.007889999999999846e-05 1.957020000000000111e-05
7.122000000000000000e+03 2.008709999999999950e-05 1.957800000000000127e-05
7.123000000000000000e+03 2.009530000000000054e-05 1.958580000000000143e-05
7.124000000000000000e+03 2.010350000000000158e-05 1.959369999999999843e-05
7.125000000000000000e+03 2.011169999999999923e-05 1.960149999999999859e-05
7.126000000000000000e+03 2.011990000000000027e-05 1.960939999999999897e-05
7.127000000000000000e+03 2.012810000000000131e-05 1.961719999999999913e-05
7.128000000000000000e+03 2.013629999999999896e-05 1.962509999999999952e-05
7.129000000000000000e+03 2.014460000000000022e-05 1.963289999999999968e-05
7.130000000000000000e+03 2.015280000000000126e-05 1.964080000000000006e-05
7.131000000000000000e+03 2.016099999999999891e-05 1.964870000000000044e-05
7.132000000000000000e+03 2.016919999999999995e-05 1.965650000000000060e-05
7.133000000000000000e+03 2.017750000000000121e-05 1.966440000000000099e-05
7.134000000000000000e+03 2.018569999999999886e-05 1.967230000000000137e-05
7.135000000000000000e+03 2.019400000000000012e-05 1.968019999999999836e-05
7.136000000000000000e+03 2.020220000000000116e-05 1.968809999999999874e-05
7.137000000000000000e+03 2.021039999999999881e-05 1.969589999999999891e-05
7.138000000000000000e+03 2.021870000000000007e-05 1.970379999999999929e-05
7.139000000000000000e+03 2.022690000000000111e-05 1.971169999999999967e-05
7.140000000000000000e+03 2.023519999999999898e-05 1.971960000000000005e-05
7.141000000000000000e+03 2.024350000000000024e-05 1.972750000000000043e-05
7.142000000000000000e+03 2.025140000000000062e-05 1.973540000000000082e-05
7.143000000000000000e+03 2.025900000000000034e-05 1.974330000000000120e-05
7.144000000000000000e+03 2.026670000000000029e-05 1.975129999999999841e-05
7.145000000000000000e+03 2.027430000000000001e-05 1.975919999999999879e-05
7.146000000000000000e+03 2.028199999999999995e-05 1.976709999999999917e-05
7.147000000000000000e+03 2.028959999999999968e-05 1.977499999999999956e-05
7.148000000000000000e+03 2.029729999999999962e-05 1.978289999999999994e-05
7.149000000000000000e+03 2.030489999999999934e-05 1.979090000000000054e-05
7.150000000000000000e+03 2.031259999999999929e-05 1.979880000000000092e-05
7.151000000000000000e+03 2.032029999999999923e-05 1.980670000000000130e-05
7.152000000000000000e+03 2.032789999999999895e-05 1.981469999999999851e-05
7.153000000000000000e+03 2.033559999999999890e-05 1.982259999999999890e-05
7.154000000000000000e+03 2.034329999999999884e-05 1.983059999999999950e-05
7.155000000000000000e+03 2.035089999999999856e-05 1.983849999999999988e-05
7.156000000000000000e+03 2.035859999999999851e-05 1.984650000000000048e-05
7.157000000000000000e+03 2.036629999999999845e-05 1.985440000000000086e-05
7.158000000000000000e+03 2.037399999999999839e-05 1.986240000000000146e-05
7.159000000000000000e+03 2.038160000000000151e-05 1.987039999999999868e-05
7.160000000000000000e+03 2.038930000000000145e-05 1.987829999999999906e-05
7.161000000000000000e+03 2.039700000000000139e-05 1.988629999999999966e-05
7.162000000000000000e+03 2.040470000000000134e-05 1.989430000000000026e-05
7.163000000000000000e+03 2.041240000000000128e-05 1.990230000000000086e-05
7.164000000000000000e+03 2.042010000000000122e-05 1.991020000000000124e-05
7.165000000000000000e+03 2.042780000000000117e-05 1.991819999999999846e-05
7.166000000000000000e+03 2.043550000000000111e-05 1.992619999999999906e-05
7.167000000000000000e+03 2.044320000000000105e-05 1.993419999999999966e-05
7.168000000000000000e+03 2.045090000000000100e-05 1.994220000000000026e-05
7.169000000000000000e+03 2.045860000000000094e-05 1.995020000000000086e-05
7.170000000000000000e+03 2.046640000000000110e-05 1.995820000000000146e-05
7.171000000000000000e+03 2.047410000000000104e-05 1.996619999999999867e-05
7.172000000000000000e+03 2.048180000000000099e-05 1.997419999999999927e-05
7.173000000000000000e+03 2.048950000000000093e-05 1.998230000000000009e-05
7.174000000000000000e+03 2.049730000000000109e-05 1.999030000000000070e-05
7.175000000000000000e+03 2.050500000000000104e-05 1.999830000000000130e-05
7.176000000000000000e+03 2.051270000000000098e-05 2.000629999999999851e-05
7.177000000000000000e+03 2.052050000000000114e-05 2.001439999999999933e-05
7.178000000000000000e+03 2.052820000000000109e-05 2.002239999999999993e-05
7.179000000000000000e+03 2.053590000000000103e-05 2.003040000000000053e-05
7.180000000000000000e+03 2.054370000000000119e-05 2.003850000000000135e-05
7.181000000000000000e+03 2.055140000000000113e-05 2.004649999999999857e-05
7.182000000000000000e+03 2.055809999999999888e-05 2.005459999999999939e-05
7.183000000000000000e+03 2.056370000000000100e-05 2.006259999999999999e-05
7.184000000000000000e+03 2.056939999999999995e-05 2.007070000000000081e-05
7.185000000000000000e+03 2.057499999999999867e-05 2.007870000000000141e-05
7.186000000000000000e+03 2.058060000000000079e-05 2.008679999999999884e-05
7.187000000000000000e+03 2.058619999999999951e-05 2.009489999999999966e-05
7.188000000000000000e+03 2.059180000000000163e-05 2.010290000000000026e-05
7.189000000000000000e+03 2.059750000000000057e-05 2.011100000000000108e-05
7.190000000000000000e+03 2.060309999999999930e-05 2.011909999999999851e-05
7.191000000000000000e+03 2.060870000000000142e-05 2.012719999999999933e-05
7.192000000000000000e+03 2.061440000000000036e-05 2.013530000000000015e-05
7.193000000000000000e+03 2.061999999999999909e-05 2.014340000000000097e-05
7.194000000000000000e+03 2.062560000000000120e-05 2.015140000000000158e-05
7.195000000000000000e+03 2.063130000000000015e-05 2.015949999999999901e-05
7.196000000000000000e+03 2.063689999999999888e-05 2.016759999999999983e-05
7.197000000000000000e+03 2.064250000000000099e-05 2.017570000000000065e-05
7.198000000000000000e+03 2.064819999999999994e-05 2.018380000000000147e-05
7.199000000000000000e+03 2.065379999999999866e-05 2.019199999999999912e-05
7.200000000000000000e+03 2.065950000000000100e-05 2.020009999999999994e-05
7.201000000000000000e+03 2.066509999999999972e-05 2.020820000000000076e-05
7.202000000000000000e+03 2.067069999999999845e-05 2.021630000000000158e-05
7.203000000000000000e+03 2.067640000000000078e-05 2.022439999999999901e-05
7.204000000000000000e+03 2.068199999999999951e-05 2.023260000000000005e-05
7.205000000000000000e+03 2.068769999999999846e-05 2.024070000000000087e-05
7.206000000000000000e+03 2.069330000000000057e-05 2.024880000000000169e-05
7.207000000000000000e+03 2.069899999999999952e-05 2.025699999999999934e-05
7.208000000000000000e+03 2.070460000000000163e-05 2.026510000000000017e-05
7.209000000000000000e+03 2.071030000000000058e-05 2.027330000000000120e-05
7.210000000000000000e+03 2.071599999999999952e-05 2.028139999999999864e-05
7.211000000000000000e+03 2.072160000000000164e-05 2.028959999999999968e-05
7.212000000000000000e+03 2.072730000000000058e-05 2.029770000000000050e-05
7.213000000000000000e+03 2.073289999999999931e-05 2.030590000000000154e-05
7.214000000000000000e+03 2.073860000000000165e-05 2.031409999999999919e-05
7.215000000000000000e+03 2.074430000000000059e-05 2.032220000000000001e-05
7.216000000000000000e+03 2.074989999999999932e-05 2.033040000000000105e-05
7.217000000000000000e+03 2.075560000000000165e-05 2.033859999999999870e-05
7.218000000000000000e+03 2.076130000000000060e-05 2.034679999999999974e-05
7.219000000000000000e+03 2.076699999999999954e-05 2.035490000000000056e-05
7.220000000000000000e+03 2.077260000000000166e-05 2.036310000000000160e-05
7.221000000000000000e+03 2.077830000000000060e-05 2.037129999999999925e-05
7.222000000000000000e+03 2.078259999999999987e-05 2.037950000000000029e-05
7.223000000000000000e+03 2.078679999999999891e-05 2.038770000000000133e-05
7.224000000000000000e+03 2.079110000000000157e-05 2.039589999999999898e-05
7.225000000000000000e+03 2.079540000000000083e-05 2.040410000000000002e-05
7.226000000000000000e+03 2.079970000000000010e-05 2.041230000000000106e-05
7.227000000000000000e+03 2.080389999999999914e-05 2.042059999999999893e-05
7.228000000000000000e+03 2.080819999999999840e-05 2.042879999999999997e-05
7.229000000000000000e+03 2.081250000000000106e-05 2.043700000000000101e-05
7.230000000000000000e+03 2.081680000000000032e-05 2.044519999999999866e-05
7.231000000000000000e+03 2.082109999999999959e-05 2.045339999999999970e-05
7.232000000000000000e+03 2.082529999999999863e-05 2.046170000000000096e-05
7.233000000000000000e+03 2.082960000000000128e-05 2.046989999999999861e-05
7.234000000000000000e+03 2.083390000000000055e-05 2.047819999999999987e-05
7.235000000000000000e+03 2.083819999999999981e-05 2.048640000000000091e-05
7.236000000000000000e+03 2.084249999999999908e-05 2.049459999999999856e-05
7.237000000000000000e+03 2.084679999999999834e-05 2.050289999999999982e-05
7.238000000000000000e+03 2.085100000000000077e-05 2.051110000000000086e-05
7.239000000000000000e+03 2.085530000000000004e-05 2.051939999999999873e-05
7.240000000000000000e+03 2.085959999999999930e-05 2.052769999999999999e-05
7.241000000000000000e+03 2.086389999999999857e-05 2.053590000000000103e-05
7.242000000000000000e+03 2.086820000000000122e-05 2.054419999999999890e-05
7.243000000000000000e+03 2.087250000000000048e-05 2.055250000000000016e-05
7.244000000000000000e+03 2.087679999999999975e-05 2.056080000000000142e-05
7.245000000000000000e+03 2.088109999999999901e-05 2.056899999999999907e-05
7.246000000000000000e+03 2.088540000000000166e-05 2.057730000000000033e-05
7.247000000000000000e+03 2.088970000000000093e-05 2.058560000000000159e-05
7.248000000000000000e+03 2.089389999999999997e-05 2.059389999999999946e-05
7.249000000000000000e+03 2.089819999999999924e-05 2.060220000000000072e-05
7.250000000000000000e+03 2.090249999999999850e-05 2.061049999999999859e-05
7.251000000000000000e+03 2.090680000000000115e-05 2.061879999999999984e-05
7.252000000000000000e+03 2.091110000000000042e-05 2.062710000000000110e-05
7.253000000000000000e+03 2.091539999999999968e-05 2.063539999999999897e-05
7.254000000000000000e+03 2.091969999999999895e-05 2.064370000000000023e-05
7.255000000000000000e+03 2.092400000000000160e-05 2.065200000000000149e-05
7.256000000000000000e+03 2.092830000000000086e-05 2.066039999999999958e-05
7.257000000000000000e+03 2.093260000000000013e-05 2.066870000000000084e-05
7.258000000000000000e+03 2.093689999999999939e-05 2.067699999999999871e-05
7.259000000000000000e+03 2.094119999999999866e-05 2.068540000000000019e-05
7.260000000000000000e+03 2.094550000000000131e-05 2.069370000000000145e-05
7.261000000000000000e+03 2.095130000000000047e-05 2.070199999999999932e-05
7.262000000000000000e+03 2.095839999999999910e-05 2.071040000000000080e-05
7.263000000000000000e+03 2.096560000000000134e-05 2.071869999999999867e-05
7.264000000000000000e+03 2.097269999999999996e-05 2.072710000000000015e-05
7.265000000000000000e+03 2.097989999999999881e-05 2.073540000000000141e-05
7.266000000000000000e+03 2.098710000000000105e-05 2.074379999999999950e-05
7.267000000000000000e+03 2.099419999999999967e-05 2.075220000000000097e-05
7.268000000000000000e+03 2.100139999999999852e-05 2.076049999999999884e-05
7.269000000000000000e+03 2.100860000000000075e-05 2.076890000000000032e-05
7.270000000000000000e+03 2.101569999999999938e-05 2.077729999999999841e-05
7.271000000000000000e+03 2.102290000000000162e-05 2.078569999999999989e-05
7.272000000000000000e+03 2.103010000000000046e-05 2.079400000000000115e-05
7.273000000000000000e+03 2.103729999999999931e-05 2.080239999999999924e-05
7.274000000000000000e+03 2.104450000000000155e-05 2.081080000000000072e-05
7.275000000000000000e+03 2.105160000000000017e-05 2.081919999999999881e-05
7.276000000000000000e+03 2.105879999999999902e-05 2.082760000000000029e-05
7.277000000000000000e+03 2.106600000000000126e-05 2.083599999999999838e-05
7.278000000000000000e+03 2.107320000000000010e-05 2.084439999999999985e-05
7.279000000000000000e+03 2.108039999999999895e-05 2.085280000000000133e-05
7.280000000000000000e+03 2.108760000000000118e-05 2.086119999999999942e-05
7.281000000000000000e+03 2.109480000000000003e-05 2.086960000000000090e-05
7.282000000000000000e+03 2.110199999999999888e-05 2.087809999999999921e-05
7.283000000000000000e+03 2.110920000000000111e-05 2.088650000000000069e-05
7.284000000000000000e+03 2.111639999999999996e-05 2.089489999999999878e-05
7.285000000000000000e+03 2.112359999999999881e-05 2.090340000000000047e-05
7.286000000000000000e+03 2.113080000000000104e-05 2.091179999999999856e-05
7.287000000000000000e+03 2.113799999999999989e-05 2.092020000000000004e-05
7.288000000000000000e+03 2.114529999999999895e-05 2.092869999999999835e-05
7.289000000000000000e+03 2.115250000000000119e-05 2.093709999999999983e-05
7.290000000000000000e+03 2.115970000000000004e-05 2.094560000000000153e-05
7.291000000000000000e+03 2.116689999999999888e-05 2.095399999999999962e-05
7.292000000000000000e+03 2.117420000000000134e-05 2.096250000000000131e-05
7.293000000000000000e+03 2.118140000000000018e-05 2.097089999999999940e-05
7.294000000000000000e+03 2.118859999999999903e-05 2.097940000000000110e-05
7.295000000000000000e+03 2.119580000000000127e-05 2.098789999999999941e-05
7.296000000000000000e+03 2.120310000000000033e-05 2.099640000000000111e-05
7.297000000000000000e+03 2.121029999999999918e-05 2.100479999999999920e-05
7.298000000000000000e+03 2.121760000000000163e-05 2.101330000000000090e-05
7.299000000000000000e+03 2.122480000000000048e-05 2.102179999999999921e-05
7.300000000000000000e+03 2.123209999999999955e-05 2.103030000000000090e-05
7.301000000000000000e+03 2.123999999999999993e-05 2.103879999999999921e-05
7.302000000000000000e+03 2.124869999999999868e-05 2.104730000000000091e-05
7.303000000000000000e+03 2.125740000000000081e-05 2.105579999999999922e-05
7.304000000000000000e+03 2.126609999999999956e-05 2.106430000000000092e-05
7.305000000000000000e+03 2.127479999999999831e-05 2.107279999999999923e-05
7.306000000000000000e+03 2.128350000000000044e-05 2.108130000000000092e-05
7.307000000000000000e+03 2.129219999999999919e-05 2.108979999999999923e-05
7.308000000000000000e+03 2.130100000000000155e-05 2.109830000000000093e-05
7.309000000000000000e+03 2.130970000000000029e-05 2.110689999999999946e-05
7.310000000000000000e+03 2.131839999999999904e-05 2.111540000000000116e-05
7.311000000000000000e+03 2.132710000000000118e-05 2.112389999999999946e-05
7.312000000000000000e+03 2.133579999999999993e-05 2.113250000000000138e-05
7.313000000000000000e+03 2.134459999999999889e-05 2.114099999999999969e-05
7.314000000000000000e+03 2.135330000000000103e-05 2.114950000000000139e-05
7.315000000000000000e+03 2.136210000000000000e-05 2.115809999999999992e-05
7.316000000000000000e+03 2.137079999999999874e-05 2.116660000000000161e-05
7.317000000000000000e+03 2.137950000000000088e-05 2.117520000000000014e-05
7.318000000000000000e+03 2.138829999999999985e-05 2.118369999999999845e-05
7.319000000000000000e+03 2.139709999999999881e-05 2.119230000000000037e-05
7.320000000000000000e+03 2.140580000000000095e-05 2.120089999999999890e-05
7.321000000000000000e+03 2.141459999999999992e-05 2.120940000000000059e-05
7.322000000000000000e+03 2.142329999999999866e-05 2.121799999999999912e-05
7.323000000000000000e+03 2.143210000000000102e-05 2.122660000000000104e-05
7.324000000000000000e+03 2.144089999999999999e-05 2.123519999999999957e-05
7.325000000000000000e+03 2.144969999999999895e-05 2.124380000000000148e-05
7.326000000000000000e+03 2.145840000000000109e-05 2.125240000000000001e-05
7.327000000000000000e+03 2.146720000000000006e-05 2.126089999999999832e-05
7.328000000000000000e+03 2.147599999999999902e-05 2.126950000000000024e-05
7.329000000000000000e+03 2.148480000000000138e-05 2.127809999999999877e-05
7.330000000000000000e+03 2.149360000000000035e-05 2.128680000000000090e-05
7.331000000000000000e+03 2.150239999999999931e-05 2.129539999999999943e-05
7.332000000000000000e+03 2.151120000000000167e-05 2.130400000000000135e-05
7.333000000000000000e+03 2.152000000000000064e-05 2.131259999999999988e-05
7.334000000000000000e+03 2.152879999999999960e-05 2.132119999999999841e-05
7.335000000000000000e+03 2.153759999999999857e-05 2.132980000000000032e-05
7.336000000000000000e+03 2.154640000000000092e-05 2.133849999999999907e-05
7.337000000000000000e+03 2.155519999999999989e-05 2.134710000000000099e-05
7.338000000000000000e+03 2.156409999999999908e-05 2.135569999999999952e-05
7.339000000000000000e+03 2.157290000000000143e-05 2.136440000000000165e-05
7.340000000000000000e+03 2.158170000000000040e-05 2.137300000000000018e-05
7.341000000000000000e+03 2.158909999999999969e-05 2.138169999999999893e-05
7.342000000000000000e+03 2.159509999999999929e-05 2.139030000000000084e-05
7.343000000000000000e+03 2.160109999999999889e-05 2.139899999999999959e-05
7.344000000000000000e+03 2.160709999999999850e-05 2.140760000000000151e-05
7.345000000000000000e+03 2.161300000000000127e-05 2.141630000000000026e-05
7.346000000000000000e+03 2.161900000000000087e-05 2.142499999999999900e-05
7.347000000000000000e+03 2.162500000000000048e-05 2.143360000000000092e-05
7.348000000000000000e+03 2.163100000000000008e-05 2.144229999999999967e-05
7.349000000000000000e+03 2.163699999999999968e-05 2.145099999999999842e-05
7.350000000000000000e+03 2.164299999999999929e-05 2.145970000000000055e-05
7.351000000000000000e+03 2.164899999999999889e-05 2.146839999999999930e-05
7.352000000000000000e+03 2.165499999999999850e-05 2.147710000000000144e-05
7.353000000000000000e+03 2.166100000000000149e-05 2.148569999999999996e-05
7.354000000000000000e+03 2.166700000000000109e-05 2.149439999999999871e-05
7.355000000000000000e+03 2.167300000000000070e-05 2.150320000000000107e-05
7.356000000000000000e+03 2.167900000000000030e-05 2.151189999999999982e-05
7.357000000000000000e+03 2.168499999999999990e-05 2.152059999999999856e-05
7.358000000000000000e+03 2.169099999999999951e-05 2.152930000000000070e-05
7.359000000000000000e+03 2.169699999999999911e-05 2.153799999999999945e-05
7.360000000000000000e+03 2.170299999999999871e-05 2.154670000000000158e-05
7.361000000000000000e+03 2.170899999999999832e-05 2.155550000000000055e-05
7.362000000000000000e+03 2.171500000000000131e-05 2.156419999999999930e-05
7.363000000000000000e+03 2.172100000000000091e-05 2.157290000000000143e-05
7.364000000000000000e+03 2.172700000000000052e-05 2.158170000000000040e-05
7.365000000000000000e+03 2.173310000000000034e-05 2.159039999999999915e-05
7.366000000000000000e+03 2.173909999999999994e-05 2.159910000000000128e-05
7.367000000000000000e+03 2.174509999999999955e-05 2.160790000000000025e-05
7.368000000000000000e+03 2.175109999999999915e-05 2.161659999999999900e-05
7.369000000000000000e+03 2.175709999999999876e-05 2.162540000000000135e-05
7.370000000000000000e+03 2.176319999999999858e-05 2.163420000000000032e-05
7.371000000000000000e+03 2.176920000000000157e-05 2.164289999999999907e-05
7.372000000000000000e+03 2.177520000000000117e-05 2.165170000000000142e-05
7.373000000000000000e+03 2.178130000000000100e-05 2.166050000000000039e-05
7.374000000000000000e+03 2.178730000000000060e-05 2.166929999999999936e-05
7.375000000000000000e+03 2.179330000000000020e-05 2.167800000000000149e-05
7.376000000000000000e+03 2.179929999999999981e-05 2.168680000000000046e-05
7.377000000000000000e+03 2.180539999999999963e-05 2.169559999999999943e-05
7.378000000000000000e+03 2.181139999999999923e-05 2.170439999999999840e-05
7.379000000000000000e+03 2.181749999999999906e-05 2.171320000000000075e-05
7.380000000000000000e+03 2.182349999999999866e-05 2.172199999999999972e-05
7.381000000000000000e+03 2.182950000000000165e-05 2.173079999999999869e-05
7.382000000000000000e+03 2.183540000000000104e-05 2.173960000000000104e-05
7.383000000000000000e+03 2.184130000000000042e-05 2.174840000000000001e-05
7.384000000000000000e+03 2.184719999999999981e-05 2.175729999999999919e-05
7.385000000000000000e+03 2.185309999999999919e-05 2.176610000000000155e-05
7.386000000000000000e+03 2.185899999999999858e-05 2.177490000000000052e-05
7.387000000000000000e+03 2.186490000000000135e-05 2.178369999999999948e-05
7.388000000000000000e+03 2.187080000000000073e-05 2.179259999999999867e-05
7.389000000000000000e+03 2.187670000000000012e-05 2.180140000000000102e-05
7.390000000000000000e+03 2.188259999999999950e-05 2.181030000000000021e-05
7.391000000000000000e+03 2.188849999999999889e-05 2.181909999999999918e-05
7.392000000000000000e+03 2.189440000000000166e-05 2.182799999999999836e-05
7.393000000000000000e+03 2.190040000000000126e-05 2.183680000000000072e-05
7.394000000000000000e+03 2.190630000000000065e-05 2.184569999999999991e-05
7.395000000000000000e+03 2.191220000000000003e-05 2.185449999999999887e-05
7.396000000000000000e+03 2.191809999999999942e-05 2.186340000000000145e-05
7.397000000000000000e+03 2.192399999999999880e-05 2.187230000000000063e-05
7.398000000000000000e+03 2.192999999999999840e-05 2.188109999999999960e-05
7.399000000000000000e+03 2.193590000000000118e-05 2.188999999999999879e-05
7.400000000000000000e+03 2.194180000000000056e-05 2.189890000000000136e-05
7.401000000000000000e+03 2.194769999999999995e-05 2.190780000000000055e-05
7.402000000000000000e+03 2.195369999999999955e-05 2.191669999999999973e-05
7.403000000000000000e+03 2.195959999999999893e-05 2.192559999999999892e-05
7.404000000000000000e+03 2.196549999999999832e-05 2.193450000000000150e-05
7.405000000000000000e+03 2.197150000000000131e-05 2.194340000000000068e-05
7.406000000000000000e+03 2.197740000000000069e-05 2.195229999999999987e-05
7.407000000000000000e+03 2.198330000000000008e-05 2.196119999999999905e-05
7.408000000000000000e+03 2.198929999999999968e-05 2.197010000000000163e-05
7.409000000000000000e+03 2.199519999999999907e-05 2.197900000000000081e-05
7.410000000000000000e+03 2.200119999999999867e-05 2.198790000000000000e-05
7.411000000000000000e+03 2.200710000000000144e-05 2.199689999999999941e-05
7.412000000000000000e+03 2.201310000000000105e-05 2.200579999999999859e-05
7.413000000000000000e+03 2.201900000000000043e-05 2.201470000000000117e-05
7.414000000000000000e+03 2.202500000000000004e-05 2.202370000000000057e-05
7.415000000000000000e+03 2.203089999999999942e-05 2.203259999999999976e-05
7.416000000000000000e+03 2.203689999999999902e-05 2.204159999999999917e-05
7.417000000000000000e+03 2.204279999999999841e-05 2.205049999999999835e-05
7.418000000000000000e+03 2.204880000000000140e-05 2.205950000000000115e-05
7.419000000000000000e+03 2.205470000000000078e-05 2.206840000000000033e-05
7.420000000000000000e+03 2.206070000000000039e-05 2.207739999999999974e-05
7.421000000000000000e+03 2.206809999999999967e-05 2.208639999999999914e-05
7.422000000000000000e+03 2.207709999999999908e-05 2.209529999999999833e-05
7.423000000000000000e+03 2.208600000000000165e-05 2.210430000000000112e-05
7.424000000000000000e+03 2.209490000000000084e-05 2.211330000000000053e-05
7.425000000000000000e+03 2.210390000000000025e-05 2.212229999999999993e-05
7.426000000000000000e+03 2.211279999999999943e-05 2.213129999999999934e-05
7.427000000000000000e+03 2.212169999999999862e-05 2.214019999999999853e-05
7.428000000000000000e+03 2.213070000000000141e-05 2.214920000000000132e-05
7.429000000000000000e+03 2.213960000000000060e-05 2.215820000000000073e-05
7.430000000000000000e+03 2.214860000000000000e-05 2.216720000000000013e-05
7.431000000000000000e+03 2.215749999999999919e-05 2.217629999999999976e-05
7.432000000000000000e+03 2.216649999999999860e-05 2.218529999999999916e-05
7.433000000000000000e+03 2.217550000000000139e-05 2.219429999999999857e-05
7.434000000000000000e+03 2.218440000000000058e-05 2.220330000000000136e-05
7.435000000000000000e+03 2.219339999999999998e-05 2.221230000000000077e-05
7.436000000000000000e+03 2.220239999999999939e-05 2.222140000000000039e-05
7.437000000000000000e+03 2.221139999999999879e-05 2.223039999999999980e-05
7.438000000000000000e+03 2.222030000000000137e-05 2.223939999999999920e-05
7.439000000000000000e+03 2.222930000000000077e-05 2.224849999999999883e-05
7.440000000000000000e+03 2.223830000000000018e-05 2.225750000000000162e-05
7.441000000000000000e+03 2.224729999999999958e-05 2.226660000000000125e-05
7.442000000000000000e+03 2.225629999999999899e-05 2.227560000000000065e-05
7.443000000000000000e+03 2.226529999999999840e-05 2.228470000000000028e-05
7.444000000000000000e+03 2.227430000000000119e-05 2.229369999999999968e-05
7.445000000000000000e+03 2.228330000000000059e-05 2.230279999999999931e-05
7.446000000000000000e+03 2.229230000000000000e-05 2.231189999999999893e-05
7.447000000000000000e+03 2.230129999999999941e-05 2.232089999999999834e-05
7.448000000000000000e+03 2.231039999999999903e-05 2.233000000000000135e-05
7.449000000000000000e+03 2.231939999999999844e-05 2.233910000000000098e-05
7.450000000000000000e+03 2.232840000000000123e-05 2.234820000000000060e-05
7.451000000000000000e+03 2.233740000000000064e-05 2.235730000000000023e-05
7.452000000000000000e+03 2.234650000000000026e-05 2.236639999999999985e-05
7.453000000000000000e+03 2.235549999999999967e-05 2.237549999999999948e-05
7.454000000000000000e+03 2.236459999999999929e-05 2.238459999999999910e-05
7.455000000000000000e+03 2.237359999999999870e-05 2.239369999999999872e-05
7.456000000000000000e+03 2.238269999999999832e-05 2.240279999999999835e-05
7.457000000000000000e+03 2.239170000000000112e-05 2.241190000000000136e-05
7.458000000000000000e+03 2.240080000000000074e-05 2.242100000000000099e-05
7.459000000000000000e+03 2.240980000000000015e-05 2.243020000000000083e-05
7.460000000000000000e+03 2.241889999999999977e-05 2.243930000000000046e-05
7.461000000000000000e+03 2.242680000000000015e-05 2.244840000000000008e-05
7.462000000000000000e+03 2.243369999999999834e-05 2.245749999999999971e-05
7.463000000000000000e+03 2.244049999999999970e-05 2.246669999999999955e-05
7.464000000000000000e+03 2.244740000000000128e-05 2.247579999999999918e-05
7.465000000000000000e+03 2.245429999999999947e-05 2.248499999999999902e-05
7.466000000000000000e+03 2.246110000000000082e-05 2.249409999999999864e-05
7.467000000000000000e+03 2.246799999999999901e-05 2.250329999999999849e-05
7.468000000000000000e+03 2.247490000000000059e-05 2.251249999999999833e-05
7.469000000000000000e+03 2.248169999999999856e-05 2.252160000000000135e-05
7.470000000000000000e+03 2.248860000000000014e-05 2.253080000000000119e-05
7.471000000000000000e+03 2.249549999999999833e-05 2.254000000000000103e-05
7.472000000000000000e+03 2.250229999999999968e-05 2.254910000000000066e-05
7.473000000000000000e+03 2.250920000000000126e-05 2.255830000000000050e-05
7.474000000000000000e+03 2.251609999999999945e-05 2.256750000000000035e-05
7.475000000000000000e+03 2.252300000000000103e-05 2.257670000000000019e-05
7.476000000000000000e+03 2.252989999999999922e-05 2.258590000000000004e-05
7.477000000000000000e+03 2.253670000000000057e-05 2.259509999999999988e-05
7.478000000000000000e+03 2.254359999999999876e-05 2.260429999999999972e-05
7.479000000000000000e+03 2.255050000000000034e-05 2.261349999999999957e-05
7.480000000000000000e+03 2.255739999999999853e-05 2.262269999999999941e-05
7.481000000000000000e+03 2.256430000000000011e-05 2.263189999999999926e-05
7.482000000000000000e+03 2.257120000000000168e-05 2.264109999999999910e-05
7.483000000000000000e+03 2.257809999999999987e-05 2.265039999999999916e-05
7.484000000000000000e+03 2.258500000000000145e-05 2.265959999999999901e-05
7.485000000000000000e+03 2.259189999999999964e-05 2.266879999999999885e-05
7.486000000000000000e+03 2.259880000000000122e-05 2.267809999999999892e-05
7.487000000000000000e+03 2.260569999999999941e-05 2.268729999999999876e-05
7.488000000000000000e+03 2.261260000000000098e-05 2.269649999999999860e-05
7.489000000000000000e+03 2.261949999999999917e-05 2.270579999999999867e-05
7.490000000000000000e+03 2.262640000000000075e-05 2.271499999999999851e-05
7.491000000000000000e+03 2.263329999999999894e-05 2.272429999999999857e-05
7.492000000000000000e+03 2.264030000000000073e-05 2.273359999999999864e-05
7.493000000000000000e+03 2.264719999999999892e-05 2.274279999999999848e-05
7.494000000000000000e+03 2.265410000000000050e-05 2.275209999999999855e-05
7.495000000000000000e+03 2.266099999999999869e-05 2.276139999999999861e-05
7.496000000000000000e+03 2.266790000000000027e-05 2.277069999999999867e-05
7.497000000000000000e+03 2.267489999999999868e-05 2.277989999999999852e-05
7.498000000000000000e+03 2.268180000000000025e-05 2.278919999999999858e-05
7.499000000000000000e+03 2.268869999999999844e-05 2.279849999999999864e-05
7.500000000000000000e+03 2.269570000000000024e-05 2.280779999999999871e-05
7.501000000000000000e+03 2.270380000000000106e-05 2.281709999999999877e-05
7.502000000000000000e+03 2.271320000000000134e-05 2.282639999999999883e-05
7.503000000000000000e+03 2.272250000000000140e-05 2.283569999999999890e-05
7.504000000000000000e+03 2.273190000000000169e-05 2.284499999999999896e-05
7.505000000000000000e+03 2.274119999999999836e-05 2.285429999999999902e-05
7.506000000000000000e+03 2.275059999999999865e-05 2.286369999999999931e-05
7.507000000000000000e+03 2.275999999999999893e-05 2.287299999999999937e-05
7.508000000000000000e+03 2.276929999999999899e-05 2.288229999999999943e-05
7.509000000000000000e+03 2.277869999999999927e-05 2.289169999999999972e-05
7.510000000000000000e+03 2.278809999999999956e-05 2.290099999999999978e-05
7.511000000000000000e+03 2.279749999999999984e-05 2.291029999999999984e-05
7.512000000000000000e+03 2.280690000000000012e-05 2.291970000000000013e-05
7.513000000000000000e+03 2.281630000000000040e-05 2.292900000000000019e-05
7.514000000000000000e+03 2.282570000000000069e-05 2.293840000000000047e-05
7.515000000000000000e+03 2.283510000000000097e-05 2.294770000000000054e-05
7.516000000000000000e+03 2.284450000000000125e-05 2.295710000000000082e-05
7.517000000000000000e+03 2.285390000000000154e-05 2.296650000000000110e-05
7.518000000000000000e+03 2.286329999999999843e-05 2.297580000000000116e-05
7.519000000000000000e+03 2.287269999999999871e-05 2.298520000000000145e-05
7.520000000000000000e+03 2.288209999999999900e-05 2.299459999999999834e-05
7.521000000000000000e+03 2.289159999999999950e-05 2.300399999999999862e-05
7.522000000000000000e+03 2.290099999999999978e-05 2.301339999999999891e-05
7.523000000000000000e+03 2.291040000000000006e-05 2.302279999999999919e-05
7.524000000000000000e+03 2.291990000000000056e-05 2.303219999999999947e-05
7.525000000000000000e+03 2.292930000000000085e-05 2.304159999999999976e-05
7.526000000000000000e+03 2.293870000000000113e-05 2.305100000000000004e-05
7.527000000000000000e+03 2.294820000000000163e-05 2.306040000000000032e-05
7.528000000000000000e+03 2.295759999999999853e-05 2.306980000000000060e-05
7.529000000000000000e+03 2.296709999999999903e-05 2.307920000000000089e-05
7.530000000000000000e+03 2.297659999999999953e-05 2.308860000000000117e-05
7.531000000000000000e+03 2.298599999999999981e-05 2.309810000000000167e-05
7.532000000000000000e+03 2.299550000000000032e-05 2.310749999999999857e-05
7.533000000000000000e+03 2.300500000000000082e-05 2.311689999999999885e-05
7.534000000000000000e+03 2.301440000000000110e-05 2.312639999999999935e-05
7.535000000000000000e+03 2.302390000000000160e-05 2.313579999999999963e-05
7.536000000000000000e+03 2.303339999999999872e-05 2.314530000000000013e-05
7.537000000000000000e+03 2.304289999999999922e-05 2.315470000000000042e-05
7.538000000000000000e+03 2.305239999999999972e-05 2.316420000000000092e-05
7.539000000000000000e+03 2.306190000000000022e-05 2.317360000000000120e-05
7.540000000000000000e+03 2.307140000000000072e-05 2.318309999999999832e-05
7.541000000000000000e+03 2.307950000000000154e-05 2.319259999999999882e-05
7.542000000000000000e+03 2.308639999999999973e-05 2.320199999999999910e-05
7.543000000000000000e+03 2.309320000000000109e-05 2.321149999999999960e-05
7.544000000000000000e+03 2.310009999999999928e-05 2.322100000000000010e-05
7.545000000000000000e+03 2.310690000000000064e-05 2.323050000000000061e-05
7.546000000000000000e+03 2.311379999999999883e-05 2.324000000000000111e-05
7.547000000000000000e+03 2.312060000000000018e-05 2.324950000000000161e-05
7.548000000000000000e+03 2.312749999999999837e-05 2.325899999999999872e-05
7.549000000000000000e+03 2.313429999999999973e-05 2.326849999999999923e-05
7.550000000000000000e+03 2.314120000000000131e-05 2.327799999999999973e-05
7.551000000000000000e+03 2.314809999999999950e-05 2.328750000000000023e-05
7.552000000000000000e+03 2.315490000000000086e-05 2.329700000000000073e-05
7.553000000000000000e+03 2.316179999999999904e-05 2.330660000000000145e-05
7.554000000000000000e+03 2.316860000000000040e-05 2.331609999999999857e-05
7.555000000000000000e+03 2.317549999999999859e-05 2.332559999999999907e-05
7.556000000000000000e+03 2.318240000000000017e-05 2.333509999999999957e-05
7.557000000000000000e+03 2.318929999999999836e-05 2.334470000000000029e-05
7.558000000000000000e+03 2.319609999999999972e-05 2.335420000000000079e-05
7.559000000000000000e+03 2.320300000000000129e-05 2.336380000000000152e-05
7.560000000000000000e+03 2.320989999999999948e-05 2.337329999999999863e-05
7.561000000000000000e+03 2.321680000000000106e-05 2.338289999999999935e-05
7.562000000000000000e+03 2.322359999999999903e-05 2.339250000000000007e-05
7.563000000000000000e+03 2.323050000000000061e-05 2.340200000000000057e-05
7.564000000000000000e+03 2.323739999999999880e-05 2.341160000000000129e-05
7.565000000000000000e+03 2.324430000000000037e-05 2.342119999999999863e-05
7.566000000000000000e+03 2.325119999999999856e-05 2.343069999999999913e-05
7.567000000000000000e+03 2.325810000000000014e-05 2.344029999999999985e-05
7.568000000000000000e+03 2.326499999999999833e-05 2.344990000000000057e-05
7.569000000000000000e+03 2.327189999999999991e-05 2.345950000000000129e-05
7.570000000000000000e+03 2.327880000000000148e-05 2.346909999999999863e-05
7.571000000000000000e+03 2.328569999999999967e-05 2.347869999999999935e-05
7.572000000000000000e+03 2.329260000000000125e-05 2.348830000000000007e-05
7.573000000000000000e+03 2.329949999999999944e-05 2.349790000000000079e-05
7.574000000000000000e+03 2.330640000000000101e-05 2.350750000000000151e-05
7.575000000000000000e+03 2.331329999999999920e-05 2.351709999999999884e-05
7.576000000000000000e+03 2.332020000000000078e-05 2.352679999999999979e-05
7.577000000000000000e+03 2.332709999999999897e-05 2.353640000000000051e-05
7.578000000000000000e+03 2.333400000000000055e-05 2.354600000000000123e-05
7.579000000000000000e+03 2.334089999999999874e-05 2.355569999999999878e-05
7.580000000000000000e+03 2.334790000000000053e-05 2.356529999999999950e-05
7.581000000000000000e+03 2.335540000000000004e-05 2.357490000000000022e-05
7.582000000000000000e+03 2.336360000000000108e-05 2.358460000000000116e-05
7.583000000000000000e+03 2.337189999999999895e-05 2.359429999999999872e-05
7.584000000000000000e+03 2.338009999999999999e-05 2.360389999999999944e-05
7.585000000000000000e+03 2.338830000000000103e-05 2.361360000000000038e-05
7.586000000000000000e+03 2.339649999999999868e-05 2.362320000000000110e-05
7.587000000000000000e+03 2.340469999999999972e-05 2.363289999999999865e-05
7.588000000000000000e+03 2.341300000000000098e-05 2.364259999999999959e-05
7.589000000000000000e+03 2.342119999999999863e-05 2.365230000000000053e-05
7.590000000000000000e+03 2.342939999999999967e-05 2.366190000000000125e-05
7.591000000000000000e+03 2.343770000000000093e-05 2.367159999999999881e-05
7.592000000000000000e+03 2.344589999999999858e-05 2.368129999999999975e-05
7.593000000000000000e+03 2.345409999999999962e-05 2.369100000000000069e-05
7.594000000000000000e+03 2.346240000000000088e-05 2.370070000000000163e-05
7.595000000000000000e+03 2.347059999999999853e-05 2.371039999999999918e-05
7.596000000000000000e+03 2.347889999999999979e-05 2.372010000000000012e-05
7.597000000000000000e+03 2.348710000000000083e-05 2.372990000000000128e-05
7.598000000000000000e+03 2.349539999999999870e-05 2.373959999999999883e-05
7.599000000000000000e+03 2.350369999999999996e-05 2.374929999999999977e-05
7.600000000000000000e+03 2.351190000000000100e-05 2.375900000000000071e-05
7.601000000000000000e+03 2.352019999999999887e-05 2.376879999999999848e-05
7.602000000000000000e+03 2.352850000000000012e-05 2.377849999999999943e-05
7.603000000000000000e+03 2.353670000000000116e-05 2.378820000000000037e-05
7.604000000000000000e+03 2.354499999999999904e-05 2.379800000000000153e-05
7.605000000000000000e+03 2.355330000000000029e-05 2.380769999999999908e-05
7.606000000000000000e+03 2.356160000000000155e-05 2.381750000000000024e-05
7.607000000000000000e+03 2.356979999999999920e-05 2.382730000000000140e-05
7.608000000000000000e+03 2.357810000000000046e-05 2.383699999999999895e-05
7.609000000000000000e+03 2.358639999999999833e-05 2.384680000000000011e-05
7.610000000000000000e+03 2.359469999999999959e-05 2.385660000000000127e-05
7.611000000000000000e+03 2.360300000000000085e-05 2.386629999999999882e-05
7.612000000000000000e+03 2.361129999999999872e-05 2.387609999999999998e-05
7.613000000000000000e+03 2.361959999999999998e-05 2.388590000000000114e-05
7.614000000000000000e+03 2.362790000000000124e-05 2.389569999999999891e-05
7.615000000000000000e+03 2.363619999999999911e-05 2.390550000000000007e-05
7.616000000000000000e+03 2.364450000000000037e-05 2.391530000000000123e-05
7.617000000000000000e+03 2.365280000000000163e-05 2.392509999999999900e-05
7.618000000000000000e+03 2.366109999999999950e-05 2.393490000000000016e-05
7.619000000000000000e+03 2.366950000000000098e-05 2.394470000000000132e-05
7.620000000000000000e+03 2.367779999999999885e-05 2.395449999999999910e-05
7.621000000000000000e+03 2.368480000000000064e-05 2.396440000000000047e-05
7.622000000000000000e+03 2.369179999999999905e-05 2.397420000000000163e-05
7.623000000000000000e+03 2.369880000000000085e-05 2.398399999999999941e-05
7.624000000000000000e+03 2.370579999999999926e-05 2.399390000000000079e-05
7.625000000000000000e+03 2.371280000000000105e-05 2.400369999999999856e-05
7.626000000000000000e+03 2.371979999999999946e-05 2.401349999999999972e-05
7.627000000000000000e+03 2.372680000000000126e-05 2.402340000000000110e-05
7.628000000000000000e+03 2.373379999999999967e-05 2.403319999999999887e-05
7.629000000000000000e+03 2.374080000000000146e-05 2.404310000000000025e-05
7.630000000000000000e+03 2.374779999999999987e-05 2.405300000000000163e-05
7.631000000000000000e+03 2.375480000000000167e-05 2.406279999999999940e-05
7.632000000000000000e+03 2.376180000000000008e-05 2.407270000000000078e-05
7.633000000000000000e+03 2.376879999999999848e-05 2.408259999999999877e-05
7.634000000000000000e+03 2.377590000000000050e-05 2.409250000000000015e-05
7.635000000000000000e+03 2.378289999999999891e-05 2.410230000000000131e-05
7.636000000000000000e+03 2.378990000000000071e-05 2.411219999999999930e-05
7.637000000000000000e+03 2.379689999999999911e-05 2.412210000000000068e-05
7.638000000000000000e+03 2.380390000000000091e-05 2.413199999999999867e-05
7.639000000000000000e+03 2.381099999999999954e-05 2.414190000000000005e-05
7.640000000000000000e+03 2.381800000000000133e-05 2.415180000000000142e-05
7.641000000000000000e+03 2.382499999999999974e-05 2.416179999999999963e-05
7.642000000000000000e+03 2.383209999999999837e-05 2.417170000000000101e-05
7.643000000000000000e+03 2.383910000000000017e-05 2.418159999999999900e-05
7.644000000000000000e+03 2.384619999999999879e-05 2.419150000000000038e-05
7.645000000000000000e+03 2.385320000000000059e-05 2.420149999999999859e-05
7.646000000000000000e+03 2.386019999999999900e-05 2.421139999999999997e-05
7.647000000000000000e+03 2.386730000000000101e-05 2.422130000000000135e-05
7.648000000000000000e+03 2.387429999999999942e-05 2.423129999999999956e-05
7.649000000000000000e+03 2.388140000000000144e-05 2.424120000000000094e-05
7.650000000000000000e+03 2.388839999999999985e-05 2.425119999999999915e-05
7.651000000000000000e+03 2.389549999999999847e-05 2.426110000000000053e-05
7.652000000000000000e+03 2.390250000000000027e-05 2.427109999999999874e-05
7.653000000000000000e+03 2.390959999999999890e-05 2.428110000000000034e-05
7.654000000000000000e+03 2.391670000000000091e-05 2.429099999999999833e-05
7.655000000000000000e+03 2.392369999999999932e-05 2.430099999999999993e-05
7.656000000000000000e+03 2.393080000000000134e-05 2.431100000000000153e-05
7.657000000000000000e+03 2.393789999999999997e-05 2.432099999999999974e-05
7.658000000000000000e+03 2.394489999999999837e-05 2.433100000000000134e-05
7.659000000000000000e+03 2.395200000000000039e-05 2.434099999999999955e-05
7.660000000000000000e+03 2.395970000000000033e-05 2.435100000000000114e-05
7.661000000000000000e+03 2.396800000000000159e-05 2.436099999999999935e-05
7.662000000000000000e+03 2.397629999999999946e-05 2.437100000000000095e-05
7.663000000000000000e+03 2.398460000000000072e-05 2.438099999999999916e-05
7.664000000000000000e+03 2.399289999999999859e-05 2.439100000000000076e-05
7.665000000000000000e+03 2.400119999999999985e-05 2.440099999999999897e-05
7.666000000000000000e+03 2.400950000000000111e-05 2.441100000000000057e-05
7.667000000000000000e+03 2.401779999999999898e-05 2.442109999999999900e-05
7.668000000000000000e+03 2.402620000000000046e-05 2.443110000000000060e-05
7.669000000000000000e+03 2.403449999999999833e-05 2.444119999999999903e-05
7.670000000000000000e+03 2.404279999999999959e-05 2.445120000000000062e-05
7.671000000000000000e+03 2.405110000000000085e-05 2.446119999999999884e-05
7.672000000000000000e+03 2.405949999999999894e-05 2.447130000000000065e-05
7.673000000000000000e+03 2.406780000000000020e-05 2.448139999999999908e-05
7.674000000000000000e+03 2.407610000000000145e-05 2.449140000000000068e-05
7.675000000000000000e+03 2.408449999999999954e-05 2.450149999999999911e-05
7.676000000000000000e+03 2.409280000000000080e-05 2.451160000000000093e-05
7.677000000000000000e+03 2.410119999999999889e-05 2.452159999999999914e-05
7.678000000000000000e+03 2.410950000000000015e-05 2.453170000000000096e-05
7.679000000000000000e+03 2.411790000000000163e-05 2.454179999999999938e-05
7.680000000000000000e+03 2.412619999999999950e-05 2.455190000000000120e-05
7.681000000000000000e+03 2.413460000000000098e-05 2.456199999999999963e-05
7.682000000000000000e+03 2.414289999999999885e-05 2.457210000000000145e-05
7.683000000000000000e+03 2.415130000000000033e-05 2.458219999999999988e-05
7.684000000000000000e+03 2.415969999999999842e-05 2.459229999999999831e-05
7.685000000000000000e+03 2.416799999999999968e-05 2.460240000000000013e-05
7.686000000000000000e+03 2.417640000000000116e-05 2.461249999999999856e-05
7.687000000000000000e+03 2.418479999999999925e-05 2.462270000000000059e-05
7.688000000000000000e+03 2.419320000000000072e-05 2.463279999999999902e-05
7.689000000000000000e+03 2.420149999999999859e-05 2.464290000000000084e-05
7.690000000000000000e+03 2.420990000000000007e-05 2.465309999999999949e-05
7.691000000000000000e+03 2.421830000000000155e-05 2.466320000000000131e-05
7.692000000000000000e+03 2.422669999999999964e-05 2.467339999999999995e-05
7.693000000000000000e+03 2.423510000000000112e-05 2.468349999999999838e-05
7.694000000000000000e+03 2.424349999999999921e-05 2.469370000000000042e-05
7.695000000000000000e+03 2.425190000000000069e-05 2.470379999999999885e-05
7.696000000000000000e+03 2.426029999999999878e-05 2.471400000000000089e-05
7.697000000000000000e+03 2.426870000000000025e-05 2.472419999999999954e-05
7.698000000000000000e+03 2.427709999999999834e-05 2.473430000000000135e-05
7.699000000000000000e+03 2.428549999999999982e-05 2.474450000000000000e-05
7.700000000000000000e+03 2.429439999999999901e-05 2.475469999999999865e-05
7.701000000000000000e+03 2.430389999999999951e-05 2.476490000000000069e-05
7.702000000000000000e+03 2.431340000000000001e-05 2.477509999999999934e-05
7.703000000000000000e+03 2.432280000000000030e-05 2.478530000000000137e-05
7.704000000000000000e+03 2.433230000000000080e-05 2.479550000000000002e-05
7.705000000000000000e+03 2.434170000000000108e-05 2.480569999999999867e-05
7.706000000000000000e+03 2.435120000000000158e-05 2.481590000000000071e-05
7.707000000000000000e+03 2.436069999999999870e-05 2.482609999999999936e-05
7.708000000000000000e+03 2.437019999999999920e-05 2.483630000000000139e-05
7.709000000000000000e+03 2.437959999999999948e-05 2.484660000000000026e-05
7.710000000000000000e+03 2.438909999999999998e-05 2.485679999999999891e-05
7.711000000000000000e+03 2.439860000000000048e-05 2.486700000000000095e-05
7.712000000000000000e+03 2.440810000000000099e-05 2.487729999999999981e-05
7.713000000000000000e+03 2.441760000000000149e-05 2.488749999999999846e-05
7.714000000000000000e+03 2.442709999999999860e-05 2.489780000000000072e-05
7.715000000000000000e+03 2.443659999999999910e-05 2.490799999999999937e-05
7.716000000000000000e+03 2.444609999999999961e-05 2.491830000000000162e-05
7.717000000000000000e+03 2.445560000000000011e-05 2.492850000000000027e-05
7.718000000000000000e+03 2.446510000000000061e-05 2.493879999999999914e-05
7.719000000000000000e+03 2.447460000000000111e-05 2.494910000000000140e-05
7.720000000000000000e+03 2.448419999999999845e-05 2.495940000000000027e-05
7.721000000000000000e+03 2.449369999999999895e-05 2.496959999999999891e-05
7.722000000000000000e+03 2.450319999999999945e-05 2.497990000000000117e-05
7.723000000000000000e+03 2.451280000000000017e-05 2.499020000000000004e-05
7.724000000000000000e+03 2.452230000000000067e-05 2.500049999999999891e-05
7.725000000000000000e+03 2.453180000000000117e-05 2.501080000000000116e-05
7.726000000000000000e+03 2.454139999999999851e-05 2.502110000000000003e-05
7.727000000000000000e+03 2.455089999999999901e-05 2.503139999999999890e-05
7.728000000000000000e+03 2.456049999999999973e-05 2.504170000000000115e-05
7.729000000000000000e+03 2.457000000000000023e-05 2.505210000000000024e-05
7.730000000000000000e+03 2.457960000000000095e-05 2.506239999999999911e-05
7.731000000000000000e+03 2.458910000000000146e-05 2.507270000000000137e-05
7.732000000000000000e+03 2.459869999999999879e-05 2.508310000000000045e-05
7.733000000000000000e+03 2.460829999999999951e-05 2.509339999999999932e-05
7.734000000000000000e+03 2.461790000000000023e-05 2.510370000000000158e-05
7.735000000000000000e+03 2.462740000000000073e-05 2.511410000000000066e-05
7.736000000000000000e+03 2.463700000000000145e-05 2.512439999999999953e-05
7.737000000000000000e+03 2.464659999999999879e-05 2.513479999999999862e-05
7.738000000000000000e+03 2.465619999999999951e-05 2.514520000000000110e-05
7.739000000000000000e+03 2.466580000000000023e-05 2.515549999999999996e-05
7.740000000000000000e+03 2.467459999999999920e-05 2.516589999999999905e-05
7.741000000000000000e+03 2.468280000000000024e-05 2.517630000000000153e-05
7.742000000000000000e+03 2.469090000000000106e-05 2.518670000000000061e-05
7.743000000000000000e+03 2.469909999999999871e-05 2.519699999999999948e-05
7.744000000000000000e+03 2.470729999999999975e-05 2.520739999999999857e-05
7.745000000000000000e+03 2.471540000000000057e-05 2.521780000000000104e-05
7.746000000000000000e+03 2.472360000000000161e-05 2.522820000000000013e-05
7.747000000000000000e+03 2.473169999999999904e-05 2.523859999999999922e-05
7.748000000000000000e+03 2.473990000000000008e-05 2.524909999999999853e-05
7.749000000000000000e+03 2.474810000000000112e-05 2.525950000000000100e-05
7.750000000000000000e+03 2.475619999999999855e-05 2.526990000000000009e-05
7.751000000000000000e+03 2.476439999999999959e-05 2.528029999999999918e-05
7.752000000000000000e+03 2.477260000000000063e-05 2.529070000000000165e-05
7.753000000000000000e+03 2.478080000000000167e-05 2.530120000000000096e-05
7.754000000000000000e+03 2.478899999999999932e-05 2.531160000000000004e-05
7.755000000000000000e+03 2.479710000000000014e-05 2.532209999999999935e-05
7.756000000000000000e+03 2.480530000000000118e-05 2.533249999999999844e-05
7.757000000000000000e+03 2.481349999999999883e-05 2.534300000000000113e-05
7.758000000000000000e+03 2.482169999999999987e-05 2.535340000000000022e-05
7.759000000000000000e+03 2.482990000000000091e-05 2.536389999999999953e-05
7.760000000000000000e+03 2.483809999999999856e-05 2.537439999999999883e-05
7.761000000000000000e+03 2.484629999999999960e-05 2.538480000000000131e-05
7.762000000000000000e+03 2.485450000000000064e-05 2.539530000000000062e-05
7.763000000000000000e+03 2.486270000000000168e-05 2.540579999999999992e-05
7.764000000000000000e+03 2.487089999999999933e-05 2.541629999999999923e-05
7.765000000000000000e+03 2.487910000000000037e-05 2.542679999999999853e-05
7.766000000000000000e+03 2.488730000000000141e-05 2.543730000000000123e-05
7.767000000000000000e+03 2.489559999999999928e-05 2.544780000000000054e-05
7.768000000000000000e+03 2.490380000000000032e-05 2.545829999999999984e-05
7.769000000000000000e+03 2.491200000000000136e-05 2.546879999999999915e-05
7.770000000000000000e+03 2.492019999999999901e-05 2.547929999999999846e-05
7.771000000000000000e+03 2.492850000000000027e-05 2.548980000000000115e-05
7.772000000000000000e+03 2.493670000000000131e-05 2.550030000000000046e-05
7.773000000000000000e+03 2.494489999999999896e-05 2.551089999999999998e-05
7.774000000000000000e+03 2.495320000000000022e-05 2.552139999999999929e-05
7.775000000000000000e+03 2.496140000000000126e-05 2.553199999999999881e-05
7.776000000000000000e+03 2.496959999999999891e-05 2.554250000000000151e-05
7.777000000000000000e+03 2.497790000000000017e-05 2.555300000000000082e-05
7.778000000000000000e+03 2.498610000000000121e-05 2.556360000000000034e-05
7.779000000000000000e+03 2.499439999999999908e-05 2.557419999999999987e-05
7.780000000000000000e+03 2.500320000000000144e-05 2.558469999999999917e-05
7.781000000000000000e+03 2.501250000000000150e-05 2.559529999999999870e-05
7.782000000000000000e+03 2.502189999999999840e-05 2.560590000000000161e-05
7.783000000000000000e+03 2.503129999999999868e-05 2.561640000000000092e-05
7.784000000000000000e+03 2.504059999999999874e-05 2.562700000000000045e-05
7.785000000000000000e+03 2.504999999999999903e-05 2.563759999999999997e-05
7.786000000000000000e+03 2.505939999999999931e-05 2.564819999999999950e-05
7.787000000000000000e+03 2.506879999999999959e-05 2.565879999999999902e-05
7.788000000000000000e+03 2.507819999999999987e-05 2.566939999999999855e-05
7.789000000000000000e+03 2.508749999999999994e-05 2.568000000000000146e-05
7.790000000000000000e+03 2.509690000000000022e-05 2.569060000000000099e-05
7.791000000000000000e+03 2.510630000000000050e-05 2.570130000000000073e-05
7.792000000000000000e+03 2.511570000000000078e-05 2.571190000000000026e-05
7.793000000000000000e+03 2.512510000000000107e-05 2.572249999999999979e-05
7.794000000000000000e+03 2.513450000000000135e-05 2.573309999999999931e-05
7.795000000000000000e+03 2.514390000000000163e-05 2.574379999999999906e-05
7.796000000000000000e+03 2.515329999999999853e-05 2.575439999999999858e-05
7.797000000000000000e+03 2.516279999999999903e-05 2.576509999999999833e-05
7.798000000000000000e+03 2.517219999999999931e-05 2.577570000000000124e-05
7.799000000000000000e+03 2.518159999999999959e-05 2.578640000000000099e-05
7.800000000000000000e+03 2.519099999999999988e-05 2.579700000000000051e-05
7.801000000000000000e+03 2.520050000000000038e-05 2.580770000000000026e-05
7.802000000000000000e+03 2.520990000000000066e-05 2.581840000000000000e-05
7.803000000000000000e+03 2.521930000000000094e-05 2.582909999999999975e-05
7.804000000000000000e+03 2.522880000000000145e-05 2.583969999999999927e-05
7.805000000000000000e+03 2.523819999999999834e-05 2.585039999999999902e-05
7.806000000000000000e+03 2.524759999999999862e-05 2.586109999999999876e-05
7.807000000000000000e+03 2.525709999999999913e-05 2.587179999999999851e-05
7.808000000000000000e+03 2.526659999999999963e-05 2.588250000000000164e-05
7.809000000000000000e+03 2.527599999999999991e-05 2.589320000000000139e-05
7.810000000000000000e+03 2.528550000000000041e-05 2.590390000000000113e-05
7.811000000000000000e+03 2.529490000000000070e-05 2.591470000000000110e-05
7.812000000000000000e+03 2.530440000000000120e-05 2.592540000000000084e-05
7.813000000000000000e+03 2.531389999999999831e-05 2.593610000000000059e-05
7.814000000000000000e+03 2.532329999999999859e-05 2.594680000000000033e-05
7.815000000000000000e+03 2.533279999999999910e-05 2.595760000000000030e-05
7.816000000000000000e+03 2.534229999999999960e-05 2.596830000000000004e-05
7.817000000000000000e+03 2.535180000000000010e-05 2.597910000000000001e-05
7.818000000000000000e+03 2.536130000000000060e-05 2.598979999999999975e-05
7.819000000000000000e+03 2.537080000000000110e-05 2.600059999999999972e-05
7.820000000000000000e+03 2.537990000000000073e-05 2.601129999999999946e-05
7.821000000000000000e+03 2.538849999999999926e-05 2.602209999999999943e-05
7.822000000000000000e+03 2.539720000000000139e-05 2.603289999999999939e-05
7.823000000000000000e+03 2.540590000000000014e-05 2.604359999999999913e-05
7.824000000000000000e+03 2.541459999999999889e-05 2.605439999999999910e-05
7.825000000000000000e+03 2.542320000000000081e-05 2.606519999999999906e-05
7.826000000000000000e+03 2.543189999999999955e-05 2.607599999999999903e-05
7.827000000000000000e+03 2.544060000000000169e-05 2.608679999999999899e-05
7.828000000000000000e+03 2.544930000000000044e-05 2.609759999999999896e-05
7.829000000000000000e+03 2.545799999999999918e-05 2.610839999999999892e-05
7.830000000000000000e+03 2.546670000000000132e-05 2.611919999999999888e-05
7.831000000000000000e+03 2.547540000000000007e-05 2.612999999999999885e-05
7.832000000000000000e+03 2.548409999999999882e-05 2.614079999999999881e-05
7.833000000000000000e+03 2.549280000000000095e-05 2.615169999999999900e-05
7.834000000000000000e+03 2.550149999999999970e-05 2.616249999999999896e-05
7.835000000000000000e+03 2.551019999999999845e-05 2.617329999999999893e-05
7.836000000000000000e+03 2.551890000000000058e-05 2.618419999999999911e-05
7.837000000000000000e+03 2.552769999999999955e-05 2.619499999999999907e-05
7.838000000000000000e+03 2.553640000000000169e-05 2.620589999999999926e-05
7.839000000000000000e+03 2.554510000000000043e-05 2.621669999999999922e-05
7.840000000000000000e+03 2.555379999999999918e-05 2.622759999999999941e-05
7.841000000000000000e+03 2.556260000000000154e-05 2.623839999999999937e-05
7.842000000000000000e+03 2.557130000000000029e-05 2.624929999999999955e-05
7.843000000000000000e+03 2.557999999999999903e-05 2.626019999999999974e-05
7.844000000000000000e+03 2.558880000000000139e-05 2.627109999999999992e-05
7.845000000000000000e+03 2.559750000000000014e-05 2.628200000000000010e-05
7.846000000000000000e+03 2.560629999999999910e-05 2.629280000000000007e-05
7.847000000000000000e+03 2.561500000000000124e-05 2.630370000000000025e-05
7.848000000000000000e+03 2.562380000000000021e-05 2.631460000000000044e-05
7.849000000000000000e+03 2.563249999999999895e-05 2.632550000000000062e-05
7.850000000000000000e+03 2.564130000000000131e-05 2.633650000000000102e-05
7.851000000000000000e+03 2.565000000000000006e-05 2.634740000000000121e-05
7.852000000000000000e+03 2.565879999999999902e-05 2.635830000000000139e-05
7.853000000000000000e+03 2.566760000000000138e-05 2.636920000000000157e-05
7.854000000000000000e+03 2.567630000000000013e-05 2.638019999999999859e-05
7.855000000000000000e+03 2.568509999999999909e-05 2.639109999999999877e-05
7.856000000000000000e+03 2.569390000000000145e-05 2.640199999999999896e-05
7.857000000000000000e+03 2.570260000000000020e-05 2.641299999999999936e-05
7.858000000000000000e+03 2.571139999999999916e-05 2.642389999999999954e-05
7.859000000000000000e+03 2.572020000000000152e-05 2.643489999999999995e-05
7.860000000000000000e+03 2.572910000000000071e-05 2.644580000000000013e-05
7.861000000000000000e+03 2.573799999999999989e-05 2.645680000000000053e-05
7.862000000000000000e+03 2.574689999999999908e-05 2.646780000000000093e-05
7.863000000000000000e+03 2.575580000000000165e-05 2.647880000000000134e-05
7.864000000000000000e+03 2.576480000000000106e-05 2.648970000000000152e-05
7.865000000000000000e+03 2.577370000000000024e-05 2.650069999999999854e-05
7.866000000000000000e+03 2.578259999999999943e-05 2.651169999999999894e-05
7.867000000000000000e+03 2.579159999999999884e-05 2.652269999999999934e-05
7.868000000000000000e+03 2.580050000000000141e-05 2.653369999999999974e-05
7.869000000000000000e+03 2.580940000000000060e-05 2.654470000000000015e-05
7.870000000000000000e+03 2.581840000000000000e-05 2.655570000000000055e-05
7.871000000000000000e+03 2.582729999999999919e-05 2.656670000000000095e-05
7.872000000000000000e+03 2.583629999999999860e-05 2.657780000000000158e-05
7.873000000000000000e+03 2.584520000000000117e-05 2.658879999999999859e-05
7.874000000000000000e+03 2.585420000000000058e-05 2.659979999999999899e-05
7.875000000000000000e+03 2.586319999999999998e-05 2.661089999999999962e-05
7.876000000000000000e+03 2.587209999999999917e-05 2.662190000000000002e-05
7.877000000000000000e+03 2.588109999999999857e-05 2.663300000000000064e-05
7.878000000000000000e+03 2.589010000000000137e-05 2.664400000000000104e-05
7.879000000000000000e+03 2.589900000000000055e-05 2.665510000000000167e-05
7.880000000000000000e+03 2.590799999999999996e-05 2.666609999999999868e-05
7.881000000000000000e+03 2.591699999999999936e-05 2.667719999999999930e-05
7.882000000000000000e+03 2.592599999999999877e-05 2.668829999999999992e-05
7.883000000000000000e+03 2.593500000000000156e-05 2.669930000000000033e-05
7.884000000000000000e+03 2.594400000000000097e-05 2.671040000000000095e-05
7.885000000000000000e+03 2.595300000000000037e-05 2.672150000000000157e-05
7.886000000000000000e+03 2.596189999999999956e-05 2.673259999999999881e-05
7.887000000000000000e+03 2.597089999999999897e-05 2.674369999999999943e-05
7.888000000000000000e+03 2.597989999999999837e-05 2.675480000000000005e-05
7.889000000000000000e+03 2.598900000000000139e-05 2.676590000000000067e-05
7.890000000000000000e+03 2.599800000000000079e-05 2.677700000000000129e-05
7.891000000000000000e+03 2.600700000000000020e-05 2.678809999999999853e-05
7.892000000000000000e+03 2.601599999999999960e-05 2.679929999999999937e-05
7.893000000000000000e+03 2.602499999999999901e-05 2.681039999999999999e-05
7.894000000000000000e+03 2.603399999999999841e-05 2.682150000000000061e-05
7.895000000000000000e+03 2.604310000000000143e-05 2.683270000000000146e-05
7.896000000000000000e+03 2.605210000000000083e-05 2.684379999999999869e-05
7.897000000000000000e+03 2.606110000000000024e-05 2.685499999999999953e-05
7.898000000000000000e+03 2.607009999999999964e-05 2.686610000000000015e-05
7.899000000000000000e+03 2.607919999999999927e-05 2.687730000000000099e-05
7.900000000000000000e+03 2.608839999999999911e-05 2.688840000000000162e-05
7.901000000000000000e+03 2.609779999999999939e-05 2.689959999999999907e-05
7.902000000000000000e+03 2.610709999999999946e-05 2.691079999999999991e-05
7.903000000000000000e+03 2.611649999999999974e-05 2.692200000000000075e-05
7.904000000000000000e+03 2.612590000000000002e-05 2.693320000000000159e-05
7.905000000000000000e+03 2.613530000000000031e-05 2.694429999999999883e-05
7.906000000000000000e+03 2.614470000000000059e-05 2.695549999999999967e-05
7.907000000000000000e+03 2.615410000000000087e-05 2.696670000000000051e-05
7.908000000000000000e+03 2.616350000000000115e-05 2.697800000000000157e-05
7.909000000000000000e+03 2.617290000000000144e-05 2.698919999999999903e-05
7.910000000000000000e+03 2.618229999999999833e-05 2.700039999999999987e-05
7.911000000000000000e+03 2.619169999999999861e-05 2.701160000000000071e-05
7.912000000000000000e+03 2.620109999999999890e-05 2.702280000000000155e-05
7.913000000000000000e+03 2.621049999999999918e-05 2.703409999999999922e-05
7.914000000000000000e+03 2.621989999999999946e-05 2.704530000000000006e-05
7.915000000000000000e+03 2.622929999999999975e-05 2.705650000000000091e-05
7.916000000000000000e+03 2.623880000000000025e-05 2.706779999999999858e-05
7.917000000000000000e+03 2.624820000000000053e-05 2.707899999999999942e-05
7.918000000000000000e+03 2.625760000000000081e-05 2.709030000000000048e-05
7.919000000000000000e+03 2.626700000000000110e-05 2.710160000000000154e-05
7.920000000000000000e+03 2.627650000000000160e-05 2.711279999999999899e-05
7.921000000000000000e+03 2.628589999999999849e-05 2.712410000000000005e-05
7.922000000000000000e+03 2.629539999999999899e-05 2.713540000000000112e-05
7.923000000000000000e+03 2.630479999999999928e-05 2.714669999999999879e-05
7.924000000000000000e+03 2.631429999999999978e-05 2.715799999999999985e-05
7.925000000000000000e+03 2.632370000000000006e-05 2.716930000000000091e-05
7.926000000000000000e+03 2.633320000000000056e-05 2.718059999999999858e-05
7.927000000000000000e+03 2.634260000000000085e-05 2.719189999999999964e-05
7.928000000000000000e+03 2.635210000000000135e-05 2.720320000000000070e-05
7.929000000000000000e+03 2.636159999999999846e-05 2.721449999999999838e-05
7.930000000000000000e+03 2.637099999999999874e-05 2.722579999999999944e-05
7.931000000000000000e+03 2.638049999999999925e-05 2.723710000000000050e-05
7.932000000000000000e+03 2.638999999999999975e-05 2.724849999999999839e-05
7.933000000000000000e+03 2.639950000000000025e-05 2.725979999999999945e-05
7.934000000000000000e+03 2.640890000000000053e-05 2.727110000000000051e-05
7.935000000000000000e+03 2.641840000000000103e-05 2.728249999999999840e-05
7.936000000000000000e+03 2.642790000000000154e-05 2.729379999999999946e-05
7.937000000000000000e+03 2.643739999999999865e-05 2.730520000000000074e-05
7.938000000000000000e+03 2.644689999999999915e-05 2.731659999999999864e-05
7.939000000000000000e+03 2.645639999999999965e-05 2.732789999999999970e-05
7.940000000000000000e+03 2.646419999999999982e-05 2.733930000000000098e-05
7.941000000000000000e+03 2.647029999999999964e-05 2.735069999999999887e-05
7.942000000000000000e+03 2.647639999999999946e-05 2.736210000000000015e-05
7.943000000000000000e+03 2.648249999999999929e-05 2.737350000000000143e-05
7.944000000000000000e+03 2.648859999999999911e-05 2.738479999999999910e-05
7.945000000000000000e+03 2.649469999999999893e-05 2.739620000000000038e-05
7.946000000000000000e+03 2.650089999999999897e-05 2.740769999999999849e-05
7.947000000000000000e+03 2.650699999999999880e-05 2.741909999999999977e-05
7.948000000000000000e+03 2.651309999999999862e-05 2.743050000000000105e-05
7.949000000000000000e+03 2.651919999999999844e-05 2.744189999999999894e-05
7.950000000000000000e+03 2.652530000000000165e-05 2.745330000000000022e-05
7.951000000000000000e+03 2.653140000000000148e-05 2.746479999999999833e-05
7.952000000000000000e+03 2.653750000000000130e-05 2.747619999999999961e-05
7.953000000000000000e+03 2.654370000000000134e-05 2.748760000000000089e-05
7.954000000000000000e+03 2.654980000000000117e-05 2.749909999999999901e-05
7.955000000000000000e+03 2.655590000000000099e-05 2.751050000000000029e-05
7.956000000000000000e+03 2.656200000000000081e-05 2.752199999999999840e-05
7.957000000000000000e+03 2.656820000000000085e-05 2.753349999999999990e-05
7.958000000000000000e+03 2.657430000000000068e-05 2.754490000000000118e-05
7.959000000000000000e+03 2.658040000000000050e-05 2.755639999999999929e-05
7.960000000000000000e+03 2.658650000000000032e-05 2.756790000000000079e-05
7.961000000000000000e+03 2.659270000000000037e-05 2.757939999999999890e-05
7.962000000000000000e+03 2.659880000000000019e-05 2.759080000000000018e-05
7.963000000000000000e+03 2.660490000000000001e-05 2.760230000000000168e-05
7.964000000000000000e+03 2.661110000000000005e-05 2.761379999999999979e-05
7.965000000000000000e+03 2.661719999999999988e-05 2.762530000000000129e-05
7.966000000000000000e+03 2.662329999999999970e-05 2.763689999999999962e-05
7.967000000000000000e+03 2.662949999999999974e-05 2.764840000000000112e-05
7.968000000000000000e+03 2.663559999999999957e-05 2.765989999999999923e-05
7.969000000000000000e+03 2.664179999999999961e-05 2.767140000000000073e-05
7.970000000000000000e+03 2.664789999999999943e-05 2.768299999999999906e-05
7.971000000000000000e+03 2.665409999999999947e-05 2.769450000000000056e-05
7.972000000000000000e+03 2.666019999999999930e-05 2.770599999999999867e-05
7.973000000000000000e+03 2.666629999999999912e-05 2.771760000000000039e-05
7.974000000000000000e+03 2.667249999999999916e-05 2.772909999999999850e-05
7.975000000000000000e+03 2.667859999999999898e-05 2.774070000000000022e-05
7.976000000000000000e+03 2.668479999999999903e-05 2.775229999999999855e-05
7.977000000000000000e+03 2.669099999999999907e-05 2.776380000000000005e-05
7.978000000000000000e+03 2.669709999999999889e-05 2.777539999999999838e-05
7.979000000000000000e+03 2.670329999999999893e-05 2.778700000000000009e-05
7.980000000000000000e+03 1.000000000000000000e+07 2.779859999999999843e-05
7.981000000000000000e+03 1.000000000000000000e+07 2.781020000000000014e-05
7.982000000000000000e+03 1.000000000000000000e+07 2.782179999999999847e-05
7.983000000000000000e+03 1.000000000000000000e+07 2.783340000000000019e-05
7.984000000000000000e+03 1.000000000000000000e+07 2.784499999999999852e-05
7.985000000000000000e+03 1.000000000000000000e+07 2.785660000000000024e-05
7.986000000000000000e+03 1.000000000000000000e+07 2.786819999999999857e-05
7.987000000000000000e+03 1.000000000000000000e+07 2.787980000000000029e-05
7.988000000000000000e+03 1.000000000000000000e+07 2.789149999999999884e-05
7.989000000000000000e+03 1.000000000000000000e+07 2.790310000000000056e-05
7.990000000000000000e+03 1.000000000000000000e+07 2.791469999999999889e-05
7.991000000000000000e+03 1.000000000000000000e+07 2.792640000000000083e-05
7.992000000000000000e+03 1.000000000000000000e+07 2.793799999999999916e-05
7.993000000000000000e+03 1.000000000000000000e+07 2.794970000000000109e-05
7.994000000000000000e+03 1.000000000000000000e+07 2.796139999999999964e-05
7.995000000000000000e+03 1.000000000000000000e+07 2.797300000000000136e-05
7.996000000000000000e+03 1.000000000000000000e+07 2.798469999999999991e-05
7.997000000000000000e+03 1.000000000000000000e+07 2.799639999999999846e-05
7.998000000000000000e+03 1.000000000000000000e+07 2.800810000000000040e-05
7.999000000000000000e+03 1.000000000000000000e+07 2.801979999999999895e-05
8.000000000000000000e+03 1.000000000000000000e+07 2.803150000000000089e-05
