# from https://github.com/simonsobs/so_noise_models/tree/master/LAT_lensing_noise/lensing_v3_1_1/nlkk_v3_1_0_deproj0_SENS2_fsky0p4_it_lT30-3000_lP30-5000.dat, 
# (goal noise, more details in the README of that page)
# lensing convergence noise converted into lensing deflection (what montepython needs) by Nldd = 4*Nlkk/l/(l+1)
# a factor ell(ell+1)/2pi is multiplied to Nldd, since montepython divides by this factor when it reads the noise
# ell = [30, 3000], the lensing deflection noise has to be at the fourth column to be read by montepython
# ell   |   N_ell_TT   |   N_ell_EE |   N_ell_dd (* ell(ell+1)/2pi) 
3.000000000000000000e+01 0.000000000000000000e+00 0.000000000000000000e+00 1.380529074972271193e-08
3.100000000000000000e+01 0.000000000000000000e+00 0.000000000000000000e+00 1.381747565216582933e-08
3.200000000000000000e+01 0.000000000000000000e+00 0.000000000000000000e+00 1.383015711803139010e-08
3.300000000000000000e+01 0.000000000000000000e+00 0.000000000000000000e+00 1.384332878112167299e-08
3.400000000000000000e+01 0.000000000000000000e+00 0.000000000000000000e+00 1.385698427523895839e-08
3.500000000000000000e+01 0.000000000000000000e+00 0.000000000000000000e+00 1.387111086798779882e-08
3.600000000000000000e+01 0.000000000000000000e+00 0.000000000000000000e+00 1.388571492556590893e-08
3.700000000000000000e+01 0.000000000000000000e+00 0.000000000000000000e+00 1.390077734938012660e-08
3.800000000000000000e+01 0.000000000000000000e+00 0.000000000000000000e+00 1.391630450562816811e-08
3.900000000000000000e+01 0.000000000000000000e+00 0.000000000000000000e+00 1.393229002811232215e-08
4.000000000000000000e+01 0.000000000000000000e+00 0.000000000000000000e+00 1.394872755063485256e-08
4.100000000000000000e+01 0.000000000000000000e+00 0.000000000000000000e+00 1.396561707319576430e-08
4.200000000000000000e+01 0.000000000000000000e+00 0.000000000000000000e+00 1.398295222959733116e-08
4.300000000000000000e+01 0.000000000000000000e+00 0.000000000000000000e+00 1.400073938603728266e-08
4.400000000000000000e+01 0.000000000000000000e+00 0.000000000000000000e+00 1.401897217631789093e-08
4.500000000000000000e+01 0.000000000000000000e+00 0.000000000000000000e+00 1.403764423424143141e-08
4.600000000000000000e+01 0.000000000000000000e+00 0.000000000000000000e+00 1.405676192600563031e-08
4.700000000000000000e+01 0.000000000000000000e+00 0.000000000000000000e+00 1.407632525161048598e-08
4.800000000000000000e+01 0.000000000000000000e+00 0.000000000000000000e+00 1.409632784485827385e-08
4.900000000000000000e+01 0.000000000000000000e+00 0.000000000000000000e+00 1.411677607194672345e-08
5.000000000000000000e+01 0.000000000000000000e+00 0.000000000000000000e+00 1.413766356667810195e-08
5.100000000000000000e+01 0.000000000000000000e+00 0.000000000000000000e+00 1.415899032905241265e-08
5.200000000000000000e+01 0.000000000000000000e+00 0.000000000000000000e+00 1.418075635906966383e-08
5.300000000000000000e+01 0.000000000000000000e+00 0.000000000000000000e+00 1.420296165672984721e-08
5.400000000000000000e+01 0.000000000000000000e+00 0.000000000000000000e+00 1.422561258823068405e-08
5.500000000000000000e+01 0.000000000000000000e+00 0.000000000000000000e+00 1.424869642117673184e-08
5.600000000000000000e+01 0.000000000000000000e+00 0.000000000000000000e+00 1.427222588796343970e-08
5.700000000000000000e+01 0.000000000000000000e+00 0.000000000000000000e+00 1.429619462239307977e-08
5.800000000000000000e+01 0.000000000000000000e+00 0.000000000000000000e+00 1.432060899066337495e-08
5.900000000000000000e+01 0.000000000000000000e+00 0.000000000000000000e+00 1.434546262657660564e-08
6.000000000000000000e+01 0.000000000000000000e+00 0.000000000000000000e+00 1.437075553013277020e-08
6.100000000000000000e+01 0.000000000000000000e+00 0.000000000000000000e+00 1.439648770133186861e-08
6.200000000000000000e+01 0.000000000000000000e+00 0.000000000000000000e+00 1.442266550637162213e-08
6.300000000000000000e+01 0.000000000000000000e+00 0.000000000000000000e+00 1.444928894525203408e-08
6.400000000000000000e+01 0.000000000000000000e+00 0.000000000000000000e+00 1.447635801797310445e-08
6.500000000000000000e+01 0.000000000000000000e+00 0.000000000000000000e+00 1.450386635833710703e-08
6.600000000000000000e+01 0.000000000000000000e+00 0.000000000000000000e+00 1.453182033254176637e-08
6.700000000000000000e+01 0.000000000000000000e+00 0.000000000000000000e+00 1.456021994058708414e-08
6.800000000000000000e+01 0.000000000000000000e+00 0.000000000000000000e+00 1.458907154867078324e-08
6.900000000000000000e+01 0.000000000000000000e+00 0.000000000000000000e+00 1.461836879059514077e-08
7.000000000000000000e+01 0.000000000000000000e+00 0.000000000000000000e+00 1.464811166636015176e-08
7.100000000000000000e+01 0.000000000000000000e+00 0.000000000000000000e+00 1.467830017596582448e-08
7.200000000000000000e+01 0.000000000000000000e+00 0.000000000000000000e+00 1.470894068560987523e-08
7.300000000000000000e+01 0.000000000000000000e+00 0.000000000000000000e+00 1.474003319529230731e-08
7.400000000000000000e+01 0.000000000000000000e+00 0.000000000000000000e+00 1.477157770501312239e-08
7.500000000000000000e+01 0.000000000000000000e+00 0.000000000000000000e+00 1.480357421477231714e-08
7.600000000000000000e+01 0.000000000000000000e+00 0.000000000000000000e+00 1.483601635837216866e-08
7.700000000000000000e+01 0.000000000000000000e+00 0.000000000000000000e+00 1.486891686820812444e-08
7.800000000000000000e+01 0.000000000000000000e+00 0.000000000000000000e+00 1.490227574428018942e-08
7.900000000000000000e+01 0.000000000000000000e+00 0.000000000000000000e+00 1.493608662039063077e-08
8.000000000000000000e+01 0.000000000000000000e+00 0.000000000000000000e+00 1.497034949653945512e-08
8.100000000000000000e+01 0.000000000000000000e+00 0.000000000000000000e+00 1.500507710512210497e-08
8.200000000000000000e+01 0.000000000000000000e+00 0.000000000000000000e+00 1.504025671374313450e-08
8.300000000000000000e+01 0.000000000000000000e+00 0.000000000000000000e+00 1.507589468860027324e-08
8.400000000000000000e+01 0.000000000000000000e+00 0.000000000000000000e+00 1.511199739589123749e-08
8.500000000000000000e+01 0.000000000000000000e+00 0.000000000000000000e+00 1.514855846941830763e-08
8.600000000000000000e+01 0.000000000000000000e+00 0.000000000000000000e+00 1.518557790918148368e-08
8.700000000000000000e+01 0.000000000000000000e+00 0.000000000000000000e+00 1.522306844757620815e-08
8.800000000000000000e+01 0.000000000000000000e+00 0.000000000000000000e+00 1.526101098600931561e-08
8.900000000000000000e+01 0.000000000000000000e+00 0.000000000000000000e+00 1.529942462307397810e-08
9.000000000000000000e+01 0.000000000000000000e+00 0.000000000000000000e+00 1.533830299257246609e-08
9.100000000000000000e+01 0.000000000000000000e+00 0.000000000000000000e+00 1.537765246070250912e-08
9.200000000000000000e+01 0.000000000000000000e+00 0.000000000000000000e+00 1.541746029506865144e-08
9.300000000000000000e+01 0.000000000000000000e+00 0.000000000000000000e+00 1.545774559426407170e-08
9.400000000000000000e+01 0.000000000000000000e+00 0.000000000000000000e+00 1.549849562589332408e-08
9.500000000000000000e+01 0.000000000000000000e+00 0.000000000000000000e+00 1.553971038995640197e-08
9.600000000000000000e+01 0.000000000000000000e+00 0.000000000000000000e+00 1.558140261884875119e-08
9.700000000000000000e+01 0.000000000000000000e+00 0.000000000000000000e+00 1.562356594637265544e-08
9.800000000000000000e+01 0.000000000000000000e+00 0.000000000000000000e+00 1.566620673872583764e-08
9.900000000000000000e+01 0.000000000000000000e+00 0.000000000000000000e+00 1.570931226351284534e-08
1.000000000000000000e+02 0.000000000000000000e+00 0.000000000000000000e+00 1.575290161932685390e-08
1.010000000000000000e+02 0.000000000000000000e+00 0.000000000000000000e+00 1.579696207377241418e-08
1.020000000000000000e+02 0.000000000000000000e+00 0.000000000000000000e+00 1.584149999304724911e-08
1.030000000000000000e+02 0.000000000000000000e+00 0.000000000000000000e+00 1.588651537715135867e-08
1.040000000000000000e+02 0.000000000000000000e+00 0.000000000000000000e+00 1.593200822608474617e-08
1.050000000000000000e+02 0.000000000000000000e+00 0.000000000000000000e+00 1.597797853984741163e-08
1.060000000000000000e+02 0.000000000000000000e+00 0.000000000000000000e+00 1.602443268463707463e-08
1.070000000000000000e+02 0.000000000000000000e+00 0.000000000000000000e+00 1.607137066045373849e-08
1.080000000000000000e+02 0.000000000000000000e+00 0.000000000000000000e+00 1.611878610109967699e-08
1.090000000000000000e+02 0.000000000000000000e+00 0.000000000000000000e+00 1.616668537277261303e-08
1.100000000000000000e+02 0.000000000000000000e+00 0.000000000000000000e+00 1.621506847547254663e-08
1.110000000000000000e+02 0.000000000000000000e+00 0.000000000000000000e+00 1.626393540919948108e-08
1.120000000000000000e+02 0.000000000000000000e+00 0.000000000000000000e+00 1.631328617395341970e-08
1.130000000000000000e+02 0.000000000000000000e+00 0.000000000000000000e+00 1.636312076973435256e-08
1.140000000000000000e+02 0.000000000000000000e+00 0.000000000000000000e+00 1.641344556274000919e-08
1.150000000000000000e+02 0.000000000000000000e+00 0.000000000000000000e+00 1.646425418677266668e-08
1.160000000000000000e+02 0.000000000000000000e+00 0.000000000000000000e+00 1.651555300803004463e-08
1.170000000000000000e+02 0.000000000000000000e+00 0.000000000000000000e+00 1.656734202651214966e-08
1.180000000000000000e+02 0.000000000000000000e+00 0.000000000000000000e+00 1.661962124221897184e-08
1.190000000000000000e+02 0.000000000000000000e+00 0.000000000000000000e+00 1.667238428895279819e-08
1.200000000000000000e+02 0.000000000000000000e+00 0.000000000000000000e+00 1.672564389910907453e-08
1.210000000000000000e+02 0.000000000000000000e+00 0.000000000000000000e+00 1.677938734029234180e-08
1.220000000000000000e+02 0.000000000000000000e+00 0.000000000000000000e+00 1.683362734489806237e-08
1.230000000000000000e+02 0.000000000000000000e+00 0.000000000000000000e+00 1.688835754672850009e-08
1.240000000000000000e+02 0.000000000000000000e+00 0.000000000000000000e+00 1.694358431198138780e-08
1.250000000000000000e+02 0.000000000000000000e+00 0.000000000000000000e+00 1.699930127445900259e-08
1.260000000000000000e+02 0.000000000000000000e+00 0.000000000000000000e+00 1.705550843416133453e-08
1.270000000000000000e+02 0.000000000000000000e+00 0.000000000000000000e+00 1.711221215728611316e-08
1.280000000000000000e+02 0.000000000000000000e+00 0.000000000000000000e+00 1.716941244383334177e-08
1.290000000000000000e+02 0.000000000000000000e+00 0.000000000000000000e+00 1.722710292760529085e-08
1.300000000000000000e+02 0.000000000000000000e+00 0.000000000000000000e+00 1.728528997479968991e-08
1.310000000000000000e+02 0.000000000000000000e+00 0.000000000000000000e+00 1.734397358541653235e-08
1.320000000000000000e+02 0.000000000000000000e+00 0.000000000000000000e+00 1.740314739325810187e-08
1.330000000000000000e+02 0.000000000000000000e+00 0.000000000000000000e+00 1.746281776452211145e-08
1.340000000000000000e+02 0.000000000000000000e+00 0.000000000000000000e+00 1.752298469920857102e-08
1.350000000000000000e+02 0.000000000000000000e+00 0.000000000000000000e+00 1.758364183111975767e-08
1.360000000000000000e+02 0.000000000000000000e+00 0.000000000000000000e+00 1.764480189265111061e-08
1.370000000000000000e+02 0.000000000000000000e+00 0.000000000000000000e+00 1.770645215140718401e-08
1.380000000000000000e+02 0.000000000000000000e+00 0.000000000000000000e+00 1.776859260738798448e-08
1.390000000000000000e+02 0.000000000000000000e+00 0.000000000000000000e+00 1.783123599298895455e-08
1.400000000000000000e+02 0.000000000000000000e+00 0.000000000000000000e+00 1.789436957581464508e-08
1.410000000000000000e+02 0.000000000000000000e+00 0.000000000000000000e+00 1.795799972206278891e-08
1.420000000000000000e+02 0.000000000000000000e+00 0.000000000000000000e+00 1.802212006553565320e-08
1.430000000000000000e+02 0.000000000000000000e+00 0.000000000000000000e+00 1.808673060623323464e-08
1.440000000000000000e+02 0.000000000000000000e+00 0.000000000000000000e+00 1.815184407655099560e-08
1.450000000000000000e+02 0.000000000000000000e+00 0.000000000000000000e+00 1.821744137789574750e-08
1.460000000000000000e+02 0.000000000000000000e+00 0.000000000000000000e+00 1.828352887646522647e-08
1.470000000000000000e+02 0.000000000000000000e+00 0.000000000000000000e+00 1.835011293845715212e-08
1.480000000000000000e+02 0.000000000000000000e+00 0.000000000000000000e+00 1.841718719767379824e-08
1.490000000000000000e+02 0.000000000000000000e+00 0.000000000000000000e+00 1.848474528791744521e-08
1.500000000000000000e+02 0.000000000000000000e+00 0.000000000000000000e+00 1.855279357538581927e-08
1.510000000000000000e+02 0.000000000000000000e+00 0.000000000000000000e+00 1.862133206007891047e-08
1.520000000000000000e+02 0.000000000000000000e+00 0.000000000000000000e+00 1.869035437579900915e-08
1.530000000000000000e+02 0.000000000000000000e+00 0.000000000000000000e+00 1.875986052254609545e-08
1.540000000000000000e+02 0.000000000000000000e+00 0.000000000000000000e+00 1.882985050032018923e-08
1.550000000000000000e+02 0.000000000000000000e+00 0.000000000000000000e+00 1.890032430912128056e-08
1.560000000000000000e+02 0.000000000000000000e+00 0.000000000000000000e+00 1.897128194894936943e-08
1.570000000000000000e+02 0.000000000000000000e+00 0.000000000000000000e+00 1.904271068740901665e-08
1.580000000000000000e+02 0.000000000000000000e+00 0.000000000000000000e+00 1.911462325689565481e-08
1.590000000000000000e+02 0.000000000000000000e+00 0.000000000000000000e+00 1.918701329121157752e-08
1.600000000000000000e+02 0.000000000000000000e+00 0.000000000000000000e+00 1.925987442415904534e-08
1.610000000000000000e+02 0.000000000000000000e+00 0.000000000000000000e+00 1.933320665573806489e-08
1.620000000000000000e+02 0.000000000000000000e+00 0.000000000000000000e+00 1.940700998594863947e-08
1.630000000000000000e+02 0.000000000000000000e+00 0.000000000000000000e+00 1.948128441479076909e-08
1.640000000000000000e+02 0.000000000000000000e+00 0.000000000000000000e+00 1.955601720986899138e-08
1.650000000000000000e+02 0.000000000000000000e+00 0.000000000000000000e+00 1.963122110357877531e-08
1.660000000000000000e+02 0.000000000000000000e+00 0.000000000000000000e+00 1.970688336352466515e-08
1.670000000000000000e+02 0.000000000000000000e+00 0.000000000000000000e+00 1.978300398970665758e-08
1.680000000000000000e+02 0.000000000000000000e+00 0.000000000000000000e+00 1.985957661592703300e-08
1.690000000000000000e+02 0.000000000000000000e+00 0.000000000000000000e+00 1.993660760838350440e-08
1.700000000000000000e+02 0.000000000000000000e+00 0.000000000000000000e+00 2.001408423468064249e-08
1.710000000000000000e+02 0.000000000000000000e+00 0.000000000000000000e+00 2.009200649481843404e-08
1.720000000000000000e+02 0.000000000000000000e+00 0.000000000000000000e+00 2.017037438879688567e-08
1.730000000000000000e+02 0.000000000000000000e+00 0.000000000000000000e+00 2.024918155041826785e-08
1.740000000000000000e+02 0.000000000000000000e+00 0.000000000000000000e+00 2.032842797968258389e-08
1.750000000000000000e+02 0.000000000000000000e+00 0.000000000000000000e+00 2.040810094419438465e-08
1.760000000000000000e+02 0.000000000000000000e+00 0.000000000000000000e+00 2.048820681015139967e-08
1.770000000000000000e+02 0.000000000000000000e+00 0.000000000000000000e+00 2.056873921135589610e-08
1.780000000000000000e+02 0.000000000000000000e+00 0.000000000000000000e+00 2.064969178161016096e-08
1.790000000000000000e+02 0.000000000000000000e+00 0.000000000000000000e+00 2.073105815471645480e-08
1.800000000000000000e+02 0.000000000000000000e+00 0.000000000000000000e+00 2.081283833067479747e-08
1.810000000000000000e+02 0.000000000000000000e+00 0.000000000000000000e+00 2.089502594328745282e-08
1.820000000000000000e+02 0.000000000000000000e+00 0.000000000000000000e+00 2.097761462635669793e-08
1.830000000000000000e+02 0.000000000000000000e+00 0.000000000000000000e+00 2.106060437988253944e-08
1.840000000000000000e+02 0.000000000000000000e+00 0.000000000000000000e+00 2.114398883766724118e-08
1.850000000000000000e+02 0.000000000000000000e+00 0.000000000000000000e+00 2.122775526731536726e-08
1.860000000000000000e+02 0.000000000000000000e+00 0.000000000000000000e+00 2.131190366882691438e-08
1.870000000000000000e+02 0.000000000000000000e+00 0.000000000000000000e+00 2.139643404220188253e-08
1.880000000000000000e+02 0.000000000000000000e+00 0.000000000000000000e+00 2.148132728884710298e-08
1.890000000000000000e+02 0.000000000000000000e+00 0.000000000000000000e+00 2.156658977496029202e-08
1.900000000000000000e+02 0.000000000000000000e+00 0.000000000000000000e+00 2.165221513434373336e-08
1.910000000000000000e+02 0.000000000000000000e+00 0.000000000000000000e+00 2.173818426840424172e-08
1.920000000000000000e+02 0.000000000000000000e+00 0.000000000000000000e+00 2.182450354333957309e-08
1.930000000000000000e+02 0.000000000000000000e+00 0.000000000000000000e+00 2.191116022675424858e-08
1.940000000000000000e+02 0.000000000000000000e+00 0.000000000000000000e+00 2.199815431864827148e-08
1.950000000000000000e+02 0.000000000000000000e+00 0.000000000000000000e+00 2.208546672042848298e-08
1.960000000000000000e+02 0.000000000000000000e+00 0.000000000000000000e+00 2.217309743209488640e-08
1.970000000000000000e+02 0.000000000000000000e+00 0.000000000000000000e+00 2.226104008744974228e-08
1.980000000000000000e+02 0.000000000000000000e+00 0.000000000000000000e+00 2.234928195409761141e-08
1.990000000000000000e+02 0.000000000000000000e+00 0.000000000000000000e+00 2.243782303203849710e-08
2.000000000000000000e+02 0.000000000000000000e+00 0.000000000000000000e+00 2.252664422267922069e-08
2.010000000000000000e+02 0.000000000000000000e+00 0.000000000000000000e+00 2.261574552601978881e-08
2.020000000000000000e+02 0.000000000000000000e+00 0.000000000000000000e+00 2.270511420966474899e-08
2.030000000000000000e+02 0.000000000000000000e+00 0.000000000000000000e+00 2.279475027361410457e-08
2.040000000000000000e+02 0.000000000000000000e+00 0.000000000000000000e+00 2.288462825307696057e-08
2.050000000000000000e+02 0.000000000000000000e+00 0.000000000000000000e+00 2.297475451425103660e-08
2.060000000000000000e+02 0.000000000000000000e+00 0.000000000000000000e+00 2.306510995854316393e-08
2.070000000000000000e+02 0.000000000000000000e+00 0.000000000000000000e+00 2.315569458595335579e-08
2.080000000000000000e+02 0.000000000000000000e+00 0.000000000000000000e+00 2.324648293169069407e-08
2.090000000000000000e+02 0.000000000000000000e+00 0.000000000000000000e+00 2.333748136195291490e-08
2.100000000000000000e+02 0.000000000000000000e+00 0.000000000000000000e+00 2.342867077814684957e-08
2.110000000000000000e+02 0.000000000000000000e+00 0.000000000000000000e+00 2.352004481407476853e-08
2.120000000000000000e+02 0.000000000000000000e+00 0.000000000000000000e+00 2.361158437114349974e-08
2.130000000000000000e+02 0.000000000000000000e+00 0.000000000000000000e+00 2.370328944935304982e-08
2.140000000000000000e+02 0.000000000000000000e+00 0.000000000000000000e+00 2.379514095011024672e-08
2.150000000000000000e+02 0.000000000000000000e+00 0.000000000000000000e+00 2.388713250721736092e-08
2.160000000000000000e+02 0.000000000000000000e+00 0.000000000000000000e+00 2.397925138827895321e-08
2.170000000000000000e+02 0.000000000000000000e+00 0.000000000000000000e+00 2.407148486089956784e-08
2.180000000000000000e+02 0.000000000000000000e+00 0.000000000000000000e+00 2.416381382648603607e-08
2.190000000000000000e+02 0.000000000000000000e+00 0.000000000000000000e+00 2.425623828503836453e-08
2.200000000000000000e+02 0.000000000000000000e+00 0.000000000000000000e+00 2.434873913796337123e-08
2.210000000000000000e+02 0.000000000000000000e+00 0.000000000000000000e+00 2.444130365286561367e-08
2.220000000000000000e+02 0.000000000000000000e+00 0.000000000000000000e+00 2.453391909734965926e-08
2.230000000000000000e+02 0.000000000000000000e+00 0.000000000000000000e+00 2.462657910521775200e-08
2.240000000000000000e+02 0.000000000000000000e+00 0.000000000000000000e+00 2.471925821167902340e-08
2.250000000000000000e+02 0.000000000000000000e+00 0.000000000000000000e+00 2.481195005053574724e-08
2.260000000000000000e+02 0.000000000000000000e+00 0.000000000000000000e+00 2.490464188939246777e-08
2.270000000000000000e+02 0.000000000000000000e+00 0.000000000000000000e+00 2.499731462965601956e-08
2.280000000000000000e+02 0.000000000000000000e+00 0.000000000000000000e+00 2.508995553893095018e-08
2.290000000000000000e+02 0.000000000000000000e+00 0.000000000000000000e+00 2.518255825101954002e-08
2.300000000000000000e+02 0.000000000000000000e+00 0.000000000000000000e+00 2.527509730113088420e-08
2.310000000000000000e+02 0.000000000000000000e+00 0.000000000000000000e+00 2.536755995686955343e-08
2.320000000000000000e+02 0.000000000000000000e+00 0.000000000000000000e+00 2.545993985203781489e-08
2.330000000000000000e+02 0.000000000000000000e+00 0.000000000000000000e+00 2.555221152184477030e-08
2.340000000000000000e+02 0.000000000000000000e+00 0.000000000000000000e+00 2.564436860009270667e-08
2.350000000000000000e+02 0.000000000000000000e+00 0.000000000000000000e+00 2.573638562199071252e-08
2.360000000000000000e+02 0.000000000000000000e+00 0.000000000000000000e+00 2.582825622134107816e-08
2.370000000000000000e+02 0.000000000000000000e+00 0.000000000000000000e+00 2.591996129955062824e-08
2.380000000000000000e+02 0.000000000000000000e+00 0.000000000000000000e+00 2.601148175802619402e-08
2.390000000000000000e+02 0.000000000000000000e+00 0.000000000000000000e+00 2.610280486437231976e-08
2.400000000000000000e+02 0.000000000000000000e+00 0.000000000000000000e+00 2.619391788619356625e-08
2.410000000000000000e+02 0.000000000000000000e+00 0.000000000000000000e+00 2.628479535869904183e-08
2.420000000000000000e+02 0.000000000000000000e+00 0.000000000000000000e+00 2.637543091569101368e-08
2.430000000000000000e+02 0.000000000000000000e+00 0.000000000000000000e+00 2.646580545857631636e-08
2.440000000000000000e+02 0.000000000000000000e+00 0.000000000000000000e+00 2.655589988876177453e-08
2.450000000000000000e+02 0.000000000000000000e+00 0.000000000000000000e+00 2.664570147385194566e-08
2.460000000000000000e+02 0.000000000000000000e+00 0.000000000000000000e+00 2.673518474905593150e-08
2.470000000000000000e+02 0.000000000000000000e+00 0.000000000000000000e+00 2.682434334817601574e-08
2.480000000000000000e+02 0.000000000000000000e+00 0.000000000000000000e+00 2.691315817261901311e-08
2.490000000000000000e+02 0.000000000000000000e+00 0.000000000000000000e+00 2.700161012379176481e-08
2.500000000000000000e+02 0.000000000000000000e+00 0.000000000000000000e+00 2.708968010310110208e-08
2.510000000000000000e+02 0.000000000000000000e+00 0.000000000000000000e+00 2.717736174434928549e-08
2.520000000000000000e+02 0.000000000000000000e+00 0.000000000000000000e+00 2.726462321654771039e-08
2.530000000000000000e+02 0.000000000000000000e+00 0.000000000000000000e+00 2.735146451969637017e-08
2.540000000000000000e+02 0.000000000000000000e+00 0.000000000000000000e+00 2.743786018900437648e-08
2.550000000000000000e+02 0.000000000000000000e+00 0.000000000000000000e+00 2.752379112587855399e-08
2.560000000000000000e+02 0.000000000000000000e+00 0.000000000000000000e+00 2.760924459792345355e-08
2.570000000000000000e+02 0.000000000000000000e+00 0.000000000000000000e+00 2.769420150654590642e-08
2.580000000000000000e+02 0.000000000000000000e+00 0.000000000000000000e+00 2.777865548554819301e-08
2.590000000000000000e+02 0.000000000000000000e+00 0.000000000000000000e+00 2.786258107013940844e-08
2.600000000000000000e+02 0.000000000000000000e+00 0.000000000000000000e+00 2.794595916172638727e-08
2.610000000000000000e+02 0.000000000000000000e+00 0.000000000000000000e+00 2.802878339411140659e-08
2.620000000000000000e+02 0.000000000000000000e+00 0.000000000000000000e+00 2.811103466870130430e-08
2.630000000000000000e+02 0.000000000000000000e+00 0.000000000000000000e+00 2.819269388690289178e-08
2.640000000000000000e+02 0.000000000000000000e+00 0.000000000000000000e+00 2.827375468251845938e-08
2.650000000000000000e+02 0.000000000000000000e+00 0.000000000000000000e+00 2.835419159075710221e-08
2.660000000000000000e+02 0.000000000000000000e+00 0.000000000000000000e+00 2.843399187922338106e-08
2.670000000000000000e+02 0.000000000000000000e+00 0.000000000000000000e+00 2.851314918171956972e-08
2.680000000000000000e+02 0.000000000000000000e+00 0.000000000000000000e+00 2.859164439965248951e-08
2.690000000000000000e+02 0.000000000000000000e+00 0.000000000000000000e+00 2.866946480062669793e-08
2.700000000000000000e+02 0.000000000000000000e+00 0.000000000000000000e+00 2.874659128604903617e-08
2.710000000000000000e+02 0.000000000000000000e+00 0.000000000000000000e+00 2.882301748972176145e-08
2.720000000000000000e+02 0.000000000000000000e+00 0.000000000000000000e+00 2.889872431305171498e-08
2.730000000000000000e+02 0.000000000000000000e+00 0.000000000000000000e+00 2.897370538984116392e-08
2.740000000000000000e+02 0.000000000000000000e+00 0.000000000000000000e+00 2.904794798769467567e-08
2.750000000000000000e+02 0.000000000000000000e+00 0.000000000000000000e+00 2.912143937421678786e-08
2.760000000000000000e+02 0.000000000000000000e+00 0.000000000000000000e+00 2.919416045081433839e-08
2.770000000000000000e+02 0.000000000000000000e+00 0.000000000000000000e+00 2.926611758368504685e-08
2.780000000000000000e+02 0.000000000000000000e+00 0.000000000000000000e+00 2.933728530803801167e-08
2.790000000000000000e+02 0.000000000000000000e+00 0.000000000000000000e+00 2.940766362387324939e-08
2.800000000000000000e+02 0.000000000000000000e+00 0.000000000000000000e+00 2.947723343259758136e-08
2.810000000000000000e+02 0.000000000000000000e+00 0.000000000000000000e+00 2.954600110040872717e-08
2.820000000000000000e+02 0.000000000000000000e+00 0.000000000000000000e+00 2.961394116251579848e-08
2.830000000000000000e+02 0.000000000000000000e+00 0.000000000000000000e+00 2.968105361891878538e-08
2.840000000000000000e+02 0.000000000000000000e+00 0.000000000000000000e+00 2.974733210341997156e-08
2.850000000000000000e+02 0.000000000000000000e+00 0.000000000000000000e+00 2.981277661601936033e-08
2.860000000000000000e+02 0.000000000000000000e+00 0.000000000000000000e+00 2.987736805812377304e-08
2.870000000000000000e+02 0.000000000000000000e+00 0.000000000000000000e+00 2.994110642973322292e-08
2.880000000000000000e+02 0.000000000000000000e+00 0.000000000000000000e+00 3.000398536464996058e-08
2.890000000000000000e+02 0.000000000000000000e+00 0.000000000000000000e+00 3.006600486287401911e-08
2.900000000000000000e+02 0.000000000000000000e+00 0.000000000000000000e+00 3.012715855820764251e-08
2.910000000000000000e+02 0.000000000000000000e+00 0.000000000000000000e+00 3.018744008445312774e-08
2.920000000000000000e+02 0.000000000000000000e+00 0.000000000000000000e+00 3.024685580780820430e-08
2.930000000000000000e+02 0.000000000000000000e+00 0.000000000000000000e+00 3.030539299587738668e-08
2.940000000000000000e+02 0.000000000000000000e+00 0.000000000000000000e+00 3.036305801485845734e-08
2.950000000000000000e+02 0.000000000000000000e+00 0.000000000000000000e+00 3.041984449855364044e-08
2.960000000000000000e+02 0.000000000000000000e+00 0.000000000000000000e+00 3.047575881316068535e-08
2.970000000000000000e+02 0.000000000000000000e+00 0.000000000000000000e+00 3.053079459248186254e-08
2.980000000000000000e+02 0.000000000000000000e+00 0.000000000000000000e+00 3.058495820271489493e-08
2.990000000000000000e+02 0.000000000000000000e+00 0.000000000000000000e+00 3.063824964385978914e-08
3.000000000000000000e+02 0.000000000000000000e+00 0.000000000000000000e+00 3.069066891591653192e-08
3.010000000000000000e+02 0.000000000000000000e+00 0.000000000000000000e+00 3.074222238508285944e-08
3.020000000000000000e+02 0.000000000000000000e+00 0.000000000000000000e+00 3.079291005135876506e-08
3.030000000000000000e+02 0.000000000000000000e+00 0.000000000000000000e+00 3.084274464713970123e-08
3.040000000000000000e+02 0.000000000000000000e+00 0.000000000000000000e+00 3.089171980622793842e-08
3.050000000000000000e+02 0.000000000000000000e+00 0.000000000000000000e+00 3.093984189482119954e-08
3.060000000000000000e+02 0.000000000000000000e+00 0.000000000000000000e+00 3.098712364531495027e-08
3.070000000000000000e+02 0.000000000000000000e+00 0.000000000000000000e+00 3.103356505770915752e-08
3.080000000000000000e+02 0.000000000000000000e+00 0.000000000000000000e+00 3.107917249820157068e-08
3.090000000000000000e+02 0.000000000000000000e+00 0.000000000000000000e+00 3.112395869918762894e-08
3.100000000000000000e+02 0.000000000000000000e+00 0.000000000000000000e+00 3.116792366066733893e-08
3.110000000000000000e+02 0.000000000000000000e+00 0.000000000000000000e+00 3.121108011503613985e-08
3.120000000000000000e+02 0.000000000000000000e+00 0.000000000000000000e+00 3.125343442849174800e-08
3.130000000000000000e+02 0.000000000000000000e+00 0.000000000000000000e+00 3.129499296723190615e-08
3.140000000000000000e+02 0.000000000000000000e+00 0.000000000000000000e+00 3.133576846365204687e-08
3.150000000000000000e+02 0.000000000000000000e+00 0.000000000000000000e+00 3.137577365014762923e-08
3.160000000000000000e+02 0.000000000000000000e+00 0.000000000000000000e+00 3.141500852671864661e-08
3.170000000000000000e+02 0.000000000000000000e+00 0.000000000000000000e+00 3.145348582576053822e-08
3.180000000000000000e+02 0.000000000000000000e+00 0.000000000000000000e+00 3.149121827966876973e-08
3.190000000000000000e+02 0.000000000000000000e+00 0.000000000000000000e+00 3.152821225464105083e-08
3.200000000000000000e+02 0.000000000000000000e+00 0.000000000000000000e+00 3.156448048307282071e-08
3.210000000000000000e+02 0.000000000000000000e+00 0.000000000000000000e+00 3.160003569735955829e-08
3.220000000000000000e+02 0.000000000000000000e+00 0.000000000000000000e+00 3.163488426369895339e-08
3.230000000000000000e+02 0.000000000000000000e+00 0.000000000000000000e+00 3.166903891448647830e-08
3.240000000000000000e+02 0.000000000000000000e+00 0.000000000000000000e+00 3.170250601591984271e-08
3.250000000000000000e+02 0.000000000000000000e+00 0.000000000000000000e+00 3.173530466659222197e-08
3.260000000000000000e+02 0.000000000000000000e+00 0.000000000000000000e+00 3.176743486650361607e-08
3.270000000000000000e+02 0.000000000000000000e+00 0.000000000000000000e+00 3.179892208044491667e-08
3.280000000000000000e+02 0.000000000000000000e+00 0.000000000000000000e+00 3.182975994221840084e-08
3.290000000000000000e+02 0.000000000000000000e+00 0.000000000000000000e+00 3.185997391661496687e-08
3.300000000000000000e+02 0.000000000000000000e+00 0.000000000000000000e+00 3.188956400363460812e-08
3.310000000000000000e+02 0.000000000000000000e+00 0.000000000000000000e+00 3.191854930187050657e-08
3.320000000000000000e+02 0.000000000000000000e+00 0.000000000000000000e+00 3.194693617752037190e-08
3.330000000000000000e+02 0.000000000000000000e+00 0.000000000000000000e+00 3.197473099678194686e-08
3.340000000000000000e+02 0.000000000000000000e+00 0.000000000000000000e+00 3.200195285824838697e-08
3.350000000000000000e+02 0.000000000000000000e+00 0.000000000000000000e+00 3.202860812811741513e-08
3.360000000000000000e+02 0.000000000000000000e+00 0.000000000000000000e+00 3.205470953878448379e-08
3.370000000000000000e+02 0.000000000000000000e+00 0.000000000000000000e+00 3.208025709024959294e-08
3.380000000000000000e+02 0.000000000000000000e+00 0.000000000000000000e+00 3.210526988110591794e-08
3.390000000000000000e+02 0.000000000000000000e+00 0.000000000000000000e+00 3.212976064374889799e-08
3.400000000000000000e+02 0.000000000000000000e+00 0.000000000000000000e+00 3.215372301198081680e-08
3.410000000000000000e+02 0.000000000000000000e+00 0.000000000000000000e+00 3.217718245059255940e-08
3.420000000000000000e+02 0.000000000000000000e+00 0.000000000000000000e+00 3.220014532578186193e-08
3.430000000000000000e+02 0.000000000000000000e+00 0.000000000000000000e+00 3.222261163754870455e-08
3.440000000000000000e+02 0.000000000000000000e+00 0.000000000000000000e+00 3.224460048448628908e-08
3.450000000000000000e+02 0.000000000000000000e+00 0.000000000000000000e+00 3.226611186659458904e-08
3.460000000000000000e+02 0.000000000000000000e+00 0.000000000000000000e+00 3.228715851626905688e-08
3.470000000000000000e+02 0.000000000000000000e+00 0.000000000000000000e+00 3.230774679970742874e-08
3.480000000000000000e+02 0.000000000000000000e+00 0.000000000000000000e+00 3.232788308310741430e-08
3.490000000000000000e+02 0.000000000000000000e+00 0.000000000000000000e+00 3.234758646506219554e-08
3.500000000000000000e+02 0.000000000000000000e+00 0.000000000000000000e+00 3.236684421317631339e-08
3.510000000000000000e+02 0.000000000000000000e+00 0.000000000000000000e+00 3.238568179224066611e-08
3.520000000000000000e+02 0.000000000000000000e+00 0.000000000000000000e+00 3.240409920225526695e-08
3.530000000000000000e+02 0.000000000000000000e+00 0.000000000000000000e+00 3.242210917561554188e-08
3.540000000000000000e+02 0.000000000000000000e+00 0.000000000000000000e+00 3.243970534612377459e-08
3.550000000000000000e+02 0.000000000000000000e+00 0.000000000000000000e+00 3.245690681237314707e-08
3.560000000000000000e+02 0.000000000000000000e+00 0.000000000000000000e+00 3.247371994056137560e-08
3.570000000000000000e+02 0.000000000000000000e+00 0.000000000000000000e+00 3.249014473068846680e-08
3.580000000000000000e+02 0.000000000000000000e+00 0.000000000000000000e+00 3.250619391514984664e-08
3.590000000000000000e+02 0.000000000000000000e+00 0.000000000000000000e+00 3.252186749394553498e-08
3.600000000000000000e+02 0.000000000000000000e+00 0.000000000000000000e+00 3.253717819947097103e-08
3.610000000000000000e+02 0.000000000000000000e+00 0.000000000000000000e+00 3.255212603172617462e-08
3.620000000000000000e+02 0.000000000000000000e+00 0.000000000000000000e+00 3.256672372310655851e-08
3.630000000000000000e+02 0.000000000000000000e+00 0.000000000000000000e+00 3.258097127361214255e-08
3.640000000000000000e+02 0.000000000000000000e+00 0.000000000000000000e+00 3.259488141563837254e-08
3.650000000000000000e+02 0.000000000000000000e+00 0.000000000000000000e+00 3.260845414918525513e-08
3.660000000000000000e+02 0.000000000000000000e+00 0.000000000000000000e+00 3.262169584045050659e-08
3.670000000000000000e+02 0.000000000000000000e+00 0.000000000000000000e+00 3.263461922182955952e-08
3.680000000000000000e+02 0.000000000000000000e+00 0.000000000000000000e+00 3.264721792712471086e-08
3.690000000000000000e+02 0.000000000000000000e+00 0.000000000000000000e+00 3.265951105492912934e-08
3.700000000000000000e+02 0.000000000000000000e+00 0.000000000000000000e+00 3.267149860524281497e-08
3.710000000000000000e+02 0.000000000000000000e+00 0.000000000000000000e+00 3.268318694426349065e-08
3.720000000000000000e+02 0.000000000000000000e+00 0.000000000000000000e+00 3.269457607199113653e-08
3.730000000000000000e+02 0.000000000000000000e+00 0.000000000000000000e+00 3.270568508701894782e-08
3.740000000000000000e+02 0.000000000000000000e+00 0.000000000000000000e+00 3.271650762314920161e-08
3.750000000000000000e+02 0.000000000000000000e+00 0.000000000000000000e+00 3.272705641277733049e-08
3.760000000000000000e+02 0.000000000000000000e+00 0.000000000000000000e+00 3.273733782210107060e-08
3.770000000000000000e+02 0.000000000000000000e+00 0.000000000000000000e+00 3.274735185112041532e-08
3.780000000000000000e+02 0.000000000000000000e+00 0.000000000000000000e+00 3.275711123223081048e-08
3.790000000000000000e+02 0.000000000000000000e+00 0.000000000000000000e+00 3.276661596543225608e-08
3.800000000000000000e+02 0.000000000000000000e+00 0.000000000000000000e+00 3.277587878312020456e-08
3.810000000000000000e+02 0.000000000000000000e+00 0.000000000000000000e+00 3.278489968529464930e-08
3.820000000000000000e+02 0.000000000000000000e+00 0.000000000000000000e+00 3.279368503815332645e-08
3.830000000000000000e+02 0.000000000000000000e+00 0.000000000000000000e+00 3.280225394028939151e-08
3.840000000000000000e+02 0.000000000000000000e+00 0.000000000000000000e+00 3.281059365930741189e-08
3.850000000000000000e+02 0.000000000000000000e+00 0.000000000000000000e+00 3.281872329380054310e-08
3.860000000000000000e+02 0.000000000000000000e+00 0.000000000000000000e+00 3.282664284376879836e-08
3.870000000000000000e+02 0.000000000000000000e+00 0.000000000000000000e+00 3.283436504160761026e-08
3.880000000000000000e+02 0.000000000000000000e+00 0.000000000000000000e+00 3.284188988731699866e-08
3.890000000000000000e+02 0.000000000000000000e+00 0.000000000000000000e+00 3.284923011329239615e-08
3.900000000000000000e+02 0.000000000000000000e+00 0.000000000000000000e+00 3.285638571953380273e-08
3.910000000000000000e+02 0.000000000000000000e+00 0.000000000000000000e+00 3.286336943843667745e-08
3.920000000000000000e+02 0.000000000000000000e+00 0.000000000000000000e+00 3.287018127000101370e-08
3.930000000000000000e+02 0.000000000000000000e+00 0.000000000000000000e+00 3.287683394662225730e-08
3.940000000000000000e+02 0.000000000000000000e+00 0.000000000000000000e+00 3.288333383449813116e-08
3.950000000000000000e+02 0.000000000000000000e+00 0.000000000000000000e+00 3.288968729982635819e-08
3.960000000000000000e+02 0.000000000000000000e+00 0.000000000000000000e+00 3.289589434260694502e-08
3.970000000000000000e+02 0.000000000000000000e+00 0.000000000000000000e+00 3.290197406143305376e-08
3.980000000000000000e+02 0.000000000000000000e+00 0.000000000000000000e+00 3.290792009010696812e-08
3.990000000000000000e+02 0.000000000000000000e+00 0.000000000000000000e+00 3.291375152722185021e-08
4.000000000000000000e+02 0.000000000000000000e+00 0.000000000000000000e+00 3.291946837277771327e-08
4.010000000000000000e+02 0.000000000000000000e+00 0.000000000000000000e+00 3.292508335916998989e-08
4.020000000000000000e+02 0.000000000000000000e+00 0.000000000000000000e+00 3.293059648639869330e-08
4.030000000000000000e+02 0.000000000000000000e+00 0.000000000000000000e+00 3.293602048685926933e-08
4.040000000000000000e+02 0.000000000000000000e+00 0.000000000000000000e+00 3.294135536055171135e-08
4.050000000000000000e+02 0.000000000000000000e+00 0.000000000000000000e+00 3.294661383987146520e-08
4.060000000000000000e+02 0.000000000000000000e+00 0.000000000000000000e+00 3.295180229101626041e-08
4.070000000000000000e+02 0.000000000000000000e+00 0.000000000000000000e+00 3.295693344638154940e-08
4.080000000000000000e+02 0.000000000000000000e+00 0.000000000000000000e+00 3.296200093976958942e-08
4.090000000000000000e+02 0.000000000000000000e+00 0.000000000000000000e+00 3.296702386977356906e-08
4.100000000000000000e+02 0.000000000000000000e+00 0.000000000000000000e+00 3.297200223639348171e-08
4.110000000000000000e+02 0.000000000000000000e+00 0.000000000000000000e+00 3.297694877202477979e-08
4.120000000000000000e+02 0.000000000000000000e+00 0.000000000000000000e+00 3.298186347666746331e-08
4.130000000000000000e+02 0.000000000000000000e+00 0.000000000000000000e+00 3.298675908271697148e-08
4.140000000000000000e+02 0.000000000000000000e+00 0.000000000000000000e+00 3.299163559017329768e-08
4.150000000000000000e+02 0.000000000000000000e+00 0.000000000000000000e+00 3.299651209762963711e-08
4.160000000000000000e+02 0.000000000000000000e+00 0.000000000000000000e+00 3.300138860508597654e-08
4.170000000000000000e+02 0.000000000000000000e+00 0.000000000000000000e+00 3.300626511254230936e-08
4.180000000000000000e+02 0.000000000000000000e+00 0.000000000000000000e+00 3.301116071859181753e-08
4.190000000000000000e+02 0.000000000000000000e+00 0.000000000000000000e+00 3.301607542323448781e-08
4.200000000000000000e+02 0.000000000000000000e+00 0.000000000000000000e+00 3.302101559266806960e-08
4.210000000000000000e+02 0.000000000000000000e+00 0.000000000000000000e+00 3.302599395928798224e-08
4.220000000000000000e+02 0.000000000000000000e+00 0.000000000000000000e+00 3.303101052309423897e-08
4.230000000000000000e+02 0.000000000000000000e+00 0.000000000000000000e+00 3.303607801648227900e-08
4.240000000000000000e+02 0.000000000000000000e+00 0.000000000000000000e+00 3.304119643945212217e-08
4.250000000000000000e+02 0.000000000000000000e+00 0.000000000000000000e+00 3.304637852439918784e-08
4.260000000000000000e+02 0.000000000000000000e+00 0.000000000000000000e+00 3.305163063752121878e-08
4.270000000000000000e+02 0.000000000000000000e+00 0.000000000000000000e+00 3.305695277881821498e-08
4.280000000000000000e+02 0.000000000000000000e+00 0.000000000000000000e+00 3.306235768068561565e-08
4.290000000000000000e+02 0.000000000000000000e+00 0.000000000000000000e+00 3.306784534312342742e-08
4.300000000000000000e+02 0.000000000000000000e+00 0.000000000000000000e+00 3.307343486472481239e-08
4.310000000000000000e+02 0.000000000000000000e+00 0.000000000000000000e+00 3.307911987929206089e-08
4.320000000000000000e+02 0.000000000000000000e+00 0.000000000000000000e+00 3.308490675302287598e-08
4.330000000000000000e+02 0.000000000000000000e+00 0.000000000000000000e+00 3.309080821831272333e-08
4.340000000000000000e+02 0.000000000000000000e+00 0.000000000000000000e+00 3.309683064135931925e-08
4.350000000000000000e+02 0.000000000000000000e+00 0.000000000000000000e+00 3.310297402216266373e-08
4.360000000000000000e+02 0.000000000000000000e+00 0.000000000000000000e+00 3.310925109311821582e-08
4.370000000000000000e+02 0.000000000000000000e+00 0.000000000000000000e+00 3.311566185422595568e-08
4.380000000000000000e+02 0.000000000000000000e+00 0.000000000000000000e+00 3.312221267168361946e-08
4.390000000000000000e+02 0.000000000000000000e+00 0.000000000000000000e+00 3.312890991168892344e-08
4.400000000000000000e+02 0.000000000000000000e+00 0.000000000000000000e+00 3.313575994043960378e-08
4.410000000000000000e+02 0.000000000000000000e+00 0.000000000000000000e+00 3.314276912413337014e-08
4.420000000000000000e+02 0.000000000000000000e+00 0.000000000000000000e+00 3.314994382896794545e-08
4.430000000000000000e+02 0.000000000000000000e+00 0.000000000000000000e+00 3.315729042114106585e-08
4.440000000000000000e+02 0.000000000000000000e+00 0.000000000000000000e+00 3.316480890065273135e-08
4.450000000000000000e+02 0.000000000000000000e+00 0.000000000000000000e+00 3.317250563370065822e-08
4.460000000000000000e+02 0.000000000000000000e+00 0.000000000000000000e+00 3.318038062028483986e-08
4.470000000000000000e+02 0.000000000000000000e+00 0.000000000000000000e+00 3.318845295899845824e-08
4.480000000000000000e+02 0.000000000000000000e+00 0.000000000000000000e+00 3.319671628364379706e-08
4.490000000000000000e+02 0.000000000000000000e+00 0.000000000000000000e+00 3.320518332661628892e-08
4.500000000000000000e+02 0.000000000000000000e+00 0.000000000000000000e+00 3.321384772171820427e-08
4.510000000000000000e+02 0.000000000000000000e+00 0.000000000000000000e+00 3.322272856754273172e-08
4.520000000000000000e+02 0.000000000000000000e+00 0.000000000000000000e+00 3.323181949789213511e-08
4.530000000000000000e+02 0.000000000000000000e+00 0.000000000000000000e+00 3.324112687896415720e-08
4.540000000000000000e+02 0.000000000000000000e+00 0.000000000000000000e+00 3.325065071075877154e-08
4.550000000000000000e+02 0.000000000000000000e+00 0.000000000000000000e+00 3.326041009186916670e-08
4.560000000000000000e+02 0.000000000000000000e+00 0.000000000000000000e+00 3.327039228989989025e-08
4.570000000000000000e+02 0.000000000000000000e+00 0.000000000000000000e+00 3.328061003724639462e-08
4.580000000000000000e+02 0.000000000000000000e+00 0.000000000000000000e+00 3.329106970010638949e-08
4.590000000000000000e+02 0.000000000000000000e+00 0.000000000000000000e+00 3.330176491228217181e-08
4.600000000000000000e+02 0.000000000000000000e+00 0.000000000000000000e+00 3.331270840616916754e-08
4.610000000000000000e+02 0.000000000000000000e+00 0.000000000000000000e+00 3.332390018176738993e-08
4.620000000000000000e+02 0.000000000000000000e+00 0.000000000000000000e+00 3.333534660527456849e-08
4.630000000000000000e+02 0.000000000000000000e+00 0.000000000000000000e+00 3.334704767669067676e-08
4.640000000000000000e+02 0.000000000000000000e+00 0.000000000000000000e+00 3.335900976221346412e-08
4.650000000000000000e+02 0.000000000000000000e+00 0.000000000000000000e+00 3.337123286184291733e-08
4.660000000000000000e+02 0.000000000000000000e+00 0.000000000000000000e+00 3.338371697557903641e-08
4.670000000000000000e+02 0.000000000000000000e+00 0.000000000000000000e+00 3.339647483581729363e-08
4.680000000000000000e+02 0.000000000000000000e+00 0.000000000000000000e+00 3.340950007635993300e-08
4.690000000000000000e+02 0.000000000000000000e+00 0.000000000000000000e+00 3.342279269720696776e-08
4.700000000000000000e+02 0.000000000000000000e+00 0.000000000000000000e+00 3.343637179695156663e-08
4.710000000000000000e+02 0.000000000000000000e+00 0.000000000000000000e+00 3.345022464319829043e-08
4.720000000000000000e+02 0.000000000000000000e+00 0.000000000000000000e+00 3.346435760214485543e-08
4.730000000000000000e+02 0.000000000000000000e+00 0.000000000000000000e+00 3.347877067379124840e-08
4.740000000000000000e+02 0.000000000000000000e+00 0.000000000000000000e+00 3.349347659053294165e-08
4.750000000000000000e+02 0.000000000000000000e+00 0.000000000000000000e+00 3.350846261997447610e-08
4.760000000000000000e+02 0.000000000000000000e+00 0.000000000000000000e+00 3.352374149451129758e-08
4.770000000000000000e+02 0.000000000000000000e+00 0.000000000000000000e+00 3.353930684794568318e-08
4.780000000000000000e+02 0.000000000000000000e+00 0.000000000000000000e+00 3.355516504647535582e-08
4.790000000000000000e+02 0.000000000000000000e+00 0.000000000000000000e+00 3.357132245629805164e-08
4.800000000000000000e+02 0.000000000000000000e+00 0.000000000000000000e+00 3.358777271121602787e-08
4.810000000000000000e+02 0.000000000000000000e+00 0.000000000000000000e+00 3.360451581122929775e-08
4.820000000000000000e+02 0.000000000000000000e+00 0.000000000000000000e+00 3.362155812253558419e-08
4.830000000000000000e+02 0.000000000000000000e+00 0.000000000000000000e+00 3.363889964513486073e-08
4.840000000000000000e+02 0.000000000000000000e+00 0.000000000000000000e+00 3.365654037902717368e-08
4.850000000000000000e+02 0.000000000000000000e+00 0.000000000000000000e+00 3.367448669041021287e-08
4.860000000000000000e+02 0.000000000000000000e+00 0.000000000000000000e+00 3.369272584688855232e-08
4.870000000000000000e+02 0.000000000000000000e+00 0.000000000000000000e+00 3.371127058085761802e-08
4.880000000000000000e+02 0.000000000000000000e+00 0.000000000000000000e+00 3.373012089231742319e-08
4.890000000000000000e+02 0.000000000000000000e+00 0.000000000000000000e+00 3.374927041507023830e-08
4.900000000000000000e+02 0.000000000000000000e+00 0.000000000000000000e+00 3.376872551531379289e-08
4.910000000000000000e+02 0.000000000000000000e+00 0.000000000000000000e+00 3.378847982685035742e-08
4.920000000000000000e+02 0.000000000000000000e+00 0.000000000000000000e+00 3.380853971587765480e-08
4.930000000000000000e+02 0.000000000000000000e+00 0.000000000000000000e+00 3.382890518239569828e-08
4.940000000000000000e+02 0.000000000000000000e+00 0.000000000000000000e+00 3.384956986020674509e-08
4.950000000000000000e+02 0.000000000000000000e+00 0.000000000000000000e+00 3.387054011550853798e-08
4.960000000000000000e+02 0.000000000000000000e+00 0.000000000000000000e+00 3.389180958210333421e-08
4.970000000000000000e+02 0.000000000000000000e+00 0.000000000000000000e+00 3.391338462618887652e-08
4.980000000000000000e+02 0.000000000000000000e+00 0.000000000000000000e+00 3.393525888156742216e-08
4.990000000000000000e+02 0.000000000000000000e+00 0.000000000000000000e+00 3.395743234823899098e-08
5.000000000000000000e+02 0.000000000000000000e+00 0.000000000000000000e+00 3.397991139240128604e-08
5.010000000000000000e+02 0.000000000000000000e+00 0.000000000000000000e+00 3.400268328165887475e-08
5.020000000000000000e+02 0.000000000000000000e+00 0.000000000000000000e+00 3.402575438220947340e-08
5.030000000000000000e+02 0.000000000000000000e+00 0.000000000000000000e+00 3.404911832785536571e-08
5.040000000000000000e+02 0.000000000000000000e+00 0.000000000000000000e+00 3.407278148479426796e-08
5.050000000000000000e+02 0.000000000000000000e+00 0.000000000000000000e+00 3.409673748682845724e-08
5.060000000000000000e+02 0.000000000000000000e+00 0.000000000000000000e+00 3.412098633395794017e-08
5.070000000000000000e+02 0.000000000000000000e+00 0.000000000000000000e+00 3.414552165998498722e-08
5.080000000000000000e+02 0.000000000000000000e+00 0.000000000000000000e+00 3.417034983110732130e-08
5.090000000000000000e+02 0.000000000000000000e+00 0.000000000000000000e+00 3.419546448112722613e-08
5.100000000000000000e+02 0.000000000000000000e+00 0.000000000000000000e+00 3.422085924384696554e-08
5.110000000000000000e+02 0.000000000000000000e+00 0.000000000000000000e+00 3.424654685166200522e-08
5.120000000000000000e+02 0.000000000000000000e+00 0.000000000000000000e+00 3.427250820597914996e-08
5.130000000000000000e+02 0.000000000000000000e+00 0.000000000000000000e+00 3.429874967299614253e-08
5.140000000000000000e+02 0.000000000000000000e+00 0.000000000000000000e+00 3.432526488651525340e-08
5.150000000000000000e+02 0.000000000000000000e+00 0.000000000000000000e+00 3.435205384653648256e-08
5.160000000000000000e+02 0.000000000000000000e+00 0.000000000000000000e+00 3.437911655305982340e-08
5.170000000000000000e+02 0.000000000000000000e+00 0.000000000000000000e+00 3.440644663988756625e-08
5.180000000000000000e+02 0.000000000000000000e+00 0.000000000000000000e+00 3.443403774082197495e-08
5.190000000000000000e+02 0.000000000000000000e+00 0.000000000000000000e+00 3.446189622206078566e-08
5.200000000000000000e+02 0.000000000000000000e+00 0.000000000000000000e+00 3.449001571740626222e-08
5.210000000000000000e+02 0.000000000000000000e+00 0.000000000000000000e+00 3.451838986066068172e-08
5.220000000000000000e+02 0.000000000000000000e+00 0.000000000000000000e+00 3.454701865182405078e-08
5.230000000000000000e+02 0.000000000000000000e+00 0.000000000000000000e+00 3.457589572469864650e-08
5.240000000000000000e+02 0.000000000000000000e+00 0.000000000000000000e+00 3.460502107928446224e-08
5.250000000000000000e+02 0.000000000000000000e+00 0.000000000000000000e+00 3.463438834938378173e-08
5.260000000000000000e+02 0.000000000000000000e+00 0.000000000000000000e+00 3.466399753499659172e-08
5.270000000000000000e+02 0.000000000000000000e+00 0.000000000000000000e+00 3.469384863612290544e-08
5.280000000000000000e+02 0.000000000000000000e+00 0.000000000000000000e+00 3.472392255416956079e-08
5.290000000000000000e+02 0.000000000000000000e+00 0.000000000000000000e+00 3.475423202153197710e-08
5.300000000000000000e+02 0.000000000000000000e+00 0.000000000000000000e+00 3.478476430581472842e-08
5.310000000000000000e+02 0.000000000000000000e+00 0.000000000000000000e+00 3.481551304082007860e-08
5.320000000000000000e+02 0.000000000000000000e+00 0.000000000000000000e+00 3.484648459274576378e-08
5.330000000000000000e+02 0.000000000000000000e+00 0.000000000000000000e+00 3.487766622919632490e-08
5.340000000000000000e+02 0.000000000000000000e+00 0.000000000000000000e+00 3.490905795017177520e-08
5.350000000000000000e+02 0.000000000000000000e+00 0.000000000000000000e+00 3.494065338947437853e-08
5.360000000000000000e+02 0.000000000000000000e+00 0.000000000000000000e+00 3.497245254710413489e-08
5.370000000000000000e+02 0.000000000000000000e+00 0.000000000000000000e+00 3.500444269066560508e-08
5.380000000000000000e+02 0.000000000000000000e+00 0.000000000000000000e+00 3.503662382015878248e-08
5.390000000000000000e+02 0.000000000000000000e+00 0.000000000000000000e+00 3.506899593558368032e-08
5.400000000000000000e+02 0.000000000000000000e+00 0.000000000000000000e+00 3.510154630454483292e-08
5.410000000000000000e+02 0.000000000000000000e+00 0.000000000000000000e+00 3.513427492704224691e-08
5.420000000000000000e+02 0.000000000000000000e+00 0.000000000000000000e+00 3.516717543687820599e-08
5.430000000000000000e+02 0.000000000000000000e+00 0.000000000000000000e+00 3.520024146785498063e-08
5.440000000000000000e+02 0.000000000000000000e+00 0.000000000000000000e+00 3.523347938617029375e-08
5.450000000000000000e+02 0.000000000000000000e+00 0.000000000000000000e+00 3.526687009323096998e-08
5.460000000000000000e+02 0.000000000000000000e+00 0.000000000000000000e+00 3.530041358903701595e-08
5.470000000000000000e+02 0.000000000000000000e+00 0.000000000000000000e+00 3.533410987358843166e-08
5.480000000000000000e+02 0.000000000000000000e+00 0.000000000000000000e+00 3.536794621448976466e-08
5.490000000000000000e+02 0.000000000000000000e+00 0.000000000000000000e+00 3.540192261174102819e-08
5.500000000000000000e+02 0.000000000000000000e+00 0.000000000000000000e+00 3.543603269914447949e-08
5.510000000000000000e+02 0.000000000000000000e+00 0.000000000000000000e+00 3.547027011050241550e-08
5.520000000000000000e+02 0.000000000000000000e+00 0.000000000000000000e+00 3.550463484581481636e-08
5.530000000000000000e+02 0.000000000000000000e+00 0.000000000000000000e+00 3.553911417268624287e-08
5.540000000000000000e+02 0.000000000000000000e+00 0.000000000000000000e+00 3.557371445731442455e-08
5.550000000000000000e+02 0.000000000000000000e+00 0.000000000000000000e+00 3.560841660110618606e-08
5.560000000000000000e+02 0.000000000000000000e+00 0.000000000000000000e+00 3.564322697025923046e-08
5.570000000000000000e+02 0.000000000000000000e+00 0.000000000000000000e+00 3.567813283237815162e-08
5.580000000000000000e+02 0.000000000000000000e+00 0.000000000000000000e+00 3.571312782126519354e-08
5.590000000000000000e+02 0.000000000000000000e+00 0.000000000000000000e+00 3.574821830311810562e-08
5.600000000000000000e+02 0.000000000000000000e+00 0.000000000000000000e+00 3.578339154554140893e-08
5.610000000000000000e+02 0.000000000000000000e+00 0.000000000000000000e+00 3.581863481613967750e-08
5.620000000000000000e+02 0.000000000000000000e+00 0.000000000000000000e+00 3.585396084730835717e-08
5.630000000000000000e+02 0.000000000000000000e+00 0.000000000000000000e+00 3.588934417425654304e-08
5.640000000000000000e+02 0.000000000000000000e+00 0.000000000000000000e+00 3.592479752937970079e-08
5.650000000000000000e+02 0.000000000000000000e+00 0.000000000000000000e+00 3.596030818028235814e-08
5.660000000000000000e+02 0.000000000000000000e+00 0.000000000000000000e+00 3.599586339456908910e-08
5.670000000000000000e+02 0.000000000000000000e+00 0.000000000000000000e+00 3.603147590463533288e-08
5.680000000000000000e+02 0.000000000000000000e+00 0.000000000000000000e+00 3.606712661188791414e-08
5.690000000000000000e+02 0.000000000000000000e+00 0.000000000000000000e+00 3.610280915012911657e-08
5.700000000000000000e+02 0.000000000000000000e+00 0.000000000000000000e+00 3.613852988555666309e-08
5.710000000000000000e+02 0.000000000000000000e+00 0.000000000000000000e+00 3.617427608577509465e-08
5.720000000000000000e+02 0.000000000000000000e+00 0.000000000000000000e+00 3.621004775078443108e-08
5.730000000000000000e+02 0.000000000000000000e+00 0.000000000000000000e+00 3.624583851438693625e-08
5.740000000000000000e+02 0.000000000000000000e+00 0.000000000000000000e+00 3.628163564418717756e-08
5.750000000000000000e+02 0.000000000000000000e+00 0.000000000000000000e+00 3.631744550638285147e-08
5.760000000000000000e+02 0.000000000000000000e+00 0.000000000000000000e+00 3.635325536857852538e-08
5.770000000000000000e+02 0.000000000000000000e+00 0.000000000000000000e+00 3.638906523077420590e-08
5.780000000000000000e+02 0.000000000000000000e+00 0.000000000000000000e+00 3.642487509296987980e-08
5.790000000000000000e+02 0.000000000000000000e+00 0.000000000000000000e+00 3.646066585657238497e-08
5.800000000000000000e+02 0.000000000000000000e+00 0.000000000000000000e+00 3.649645025397716723e-08
5.810000000000000000e+02 0.000000000000000000e+00 0.000000000000000000e+00 3.653220918659105122e-08
5.820000000000000000e+02 0.000000000000000000e+00 0.000000000000000000e+00 3.656794265441404357e-08
5.830000000000000000e+02 0.000000000000000000e+00 0.000000000000000000e+00 3.660365702364386056e-08
5.840000000000000000e+02 0.000000000000000000e+00 0.000000000000000000e+00 3.663933319568734008e-08
5.850000000000000000e+02 0.000000000000000000e+00 0.000000000000000000e+00 3.667497117054448875e-08
5.860000000000000000e+02 0.000000000000000000e+00 0.000000000000000000e+00 3.671057094821528009e-08
5.870000000000000000e+02 0.000000000000000000e+00 0.000000000000000000e+00 3.674612616250201105e-08
5.880000000000000000e+02 0.000000000000000000e+00 0.000000000000000000e+00 3.678163044720694549e-08
5.890000000000000000e+02 0.000000000000000000e+00 0.000000000000000000e+00 3.681708380233009662e-08
5.900000000000000000e+02 0.000000000000000000e+00 0.000000000000000000e+00 3.685248622787145785e-08
5.910000000000000000e+02 0.000000000000000000e+00 0.000000000000000000e+00 3.688781862523786042e-08
5.920000000000000000e+02 0.000000000000000000e+00 0.000000000000000000e+00 3.692309372682474356e-08
5.930000000000000000e+02 0.000000000000000000e+00 0.000000000000000000e+00 3.695829880023668128e-08
5.940000000000000000e+02 0.000000000000000000e+00 0.000000000000000000e+00 3.699343384547364050e-08
5.950000000000000000e+02 0.000000000000000000e+00 0.000000000000000000e+00 3.702849886253564769e-08
5.960000000000000000e+02 0.000000000000000000e+00 0.000000000000000000e+00 3.706348111902724379e-08
5.970000000000000000e+02 0.000000000000000000e+00 0.000000000000000000e+00 3.709838061494843543e-08
5.980000000000000000e+02 0.000000000000000000e+00 0.000000000000000000e+00 3.713319735029921597e-08
5.990000000000000000e+02 0.000000000000000000e+00 0.000000000000000000e+00 3.716793132507959204e-08
6.000000000000000000e+02 0.000000000000000000e+00 0.000000000000000000e+00 3.720256980689411781e-08
6.010000000000000000e+02 0.000000000000000000e+00 0.000000000000000000e+00 3.723711916194050297e-08
6.020000000000000000e+02 0.000000000000000000e+00 0.000000000000000000e+00 3.727157302402103783e-08
6.030000000000000000e+02 0.000000000000000000e+00 0.000000000000000000e+00 3.730592502693799287e-08
6.040000000000000000e+02 0.000000000000000000e+00 0.000000000000000000e+00 3.734018153688909099e-08
6.050000000000000000e+02 0.000000000000000000e+00 0.000000000000000000e+00 3.737432982147888638e-08
6.060000000000000000e+02 0.000000000000000000e+00 0.000000000000000000e+00 3.740836988070738565e-08
6.070000000000000000e+02 0.000000000000000000e+00 0.000000000000000000e+00 3.744230171457457556e-08
6.080000000000000000e+02 0.000000000000000000e+00 0.000000000000000000e+00 3.747612532308046936e-08
6.090000000000000000e+02 0.000000000000000000e+00 0.000000000000000000e+00 3.750983434002733089e-08
6.100000000000000000e+02 0.000000000000000000e+00 0.000000000000000000e+00 3.754342876541516677e-08
6.110000000000000000e+02 0.000000000000000000e+00 0.000000000000000000e+00 3.757690223304625409e-08
6.120000000000000000e+02 0.000000000000000000e+00 0.000000000000000000e+00 3.761026110911830915e-08
6.130000000000000000e+02 0.000000000000000000e+00 0.000000000000000000e+00 3.764349902743362226e-08
6.140000000000000000e+02 0.000000000000000000e+00 0.000000000000000000e+00 3.767660962179445728e-08
6.150000000000000000e+02 0.000000000000000000e+00 0.000000000000000000e+00 3.770959289220082745e-08
6.160000000000000000e+02 0.000000000000000000e+00 0.000000000000000000e+00 3.774245520485044906e-08
6.170000000000000000e+02 0.000000000000000000e+00 0.000000000000000000e+00 3.777519019354558597e-08
6.180000000000000000e+02 0.000000000000000000e+00 0.000000000000000000e+00 3.780779149208852848e-08
6.190000000000000000e+02 0.000000000000000000e+00 0.000000000000000000e+00 3.784025910047927662e-08
6.200000000000000000e+02 0.000000000000000000e+00 0.000000000000000000e+00 3.787259938491554666e-08
6.210000000000000000e+02 0.000000000000000000e+00 0.000000000000000000e+00 3.790479961300189280e-08
6.220000000000000000e+02 0.000000000000000000e+00 0.000000000000000000e+00 3.793687251713377407e-08
6.230000000000000000e+02 0.000000000000000000e+00 0.000000000000000000e+00 3.796880536491573144e-08
6.240000000000000000e+02 0.000000000000000000e+00 0.000000000000000000e+00 3.800059815634777812e-08
6.250000000000000000e+02 0.000000000000000000e+00 0.000000000000000000e+00 3.803225089142989428e-08
6.260000000000000000e+02 0.000000000000000000e+00 0.000000000000000000e+00 3.806376993635980943e-08
6.270000000000000000e+02 0.000000000000000000e+00 0.000000000000000000e+00 3.809514255874208438e-08
6.280000000000000000e+02 0.000000000000000000e+00 0.000000000000000000e+00 3.812638149097215833e-08
6.290000000000000000e+02 0.000000000000000000e+00 0.000000000000000000e+00 3.815747400065459868e-08
6.300000000000000000e+02 0.000000000000000000e+00 0.000000000000000000e+00 3.818842008778938559e-08
6.310000000000000000e+02 0.000000000000000000e+00 0.000000000000000000e+00 3.821922611857424859e-08
6.320000000000000000e+02 0.000000000000000000e+00 0.000000000000000000e+00 3.824989209300919430e-08
6.330000000000000000e+02 0.000000000000000000e+00 0.000000000000000000e+00 3.828040527869877688e-08
6.340000000000000000e+02 0.000000000000000000e+00 0.000000000000000000e+00 3.831077840803842232e-08
6.350000000000000000e+02 0.000000000000000000e+00 0.000000000000000000e+00 3.834100511483044740e-08
6.360000000000000000e+02 0.000000000000000000e+00 0.000000000000000000e+00 3.837108539907481242e-08
6.370000000000000000e+02 0.000000000000000000e+00 0.000000000000000000e+00 3.840101289457380771e-08
6.380000000000000000e+02 0.000000000000000000e+00 0.000000000000000000e+00 3.843080033372288569e-08
6.390000000000000000e+02 0.000000000000000000e+00 0.000000000000000000e+00 3.846043498412659395e-08
6.400000000000000000e+02 0.000000000000000000e+00 0.000000000000000000e+00 3.848992321198266861e-08
6.410000000000000000e+02 0.000000000000000000e+00 0.000000000000000000e+00 3.851926501729108321e-08
6.420000000000000000e+02 0.000000000000000000e+00 0.000000000000000000e+00 3.854845403385414131e-08
6.430000000000000000e+02 0.000000000000000000e+00 0.000000000000000000e+00 3.857749662786955259e-08
6.440000000000000000e+02 0.000000000000000000e+00 0.000000000000000000e+00 3.860639279933732365e-08
6.450000000000000000e+02 0.000000000000000000e+00 0.000000000000000000e+00 3.863513618205971175e-08
6.460000000000000000e+02 0.000000000000000000e+00 0.000000000000000000e+00 3.866373314223446626e-08
6.470000000000000000e+02 0.000000000000000000e+00 0.000000000000000000e+00 3.869217731366385764e-08
6.480000000000000000e+02 0.000000000000000000e+00 0.000000000000000000e+00 3.872047506254558235e-08
6.490000000000000000e+02 0.000000000000000000e+00 0.000000000000000000e+00 3.874862002268195718e-08
6.500000000000000000e+02 0.000000000000000000e+00 0.000000000000000000e+00 3.877661219407296888e-08
6.510000000000000000e+02 0.000000000000000000e+00 0.000000000000000000e+00 3.880446430911403682e-08
6.520000000000000000e+02 0.000000000000000000e+00 0.000000000000000000e+00 3.883215726921203858e-08
6.530000000000000000e+02 0.000000000000000000e+00 0.000000000000000000e+00 3.885971017296010319e-08
6.540000000000000000e+02 0.000000000000000000e+00 0.000000000000000000e+00 3.888710392176506854e-08
6.550000000000000000e+02 0.000000000000000000e+00 0.000000000000000000e+00 3.891435761422013644e-08
6.560000000000000000e+02 0.000000000000000000e+00 0.000000000000000000e+00 3.894145215173210508e-08
6.570000000000000000e+02 0.000000000000000000e+00 0.000000000000000000e+00 3.896840663289414319e-08
6.580000000000000000e+02 0.000000000000000000e+00 0.000000000000000000e+00 3.899520195911310188e-08
6.590000000000000000e+02 0.000000000000000000e+00 0.000000000000000000e+00 3.902185722898213666e-08
6.600000000000000000e+02 0.000000000000000000e+00 0.000000000000000000e+00 3.904835971010578185e-08
6.610000000000000000e+02 0.000000000000000000e+00 0.000000000000000000e+00 3.907470940248408377e-08
6.620000000000000000e+02 0.000000000000000000e+00 0.000000000000000000e+00 3.910091903851245516e-08
6.630000000000000000e+02 0.000000000000000000e+00 0.000000000000000000e+00 3.912696951959772729e-08
6.640000000000000000e+02 0.000000000000000000e+00 0.000000000000000000e+00 3.915287994433308874e-08
6.650000000000000000e+02 0.000000000000000000e+00 0.000000000000000000e+00 3.917863758032308045e-08
6.660000000000000000e+02 0.000000000000000000e+00 0.000000000000000000e+00 3.920424879376543857e-08
6.670000000000000000e+02 0.000000000000000000e+00 0.000000000000000000e+00 3.922971358466014325e-08
6.680000000000000000e+02 0.000000000000000000e+00 0.000000000000000000e+00 3.925503195300720110e-08
6.690000000000000000e+02 0.000000000000000000e+00 0.000000000000000000e+00 3.928019753260888922e-08
6.700000000000000000e+02 0.000000000000000000e+00 0.000000000000000000e+00 3.930522305586065342e-08
6.710000000000000000e+02 0.000000000000000000e+00 0.000000000000000000e+00 3.933009579036706113e-08
6.720000000000000000e+02 0.000000000000000000e+00 0.000000000000000000e+00 3.935482210232582200e-08
6.730000000000000000e+02 0.000000000000000000e+00 0.000000000000000000e+00 3.937940835793465897e-08
6.740000000000000000e+02 0.000000000000000000e+00 0.000000000000000000e+00 3.940384182479811958e-08
6.750000000000000000e+02 0.000000000000000000e+00 0.000000000000000000e+00 3.942813523531166951e-08
6.760000000000000000e+02 0.000000000000000000e+00 0.000000000000000000e+00 3.945228222327756600e-08
6.770000000000000000e+02 0.000000000000000000e+00 0.000000000000000000e+00 3.947628278869582228e-08
6.780000000000000000e+02 0.000000000000000000e+00 0.000000000000000000e+00 3.950013693156643173e-08
6.790000000000000000e+02 0.000000000000000000e+00 0.000000000000000000e+00 3.952385738428485342e-08
6.800000000000000000e+02 0.000000000000000000e+00 0.000000000000000000e+00 3.954742504825789214e-08
6.810000000000000000e+02 0.000000000000000000e+00 0.000000000000000000e+00 3.957085265588103342e-08
6.820000000000000000e+02 0.000000000000000000e+00 0.000000000000000000e+00 3.959414020715424416e-08
6.830000000000000000e+02 0.000000000000000000e+00 0.000000000000000000e+00 3.961728770207751776e-08
6.840000000000000000e+02 0.000000000000000000e+00 0.000000000000000000e+00 3.964028877445316438e-08
6.850000000000000000e+02 0.000000000000000000e+00 0.000000000000000000e+00 3.966315615667660338e-08
6.860000000000000000e+02 0.000000000000000000e+00 0.000000000000000000e+00 3.968588348255012509e-08
6.870000000000000000e+02 0.000000000000000000e+00 0.000000000000000000e+00 3.970847075207373612e-08
6.880000000000000000e+02 0.000000000000000000e+00 0.000000000000000000e+00 3.973091796524741662e-08
6.890000000000000000e+02 0.000000000000000000e+00 0.000000000000000000e+00 3.975323148826889612e-08
6.900000000000000000e+02 0.000000000000000000e+00 0.000000000000000000e+00 3.977540495494046494e-08
6.910000000000000000e+02 0.000000000000000000e+00 0.000000000000000000e+00 3.979744473145982615e-08
6.920000000000000000e+02 0.000000000000000000e+00 0.000000000000000000e+00 3.981935081782699296e-08
6.930000000000000000e+02 0.000000000000000000e+00 0.000000000000000000e+00 3.984112321404197202e-08
6.940000000000000000e+02 0.000000000000000000e+00 0.000000000000000000e+00 3.986276192010473683e-08
6.950000000000000000e+02 0.000000000000000000e+00 0.000000000000000000e+00 3.988426693601531388e-08
6.960000000000000000e+02 0.000000000000000000e+00 0.000000000000000000e+00 3.990564462797141946e-08
6.970000000000000000e+02 0.000000000000000000e+00 0.000000000000000000e+00 3.992688862977532403e-08
6.980000000000000000e+02 0.000000000000000000e+00 0.000000000000000000e+00 3.994800530762475714e-08
6.990000000000000000e+02 0.000000000000000000e+00 0.000000000000000000e+00 3.996899466151971215e-08
7.000000000000000000e+02 0.000000000000000000e+00 0.000000000000000000e+00 3.998986305765791861e-08
7.010000000000000000e+02 0.000000000000000000e+00 0.000000000000000000e+00 4.001060412984166021e-08
7.020000000000000000e+02 0.000000000000000000e+00 0.000000000000000000e+00 4.003121787807092372e-08
7.030000000000000000e+02 0.000000000000000000e+00 0.000000000000000000e+00 4.005171703474115496e-08
7.040000000000000000e+02 0.000000000000000000e+00 0.000000000000000000e+00 4.007209523365464426e-08
7.050000000000000000e+02 0.000000000000000000e+00 0.000000000000000000e+00 4.009235247481137839e-08
7.060000000000000000e+02 0.000000000000000000e+00 0.000000000000000000e+00 4.011249512440909348e-08
7.070000000000000000e+02 0.000000000000000000e+00 0.000000000000000000e+00 4.013252318244777631e-08
7.080000000000000000e+02 0.000000000000000000e+00 0.000000000000000000e+00 4.015243664892743349e-08
7.090000000000000000e+02 0.000000000000000000e+00 0.000000000000000000e+00 4.017224189004578793e-08
7.100000000000000000e+02 0.000000000000000000e+00 0.000000000000000000e+00 4.019193253960511672e-08
7.110000000000000000e+02 0.000000000000000000e+00 0.000000000000000000e+00 4.021152133000086570e-08
7.120000000000000000e+02 0.000000000000000000e+00 0.000000000000000000e+00 4.023100189503531193e-08
7.130000000000000000e+02 0.000000000000000000e+00 0.000000000000000000e+00 4.025038060090619157e-08
7.140000000000000000e+02 0.000000000000000000e+00 0.000000000000000000e+00 4.026965744761348478e-08
7.150000000000000000e+02 0.000000000000000000e+00 0.000000000000000000e+00 4.028883880135490121e-08
7.160000000000000000e+02 0.000000000000000000e+00 0.000000000000000000e+00 4.030792466213048721e-08
7.170000000000000000e+02 0.000000000000000000e+00 0.000000000000000000e+00 4.032691502994021629e-08
7.180000000000000000e+02 0.000000000000000000e+00 0.000000000000000000e+00 4.034581627098181137e-08
7.190000000000000000e+02 0.000000000000000000e+00 0.000000000000000000e+00 4.036462838525527907e-08
7.200000000000000000e+02 0.000000000000000000e+00 0.000000000000000000e+00 4.038335137276061276e-08
7.210000000000000000e+02 0.000000000000000000e+00 0.000000000000000000e+00 4.040199159969552213e-08
7.220000000000000000e+02 0.000000000000000000e+00 0.000000000000000000e+00 4.042055543225776318e-08
7.230000000000000000e+02 0.000000000000000000e+00 0.000000000000000000e+00 4.043903650424959314e-08
7.240000000000000000e+02 0.000000000000000000e+00 0.000000000000000000e+00 4.045744118186874154e-08
7.250000000000000000e+02 0.000000000000000000e+00 0.000000000000000000e+00 4.047577583131293129e-08
7.260000000000000000e+02 0.000000000000000000e+00 0.000000000000000000e+00 4.049404045258214916e-08
7.270000000000000000e+02 0.000000000000000000e+00 0.000000000000000000e+00 4.051223504567641500e-08
7.280000000000000000e+02 0.000000000000000000e+00 0.000000000000000000e+00 4.053036597679345172e-08
7.290000000000000000e+02 0.000000000000000000e+00 0.000000000000000000e+00 4.054843961213096238e-08
7.300000000000000000e+02 0.000000000000000000e+00 0.000000000000000000e+00 4.056645595168896683e-08
7.310000000000000000e+02 0.000000000000000000e+00 0.000000000000000000e+00 4.058441499546745184e-08
7.320000000000000000e+02 0.000000000000000000e+00 0.000000000000000000e+00 4.060232947586187647e-08
7.330000000000000000e+02 0.000000000000000000e+00 0.000000000000000000e+00 4.062019302667451780e-08
7.340000000000000000e+02 0.000000000000000000e+00 0.000000000000000000e+00 4.063800564790536261e-08
7.350000000000000000e+02 0.000000000000000000e+00 0.000000000000000000e+00 4.065578643814758624e-08
7.360000000000000000e+02 0.000000000000000000e+00 0.000000000000000000e+00 4.067352903120347239e-08
7.370000000000000000e+02 0.000000000000000000e+00 0.000000000000000000e+00 4.069123342707300784e-08
7.380000000000000000e+02 0.000000000000000000e+00 0.000000000000000000e+00 4.070890599195394197e-08
7.390000000000000000e+02 0.000000000000000000e+00 0.000000000000000000e+00 4.072655945824168751e-08
7.400000000000000000e+02 0.000000000000000000e+00 0.000000000000000000e+00 4.074418109354083172e-08
7.410000000000000000e+02 0.000000000000000000e+00 0.000000000000000000e+00 4.076178363024678735e-08
7.420000000000000000e+02 0.000000000000000000e+00 0.000000000000000000e+00 4.077937343455729715e-08
7.430000000000000000e+02 0.000000000000000000e+00 0.000000000000000000e+00 4.079695050647237436e-08
7.440000000000000000e+02 0.000000000000000000e+00 0.000000000000000000e+00 4.081451484599199914e-08
7.450000000000000000e+02 0.000000000000000000e+00 0.000000000000000000e+00 4.083207281931388776e-08
7.460000000000000000e+02 0.000000000000000000e+00 0.000000000000000000e+00 4.084963079263578962e-08
7.470000000000000000e+02 0.000000000000000000e+00 0.000000000000000000e+00 4.086718876595769148e-08
7.480000000000000000e+02 0.000000000000000000e+00 0.000000000000000000e+00 4.088475310547730302e-08
7.490000000000000000e+02 0.000000000000000000e+00 0.000000000000000000e+00 4.090232381119465732e-08
7.500000000000000000e+02 0.000000000000000000e+00 0.000000000000000000e+00 4.091991361550517374e-08
7.510000000000000000e+02 0.000000000000000000e+00 0.000000000000000000e+00 4.093751615221114260e-08
7.520000000000000000e+02 0.000000000000000000e+00 0.000000000000000000e+00 4.095513142131255067e-08
7.530000000000000000e+02 0.000000000000000000e+00 0.000000000000000000e+00 4.097277852140257330e-08
7.540000000000000000e+02 0.000000000000000000e+00 0.000000000000000000e+00 4.099045108628350081e-08
7.550000000000000000e+02 0.000000000000000000e+00 0.000000000000000000e+00 4.100815548215304287e-08
7.560000000000000000e+02 0.000000000000000000e+00 0.000000000000000000e+00 4.102589170901119950e-08
7.570000000000000000e+02 0.000000000000000000e+00 0.000000000000000000e+00 4.104367249925342975e-08
7.580000000000000000e+02 0.000000000000000000e+00 0.000000000000000000e+00 4.106149148668199746e-08
7.590000000000000000e+02 0.000000000000000000e+00 0.000000000000000000e+00 4.107935503749463218e-08
7.600000000000000000e+02 0.000000000000000000e+00 0.000000000000000000e+00 4.109726951788905681e-08
7.610000000000000000e+02 0.000000000000000000e+00 0.000000000000000000e+00 4.111524129406298764e-08
7.620000000000000000e+02 0.000000000000000000e+00 0.000000000000000000e+00 4.113326399981872824e-08
7.630000000000000000e+02 0.000000000000000000e+00 0.000000000000000000e+00 4.115135036755168473e-08
7.640000000000000000e+02 0.000000000000000000e+00 0.000000000000000000e+00 4.116950039726188357e-08
7.650000000000000000e+02 0.000000000000000000e+00 0.000000000000000000e+00 4.118772045514704105e-08
7.660000000000000000e+02 0.000000000000000000e+00 0.000000000000000000e+00 4.120601054120716380e-08
7.670000000000000000e+02 0.000000000000000000e+00 0.000000000000000000e+00 4.122437065544223858e-08
7.680000000000000000e+02 0.000000000000000000e+00 0.000000000000000000e+00 4.124281989644545398e-08
7.690000000000000000e+02 0.000000000000000000e+00 0.000000000000000000e+00 4.126134553182135094e-08
7.700000000000000000e+02 0.000000000000000000e+00 0.000000000000000000e+00 4.127995392776765899e-08
7.710000000000000000e+02 0.000000000000000000e+00 0.000000000000000000e+00 4.129865781667981733e-08
7.720000000000000000e+02 0.000000000000000000e+00 0.000000000000000000e+00 4.131745083236010968e-08
7.730000000000000000e+02 0.000000000000000000e+00 0.000000000000000000e+00 4.133633934100625232e-08
7.740000000000000000e+02 0.000000000000000000e+00 0.000000000000000000e+00 4.135532970881597478e-08
7.750000000000000000e+02 0.000000000000000000e+00 0.000000000000000000e+00 4.137441556959156077e-08
7.760000000000000000e+02 0.000000000000000000e+00 0.000000000000000000e+00 4.139361602192617242e-08
7.770000000000000000e+02 0.000000000000000000e+00 0.000000000000000000e+00 4.141292469962208018e-08
7.780000000000000000e+02 0.000000000000000000e+00 0.000000000000000000e+00 4.143234160267928406e-08
7.790000000000000000e+02 0.000000000000000000e+00 0.000000000000000000e+00 4.145187309729552020e-08
7.800000000000000000e+02 0.000000000000000000e+00 0.000000000000000000e+00 4.147153191586623444e-08
7.810000000000000000e+02 0.000000000000000000e+00 0.000000000000000000e+00 4.149130532599596771e-08
7.820000000000000000e+02 0.000000000000000000e+00 0.000000000000000000e+00 4.151120606008017906e-08
7.830000000000000000e+02 0.000000000000000000e+00 0.000000000000000000e+00 4.153123411811887512e-08
7.840000000000000000e+02 0.000000000000000000e+00 0.000000000000000000e+00 4.155138950011202281e-08
7.850000000000000000e+02 0.000000000000000000e+00 0.000000000000000000e+00 4.157168493845510102e-08
7.860000000000000000e+02 0.000000000000000000e+00 0.000000000000000000e+00 4.159211406695038023e-08
7.870000000000000000e+02 0.000000000000000000e+00 0.000000000000000000e+00 4.161268325179557013e-08
7.880000000000000000e+02 0.000000000000000000e+00 0.000000000000000000e+00 4.163339885918841346e-08
7.890000000000000000e+02 0.000000000000000000e+00 0.000000000000000000e+00 4.165425452293116747e-08
7.900000000000000000e+02 0.000000000000000000e+00 0.000000000000000000e+00 4.167525660922158155e-08
7.910000000000000000e+02 0.000000000000000000e+00 0.000000000000000000e+00 4.169641148425735874e-08
7.920000000000000000e+02 0.000000000000000000e+00 0.000000000000000000e+00 4.171771914803849905e-08
7.930000000000000000e+02 0.000000000000000000e+00 0.000000000000000000e+00 4.173918596676273201e-08
7.940000000000000000e+02 0.000000000000000000e+00 0.000000000000000000e+00 4.176080557423234794e-08
7.950000000000000000e+02 0.000000000000000000e+00 0.000000000000000000e+00 4.178258433664503006e-08
7.960000000000000000e+02 0.000000000000000000e+00 0.000000000000000000e+00 4.180452862019854096e-08
7.970000000000000000e+02 0.000000000000000000e+00 0.000000000000000000e+00 4.182663842489286743e-08
7.980000000000000000e+02 0.000000000000000000e+00 0.000000000000000000e+00 4.184891375072800284e-08
7.990000000000000000e+02 0.000000000000000000e+00 0.000000000000000000e+00 4.187135459770397366e-08
8.000000000000000000e+02 0.000000000000000000e+00 0.000000000000000000e+00 4.189396733201846972e-08
8.010000000000000000e+02 0.000000000000000000e+00 0.000000000000000000e+00 4.191675831986922717e-08
8.020000000000000000e+02 0.000000000000000000e+00 0.000000000000000000e+00 4.193971482886080017e-08
8.030000000000000000e+02 0.000000000000000000e+00 0.000000000000000000e+00 4.196285595758635748e-08
8.040000000000000000e+02 0.000000000000000000e+00 0.000000000000000000e+00 4.198617533984818940e-08
8.050000000000000000e+02 0.000000000000000000e+00 0.000000000000000000e+00 4.200966660944855317e-08
8.060000000000000000e+02 0.000000000000000000e+00 0.000000000000000000e+00 4.203334886498062416e-08
8.070000000000000000e+02 0.000000000000000000e+00 0.000000000000000000e+00 4.205720937404896314e-08
8.080000000000000000e+02 0.000000000000000000e+00 0.000000000000000000e+00 4.208125450285128642e-08
8.090000000000000000e+02 0.000000000000000000e+00 0.000000000000000000e+00 4.210548425138759400e-08
8.100000000000000000e+02 0.000000000000000000e+00 0.000000000000000000e+00 4.212990498585561540e-08
8.110000000000000000e+02 0.000000000000000000e+00 0.000000000000000000e+00 4.215451034005762772e-08
8.120000000000000000e+02 0.000000000000000000e+00 0.000000000000000000e+00 4.217931304638905692e-08
8.130000000000000000e+02 0.000000000000000000e+00 0.000000000000000000e+00 4.220430037245448366e-08
8.140000000000000000e+02 0.000000000000000000e+00 0.000000000000000000e+00 4.222947868445163083e-08
8.150000000000000000e+02 0.000000000000000000e+00 0.000000000000000000e+00 4.225484798238047198e-08
8.160000000000000000e+02 0.000000000000000000e+00 0.000000000000000000e+00 4.228041463243875648e-08
8.170000000000000000e+02 0.000000000000000000e+00 0.000000000000000000e+00 4.230617863462647772e-08
8.180000000000000000e+02 0.000000000000000000e+00 0.000000000000000000e+00 4.233213362274589955e-08
8.190000000000000000e+02 0.000000000000000000e+00 0.000000000000000000e+00 4.235828596299476474e-08
8.200000000000000000e+02 0.000000000000000000e+00 0.000000000000000000e+00 4.238462928917533713e-08
8.210000000000000000e+02 0.000000000000000000e+00 0.000000000000000000e+00 4.241117633368306256e-08
8.220000000000000000e+02 0.000000000000000000e+00 0.000000000000000000e+00 4.243792073032021811e-08
8.230000000000000000e+02 0.000000000000000000e+00 0.000000000000000000e+00 4.246485611288910071e-08
8.240000000000000000e+02 0.000000000000000000e+00 0.000000000000000000e+00 4.249199521378511650e-08
8.250000000000000000e+02 0.000000000000000000e+00 0.000000000000000000e+00 4.251933166681058225e-08
8.260000000000000000e+02 0.000000000000000000e+00 0.000000000000000000e+00 4.254685910576776184e-08
8.270000000000000000e+02 0.000000000000000000e+00 0.000000000000000000e+00 4.257459026305209445e-08
8.280000000000000000e+02 0.000000000000000000e+00 0.000000000000000000e+00 4.260251877246585718e-08
8.290000000000000000e+02 0.000000000000000000e+00 0.000000000000000000e+00 4.263064463400905666e-08
8.300000000000000000e+02 0.000000000000000000e+00 0.000000000000000000e+00 4.265896784768169286e-08
8.310000000000000000e+02 0.000000000000000000e+00 0.000000000000000000e+00 4.268748841348375919e-08
8.320000000000000000e+02 0.000000000000000000e+00 0.000000000000000000e+00 4.271620633141526226e-08
8.330000000000000000e+02 0.000000000000000000e+00 0.000000000000000000e+00 4.274512160147620206e-08
8.340000000000000000e+02 0.000000000000000000e+00 0.000000000000000000e+00 4.277423422366656537e-08
8.350000000000000000e+02 0.000000000000000000e+00 0.000000000000000000e+00 4.280353783178864912e-08
8.360000000000000000e+02 0.000000000000000000e+00 0.000000000000000000e+00 4.283303879204015637e-08
8.370000000000000000e+02 0.000000000000000000e+00 0.000000000000000000e+00 4.286273073822339068e-08
8.380000000000000000e+02 0.000000000000000000e+00 0.000000000000000000e+00 4.289261367033831896e-08
8.390000000000000000e+02 0.000000000000000000e+00 0.000000000000000000e+00 4.292269395458269060e-08
8.400000000000000000e+02 0.000000000000000000e+00 0.000000000000000000e+00 4.295296522475876945e-08
8.410000000000000000e+02 0.000000000000000000e+00 0.000000000000000000e+00 4.298342748086656212e-08
8.420000000000000000e+02 0.000000000000000000e+00 0.000000000000000000e+00 4.301407435670833247e-08
8.430000000000000000e+02 0.000000000000000000e+00 0.000000000000000000e+00 4.304491221848182327e-08
8.440000000000000000e+02 0.000000000000000000e+00 0.000000000000000000e+00 4.307593469998929174e-08
8.450000000000000000e+02 0.000000000000000000e+00 0.000000000000000000e+00 4.310714816742847404e-08
8.460000000000000000e+02 0.000000000000000000e+00 0.000000000000000000e+00 4.313853988840391772e-08
8.470000000000000000e+02 0.000000000000000000e+00 0.000000000000000000e+00 4.317011622911334570e-08
8.480000000000000000e+02 0.000000000000000000e+00 0.000000000000000000e+00 4.320187082335904829e-08
8.490000000000000000e+02 0.000000000000000000e+00 0.000000000000000000e+00 4.323381003733872857e-08
8.500000000000000000e+02 0.000000000000000000e+00 0.000000000000000000e+00 4.326592113865694732e-08
8.510000000000000000e+02 0.000000000000000000e+00 0.000000000000000000e+00 4.329821049351142745e-08
8.520000000000000000e+02 0.000000000000000000e+00 0.000000000000000000e+00 4.333067173570445267e-08
8.530000000000000000e+02 0.000000000000000000e+00 0.000000000000000000e+00 4.336331123143373266e-08
8.540000000000000000e+02 0.000000000000000000e+00 0.000000000000000000e+00 4.339611624830384145e-08
8.550000000000000000e+02 0.000000000000000000e+00 0.000000000000000000e+00 4.342909315251248209e-08
8.560000000000000000e+02 0.000000000000000000e+00 0.000000000000000000e+00 4.346223557786193829e-08
8.570000000000000000e+02 0.000000000000000000e+00 0.000000000000000000e+00 4.349553715815448714e-08
8.580000000000000000e+02 0.000000000000000000e+00 0.000000000000000000e+00 4.352900425958785155e-08
8.590000000000000000e+02 0.000000000000000000e+00 0.000000000000000000e+00 4.356263688216203152e-08
8.600000000000000000e+02 0.000000000000000000e+00 0.000000000000000000e+00 4.359642229348157461e-08
8.610000000000000000e+02 0.000000000000000000e+00 0.000000000000000000e+00 4.363036685974421696e-08
8.620000000000000000e+02 0.000000000000000000e+00 0.000000000000000000e+00 4.366445784855449953e-08
8.630000000000000000e+02 0.000000000000000000e+00 0.000000000000000000e+00 4.369870799230787474e-08
8.640000000000000000e+02 0.000000000000000000e+00 0.000000000000000000e+00 4.373309819241117387e-08
8.650000000000000000e+02 0.000000000000000000e+00 0.000000000000000000e+00 4.376764118125983611e-08
8.660000000000000000e+02 0.000000000000000000e+00 0.000000000000000000e+00 4.380233059265614518e-08
8.670000000000000000e+02 0.000000000000000000e+00 0.000000000000000000e+00 4.383715369420466187e-08
8.680000000000000000e+02 0.000000000000000000e+00 0.000000000000000000e+00 4.387211685210308262e-08
8.690000000000000000e+02 0.000000000000000000e+00 0.000000000000000000e+00 4.390722006635143390e-08
8.700000000000000000e+02 0.000000000000000000e+00 0.000000000000000000e+00 4.394245697075197294e-08
8.710000000000000000e+02 0.000000000000000000e+00 0.000000000000000000e+00 4.397782119910699670e-08
8.720000000000000000e+02 0.000000000000000000e+00 0.000000000000000000e+00 4.401331275141648531e-08
8.730000000000000000e+02 0.000000000000000000e+00 0.000000000000000000e+00 4.404893799387818153e-08
8.740000000000000000e+02 0.000000000000000000e+00 0.000000000000000000e+00 4.408467782789889017e-08
8.750000000000000000e+02 0.000000000000000000e+00 0.000000000000000000e+00 4.412053861967636061e-08
8.760000000000000000e+02 0.000000000000000000e+00 0.000000000000000000e+00 4.415652036921057960e-08
8.770000000000000000e+02 0.000000000000000000e+00 0.000000000000000000e+00 4.419261034410609471e-08
8.780000000000000000e+02 0.000000000000000000e+00 0.000000000000000000e+00 4.422881491056064209e-08
8.790000000000000000e+02 0.000000000000000000e+00 0.000000000000000000e+00 4.426513406857420189e-08
8.800000000000000000e+02 0.000000000000000000e+00 0.000000000000000000e+00 4.430154871955362521e-08
8.810000000000000000e+02 0.000000000000000000e+00 0.000000000000000000e+00 4.433807159589435789e-08
8.820000000000000000e+02 0.000000000000000000e+00 0.000000000000000000e+00 4.437469633139866377e-08
8.830000000000000000e+02 0.000000000000000000e+00 0.000000000000000000e+00 4.441141019367110366e-08
8.840000000000000000e+02 0.000000000000000000e+00 0.000000000000000000e+00 4.444822591510712337e-08
8.850000000000000000e+02 0.000000000000000000e+00 0.000000000000000000e+00 4.448513076331127708e-08
8.860000000000000000e+02 0.000000000000000000e+00 0.000000000000000000e+00 4.452211837208582864e-08
8.870000000000000000e+02 0.000000000000000000e+00 0.000000000000000000e+00 4.455919510762851421e-08
8.880000000000000000e+02 0.000000000000000000e+00 0.000000000000000000e+00 4.459635460374161748e-08
8.890000000000000000e+02 0.000000000000000000e+00 0.000000000000000000e+00 4.463359049422738246e-08
8.900000000000000000e+02 0.000000000000000000e+00 0.000000000000000000e+00 4.467090277908584885e-08
8.910000000000000000e+02 0.000000000000000000e+00 0.000000000000000000e+00 4.470829145831699680e-08
8.920000000000000000e+02 0.000000000000000000e+00 0.000000000000000000e+00 4.474574379952539372e-08
8.930000000000000000e+02 0.000000000000000000e+00 0.000000000000000000e+00 4.478326616890872944e-08
8.940000000000000000e+02 0.000000000000000000e+00 0.000000000000000000e+00 4.482085856646703704e-08
8.950000000000000000e+02 0.000000000000000000e+00 0.000000000000000000e+00 4.485850825980485746e-08
8.960000000000000000e+02 0.000000000000000000e+00 0.000000000000000000e+00 4.489621524892218409e-08
8.970000000000000000e+02 0.000000000000000000e+00 0.000000000000000000e+00 4.493397316762131387e-08
8.980000000000000000e+02 0.000000000000000000e+00 0.000000000000000000e+00 4.497178838209994986e-08
8.990000000000000000e+02 0.000000000000000000e+00 0.000000000000000000e+00 4.500965452616037575e-08
9.000000000000000000e+02 0.000000000000000000e+00 0.000000000000000000e+00 4.504756523360485542e-08
9.010000000000000000e+02 0.000000000000000000e+00 0.000000000000000000e+00 4.508552050443341532e-08
9.020000000000000000e+02 0.000000000000000000e+00 0.000000000000000000e+00 4.512350760625058316e-08
9.030000000000000000e+02 0.000000000000000000e+00 0.000000000000000000e+00 4.516153927145182461e-08
9.040000000000000000e+02 0.000000000000000000e+00 0.000000000000000000e+00 4.519960276764168725e-08
9.050000000000000000e+02 0.000000000000000000e+00 0.000000000000000000e+00 4.523769809482016444e-08
9.060000000000000000e+02 0.000000000000000000e+00 0.000000000000000000e+00 4.527581888678953328e-08
9.070000000000000000e+02 0.000000000000000000e+00 0.000000000000000000e+00 4.531397150974752330e-08
9.080000000000000000e+02 0.000000000000000000e+00 0.000000000000000000e+00 4.535213686510095914e-08
9.090000000000000000e+02 0.000000000000000000e+00 0.000000000000000000e+00 4.539032768524529325e-08
9.100000000000000000e+02 0.000000000000000000e+00 0.000000000000000000e+00 4.542853123778505994e-08
9.110000000000000000e+02 0.000000000000000000e+00 0.000000000000000000e+00 4.546674752272029231e-08
9.120000000000000000e+02 0.000000000000000000e+00 0.000000000000000000e+00 4.550497654005096389e-08
9.130000000000000000e+02 0.000000000000000000e+00 0.000000000000000000e+00 4.554321192357936500e-08
9.140000000000000000e+02 0.000000000000000000e+00 0.000000000000000000e+00 4.558144730710775949e-08
9.150000000000000000e+02 0.000000000000000000e+00 0.000000000000000000e+00 4.561968905683388351e-08
9.160000000000000000e+02 0.000000000000000000e+00 0.000000000000000000e+00 4.565792444036227138e-08
9.170000000000000000e+02 0.000000000000000000e+00 0.000000000000000000e+00 4.569615982389068572e-08
9.180000000000000000e+02 0.000000000000000000e+00 0.000000000000000000e+00 4.573438884122134406e-08
9.190000000000000000e+02 0.000000000000000000e+00 0.000000000000000000e+00 4.577260512615656982e-08
9.200000000000000000e+02 0.000000000000000000e+00 0.000000000000000000e+00 4.581080867869634975e-08
9.210000000000000000e+02 0.000000000000000000e+00 0.000000000000000000e+00 4.584899313264296094e-08
9.220000000000000000e+02 0.000000000000000000e+00 0.000000000000000000e+00 4.588716485419412631e-08
9.230000000000000000e+02 0.000000000000000000e+00 0.000000000000000000e+00 4.592531111095438018e-08
9.240000000000000000e+02 0.000000000000000000e+00 0.000000000000000000e+00 4.596343190292375564e-08
9.250000000000000000e+02 0.000000000000000000e+00 0.000000000000000000e+00 4.600153359629994913e-08
9.260000000000000000e+02 0.000000000000000000e+00 0.000000000000000000e+00 4.603959709248981838e-08
9.270000000000000000e+02 0.000000000000000000e+00 0.000000000000000000e+00 4.607763512388877613e-08
9.280000000000000000e+02 0.000000000000000000e+00 0.000000000000000000e+00 4.611563495810140303e-08
9.290000000000000000e+02 0.000000000000000000e+00 0.000000000000000000e+00 4.615359659512767261e-08
9.300000000000000000e+02 0.000000000000000000e+00 0.000000000000000000e+00 4.619152003496761794e-08
9.310000000000000000e+02 0.000000000000000000e+00 0.000000000000000000e+00 4.622939891142349628e-08
9.320000000000000000e+02 0.000000000000000000e+00 0.000000000000000000e+00 4.626723959069301068e-08
9.330000000000000000e+02 0.000000000000000000e+00 0.000000000000000000e+00 4.630502297418303211e-08
9.340000000000000000e+02 0.000000000000000000e+00 0.000000000000000000e+00 4.634276179428897991e-08
9.350000000000000000e+02 0.000000000000000000e+00 0.000000000000000000e+00 4.638044331861541490e-08
9.360000000000000000e+02 0.000000000000000000e+00 0.000000000000000000e+00 4.641807391336006659e-08
9.370000000000000000e+02 0.000000000000000000e+00 0.000000000000000000e+00 4.645564721232519883e-08
9.380000000000000000e+02 0.000000000000000000e+00 0.000000000000000000e+00 4.649315684931310196e-08
9.390000000000000000e+02 0.000000000000000000e+00 0.000000000000000000e+00 4.653060919052148565e-08
9.400000000000000000e+02 0.000000000000000000e+00 0.000000000000000000e+00 4.656799150355490407e-08
9.410000000000000000e+02 0.000000000000000000e+00 0.000000000000000000e+00 4.660531015461109337e-08
9.420000000000000000e+02 0.000000000000000000e+00 0.000000000000000000e+00 4.664255877749232403e-08
9.430000000000000000e+02 0.000000000000000000e+00 0.000000000000000000e+00 4.667973100600086651e-08
9.440000000000000000e+02 0.000000000000000000e+00 0.000000000000000000e+00 4.671683320633444372e-08
9.450000000000000000e+02 0.000000000000000000e+00 0.000000000000000000e+00 4.675386537849307552e-08
9.460000000000000000e+02 0.000000000000000000e+00 0.000000000000000000e+00 4.679081479008128300e-08
9.470000000000000000e+02 0.000000000000000000e+00 0.000000000000000000e+00 4.682768144109909262e-08
9.480000000000000000e+02 0.000000000000000000e+00 0.000000000000000000e+00 4.686446533154649115e-08
9.490000000000000000e+02 0.000000000000000000e+00 0.000000000000000000e+00 4.690116646142348521e-08
9.500000000000000000e+02 0.000000000000000000e+00 0.000000000000000000e+00 4.693778483073006157e-08
9.510000000000000000e+02 0.000000000000000000e+00 0.000000000000000000e+00 4.697431407326851054e-08
9.520000000000000000e+02 0.000000000000000000e+00 0.000000000000000000e+00 4.701075418903883874e-08
9.530000000000000000e+02 0.000000000000000000e+00 0.000000000000000000e+00 4.704709881184330342e-08
9.540000000000000000e+02 0.000000000000000000e+00 0.000000000000000000e+00 4.708334794168191118e-08
9.550000000000000000e+02 0.000000000000000000e+00 0.000000000000000000e+00 4.711950794475239156e-08
9.560000000000000000e+02 0.000000000000000000e+00 0.000000000000000000e+00 4.715556608865928550e-08
9.570000000000000000e+02 0.000000000000000000e+00 0.000000000000000000e+00 4.719152873960033576e-08
9.580000000000000000e+02 0.000000000000000000e+00 0.000000000000000000e+00 4.722738316518007666e-08
9.590000000000000000e+02 0.000000000000000000e+00 0.000000000000000000e+00 4.726314209779396066e-08
9.600000000000000000e+02 0.000000000000000000e+00 0.000000000000000000e+00 4.729879280504655515e-08
9.610000000000000000e+02 0.000000000000000000e+00 0.000000000000000000e+00 4.733434165313554996e-08
9.620000000000000000e+02 0.000000000000000000e+00 0.000000000000000000e+00 4.736977590966553236e-08
9.630000000000000000e+02 0.000000000000000000e+00 0.000000000000000000e+00 4.740510830703192832e-08
9.640000000000000000e+02 0.000000000000000000e+00 0.000000000000000000e+00 4.744032611283931187e-08
9.650000000000000000e+02 0.000000000000000000e+00 0.000000000000000000e+00 4.747543569328537944e-08
9.660000000000000000e+02 0.000000000000000000e+00 0.000000000000000000e+00 4.751042431597470507e-08
9.670000000000000000e+02 0.000000000000000000e+00 0.000000000000000000e+00 4.754530471330272135e-08
9.680000000000000000e+02 0.000000000000000000e+00 0.000000000000000000e+00 4.758007051907171860e-08
9.690000000000000000e+02 0.000000000000000000e+00 0.000000000000000000e+00 4.761471536708396728e-08
9.700000000000000000e+02 0.000000000000000000e+00 0.000000000000000000e+00 4.764924562353718370e-08
9.710000000000000000e+02 0.000000000000000000e+00 0.000000000000000000e+00 4.768364855603592865e-08
9.720000000000000000e+02 0.000000000000000000e+00 0.000000000000000000e+00 4.771793689697563472e-08
9.730000000000000000e+02 0.000000000000000000e+00 0.000000000000000000e+00 4.775209791396088255e-08
9.740000000000000000e+02 0.000000000000000000e+00 0.000000000000000000e+00 4.778613797318936858e-08
9.750000000000000000e+02 0.000000000000000000e+00 0.000000000000000000e+00 4.782005707466113253e-08
9.760000000000000000e+02 0.000000000000000000e+00 0.000000000000000000e+00 4.785384248598066900e-08
9.770000000000000000e+02 0.000000000000000000e+00 0.000000000000000000e+00 4.788750693954347014e-08
9.780000000000000000e+02 0.000000000000000000e+00 0.000000000000000000e+00 4.792104406915179320e-08
9.790000000000000000e+02 0.000000000000000000e+00 0.000000000000000000e+00 4.795445387480565141e-08
9.800000000000000000e+02 0.000000000000000000e+00 0.000000000000000000e+00 4.798773635650502490e-08
9.810000000000000000e+02 0.000000000000000000e+00 0.000000000000000000e+00 4.802088514805219740e-08
9.820000000000000000e+02 0.000000000000000000e+00 0.000000000000000000e+00 4.805390024944718213e-08
9.830000000000000000e+02 0.000000000000000000e+00 0.000000000000000000e+00 4.808678802688769538e-08
9.840000000000000000e+02 0.000000000000000000e+00 0.000000000000000000e+00 4.811954211417600764e-08
9.850000000000000000e+02 0.000000000000000000e+00 0.000000000000000000e+00 4.815216887750984180e-08
9.860000000000000000e+02 0.000000000000000000e+00 0.000000000000000000e+00 4.818465558449376529e-08
9.870000000000000000e+02 0.000000000000000000e+00 0.000000000000000000e+00 4.821700860132548778e-08
9.880000000000000000e+02 0.000000000000000000e+00 0.000000000000000000e+00 4.824922792800499603e-08
9.890000000000000000e+02 0.000000000000000000e+00 0.000000000000000000e+00 4.828131993073005266e-08
9.900000000000000000e+02 0.000000000000000000e+00 0.000000000000000000e+00 4.831326551090746246e-08
9.910000000000000000e+02 0.000000000000000000e+00 0.000000000000000000e+00 4.834508376713038756e-08
9.920000000000000000e+02 0.000000000000000000e+00 0.000000000000000000e+00 4.837676196700339536e-08
9.930000000000000000e+02 0.000000000000000000e+00 0.000000000000000000e+00 4.840830647672422864e-08
9.940000000000000000e+02 0.000000000000000000e+00 0.000000000000000000e+00 4.843971729629283444e-08
9.950000000000000000e+02 0.000000000000000000e+00 0.000000000000000000e+00 4.847098805951152294e-08
9.960000000000000000e+02 0.000000000000000000e+00 0.000000000000000000e+00 4.850211876638029415e-08
9.970000000000000000e+02 0.000000000000000000e+00 0.000000000000000000e+00 4.853312214929460712e-08
9.980000000000000000e+02 0.000000000000000000e+00 0.000000000000000000e+00 4.856397910966126003e-08
9.990000000000000000e+02 0.000000000000000000e+00 0.000000000000000000e+00 4.859470874607344147e-08
1.000000000000000000e+03 0.000000000000000000e+00 0.000000000000000000e+00 4.862529832613569900e-08
1.001000000000000000e+03 0.000000000000000000e+00 0.000000000000000000e+00 4.865574784984805247e-08
1.002000000000000000e+03 0.000000000000000000e+00 0.000000000000000000e+00 4.868607004960591461e-08
1.003000000000000000e+03 0.000000000000000000e+00 0.000000000000000000e+00 4.871625219301386607e-08
1.004000000000000000e+03 0.000000000000000000e+00 0.000000000000000000e+00 4.874629428007188701e-08
1.005000000000000000e+03 0.000000000000000000e+00 0.000000000000000000e+00 4.877620904317543647e-08
1.006000000000000000e+03 0.000000000000000000e+00 0.000000000000000000e+00 4.880598374992906863e-08
1.007000000000000000e+03 0.000000000000000000e+00 0.000000000000000000e+00 4.883562476653050641e-08
1.008000000000000000e+03 0.000000000000000000e+00 0.000000000000000000e+00 4.886513209297974319e-08
1.009000000000000000e+03 0.000000000000000000e+00 0.000000000000000000e+00 4.889451209547451512e-08
1.010000000000000000e+03 0.000000000000000000e+00 0.000000000000000000e+00 4.892375840781708604e-08
1.011000000000000000e+03 0.000000000000000000e+00 0.000000000000000000e+00 4.895287103000744273e-08
1.012000000000000000e+03 0.000000000000000000e+00 0.000000000000000000e+00 4.898185632824335442e-08
1.013000000000000000e+03 0.000000000000000000e+00 0.000000000000000000e+00 4.901071430252476154e-08
1.014000000000000000e+03 0.000000000000000000e+00 0.000000000000000000e+00 4.903943858665398752e-08
1.015000000000000000e+03 0.000000000000000000e+00 0.000000000000000000e+00 4.906804191302647156e-08
1.016000000000000000e+03 0.000000000000000000e+00 0.000000000000000000e+00 4.909651791544445765e-08
1.017000000000000000e+03 0.000000000000000000e+00 0.000000000000000000e+00 4.912486659390799212e-08
1.018000000000000000e+03 0.000000000000000000e+00 0.000000000000000000e+00 4.915308794841705512e-08
1.019000000000000000e+03 0.000000000000000000e+00 0.000000000000000000e+00 4.918118834516936295e-08
1.020000000000000000e+03 0.000000000000000000e+00 0.000000000000000000e+00 4.920917415036263851e-08
1.021000000000000000e+03 0.000000000000000000e+00 0.000000000000000000e+00 4.923703263160144259e-08
1.022000000000000000e+03 0.000000000000000000e+00 0.000000000000000000e+00 4.926477015508349812e-08
1.023000000000000000e+03 0.000000000000000000e+00 0.000000000000000000e+00 4.929239945320425091e-08
1.024000000000000000e+03 0.000000000000000000e+00 0.000000000000000000e+00 4.931990142737053223e-08
1.025000000000000000e+03 0.000000000000000000e+00 0.000000000000000000e+00 4.934729517617550419e-08
1.026000000000000000e+03 0.000000000000000000e+00 0.000000000000000000e+00 4.937457433342145712e-08
1.027000000000000000e+03 0.000000000000000000e+00 0.000000000000000000e+00 4.940174526530610070e-08
1.028000000000000000e+03 0.000000000000000000e+00 0.000000000000000000e+00 4.942880160563171863e-08
1.029000000000000000e+03 0.000000000000000000e+00 0.000000000000000000e+00 4.945574972059604706e-08
1.030000000000000000e+03 0.000000000000000000e+00 0.000000000000000000e+00 4.948259597639678905e-08
1.031000000000000000e+03 0.000000000000000000e+00 0.000000000000000000e+00 4.950933400683622830e-08
1.032000000000000000e+03 0.000000000000000000e+00 0.000000000000000000e+00 4.953597017811208111e-08
1.033000000000000000e+03 0.000000000000000000e+00 0.000000000000000000e+00 4.956250449022436071e-08
1.034000000000000000e+03 0.000000000000000000e+00 0.000000000000000000e+00 4.958893694317306711e-08
1.035000000000000000e+03 0.000000000000000000e+00 0.000000000000000000e+00 4.961527390315591659e-08
1.036000000000000000e+03 0.000000000000000000e+00 0.000000000000000000e+00 4.964151537017289592e-08
1.037000000000000000e+03 0.000000000000000000e+00 0.000000000000000000e+00 4.966766771042176111e-08
1.038000000000000000e+03 0.000000000000000000e+00 0.000000000000000000e+00 4.969372455770476938e-08
1.039000000000000000e+03 0.000000000000000000e+00 0.000000000000000000e+00 4.971969864441736657e-08
1.040000000000000000e+03 0.000000000000000000e+00 0.000000000000000000e+00 4.974557723816412007e-08
1.041000000000000000e+03 0.000000000000000000e+00 0.000000000000000000e+00 4.977137943753815893e-08
1.042000000000000000e+03 0.000000000000000000e+00 0.000000000000000000e+00 4.979709887634181979e-08
1.043000000000000000e+03 0.000000000000000000e+00 0.000000000000000000e+00 4.982273555457506294e-08
1.044000000000000000e+03 0.000000000000000000e+00 0.000000000000000000e+00 4.984829583843562453e-08
1.045000000000000000e+03 0.000000000000000000e+00 0.000000000000000000e+00 4.987377972792349795e-08
1.046000000000000000e+03 0.000000000000000000e+00 0.000000000000000000e+00 4.989919358923641271e-08
1.047000000000000000e+03 0.000000000000000000e+00 0.000000000000000000e+00 4.992453742237436222e-08
1.048000000000000000e+03 0.000000000000000000e+00 0.000000000000000000e+00 4.994981759353506936e-08
1.049000000000000000e+03 0.000000000000000000e+00 0.000000000000000000e+00 4.997502773652084433e-08
1.050000000000000000e+03 0.000000000000000000e+00 0.000000000000000000e+00 5.000017421752935710e-08
1.051000000000000000e+03 0.000000000000000000e+00 0.000000000000000000e+00 5.002526340275836365e-08
1.052000000000000000e+03 0.000000000000000000e+00 0.000000000000000000e+00 5.005029529220785739e-08
1.053000000000000000e+03 0.000000000000000000e+00 0.000000000000000000e+00 5.007526988587782506e-08
1.054000000000000000e+03 0.000000000000000000e+00 0.000000000000000000e+00 5.010019354996602268e-08
1.055000000000000000e+03 0.000000000000000000e+00 0.000000000000000000e+00 5.012506628447241714e-08
1.056000000000000000e+03 0.000000000000000000e+00 0.000000000000000000e+00 5.014989445559476446e-08
1.057000000000000000e+03 0.000000000000000000e+00 0.000000000000000000e+00 5.017467169713529540e-08
1.058000000000000000e+03 0.000000000000000000e+00 0.000000000000000000e+00 5.019941710768723825e-08
1.059000000000000000e+03 0.000000000000000000e+00 0.000000000000000000e+00 5.022411795485510086e-08
1.060000000000000000e+03 0.000000000000000000e+00 0.000000000000000000e+00 5.024878697103434229e-08
1.061000000000000000e+03 0.000000000000000000e+00 0.000000000000000000e+00 5.027342415622496917e-08
1.062000000000000000e+03 0.000000000000000000e+00 0.000000000000000000e+00 5.029802951042697487e-08
1.063000000000000000e+03 0.000000000000000000e+00 0.000000000000000000e+00 5.032260939983808892e-08
1.064000000000000000e+03 0.000000000000000000e+00 0.000000000000000000e+00 5.034716382445830471e-08
1.065000000000000000e+03 0.000000000000000000e+00 0.000000000000000000e+00 5.037170551668306805e-08
1.066000000000000000e+03 0.000000000000000000e+00 0.000000000000000000e+00 5.039622174411694637e-08
1.067000000000000000e+03 0.000000000000000000e+00 0.000000000000000000e+00 5.042072523915537224e-08
1.068000000000000000e+03 0.000000000000000000e+00 0.000000000000000000e+00 5.044521600179835891e-08
1.069000000000000000e+03 0.000000000000000000e+00 0.000000000000000000e+00 5.046970676444133896e-08
1.070000000000000000e+03 0.000000000000000000e+00 0.000000000000000000e+00 5.049418479468887981e-08
1.071000000000000000e+03 0.000000000000000000e+00 0.000000000000000000e+00 5.051866282493640080e-08
1.072000000000000000e+03 0.000000000000000000e+00 0.000000000000000000e+00 5.054314085518393503e-08
1.073000000000000000e+03 0.000000000000000000e+00 0.000000000000000000e+00 5.056762525162920540e-08
1.074000000000000000e+03 0.000000000000000000e+00 0.000000000000000000e+00 5.059211601427218545e-08
1.075000000000000000e+03 0.000000000000000000e+00 0.000000000000000000e+00 5.061661314311287518e-08
1.076000000000000000e+03 0.000000000000000000e+00 0.000000000000000000e+00 5.064112937054675350e-08
1.077000000000000000e+03 0.000000000000000000e+00 0.000000000000000000e+00 5.066566469657380055e-08
1.078000000000000000e+03 0.000000000000000000e+00 0.000000000000000000e+00 5.069021275499630666e-08
1.079000000000000000e+03 0.000000000000000000e+00 0.000000000000000000e+00 5.071479264440741409e-08
1.080000000000000000e+03 0.000000000000000000e+00 0.000000000000000000e+00 5.073939163241169026e-08
1.081000000000000000e+03 0.000000000000000000e+00 0.000000000000000000e+00 5.076402245140459423e-08
1.082000000000000000e+03 0.000000000000000000e+00 0.000000000000000000e+00 5.078868510138611937e-08
1.083000000000000000e+03 0.000000000000000000e+00 0.000000000000000000e+00 5.081338594855398198e-08
1.084000000000000000e+03 0.000000000000000000e+00 0.000000000000000000e+00 5.083812499290818206e-08
1.085000000000000000e+03 0.000000000000000000e+00 0.000000000000000000e+00 5.086290860064645576e-08
1.086000000000000000e+03 0.000000000000000000e+00 0.000000000000000000e+00 5.088773040557106032e-08
1.087000000000000000e+03 0.000000000000000000e+00 0.000000000000000000e+00 5.091260314007746140e-08
1.088000000000000000e+03 0.000000000000000000e+00 0.000000000000000000e+00 5.093752680416565902e-08
1.089000000000000000e+03 0.000000000000000000e+00 0.000000000000000000e+00 5.096250776403336946e-08
1.090000000000000000e+03 0.000000000000000000e+00 0.000000000000000000e+00 5.098754601968057948e-08
1.091000000000000000e+03 0.000000000000000000e+00 0.000000000000000000e+00 5.101264157110730233e-08
1.092000000000000000e+03 0.000000000000000000e+00 0.000000000000000000e+00 5.103780078451126754e-08
1.093000000000000000e+03 0.000000000000000000e+00 0.000000000000000000e+00 5.106302365989247510e-08
1.094000000000000000e+03 0.000000000000000000e+00 0.000000000000000000e+00 5.108831656344864130e-08
1.095000000000000000e+03 0.000000000000000000e+00 0.000000000000000000e+00 5.111368586137749569e-08
1.096000000000000000e+03 0.000000000000000000e+00 0.000000000000000000e+00 5.113912518748129548e-08
1.097000000000000000e+03 0.000000000000000000e+00 0.000000000000000000e+00 5.116464727415551299e-08
1.098000000000000000e+03 0.000000000000000000e+00 0.000000000000000000e+00 5.119024575520240543e-08
1.099000000000000000e+03 0.000000000000000000e+00 0.000000000000000000e+00 5.121592699681972220e-08
1.100000000000000000e+03 0.000000000000000000e+00 0.000000000000000000e+00 5.124169736520516635e-08
1.101000000000000000e+03 0.000000000000000000e+00 0.000000000000000000e+00 5.126755049416100174e-08
1.102000000000000000e+03 0.000000000000000000e+00 0.000000000000000000e+00 5.129349911608272713e-08
1.103000000000000000e+03 0.000000000000000000e+00 0.000000000000000000e+00 5.131954323097026973e-08
1.104000000000000000e+03 0.000000000000000000e+00 0.000000000000000000e+00 5.134567647262595956e-08
1.105000000000000000e+03 0.000000000000000000e+00 0.000000000000000000e+00 5.137191793964295213e-08
1.106000000000000000e+03 0.000000000000000000e+00 0.000000000000000000e+00 5.139825489962580823e-08
1.107000000000000000e+03 0.000000000000000000e+00 0.000000000000000000e+00 5.142470008496994060e-08
1.108000000000000000e+03 0.000000000000000000e+00 0.000000000000000000e+00 5.145124712947767926e-08
1.109000000000000000e+03 0.000000000000000000e+00 0.000000000000000000e+00 5.147790239934670742e-08
1.110000000000000000e+03 0.000000000000000000e+00 0.000000000000000000e+00 5.150467226077477447e-08
1.111000000000000000e+03 0.000000000000000000e+00 0.000000000000000000e+00 5.153155671376184731e-08
1.112000000000000000e+03 0.000000000000000000e+00 0.000000000000000000e+00 5.155854939211022950e-08
1.113000000000000000e+03 0.000000000000000000e+00 0.000000000000000000e+00 5.158566939441308317e-08
1.114000000000000000e+03 0.000000000000000000e+00 0.000000000000000000e+00 5.161290398827497572e-08
1.115000000000000000e+03 0.000000000000000000e+00 0.000000000000000000e+00 5.164025953989361021e-08
1.116000000000000000e+03 0.000000000000000000e+00 0.000000000000000000e+00 5.166773604926899326e-08
1.117000000000000000e+03 0.000000000000000000e+00 0.000000000000000000e+00 5.169534624879657070e-08
1.118000000000000000e+03 0.000000000000000000e+00 0.000000000000000000e+00 5.172307740608091655e-08
1.119000000000000000e+03 0.000000000000000000e+00 0.000000000000000000e+00 5.175094225351744355e-08
1.120000000000000000e+03 0.000000000000000000e+00 0.000000000000000000e+00 5.177893442490843540e-08
1.121000000000000000e+03 0.000000000000000000e+00 0.000000000000000000e+00 5.180706665264935778e-08
1.122000000000000000e+03 0.000000000000000000e+00 0.000000000000000000e+00 5.183532620434475164e-08
1.123000000000000000e+03 0.000000000000000000e+00 0.000000000000000000e+00 5.186372581239008264e-08
1.124000000000000000e+03 0.000000000000000000e+00 0.000000000000000000e+00 5.189225911058759480e-08
1.125000000000000000e+03 0.000000000000000000e+00 0.000000000000000000e+00 5.192093883133276039e-08
1.126000000000000000e+03 0.000000000000000000e+00 0.000000000000000000e+00 5.194975224223011375e-08
1.127000000000000000e+03 0.000000000000000000e+00 0.000000000000000000e+00 5.197871207567511394e-08
1.128000000000000000e+03 0.000000000000000000e+00 0.000000000000000000e+00 5.200781196547003804e-08
1.129000000000000000e+03 0.000000000000000000e+00 0.000000000000000000e+00 5.203705827781259573e-08
1.130000000000000000e+03 0.000000000000000000e+00 0.000000000000000000e+00 5.206645101270280024e-08
1.131000000000000000e+03 0.000000000000000000e+00 0.000000000000000000e+00 5.209599653633838773e-08
1.132000000000000000e+03 0.000000000000000000e+00 0.000000000000000000e+00 5.212568211632389251e-08
1.133000000000000000e+03 0.000000000000000000e+00 0.000000000000000000e+00 5.215552048505476041e-08
1.134000000000000000e+03 0.000000000000000000e+00 0.000000000000000000e+00 5.218551164253100467e-08
1.135000000000000000e+03 0.000000000000000000e+00 0.000000000000000000e+00 5.221565558875260542e-08
1.136000000000000000e+03 0.000000000000000000e+00 0.000000000000000000e+00 5.224594595752184639e-08
1.137000000000000000e+03 0.000000000000000000e+00 0.000000000000000000e+00 5.227639548123419985e-08
1.138000000000000000e+03 0.000000000000000000e+00 0.000000000000000000e+00 5.230699142749417367e-08
1.139000000000000000e+03 0.000000000000000000e+00 0.000000000000000000e+00 5.233774652869726000e-08
1.140000000000000000e+03 0.000000000000000000e+00 0.000000000000000000e+00 5.236866078484341912e-08
1.141000000000000000e+03 0.000000000000000000e+00 0.000000000000000000e+00 5.239972146353725153e-08
1.142000000000000000e+03 0.000000000000000000e+00 0.000000000000000000e+00 5.243094129717413689e-08
1.143000000000000000e+03 0.000000000000000000e+00 0.000000000000000000e+00 5.246232028575414798e-08
1.144000000000000000e+03 0.000000000000000000e+00 0.000000000000000000e+00 5.249385206307950896e-08
1.145000000000000000e+03 0.000000000000000000e+00 0.000000000000000000e+00 5.252554299534796258e-08
1.146000000000000000e+03 0.000000000000000000e+00 0.000000000000000000e+00 5.255739308255952210e-08
1.147000000000000000e+03 0.000000000000000000e+00 0.000000000000000000e+00 5.258939595851643811e-08
1.148000000000000000e+03 0.000000000000000000e+00 0.000000000000000000e+00 5.262155162321872386e-08
1.149000000000000000e+03 0.000000000000000000e+00 0.000000000000000000e+00 5.265387280906181855e-08
1.150000000000000000e+03 0.000000000000000000e+00 0.000000000000000000e+00 5.268634041745257992e-08
1.151000000000000000e+03 0.000000000000000000e+00 0.000000000000000000e+00 5.271897354698413700e-08
1.152000000000000000e+03 0.000000000000000000e+00 0.000000000000000000e+00 5.275175946526107043e-08
1.153000000000000000e+03 0.000000000000000000e+00 0.000000000000000000e+00 5.278469817228335374e-08
1.154000000000000000e+03 0.000000000000000000e+00 0.000000000000000000e+00 5.281779603424875618e-08
1.155000000000000000e+03 0.000000000000000000e+00 0.000000000000000000e+00 5.285104668495952173e-08
1.156000000000000000e+03 0.000000000000000000e+00 0.000000000000000000e+00 5.288445649061335347e-08
1.157000000000000000e+03 0.000000000000000000e+00 0.000000000000000000e+00 5.291801271881486511e-08
1.158000000000000000e+03 0.000000000000000000e+00 0.000000000000000000e+00 5.295172810195944955e-08
1.159000000000000000e+03 0.000000000000000000e+00 0.000000000000000000e+00 5.298558990765168744e-08
1.160000000000000000e+03 0.000000000000000000e+00 0.000000000000000000e+00 5.301960450208928844e-08
1.161000000000000000e+03 0.000000000000000000e+00 0.000000000000000000e+00 5.305377188527223933e-08
1.162000000000000000e+03 0.000000000000000000e+00 0.000000000000000000e+00 5.308808569100286351e-08
1.163000000000000000e+03 0.000000000000000000e+00 0.000000000000000000e+00 5.312255228547884420e-08
1.164000000000000000e+03 0.000000000000000000e+00 0.000000000000000000e+00 5.315716530250246509e-08
1.165000000000000000e+03 0.000000000000000000e+00 0.000000000000000000e+00 5.319192474207373943e-08
1.166000000000000000e+03 0.000000000000000000e+00 0.000000000000000000e+00 5.322682423799491782e-08
1.167000000000000000e+03 0.000000000000000000e+00 0.000000000000000000e+00 5.326187652266149242e-08
1.168000000000000000e+03 0.000000000000000000e+00 0.000000000000000000e+00 5.329706249748024818e-08
1.169000000000000000e+03 0.000000000000000000e+00 0.000000000000000000e+00 5.333239489484664414e-08
1.170000000000000000e+03 0.000000000000000000e+00 0.000000000000000000e+00 5.336786734856296401e-08
1.171000000000000000e+03 0.000000000000000000e+00 0.000000000000000000e+00 5.340347349243147826e-08
1.172000000000000000e+03 0.000000000000000000e+00 0.000000000000000000e+00 5.343921969264992967e-08
1.173000000000000000e+03 0.000000000000000000e+00 0.000000000000000000e+00 5.347509958302055560e-08
1.174000000000000000e+03 0.000000000000000000e+00 0.000000000000000000e+00 5.351111316354338916e-08
1.175000000000000000e+03 0.000000000000000000e+00 0.000000000000000000e+00 5.354726043421842371e-08
1.176000000000000000e+03 0.000000000000000000e+00 0.000000000000000000e+00 5.358353502884792974e-08
1.177000000000000000e+03 0.000000000000000000e+00 0.000000000000000000e+00 5.361994331362963015e-08
1.178000000000000000e+03 0.000000000000000000e+00 0.000000000000000000e+00 5.365647255616808574e-08
1.179000000000000000e+03 0.000000000000000000e+00 0.000000000000000000e+00 5.369312275646328989e-08
1.180000000000000000e+03 0.000000000000000000e+00 0.000000000000000000e+00 5.372990028071296551e-08
1.181000000000000000e+03 0.000000000000000000e+00 0.000000000000000000e+00 5.376679876271938969e-08
1.182000000000000000e+03 0.000000000000000000e+00 0.000000000000000000e+00 5.380381183628483290e-08
1.183000000000000000e+03 0.000000000000000000e+00 0.000000000000000000e+00 5.384094586760703791e-08
1.184000000000000000e+03 0.000000000000000000e+00 0.000000000000000000e+00 5.387818812429054565e-08
1.185000000000000000e+03 0.000000000000000000e+00 0.000000000000000000e+00 5.391554497253307243e-08
1.186000000000000000e+03 0.000000000000000000e+00 0.000000000000000000e+00 5.395301641233462485e-08
1.187000000000000000e+03 0.000000000000000000e+00 0.000000000000000000e+00 5.399058971129976372e-08
1.188000000000000000e+03 0.000000000000000000e+00 0.000000000000000000e+00 5.402827123562619870e-08
1.189000000000000000e+03 0.000000000000000000e+00 0.000000000000000000e+00 5.406605461911621351e-08
1.190000000000000000e+03 0.000000000000000000e+00 0.000000000000000000e+00 5.410393986176982137e-08
1.191000000000000000e+03 0.000000000000000000e+00 0.000000000000000000e+00 5.414192059738925968e-08
1.192000000000000000e+03 0.000000000000000000e+00 0.000000000000000000e+00 5.418000319217229105e-08
1.193000000000000000e+03 0.000000000000000000e+00 0.000000000000000000e+00 5.421817491372344319e-08
1.194000000000000000e+03 0.000000000000000000e+00 0.000000000000000000e+00 5.425644212824045224e-08
1.195000000000000000e+03 0.000000000000000000e+00 0.000000000000000000e+00 5.429479210332789885e-08
1.196000000000000000e+03 0.000000000000000000e+00 0.000000000000000000e+00 5.433323120518343313e-08
1.197000000000000000e+03 0.000000000000000000e+00 0.000000000000000000e+00 5.437175306760940498e-08
1.198000000000000000e+03 0.000000000000000000e+00 0.000000000000000000e+00 5.441035769060578129e-08
1.199000000000000000e+03 0.000000000000000000e+00 0.000000000000000000e+00 5.444903870797482594e-08
1.200000000000000000e+03 0.000000000000000000e+00 0.000000000000000000e+00 5.448779611971655875e-08
1.201000000000000000e+03 0.000000000000000000e+00 0.000000000000000000e+00 5.452662355963327007e-08
1.202000000000000000e+03 0.000000000000000000e+00 0.000000000000000000e+00 5.456552739392265633e-08
1.203000000000000000e+03 0.000000000000000000e+00 0.000000000000000000e+00 5.460449489018927171e-08
1.204000000000000000e+03 0.000000000000000000e+00 0.000000000000000000e+00 5.464352604843312945e-08
1.205000000000000000e+03 0.000000000000000000e+00 0.000000000000000000e+00 5.468262086865422291e-08
1.206000000000000000e+03 0.000000000000000000e+00 0.000000000000000000e+00 5.472177298465482921e-08
1.207000000000000000e+03 0.000000000000000000e+00 0.000000000000000000e+00 5.476098239643494171e-08
1.208000000000000000e+03 0.000000000000000000e+00 0.000000000000000000e+00 5.480024910399458027e-08
1.209000000000000000e+03 0.000000000000000000e+00 0.000000000000000000e+00 5.483956674113598888e-08
1.210000000000000000e+03 0.000000000000000000e+00 0.000000000000000000e+00 5.487892894166147774e-08
1.211000000000000000e+03 0.000000000000000000e+00 0.000000000000000000e+00 5.491834207176876974e-08
1.212000000000000000e+03 0.000000000000000000e+00 0.000000000000000000e+00 5.495779976526010889e-08
1.213000000000000000e+03 0.000000000000000000e+00 0.000000000000000000e+00 5.499728928974005598e-08
1.214000000000000000e+03 0.000000000000000000e+00 0.000000000000000000e+00 5.503682337760408992e-08
1.215000000000000000e+03 0.000000000000000000e+00 0.000000000000000000e+00 5.507638929645673181e-08
1.216000000000000000e+03 0.000000000000000000e+00 0.000000000000000000e+00 5.511598704629800149e-08
1.217000000000000000e+03 0.000000000000000000e+00 0.000000000000000000e+00 5.515561662712788573e-08
1.218000000000000000e+03 0.000000000000000000e+00 0.000000000000000000e+00 5.519527167274865500e-08
1.219000000000000000e+03 0.000000000000000000e+00 0.000000000000000000e+00 5.523494581696260624e-08
1.220000000000000000e+03 0.000000000000000000e+00 0.000000000000000000e+00 5.527463905976973283e-08
1.221000000000000000e+03 0.000000000000000000e+00 0.000000000000000000e+00 5.531435140117001492e-08
1.222000000000000000e+03 0.000000000000000000e+00 0.000000000000000000e+00 5.535408284116347237e-08
1.223000000000000000e+03 0.000000000000000000e+00 0.000000000000000000e+00 5.539382064735467258e-08
1.224000000000000000e+03 0.000000000000000000e+00 0.000000000000000000e+00 5.543357118594129876e-08
1.225000000000000000e+03 0.000000000000000000e+00 0.000000000000000000e+00 5.547332172452792494e-08
1.226000000000000000e+03 0.000000000000000000e+00 0.000000000000000000e+00 5.551307862931227404e-08
1.227000000000000000e+03 0.000000000000000000e+00 0.000000000000000000e+00 5.555283553409663637e-08
1.228000000000000000e+03 0.000000000000000000e+00 0.000000000000000000e+00 5.559258607268326916e-08
1.229000000000000000e+03 0.000000000000000000e+00 0.000000000000000000e+00 5.563233024507217905e-08
1.230000000000000000e+03 0.000000000000000000e+00 0.000000000000000000e+00 5.567206805126335941e-08
1.231000000000000000e+03 0.000000000000000000e+00 0.000000000000000000e+00 5.571179312505909394e-08
1.232000000000000000e+03 0.000000000000000000e+00 0.000000000000000000e+00 5.575149910026165313e-08
1.233000000000000000e+03 0.000000000000000000e+00 0.000000000000000000e+00 5.579119234306878634e-08
1.234000000000000000e+03 0.000000000000000000e+00 0.000000000000000000e+00 5.583086012108500143e-08
1.235000000000000000e+03 0.000000000000000000e+00 0.000000000000000000e+00 5.587050880050805440e-08
1.236000000000000000e+03 0.000000000000000000e+00 0.000000000000000000e+00 5.591013201514022235e-08
1.237000000000000000e+03 0.000000000000000000e+00 0.000000000000000000e+00 5.594972339878375588e-08
1.238000000000000000e+03 0.000000000000000000e+00 0.000000000000000000e+00 5.598927658524095856e-08
1.239000000000000000e+03 0.000000000000000000e+00 0.000000000000000000e+00 5.602880430690725636e-08
1.240000000000000000e+03 0.000000000000000000e+00 0.000000000000000000e+00 5.606828746518949377e-08
1.241000000000000000e+03 0.000000000000000000e+00 0.000000000000000000e+00 5.610773242628538048e-08
1.242000000000000000e+03 0.000000000000000000e+00 0.000000000000000000e+00 5.614713282399722004e-08
1.243000000000000000e+03 0.000000000000000000e+00 0.000000000000000000e+00 5.618648865832497936e-08
1.244000000000000000e+03 0.000000000000000000e+00 0.000000000000000000e+00 5.622578719687324572e-08
1.245000000000000000e+03 0.000000000000000000e+00 0.000000000000000000e+00 5.626504117203741198e-08
1.246000000000000000e+03 0.000000000000000000e+00 0.000000000000000000e+00 5.630423785142208528e-08
1.247000000000000000e+03 0.000000000000000000e+00 0.000000000000000000e+00 5.634338360122498189e-08
1.248000000000000000e+03 0.000000000000000000e+00 0.000000000000000000e+00 5.638245932285289339e-08
1.249000000000000000e+03 0.000000000000000000e+00 0.000000000000000000e+00 5.642147138250357577e-08
1.250000000000000000e+03 0.000000000000000000e+00 0.000000000000000000e+00 5.646041978017703565e-08
1.251000000000000000e+03 0.000000000000000000e+00 0.000000000000000000e+00 5.649930451587324656e-08
1.252000000000000000e+03 0.000000000000000000e+00 0.000000000000000000e+00 5.653810649099903976e-08
1.253000000000000000e+03 0.000000000000000000e+00 0.000000000000000000e+00 5.657683843794988755e-08
1.254000000000000000e+03 0.000000000000000000e+00 0.000000000000000000e+00 5.661549399052804054e-08
1.255000000000000000e+03 0.000000000000000000e+00 0.000000000000000000e+00 5.665406678253579568e-08
1.256000000000000000e+03 0.000000000000000000e+00 0.000000000000000000e+00 5.669256318017086264e-08
1.257000000000000000e+03 0.000000000000000000e+00 0.000000000000000000e+00 5.673096408484008593e-08
1.258000000000000000e+03 0.000000000000000000e+00 0.000000000000000000e+00 5.676928222893887827e-08
1.259000000000000000e+03 0.000000000000000000e+00 0.000000000000000000e+00 5.680751124626955647e-08
1.260000000000000000e+03 0.000000000000000000e+00 0.000000000000000000e+00 5.684564477063437775e-08
1.261000000000000000e+03 0.000000000000000000e+00 0.000000000000000000e+00 5.688368916823107165e-08
1.262000000000000000e+03 0.000000000000000000e+00 0.000000000000000000e+00 5.692163170666417249e-08
1.263000000000000000e+03 0.000000000000000000e+00 0.000000000000000000e+00 5.695947238593370012e-08
1.264000000000000000e+03 0.000000000000000000e+00 0.000000000000000000e+00 5.699721120603965454e-08
1.265000000000000000e+03 0.000000000000000000e+00 0.000000000000000000e+00 5.703484180078429300e-08
1.266000000000000000e+03 0.000000000000000000e+00 0.000000000000000000e+00 5.707237053636536486e-08
1.267000000000000000e+03 0.000000000000000000e+00 0.000000000000000000e+00 5.710979104658513399e-08
1.268000000000000000e+03 0.000000000000000000e+00 0.000000000000000000e+00 5.714709696524588409e-08
1.269000000000000000e+03 0.000000000000000000e+00 0.000000000000000000e+00 5.718428829234758868e-08
1.270000000000000000e+03 0.000000000000000000e+00 0.000000000000000000e+00 5.722136502789028087e-08
1.271000000000000000e+03 0.000000000000000000e+00 0.000000000000000000e+00 5.725832717187394078e-08
1.272000000000000000e+03 0.000000000000000000e+00 0.000000000000000000e+00 5.729516835810084552e-08
1.273000000000000000e+03 0.000000000000000000e+00 0.000000000000000000e+00 5.733188858657100832e-08
1.274000000000000000e+03 0.000000000000000000e+00 0.000000000000000000e+00 5.736848149108670626e-08
1.275000000000000000e+03 0.000000000000000000e+00 0.000000000000000000e+00 5.740495343784564241e-08
1.276000000000000000e+03 0.000000000000000000e+00 0.000000000000000000e+00 5.744129169445237094e-08
1.277000000000000000e+03 0.000000000000000000e+00 0.000000000000000000e+00 5.747750262710464785e-08
1.278000000000000000e+03 0.000000000000000000e+00 0.000000000000000000e+00 5.751358623580244005e-08
1.279000000000000000e+03 0.000000000000000000e+00 0.000000000000000000e+00 5.754953615434805110e-08
1.280000000000000000e+03 0.000000000000000000e+00 0.000000000000000000e+00 5.758534601654371839e-08
1.281000000000000000e+03 0.000000000000000000e+00 0.000000000000000000e+00 5.762102855478492082e-08
1.282000000000000000e+03 0.000000000000000000e+00 0.000000000000000000e+00 5.765656467047846981e-08
1.283000000000000000e+03 0.000000000000000000e+00 0.000000000000000000e+00 5.769196709601983104e-08
1.284000000000000000e+03 0.000000000000000000e+00 0.000000000000000000e+00 5.772722946521128158e-08
1.285000000000000000e+03 0.000000000000000000e+00 0.000000000000000000e+00 5.776234541185507207e-08
1.286000000000000000e+03 0.000000000000000000e+00 0.000000000000000000e+00 5.779732130214894526e-08
1.287000000000000000e+03 0.000000000000000000e+00 0.000000000000000000e+00 5.783215076989517824e-08
1.288000000000000000e+03 0.000000000000000000e+00 0.000000000000000000e+00 5.786683381509377764e-08
1.289000000000000000e+03 0.000000000000000000e+00 0.000000000000000000e+00 5.790137680394243988e-08
1.290000000000000000e+03 0.000000000000000000e+00 0.000000000000000000e+00 5.793576700404573239e-08
1.291000000000000000e+03 0.000000000000000000e+00 0.000000000000000000e+00 5.797000441540364854e-08
1.292000000000000000e+03 0.000000000000000000e+00 0.000000000000000000e+00 5.800410177041166063e-08
1.293000000000000000e+03 0.000000000000000000e+00 0.000000000000000000e+00 5.803803997047658670e-08
1.294000000000000000e+03 0.000000000000000000e+00 0.000000000000000000e+00 5.807183174799385270e-08
1.295000000000000000e+03 0.000000000000000000e+00 0.000000000000000000e+00 5.810547073676575558e-08
1.296000000000000000e+03 0.000000000000000000e+00 0.000000000000000000e+00 5.813895693679229534e-08
1.297000000000000000e+03 0.000000000000000000e+00 0.000000000000000000e+00 5.817229034807345213e-08
1.298000000000000000e+03 0.000000000000000000e+00 0.000000000000000000e+00 5.820546460441152951e-08
1.299000000000000000e+03 0.000000000000000000e+00 0.000000000000000000e+00 5.823848607200423053e-08
1.300000000000000000e+03 0.000000000000000000e+00 0.000000000000000000e+00 5.827135475085156844e-08
1.301000000000000000e+03 0.000000000000000000e+00 0.000000000000000000e+00 5.830406427475582693e-08
1.302000000000000000e+03 0.000000000000000000e+00 0.000000000000000000e+00 5.833661464371697953e-08
1.303000000000000000e+03 0.000000000000000000e+00 0.000000000000000000e+00 5.836901222393276902e-08
1.304000000000000000e+03 0.000000000000000000e+00 0.000000000000000000e+00 5.840125064920546586e-08
1.305000000000000000e+03 0.000000000000000000e+00 0.000000000000000000e+00 5.843333628573278634e-08
1.306000000000000000e+03 0.000000000000000000e+00 0.000000000000000000e+00 5.846525640111929126e-08
1.307000000000000000e+03 0.000000000000000000e+00 0.000000000000000000e+00 5.849702372776043969e-08
1.308000000000000000e+03 0.000000000000000000e+00 0.000000000000000000e+00 5.852863189945848884e-08
1.309000000000000000e+03 0.000000000000000000e+00 0.000000000000000000e+00 5.856008091621345197e-08
1.310000000000000000e+03 0.000000000000000000e+00 0.000000000000000000e+00 5.859137077802531582e-08
1.311000000000000000e+03 0.000000000000000000e+00 0.000000000000000000e+00 5.862250785109180333e-08
1.312000000000000000e+03 0.000000000000000000e+00 0.000000000000000000e+00 5.865347940301750174e-08
1.313000000000000000e+03 0.000000000000000000e+00 0.000000000000000000e+00 5.868429816619779733e-08
1.314000000000000000e+03 0.000000000000000000e+00 0.000000000000000000e+00 5.871495777443502674e-08
1.315000000000000000e+03 0.000000000000000000e+00 0.000000000000000000e+00 5.874545822772915688e-08
1.316000000000000000e+03 0.000000000000000000e+00 0.000000000000000000e+00 5.877579952608020761e-08
1.317000000000000000e+03 0.000000000000000000e+00 0.000000000000000000e+00 5.880598803568587537e-08
1.318000000000000000e+03 0.000000000000000000e+00 0.000000000000000000e+00 5.883601739034844386e-08
1.319000000000000000e+03 0.000000000000000000e+00 0.000000000000000000e+00 5.886589395626565585e-08
1.320000000000000000e+03 0.000000000000000000e+00 0.000000000000000000e+00 5.889561773343749810e-08
1.321000000000000000e+03 0.000000000000000000e+00 0.000000000000000000e+00 5.892518235566625432e-08
1.322000000000000000e+03 0.000000000000000000e+00 0.000000000000000000e+00 5.895459418914962757e-08
1.323000000000000000e+03 0.000000000000000000e+00 0.000000000000000000e+00 5.898385323388763770e-08
1.324000000000000000e+03 0.000000000000000000e+00 0.000000000000000000e+00 5.901295948988030457e-08
1.325000000000000000e+03 0.000000000000000000e+00 0.000000000000000000e+00 5.904191932332529814e-08
1.326000000000000000e+03 0.000000000000000000e+00 0.000000000000000000e+00 5.907072000182720567e-08
1.327000000000000000e+03 0.000000000000000000e+00 0.000000000000000000e+00 5.909938062397919592e-08
1.328000000000000000e+03 0.000000000000000000e+00 0.000000000000000000e+00 5.912788845738580980e-08
1.329000000000000000e+03 0.000000000000000000e+00 0.000000000000000000e+00 5.915624986824479672e-08
1.330000000000000000e+03 0.000000000000000000e+00 0.000000000000000000e+00 5.918446485655611696e-08
1.331000000000000000e+03 0.000000000000000000e+00 0.000000000000000000e+00 5.921253342231980360e-08
1.332000000000000000e+03 0.000000000000000000e+00 0.000000000000000000e+00 5.924045556553584343e-08
1.333000000000000000e+03 0.000000000000000000e+00 0.000000000000000000e+00 5.926823765240197919e-08
1.334000000000000000e+03 0.000000000000000000e+00 0.000000000000000000e+00 5.929587968291815795e-08
1.335000000000000000e+03 0.000000000000000000e+00 0.000000000000000000e+00 5.932338802328216218e-08
1.336000000000000000e+03 0.000000000000000000e+00 0.000000000000000000e+00 5.935074994109852620e-08
1.337000000000000000e+03 0.000000000000000000e+00 0.000000000000000000e+00 5.937797816876269584e-08
1.338000000000000000e+03 0.000000000000000000e+00 0.000000000000000000e+00 5.940507270627465786e-08
1.339000000000000000e+03 0.000000000000000000e+00 0.000000000000000000e+00 5.943203355363442549e-08
1.340000000000000000e+03 0.000000000000000000e+00 0.000000000000000000e+00 5.945886071084199874e-08
1.341000000000000000e+03 0.000000000000000000e+00 0.000000000000000000e+00 5.948556054409509391e-08
1.342000000000000000e+03 0.000000000000000000e+00 0.000000000000000000e+00 5.951213305339372422e-08
1.343000000000000000e+03 0.000000000000000000e+00 0.000000000000000000e+00 5.953858460493558611e-08
1.344000000000000000e+03 0.000000000000000000e+00 0.000000000000000000e+00 5.956490883252299639e-08
1.345000000000000000e+03 0.000000000000000000e+00 0.000000000000000000e+00 5.959111210235363825e-08
1.346000000000000000e+03 0.000000000000000000e+00 0.000000000000000000e+00 5.961719441442753155e-08
1.347000000000000000e+03 0.000000000000000000e+00 0.000000000000000000e+00 5.964316213494241244e-08
1.348000000000000000e+03 0.000000000000000000e+00 0.000000000000000000e+00 5.966901526389825445e-08
1.349000000000000000e+03 0.000000000000000000e+00 0.000000000000000000e+00 5.969476016749280695e-08
1.350000000000000000e+03 0.000000000000000000e+00 0.000000000000000000e+00 5.972039047952832058e-08
1.351000000000000000e+03 0.000000000000000000e+00 0.000000000000000000e+00 5.974591256620254470e-08
1.352000000000000000e+03 0.000000000000000000e+00 0.000000000000000000e+00 5.977133279371317576e-08
1.353000000000000000e+03 0.000000000000000000e+00 0.000000000000000000e+00 5.979665116206022699e-08
1.354000000000000000e+03 0.000000000000000000e+00 0.000000000000000000e+00 5.982186767124369841e-08
1.355000000000000000e+03 0.000000000000000000e+00 0.000000000000000000e+00 5.984698868746135261e-08
1.356000000000000000e+03 0.000000000000000000e+00 0.000000000000000000e+00 5.987201421071311020e-08
1.357000000000000000e+03 0.000000000000000000e+00 0.000000000000000000e+00 5.989695060719676025e-08
1.358000000000000000e+03 0.000000000000000000e+00 0.000000000000000000e+00 5.992179787691224984e-08
1.359000000000000000e+03 0.000000000000000000e+00 0.000000000000000000e+00 5.994656238605735480e-08
1.360000000000000000e+03 0.000000000000000000e+00 0.000000000000000000e+00 5.997123776843432577e-08
1.361000000000000000e+03 0.000000000000000000e+00 0.000000000000000000e+00 5.999583675643860855e-08
1.362000000000000000e+03 0.000000000000000000e+00 0.000000000000000000e+00 6.002035935007020316e-08
1.363000000000000000e+03 0.000000000000000000e+00 0.000000000000000000e+00 6.004481191552684574e-08
1.364000000000000000e+03 0.000000000000000000e+00 0.000000000000000000e+00 6.006918808661080015e-08
1.365000000000000000e+03 0.000000000000000000e+00 0.000000000000000000e+00 6.009350059571751220e-08
1.366000000000000000e+03 0.000000000000000000e+00 0.000000000000000000e+00 6.011774307664927221e-08
1.367000000000000000e+03 0.000000000000000000e+00 0.000000000000000000e+00 6.014192826180152603e-08
1.368000000000000000e+03 0.000000000000000000e+00 0.000000000000000000e+00 6.016605615117424716e-08
1.369000000000000000e+03 0.000000000000000000e+00 0.000000000000000000e+00 6.019013311096518500e-08
1.370000000000000000e+03 0.000000000000000000e+00 0.000000000000000000e+00 6.021415914117433955e-08
1.371000000000000000e+03 0.000000000000000000e+00 0.000000000000000000e+00 6.023813424180171080e-08
1.372000000000000000e+03 0.000000000000000000e+00 0.000000000000000000e+00 6.026206477904499520e-08
1.373000000000000000e+03 0.000000000000000000e+00 0.000000000000000000e+00 6.028595711910195536e-08
1.374000000000000000e+03 0.000000000000000000e+00 0.000000000000000000e+00 6.030981126197257805e-08
1.375000000000000000e+03 0.000000000000000000e+00 0.000000000000000000e+00 6.033363357385455971e-08
1.376000000000000000e+03 0.000000000000000000e+00 0.000000000000000000e+00 6.035743042094566296e-08
1.377000000000000000e+03 0.000000000000000000e+00 0.000000000000000000e+00 6.038119543704815165e-08
1.378000000000000000e+03 0.000000000000000000e+00 0.000000000000000000e+00 6.040493498835973546e-08
1.379000000000000000e+03 0.000000000000000000e+00 0.000000000000000000e+00 6.042866180727588668e-08
1.380000000000000000e+03 0.000000000000000000e+00 0.000000000000000000e+00 6.045237589379656561e-08
1.381000000000000000e+03 0.000000000000000000e+00 0.000000000000000000e+00 6.047607088172408903e-08
1.382000000000000000e+03 0.000000000000000000e+00 0.000000000000000000e+00 6.049975950345390278e-08
1.383000000000000000e+03 0.000000000000000000e+00 0.000000000000000000e+00 6.052344812518367682e-08
1.384000000000000000e+03 0.000000000000000000e+00 0.000000000000000000e+00 6.054713674691349057e-08
1.385000000000000000e+03 0.000000000000000000e+00 0.000000000000000000e+00 6.057082536864327785e-08
1.386000000000000000e+03 0.000000000000000000e+00 0.000000000000000000e+00 6.059452035657080127e-08
1.387000000000000000e+03 0.000000000000000000e+00 0.000000000000000000e+00 6.061822807689377052e-08
1.388000000000000000e+03 0.000000000000000000e+00 0.000000000000000000e+00 6.064194852961218559e-08
1.389000000000000000e+03 0.000000000000000000e+00 0.000000000000000000e+00 6.066569444712149231e-08
1.390000000000000000e+03 0.000000000000000000e+00 0.000000000000000000e+00 6.068945309702624486e-08
1.391000000000000000e+03 0.000000000000000000e+00 0.000000000000000000e+00 6.071324357791963843e-08
1.392000000000000000e+03 0.000000000000000000e+00 0.000000000000000000e+00 6.073706588980162009e-08
1.393000000000000000e+03 0.000000000000000000e+00 0.000000000000000000e+00 6.076092003267222955e-08
1.394000000000000000e+03 0.000000000000000000e+00 0.000000000000000000e+00 6.078480600653148003e-08
1.395000000000000000e+03 0.000000000000000000e+00 0.000000000000000000e+00 6.080874290997248734e-08
1.396000000000000000e+03 0.000000000000000000e+00 0.000000000000000000e+00 6.083271801059984536e-08
1.397000000000000000e+03 0.000000000000000000e+00 0.000000000000000000e+00 6.085674404080901314e-08
1.398000000000000000e+03 0.000000000000000000e+00 0.000000000000000000e+00 6.088082100059995098e-08
1.399000000000000000e+03 0.000000000000000000e+00 0.000000000000000000e+00 6.090495525617040827e-08
1.400000000000000000e+03 0.000000000000000000e+00 0.000000000000000000e+00 6.092915317371810790e-08
1.401000000000000000e+03 0.000000000000000000e+00 0.000000000000000000e+00 6.095341475324303666e-08
1.402000000000000000e+03 0.000000000000000000e+00 0.000000000000000000e+00 6.097773999474519453e-08
1.403000000000000000e+03 0.000000000000000000e+00 0.000000000000000000e+00 6.100214163062004058e-08
1.404000000000000000e+03 0.000000000000000000e+00 0.000000000000000000e+00 6.102661329466985189e-08
1.405000000000000000e+03 0.000000000000000000e+00 0.000000000000000000e+00 6.105116771929006106e-08
1.406000000000000000e+03 0.000000000000000000e+00 0.000000000000000000e+00 6.107580490448068132e-08
1.407000000000000000e+03 0.000000000000000000e+00 0.000000000000000000e+00 6.110053121643944882e-08
1.408000000000000000e+03 0.000000000000000000e+00 0.000000000000000000e+00 6.112534028896862740e-08
1.409000000000000000e+03 0.000000000000000000e+00 0.000000000000000000e+00 6.115024485446363643e-08
1.410000000000000000e+03 0.000000000000000000e+00 0.000000000000000000e+00 6.117525127912222528e-08
1.411000000000000000e+03 0.000000000000000000e+00 0.000000000000000000e+00 6.120035319674668428e-08
1.412000000000000000e+03 0.000000000000000000e+00 0.000000000000000000e+00 6.122556333973244601e-08
1.413000000000000000e+03 0.000000000000000000e+00 0.000000000000000000e+00 6.125088170807949725e-08
1.414000000000000000e+03 0.000000000000000000e+00 0.000000000000000000e+00 6.127630830178786445e-08
1.415000000000000000e+03 0.000000000000000000e+00 0.000000000000000000e+00 6.130184948705525731e-08
1.416000000000000000e+03 0.000000000000000000e+00 0.000000000000000000e+00 6.132750526388167581e-08
1.417000000000000000e+03 0.000000000000000000e+00 0.000000000000000000e+00 6.135328836466255256e-08
1.418000000000000000e+03 0.000000000000000000e+00 0.000000000000000000e+00 6.137919878939791400e-08
1.419000000000000000e+03 0.000000000000000000e+00 0.000000000000000000e+00 6.140523017189003725e-08
1.420000000000000000e+03 0.000000000000000000e+00 0.000000000000000000e+00 6.143139524453432840e-08
1.421000000000000000e+03 0.000000000000000000e+00 0.000000000000000000e+00 6.145769400733082718e-08
1.422000000000000000e+03 0.000000000000000000e+00 0.000000000000000000e+00 6.148413282647725649e-08
1.423000000000000000e+03 0.000000000000000000e+00 0.000000000000000000e+00 6.151071170197360309e-08
1.424000000000000000e+03 0.000000000000000000e+00 0.000000000000000000e+00 6.153743700001760313e-08
1.425000000000000000e+03 0.000000000000000000e+00 0.000000000000000000e+00 6.156430872060923015e-08
1.426000000000000000e+03 0.000000000000000000e+00 0.000000000000000000e+00 6.159132686374851061e-08
1.427000000000000000e+03 0.000000000000000000e+00 0.000000000000000000e+00 6.161849779563315419e-08
1.428000000000000000e+03 0.000000000000000000e+00 0.000000000000000000e+00 6.164582788246089704e-08
1.429000000000000000e+03 0.000000000000000000e+00 0.000000000000000000e+00 6.167331712423173915e-08
1.430000000000000000e+03 0.000000000000000000e+00 0.000000000000000000e+00 6.170096552094565406e-08
1.431000000000000000e+03 0.000000000000000000e+00 0.000000000000000000e+00 6.172877943880039114e-08
1.432000000000000000e+03 0.000000000000000000e+00 0.000000000000000000e+00 6.175675887779595041e-08
1.433000000000000000e+03 0.000000000000000000e+00 0.000000000000000000e+00 6.178491020413004152e-08
1.434000000000000000e+03 0.000000000000000000e+00 0.000000000000000000e+00 6.181322705160495482e-08
1.435000000000000000e+03 0.000000000000000000e+00 0.000000000000000000e+00 6.184172851881384580e-08
1.436000000000000000e+03 0.000000000000000000e+00 0.000000000000000000e+00 6.187040187336128186e-08
1.437000000000000000e+03 0.000000000000000000e+00 0.000000000000000000e+00 6.189925348144498593e-08
1.438000000000000000e+03 0.000000000000000000e+00 0.000000000000000000e+00 6.192828970926266767e-08
1.439000000000000000e+03 0.000000000000000000e+00 0.000000000000000000e+00 6.195751055681434033e-08
1.440000000000000000e+03 0.000000000000000000e+00 0.000000000000000000e+00 6.198691602410000391e-08
1.441000000000000000e+03 0.000000000000000000e+00 0.000000000000000000e+00 6.201651247731738131e-08
1.442000000000000000e+03 0.000000000000000000e+00 0.000000000000000000e+00 6.204629991646644606e-08
1.443000000000000000e+03 0.000000000000000000e+00 0.000000000000000000e+00 6.207627834154725111e-08
1.444000000000000000e+03 0.000000000000000000e+00 0.000000000000000000e+00 6.210645411875746643e-08
1.445000000000000000e+03 0.000000000000000000e+00 0.000000000000000000e+00 6.213682724809710524e-08
1.446000000000000000e+03 0.000000000000000000e+00 0.000000000000000000e+00 6.216739772956620727e-08
1.447000000000000000e+03 0.000000000000000000e+00 0.000000000000000000e+00 6.219816556316473280e-08
1.448000000000000000e+03 0.000000000000000000e+00 0.000000000000000000e+00 6.222914348128814089e-08
1.449000000000000000e+03 0.000000000000000000e+00 0.000000000000000000e+00 6.226031875154099895e-08
1.450000000000000000e+03 0.000000000000000000e+00 0.000000000000000000e+00 6.229170410631871310e-08
1.451000000000000000e+03 0.000000000000000000e+00 0.000000000000000000e+00 6.232329954562130982e-08
1.452000000000000000e+03 0.000000000000000000e+00 0.000000000000000000e+00 6.235509870325105295e-08
1.453000000000000000e+03 0.000000000000000000e+00 0.000000000000000000e+00 6.238710794540571834e-08
1.454000000000000000e+03 0.000000000000000000e+00 0.000000000000000000e+00 6.241933363828296274e-08
1.455000000000000000e+03 0.000000000000000000e+00 0.000000000000000000e+00 6.245176941568507646e-08
1.456000000000000000e+03 0.000000000000000000e+00 0.000000000000000000e+00 6.248442164380982213e-08
1.457000000000000000e+03 0.000000000000000000e+00 0.000000000000000000e+00 6.251729032265717326e-08
1.458000000000000000e+03 0.000000000000000000e+00 0.000000000000000000e+00 6.255037545222710341e-08
1.459000000000000000e+03 0.000000000000000000e+00 0.000000000000000000e+00 6.258367703251965225e-08
1.460000000000000000e+03 0.000000000000000000e+00 0.000000000000000000e+00 6.261719506353479334e-08
1.461000000000000000e+03 0.000000000000000000e+00 0.000000000000000000e+00 6.265093591147027605e-08
1.462000000000000000e+03 0.000000000000000000e+00 0.000000000000000000e+00 6.268489957632608714e-08
1.463000000000000000e+03 0.000000000000000000e+00 0.000000000000000000e+00 6.271907969190451694e-08
1.464000000000000000e+03 0.000000000000000000e+00 0.000000000000000000e+00 6.275348899060098480e-08
1.465000000000000000e+03 0.000000000000000000e+00 0.000000000000000000e+00 6.278811474002005813e-08
1.466000000000000000e+03 0.000000000000000000e+00 0.000000000000000000e+00 6.282296967255718276e-08
1.467000000000000000e+03 0.000000000000000000e+00 0.000000000000000000e+00 6.285804105581691287e-08
1.468000000000000000e+03 0.000000000000000000e+00 0.000000000000000000e+00 6.289334162219469427e-08
1.469000000000000000e+03 0.000000000000000000e+00 0.000000000000000000e+00 6.292887137169052696e-08
1.470000000000000000e+03 0.000000000000000000e+00 0.000000000000000000e+00 6.296461757190897837e-08
1.471000000000000000e+03 0.000000000000000000e+00 0.000000000000000000e+00 6.300059295524545460e-08
1.472000000000000000e+03 0.000000000000000000e+00 0.000000000000000000e+00 6.303679115550225921e-08
1.473000000000000000e+03 0.000000000000000000e+00 0.000000000000000000e+00 6.307321853887715483e-08
1.474000000000000000e+03 0.000000000000000000e+00 0.000000000000000000e+00 6.310987510537007527e-08
1.475000000000000000e+03 0.000000000000000000e+00 0.000000000000000000e+00 6.314674812258560119e-08
1.476000000000000000e+03 0.000000000000000000e+00 0.000000000000000000e+00 6.318385032291919164e-08
1.477000000000000000e+03 0.000000000000000000e+00 0.000000000000000000e+00 6.322118170637082015e-08
1.478000000000000000e+03 0.000000000000000000e+00 0.000000000000000000e+00 6.325873590674279028e-08
1.479000000000000000e+03 0.000000000000000000e+00 0.000000000000000000e+00 6.329651292403508879e-08
1.480000000000000000e+03 0.000000000000000000e+00 0.000000000000000000e+00 6.333451912444542536e-08
1.481000000000000000e+03 0.000000000000000000e+00 0.000000000000000000e+00 6.337274814177609032e-08
1.482000000000000000e+03 0.000000000000000000e+00 0.000000000000000000e+00 6.341119997602709690e-08
1.483000000000000000e+03 0.000000000000000000e+00 0.000000000000000000e+00 6.344987462719841863e-08
1.484000000000000000e+03 0.000000000000000000e+00 0.000000000000000000e+00 6.348876572909237231e-08
1.485000000000000000e+03 0.000000000000000000e+00 0.000000000000000000e+00 6.352788601410435080e-08
1.486000000000000000e+03 0.000000000000000000e+00 0.000000000000000000e+00 6.356722911603667092e-08
1.487000000000000000e+03 0.000000000000000000e+00 0.000000000000000000e+00 6.360678866869158328e-08
1.488000000000000000e+03 0.000000000000000000e+00 0.000000000000000000e+00 6.364656467206911434e-08
1.489000000000000000e+03 0.000000000000000000e+00 0.000000000000000000e+00 6.368655075997152797e-08
1.490000000000000000e+03 0.000000000000000000e+00 0.000000000000000000e+00 6.372678512958516163e-08
1.491000000000000000e+03 0.000000000000000000e+00 0.000000000000000000e+00 6.376721048513050911e-08
1.492000000000000000e+03 0.000000000000000000e+00 0.000000000000000000e+00 6.380789048858478630e-08
1.493000000000000000e+03 0.000000000000000000e+00 0.000000000000000000e+00 6.384876147797079055e-08
1.494000000000000000e+03 0.000000000000000000e+00 0.000000000000000000e+00 6.388982345328849540e-08
1.495000000000000000e+03 0.000000000000000000e+00 0.000000000000000000e+00 6.393107641453790083e-08
1.496000000000000000e+03 0.000000000000000000e+00 0.000000000000000000e+00 6.397258402369627568e-08
1.497000000000000000e+03 0.000000000000000000e+00 0.000000000000000000e+00 6.401428261878635111e-08
1.498000000000000000e+03 0.000000000000000000e+00 0.000000000000000000e+00 6.405623586178538273e-08
1.499000000000000000e+03 0.000000000000000000e+00 0.000000000000000000e+00 6.409838009071611494e-08
1.500000000000000000e+03 0.000000000000000000e+00 0.000000000000000000e+00 6.414071530557854773e-08
1.501000000000000000e+03 0.000000000000000000e+00 0.000000000000000000e+00 6.418324150637272083e-08
1.502000000000000000e+03 0.000000000000000000e+00 0.000000000000000000e+00 6.422595869309858127e-08
1.503000000000000000e+03 0.000000000000000000e+00 0.000000000000000000e+00 6.426886686575614231e-08
1.504000000000000000e+03 0.000000000000000000e+00 0.000000000000000000e+00 6.431202968632267276e-08
1.505000000000000000e+03 0.000000000000000000e+00 0.000000000000000000e+00 6.435538349282090381e-08
1.506000000000000000e+03 0.000000000000000000e+00 0.000000000000000000e+00 6.439886462327360632e-08
1.507000000000000000e+03 0.000000000000000000e+00 0.000000000000000000e+00 6.444260040163526502e-08
1.508000000000000000e+03 0.000000000000000000e+00 0.000000000000000000e+00 6.448652716592862430e-08
1.509000000000000000e+03 0.000000000000000000e+00 0.000000000000000000e+00 6.453064491615369741e-08
1.510000000000000000e+03 0.000000000000000000e+00 0.000000000000000000e+00 6.457488999033324199e-08
1.511000000000000000e+03 0.000000000000000000e+00 0.000000000000000000e+00 6.461938971242174275e-08
1.512000000000000000e+03 0.000000000000000000e+00 0.000000000000000000e+00 6.466401675846471499e-08
1.513000000000000000e+03 0.000000000000000000e+00 0.000000000000000000e+00 6.470889845241661693e-08
1.514000000000000000e+03 0.000000000000000000e+00 0.000000000000000000e+00 6.475390747032301681e-08
1.515000000000000000e+03 0.000000000000000000e+00 0.000000000000000000e+00 6.479904381218387493e-08
1.516000000000000000e+03 0.000000000000000000e+00 0.000000000000000000e+00 6.484443480195368923e-08
1.517000000000000000e+03 0.000000000000000000e+00 0.000000000000000000e+00 6.488995311567796177e-08
1.518000000000000000e+03 0.000000000000000000e+00 0.000000000000000000e+00 6.493566241533394813e-08
1.519000000000000000e+03 0.000000000000000000e+00 0.000000000000000000e+00 6.498156270092167479e-08
1.520000000000000000e+03 0.000000000000000000e+00 0.000000000000000000e+00 6.502759031046384645e-08
1.521000000000000000e+03 0.000000000000000000e+00 0.000000000000000000e+00 6.507374524396047634e-08
1.522000000000000000e+03 0.000000000000000000e+00 0.000000000000000000e+00 6.512015482536608889e-08
1.523000000000000000e+03 0.000000000000000000e+00 0.000000000000000000e+00 6.516662806874891732e-08
1.524000000000000000e+03 0.000000000000000000e+00 0.000000000000000000e+00 6.521329229806345957e-08
1.525000000000000000e+03 0.000000000000000000e+00 0.000000000000000000e+00 6.526014751330971565e-08
1.526000000000000000e+03 0.000000000000000000e+00 0.000000000000000000e+00 6.530706639053321408e-08
1.527000000000000000e+03 0.000000000000000000e+00 0.000000000000000000e+00 6.535417625368839987e-08
1.528000000000000000e+03 0.000000000000000000e+00 0.000000000000000000e+00 6.540141344079807037e-08
1.529000000000000000e+03 0.000000000000000000e+00 0.000000000000000000e+00 6.544884161383946792e-08
1.530000000000000000e+03 0.000000000000000000e+00 0.000000000000000000e+00 6.549633344885808136e-08
1.531000000000000000e+03 0.000000000000000000e+00 0.000000000000000000e+00 6.554401626980842186e-08
1.532000000000000000e+03 0.000000000000000000e+00 0.000000000000000000e+00 6.559176275273599148e-08
1.533000000000000000e+03 0.000000000000000000e+00 0.000000000000000000e+00 6.563970022159527492e-08
1.534000000000000000e+03 0.000000000000000000e+00 0.000000000000000000e+00 6.568770135243177425e-08
1.535000000000000000e+03 0.000000000000000000e+00 0.000000000000000000e+00 6.573589346920001387e-08
1.536000000000000000e+03 0.000000000000000000e+00 0.000000000000000000e+00 6.578414924794546938e-08
1.537000000000000000e+03 0.000000000000000000e+00 0.000000000000000000e+00 6.583253235064539636e-08
1.538000000000000000e+03 0.000000000000000000e+00 0.000000000000000000e+00 6.588104277729980804e-08
1.539000000000000000e+03 0.000000000000000000e+00 0.000000000000000000e+00 6.592961686593146208e-08
1.540000000000000000e+03 0.000000000000000000e+00 0.000000000000000000e+00 6.597831827851760083e-08
1.541000000000000000e+03 0.000000000000000000e+00 0.000000000000000000e+00 6.602714701505817134e-08
1.542000000000000000e+03 0.000000000000000000e+00 0.000000000000000000e+00 6.607603941357601068e-08
1.543000000000000000e+03 0.000000000000000000e+00 0.000000000000000000e+00 6.612505913604830825e-08
1.544000000000000000e+03 0.000000000000000000e+00 0.000000000000000000e+00 6.617414252049784818e-08
1.545000000000000000e+03 0.000000000000000000e+00 0.000000000000000000e+00 6.622335322890185958e-08
1.546000000000000000e+03 0.000000000000000000e+00 0.000000000000000000e+00 6.627256393730587097e-08
1.547000000000000000e+03 0.000000000000000000e+00 0.000000000000000000e+00 6.632190196966436708e-08
1.548000000000000000e+03 0.000000000000000000e+00 0.000000000000000000e+00 6.637136732597733466e-08
1.549000000000000000e+03 0.000000000000000000e+00 0.000000000000000000e+00 6.642083268229028900e-08
1.550000000000000000e+03 0.000000000000000000e+00 0.000000000000000000e+00 6.647042536255772805e-08
1.551000000000000000e+03 0.000000000000000000e+00 0.000000000000000000e+00 6.652001804282515386e-08
1.552000000000000000e+03 0.000000000000000000e+00 0.000000000000000000e+00 6.656973804704706439e-08
1.553000000000000000e+03 0.000000000000000000e+00 0.000000000000000000e+00 6.661945805126897491e-08
1.554000000000000000e+03 0.000000000000000000e+00 0.000000000000000000e+00 6.666930537944535690e-08
1.555000000000000000e+03 0.000000000000000000e+00 0.000000000000000000e+00 6.671915270762173889e-08
1.556000000000000000e+03 0.000000000000000000e+00 0.000000000000000000e+00 6.676906369777535001e-08
1.557000000000000000e+03 0.000000000000000000e+00 0.000000000000000000e+00 6.681903834990620347e-08
1.558000000000000000e+03 0.000000000000000000e+00 0.000000000000000000e+00 6.686901300203705694e-08
1.559000000000000000e+03 0.000000000000000000e+00 0.000000000000000000e+00 6.691905131614515276e-08
1.560000000000000000e+03 0.000000000000000000e+00 0.000000000000000000e+00 6.696915329223049093e-08
1.561000000000000000e+03 0.000000000000000000e+00 0.000000000000000000e+00 6.701925526831580263e-08
1.562000000000000000e+03 0.000000000000000000e+00 0.000000000000000000e+00 6.706935724440114080e-08
1.563000000000000000e+03 0.000000000000000000e+00 0.000000000000000000e+00 6.711952288246372133e-08
1.564000000000000000e+03 0.000000000000000000e+00 0.000000000000000000e+00 6.716968852052627538e-08
1.565000000000000000e+03 0.000000000000000000e+00 0.000000000000000000e+00 6.721991782056607179e-08
1.566000000000000000e+03 0.000000000000000000e+00 0.000000000000000000e+00 6.727014712060588144e-08
1.567000000000000000e+03 0.000000000000000000e+00 0.000000000000000000e+00 6.732031275866844873e-08
1.568000000000000000e+03 0.000000000000000000e+00 0.000000000000000000e+00 6.737054205870825837e-08
1.569000000000000000e+03 0.000000000000000000e+00 0.000000000000000000e+00 6.742083502072528390e-08
1.570000000000000000e+03 0.000000000000000000e+00 0.000000000000000000e+00 6.747106432076509354e-08
1.571000000000000000e+03 0.000000000000000000e+00 0.000000000000000000e+00 6.752129362080488995e-08
1.572000000000000000e+03 0.000000000000000000e+00 0.000000000000000000e+00 6.757152292084468636e-08
1.573000000000000000e+03 0.000000000000000000e+00 0.000000000000000000e+00 6.762175222088448277e-08
1.574000000000000000e+03 0.000000000000000000e+00 0.000000000000000000e+00 6.767191785894705006e-08
1.575000000000000000e+03 0.000000000000000000e+00 0.000000000000000000e+00 6.772214715898684647e-08
1.576000000000000000e+03 0.000000000000000000e+00 0.000000000000000000e+00 6.777231279704942700e-08
1.577000000000000000e+03 0.000000000000000000e+00 0.000000000000000000e+00 6.782241477313475194e-08
1.578000000000000000e+03 0.000000000000000000e+00 0.000000000000000000e+00 6.787258041119733246e-08
1.579000000000000000e+03 0.000000000000000000e+00 0.000000000000000000e+00 6.792268238728264416e-08
1.580000000000000000e+03 0.000000000000000000e+00 0.000000000000000000e+00 6.797272070139073998e-08
1.581000000000000000e+03 0.000000000000000000e+00 0.000000000000000000e+00 6.802275901549883580e-08
1.582000000000000000e+03 0.000000000000000000e+00 0.000000000000000000e+00 6.807273366762968927e-08
1.583000000000000000e+03 0.000000000000000000e+00 0.000000000000000000e+00 6.812270831976054273e-08
1.584000000000000000e+03 0.000000000000000000e+00 0.000000000000000000e+00 6.817261930991415384e-08
1.585000000000000000e+03 0.000000000000000000e+00 0.000000000000000000e+00 6.822246663809053584e-08
1.586000000000000000e+03 0.000000000000000000e+00 0.000000000000000000e+00 6.827225030428968871e-08
1.587000000000000000e+03 0.000000000000000000e+00 0.000000000000000000e+00 6.832203397048881512e-08
1.588000000000000000e+03 0.000000000000000000e+00 0.000000000000000000e+00 6.837169031273350976e-08
1.589000000000000000e+03 0.000000000000000000e+00 0.000000000000000000e+00 6.842134665497816469e-08
1.590000000000000000e+03 0.000000000000000000e+00 0.000000000000000000e+00 6.847093933524561697e-08
1.591000000000000000e+03 0.000000000000000000e+00 0.000000000000000000e+00 6.852040469155857132e-08
1.592000000000000000e+03 0.000000000000000000e+00 0.000000000000000000e+00 6.856987004787153889e-08
1.593000000000000000e+03 0.000000000000000000e+00 0.000000000000000000e+00 6.861920808023002176e-08
1.594000000000000000e+03 0.000000000000000000e+00 0.000000000000000000e+00 6.866854611258850463e-08
1.595000000000000000e+03 0.000000000000000000e+00 0.000000000000000000e+00 6.871775682099251603e-08
1.596000000000000000e+03 0.000000000000000000e+00 0.000000000000000000e+00 6.876684020544206919e-08
1.597000000000000000e+03 0.000000000000000000e+00 0.000000000000000000e+00 6.881592358989160912e-08
1.598000000000000000e+03 0.000000000000000000e+00 0.000000000000000000e+00 6.886487965038666434e-08
1.599000000000000000e+03 0.000000000000000000e+00 0.000000000000000000e+00 6.891377204890451691e-08
1.600000000000000000e+03 0.000000000000000000e+00 0.000000000000000000e+00 6.896253712346787154e-08
1.601000000000000000e+03 0.000000000000000000e+00 0.000000000000000000e+00 6.901123853605397058e-08
1.602000000000000000e+03 0.000000000000000000e+00 0.000000000000000000e+00 6.905987628666285374e-08
1.603000000000000000e+03 0.000000000000000000e+00 0.000000000000000000e+00 6.910832305134003631e-08
1.604000000000000000e+03 0.000000000000000000e+00 0.000000000000000000e+00 6.915676981601720564e-08
1.605000000000000000e+03 0.000000000000000000e+00 0.000000000000000000e+00 6.920502559476266114e-08
1.606000000000000000e+03 0.000000000000000000e+00 0.000000000000000000e+00 6.925328137350812988e-08
1.607000000000000000e+03 0.000000000000000000e+00 0.000000000000000000e+00 6.930134616632188480e-08
1.608000000000000000e+03 0.000000000000000000e+00 0.000000000000000000e+00 6.934934729715841060e-08
1.609000000000000000e+03 0.000000000000000000e+00 0.000000000000000000e+00 6.939715744206320933e-08
1.610000000000000000e+03 0.000000000000000000e+00 0.000000000000000000e+00 6.944496758696800807e-08
1.611000000000000000e+03 0.000000000000000000e+00 0.000000000000000000e+00 6.949258674594110622e-08
1.612000000000000000e+03 0.000000000000000000e+00 0.000000000000000000e+00 6.954007858095973289e-08
1.613000000000000000e+03 0.000000000000000000e+00 0.000000000000000000e+00 6.958750675400110398e-08
1.614000000000000000e+03 0.000000000000000000e+00 0.000000000000000000e+00 6.963480760308801683e-08
1.615000000000000000e+03 0.000000000000000000e+00 0.000000000000000000e+00 6.968191746624322909e-08
1.616000000000000000e+03 0.000000000000000000e+00 0.000000000000000000e+00 6.972896366742119899e-08
1.617000000000000000e+03 0.000000000000000000e+00 0.000000000000000000e+00 6.977588254464468419e-08
1.618000000000000000e+03 0.000000000000000000e+00 0.000000000000000000e+00 6.982267409791368468e-08
1.619000000000000000e+03 0.000000000000000000e+00 0.000000000000000000e+00 6.986933832722824017e-08
1.620000000000000000e+03 0.000000000000000000e+00 0.000000000000000000e+00 6.991581157061106860e-08
1.621000000000000000e+03 0.000000000000000000e+00 0.000000000000000000e+00 6.996222115201666791e-08
1.622000000000000000e+03 0.000000000000000000e+00 0.000000000000000000e+00 7.000850340946780898e-08
1.623000000000000000e+03 0.000000000000000000e+00 0.000000000000000000e+00 7.005459468098719652e-08
1.624000000000000000e+03 0.000000000000000000e+00 0.000000000000000000e+00 7.010062229052938142e-08
1.625000000000000000e+03 0.000000000000000000e+00 0.000000000000000000e+00 7.014645891413983925e-08
1.626000000000000000e+03 0.000000000000000000e+00 0.000000000000000000e+00 7.019216821379583885e-08
1.627000000000000000e+03 0.000000000000000000e+00 0.000000000000000000e+00 7.023775018949736697e-08
1.628000000000000000e+03 0.000000000000000000e+00 0.000000000000000000e+00 7.028314117926715480e-08
1.629000000000000000e+03 0.000000000000000000e+00 0.000000000000000000e+00 7.032846850705972675e-08
1.630000000000000000e+03 0.000000000000000000e+00 0.000000000000000000e+00 7.037360484892059811e-08
1.631000000000000000e+03 0.000000000000000000e+00 0.000000000000000000e+00 7.041861386682699799e-08
1.632000000000000000e+03 0.000000000000000000e+00 0.000000000000000000e+00 7.046349556077889993e-08
1.633000000000000000e+03 0.000000000000000000e+00 0.000000000000000000e+00 7.050818626879911452e-08
1.634000000000000000e+03 0.000000000000000000e+00 0.000000000000000000e+00 7.055281331484208675e-08
1.635000000000000000e+03 0.000000000000000000e+00 0.000000000000000000e+00 7.059724937495331869e-08
1.636000000000000000e+03 0.000000000000000000e+00 0.000000000000000000e+00 7.064155811111011886e-08
1.637000000000000000e+03 0.000000000000000000e+00 0.000000000000000000e+00 7.068567586133519197e-08
1.638000000000000000e+03 0.000000000000000000e+00 0.000000000000000000e+00 7.072966628760579360e-08
1.639000000000000000e+03 0.000000000000000000e+00 0.000000000000000000e+00 7.077352938992192377e-08
1.640000000000000000e+03 0.000000000000000000e+00 0.000000000000000000e+00 7.081726516828356923e-08
1.641000000000000000e+03 0.000000000000000000e+00 0.000000000000000000e+00 7.086087362269075645e-08
1.642000000000000000e+03 0.000000000000000000e+00 0.000000000000000000e+00 7.090429109116621661e-08
1.643000000000000000e+03 0.000000000000000000e+00 0.000000000000000000e+00 7.094758123568720530e-08
1.644000000000000000e+03 0.000000000000000000e+00 0.000000000000000000e+00 7.099068039427649340e-08
1.645000000000000000e+03 0.000000000000000000e+00 0.000000000000000000e+00 7.103371589088853915e-08
1.646000000000000000e+03 0.000000000000000000e+00 0.000000000000000000e+00 7.107656040156888430e-08
1.647000000000000000e+03 0.000000000000000000e+00 0.000000000000000000e+00 7.111927758829474475e-08
1.648000000000000000e+03 0.000000000000000000e+00 0.000000000000000000e+00 7.116186745106614696e-08
1.649000000000000000e+03 0.000000000000000000e+00 0.000000000000000000e+00 7.120432998988306447e-08
1.650000000000000000e+03 0.000000000000000000e+00 0.000000000000000000e+00 7.124660154276825491e-08
1.651000000000000000e+03 0.000000000000000000e+00 0.000000000000000000e+00 7.128874577169900035e-08
1.652000000000000000e+03 0.000000000000000000e+00 0.000000000000000000e+00 7.133076267667526109e-08
1.653000000000000000e+03 0.000000000000000000e+00 0.000000000000000000e+00 7.137265225769705035e-08
1.654000000000000000e+03 0.000000000000000000e+00 0.000000000000000000e+00 7.141441451476434167e-08
1.655000000000000000e+03 0.000000000000000000e+00 0.000000000000000000e+00 7.145604944787720122e-08
1.656000000000000000e+03 0.000000000000000000e+00 0.000000000000000000e+00 7.149749339505834695e-08
1.657000000000000000e+03 0.000000000000000000e+00 0.000000000000000000e+00 7.153887368026221062e-08
1.658000000000000000e+03 0.000000000000000000e+00 0.000000000000000000e+00 7.158006297953440017e-08
1.659000000000000000e+03 0.000000000000000000e+00 0.000000000000000000e+00 7.162112495485210501e-08
1.660000000000000000e+03 0.000000000000000000e+00 0.000000000000000000e+00 7.166212326819256750e-08
1.661000000000000000e+03 0.000000000000000000e+00 0.000000000000000000e+00 7.170293059560135587e-08
1.662000000000000000e+03 0.000000000000000000e+00 0.000000000000000000e+00 7.174367426103286218e-08
1.663000000000000000e+03 0.000000000000000000e+00 0.000000000000000000e+00 7.178422694053269437e-08
1.664000000000000000e+03 0.000000000000000000e+00 0.000000000000000000e+00 7.182471595805527097e-08
1.665000000000000000e+03 0.000000000000000000e+00 0.000000000000000000e+00 7.186507765162337610e-08
1.666000000000000000e+03 0.000000000000000000e+00 0.000000000000000000e+00 7.190524835925975417e-08
1.667000000000000000e+03 0.000000000000000000e+00 0.000000000000000000e+00 7.194541906689615871e-08
1.668000000000000000e+03 0.000000000000000000e+00 0.000000000000000000e+00 7.198539878860084942e-08
1.669000000000000000e+03 0.000000000000000000e+00 0.000000000000000000e+00 7.202531484832828455e-08
1.670000000000000000e+03 0.000000000000000000e+00 0.000000000000000000e+00 7.206503992212401908e-08
1.671000000000000000e+03 0.000000000000000000e+00 0.000000000000000000e+00 7.210476499591976685e-08
1.672000000000000000e+03 0.000000000000000000e+00 0.000000000000000000e+00 7.214429908378378756e-08
1.673000000000000000e+03 0.000000000000000000e+00 0.000000000000000000e+00 7.218376950967057915e-08
1.674000000000000000e+03 0.000000000000000000e+00 0.000000000000000000e+00 7.222317627358014162e-08
1.675000000000000000e+03 0.000000000000000000e+00 0.000000000000000000e+00 7.226245571353521939e-08
1.676000000000000000e+03 0.000000000000000000e+00 0.000000000000000000e+00 7.230160782953581244e-08
1.677000000000000000e+03 0.000000000000000000e+00 0.000000000000000000e+00 7.234069628355917638e-08
1.678000000000000000e+03 0.000000000000000000e+00 0.000000000000000000e+00 7.237972107560532444e-08
1.679000000000000000e+03 0.000000000000000000e+00 0.000000000000000000e+00 7.241861854369697455e-08
1.680000000000000000e+03 0.000000000000000000e+00 0.000000000000000000e+00 7.245745234981140878e-08
1.681000000000000000e+03 0.000000000000000000e+00 0.000000000000000000e+00 7.249622249394858743e-08
1.682000000000000000e+03 0.000000000000000000e+00 0.000000000000000000e+00 7.253492897610853695e-08
1.683000000000000000e+03 0.000000000000000000e+00 0.000000000000000000e+00 7.257350813431401500e-08
1.684000000000000000e+03 0.000000000000000000e+00 0.000000000000000000e+00 7.261208729251949305e-08
1.685000000000000000e+03 0.000000000000000000e+00 0.000000000000000000e+00 7.265053912677049963e-08
1.686000000000000000e+03 0.000000000000000000e+00 0.000000000000000000e+00 7.268892729904425062e-08
1.687000000000000000e+03 0.000000000000000000e+00 0.000000000000000000e+00 7.272731547131802809e-08
1.688000000000000000e+03 0.000000000000000000e+00 0.000000000000000000e+00 7.276557631963732084e-08
1.689000000000000000e+03 0.000000000000000000e+00 0.000000000000000000e+00 7.280383716795660036e-08
1.690000000000000000e+03 0.000000000000000000e+00 0.000000000000000000e+00 7.284197069232142164e-08
1.691000000000000000e+03 0.000000000000000000e+00 0.000000000000000000e+00 7.288016787866347204e-08
1.692000000000000000e+03 0.000000000000000000e+00 0.000000000000000000e+00 7.291823774105106421e-08
1.693000000000000000e+03 0.000000000000000000e+00 0.000000000000000000e+00 7.295630760343864313e-08
1.694000000000000000e+03 0.000000000000000000e+00 0.000000000000000000e+00 7.299431380384897971e-08
1.695000000000000000e+03 0.000000000000000000e+00 0.000000000000000000e+00 7.303232000425932952e-08
1.696000000000000000e+03 0.000000000000000000e+00 0.000000000000000000e+00 7.307026254269243698e-08
1.697000000000000000e+03 0.000000000000000000e+00 0.000000000000000000e+00 7.310820508112555767e-08
1.698000000000000000e+03 0.000000000000000000e+00 0.000000000000000000e+00 7.314614761955865189e-08
1.699000000000000000e+03 0.000000000000000000e+00 0.000000000000000000e+00 7.318402649601453023e-08
1.700000000000000000e+03 0.000000000000000000e+00 0.000000000000000000e+00 7.322190537247039533e-08
1.701000000000000000e+03 0.000000000000000000e+00 0.000000000000000000e+00 7.325978424892627367e-08
1.702000000000000000e+03 0.000000000000000000e+00 0.000000000000000000e+00 7.329766312538213877e-08
1.703000000000000000e+03 0.000000000000000000e+00 0.000000000000000000e+00 7.333554200183801711e-08
1.704000000000000000e+03 0.000000000000000000e+00 0.000000000000000000e+00 7.337342087829389545e-08
1.705000000000000000e+03 0.000000000000000000e+00 0.000000000000000000e+00 7.341129975474974732e-08
1.706000000000000000e+03 0.000000000000000000e+00 0.000000000000000000e+00 7.344917863120562566e-08
1.707000000000000000e+03 0.000000000000000000e+00 0.000000000000000000e+00 7.348705750766150400e-08
1.708000000000000000e+03 0.000000000000000000e+00 0.000000000000000000e+00 7.352500004609461145e-08
1.709000000000000000e+03 0.000000000000000000e+00 0.000000000000000000e+00 7.356294258452769244e-08
1.710000000000000000e+03 0.000000000000000000e+00 0.000000000000000000e+00 7.360088512296082637e-08
1.711000000000000000e+03 0.000000000000000000e+00 0.000000000000000000e+00 7.363889132337116294e-08
1.712000000000000000e+03 0.000000000000000000e+00 0.000000000000000000e+00 7.367689752378151275e-08
1.713000000000000000e+03 0.000000000000000000e+00 0.000000000000000000e+00 7.371496738616909168e-08
1.714000000000000000e+03 0.000000000000000000e+00 0.000000000000000000e+00 7.375303724855665737e-08
1.715000000000000000e+03 0.000000000000000000e+00 0.000000000000000000e+00 7.379117077292149189e-08
1.716000000000000000e+03 0.000000000000000000e+00 0.000000000000000000e+00 7.382936795926354229e-08
1.717000000000000000e+03 0.000000000000000000e+00 0.000000000000000000e+00 7.386762880758283505e-08
1.718000000000000000e+03 0.000000000000000000e+00 0.000000000000000000e+00 7.390595331787937015e-08
1.719000000000000000e+03 0.000000000000000000e+00 0.000000000000000000e+00 7.394434149015312115e-08
1.720000000000000000e+03 0.000000000000000000e+00 0.000000000000000000e+00 7.398272966242689861e-08
1.721000000000000000e+03 0.000000000000000000e+00 0.000000000000000000e+00 7.402124515865512107e-08
1.722000000000000000e+03 0.000000000000000000e+00 0.000000000000000000e+00 7.405982431686059912e-08
1.723000000000000000e+03 0.000000000000000000e+00 0.000000000000000000e+00 7.409846713704331953e-08
1.724000000000000000e+03 0.000000000000000000e+00 0.000000000000000000e+00 7.413717361920325581e-08
1.725000000000000000e+03 0.000000000000000000e+00 0.000000000000000000e+00 7.417600742531769005e-08
1.726000000000000000e+03 0.000000000000000000e+00 0.000000000000000000e+00 7.421490489340934016e-08
1.727000000000000000e+03 0.000000000000000000e+00 0.000000000000000000e+00 7.425386602347825910e-08
1.728000000000000000e+03 0.000000000000000000e+00 0.000000000000000000e+00 7.429295447750160980e-08
1.729000000000000000e+03 0.000000000000000000e+00 0.000000000000000000e+00 7.433217025547945845e-08
1.730000000000000000e+03 0.000000000000000000e+00 0.000000000000000000e+00 7.437144969543452298e-08
1.731000000000000000e+03 0.000000000000000000e+00 0.000000000000000000e+00 7.441085645934409868e-08
1.732000000000000000e+03 0.000000000000000000e+00 0.000000000000000000e+00 7.445032688523087704e-08
1.733000000000000000e+03 0.000000000000000000e+00 0.000000000000000000e+00 7.448992463507214010e-08
1.734000000000000000e+03 0.000000000000000000e+00 0.000000000000000000e+00 7.452971337084511699e-08
1.735000000000000000e+03 0.000000000000000000e+00 0.000000000000000000e+00 7.456956576859532300e-08
1.736000000000000000e+03 0.000000000000000000e+00 0.000000000000000000e+00 7.460954549030000048e-08
1.737000000000000000e+03 0.000000000000000000e+00 0.000000000000000000e+00 7.464965253595916266e-08
1.738000000000000000e+03 0.000000000000000000e+00 0.000000000000000000e+00 7.468988690557279632e-08
1.739000000000000000e+03 0.000000000000000000e+00 0.000000000000000000e+00 7.473031226111813057e-08
1.740000000000000000e+03 0.000000000000000000e+00 0.000000000000000000e+00 7.477080127864072040e-08
1.741000000000000000e+03 0.000000000000000000e+00 0.000000000000000000e+00 7.481148128209499759e-08
1.742000000000000000e+03 0.000000000000000000e+00 0.000000000000000000e+00 7.485228860950378596e-08
1.743000000000000000e+03 0.000000000000000000e+00 0.000000000000000000e+00 7.489322326086700610e-08
1.744000000000000000e+03 0.000000000000000000e+00 0.000000000000000000e+00 7.493434889816195329e-08
1.745000000000000000e+03 0.000000000000000000e+00 0.000000000000000000e+00 7.497560185941137196e-08
1.746000000000000000e+03 0.000000000000000000e+00 0.000000000000000000e+00 7.501704580659250445e-08
1.747000000000000000e+03 0.000000000000000000e+00 0.000000000000000000e+00 7.505861707772809519e-08
1.748000000000000000e+03 0.000000000000000000e+00 0.000000000000000000e+00 7.510037933479542621e-08
1.749000000000000000e+03 0.000000000000000000e+00 0.000000000000000000e+00 7.514233257779443136e-08
1.750000000000000000e+03 0.000000000000000000e+00 0.000000000000000000e+00 7.518441314474793445e-08
1.751000000000000000e+03 0.000000000000000000e+00 0.000000000000000000e+00 7.522668469763313812e-08
1.752000000000000000e+03 0.000000000000000000e+00 0.000000000000000000e+00 7.526914723645005563e-08
1.753000000000000000e+03 0.000000000000000000e+00 0.000000000000000000e+00 7.531173709922144460e-08
1.754000000000000000e+03 0.000000000000000000e+00 0.000000000000000000e+00 7.535458160990180299e-08
1.755000000000000000e+03 0.000000000000000000e+00 0.000000000000000000e+00 7.539755344453660639e-08
1.756000000000000000e+03 0.000000000000000000e+00 0.000000000000000000e+00 7.544077992708036596e-08
1.757000000000000000e+03 0.000000000000000000e+00 0.000000000000000000e+00 7.548413373357859700e-08
1.758000000000000000e+03 0.000000000000000000e+00 0.000000000000000000e+00 7.552767852600855510e-08
1.759000000000000000e+03 0.000000000000000000e+00 0.000000000000000000e+00 7.557147796634742968e-08
1.760000000000000000e+03 0.000000000000000000e+00 0.000000000000000000e+00 7.561540473064077573e-08
1.761000000000000000e+03 0.000000000000000000e+00 0.000000000000000000e+00 7.565958614284310443e-08
1.762000000000000000e+03 0.000000000000000000e+00 0.000000000000000000e+00 7.570389487899989136e-08
1.763000000000000000e+03 0.000000000000000000e+00 0.000000000000000000e+00 7.574845826306562124e-08
1.764000000000000000e+03 0.000000000000000000e+00 0.000000000000000000e+00 7.579327629504029407e-08
1.765000000000000000e+03 0.000000000000000000e+00 0.000000000000000000e+00 7.583822165096943836e-08
1.766000000000000000e+03 0.000000000000000000e+00 0.000000000000000000e+00 7.588342165480753884e-08
1.767000000000000000e+03 0.000000000000000000e+00 0.000000000000000000e+00 7.592881264457735314e-08
1.768000000000000000e+03 0.000000000000000000e+00 0.000000000000000000e+00 7.597445828225612361e-08
1.769000000000000000e+03 0.000000000000000000e+00 0.000000000000000000e+00 7.602029490586656821e-08
1.770000000000000000e+03 0.000000000000000000e+00 0.000000000000000000e+00 7.606632251540876634e-08
1.771000000000000000e+03 0.000000000000000000e+00 0.000000000000000000e+00 7.611260477285988095e-08
1.772000000000000000e+03 0.000000000000000000e+00 0.000000000000000000e+00 7.615907801624269614e-08
1.773000000000000000e+03 0.000000000000000000e+00 0.000000000000000000e+00 7.620580590753448075e-08
1.774000000000000000e+03 0.000000000000000000e+00 0.000000000000000000e+00 7.625272478475796594e-08
1.775000000000000000e+03 0.000000000000000000e+00 0.000000000000000000e+00 7.629989830989042056e-08
1.776000000000000000e+03 0.000000000000000000e+00 0.000000000000000000e+00 7.634726282095457576e-08
1.777000000000000000e+03 0.000000000000000000e+00 0.000000000000000000e+00 7.639488197992766067e-08
1.778000000000000000e+03 0.000000000000000000e+00 0.000000000000000000e+00 7.644275578680968853e-08
1.779000000000000000e+03 0.000000000000000000e+00 0.000000000000000000e+00 7.649082057962345668e-08
1.780000000000000000e+03 0.000000000000000000e+00 0.000000000000000000e+00 7.653914002034615454e-08
1.781000000000000000e+03 0.000000000000000000e+00 0.000000000000000000e+00 7.658771410897779534e-08
1.782000000000000000e+03 0.000000000000000000e+00 0.000000000000000000e+00 7.663647918354114997e-08
1.783000000000000000e+03 0.000000000000000000e+00 0.000000000000000000e+00 7.668549890601346078e-08
1.784000000000000000e+03 0.000000000000000000e+00 0.000000000000000000e+00 7.673470961441747218e-08
1.785000000000000000e+03 0.000000000000000000e+00 0.000000000000000000e+00 7.678417497073042652e-08
1.786000000000000000e+03 0.000000000000000000e+00 0.000000000000000000e+00 7.683389497495235027e-08
1.787000000000000000e+03 0.000000000000000000e+00 0.000000000000000000e+00 7.688386962708319051e-08
1.788000000000000000e+03 0.000000000000000000e+00 0.000000000000000000e+00 7.693403526514575780e-08
1.789000000000000000e+03 0.000000000000000000e+00 0.000000000000000000e+00 7.698445555111726803e-08
1.790000000000000000e+03 0.000000000000000000e+00 0.000000000000000000e+00 7.703513048499773444e-08
1.791000000000000000e+03 0.000000000000000000e+00 0.000000000000000000e+00 7.708606006678714380e-08
1.792000000000000000e+03 0.000000000000000000e+00 0.000000000000000000e+00 7.713718063450826699e-08
1.793000000000000000e+03 0.000000000000000000e+00 0.000000000000000000e+00 7.718855585013830664e-08
1.794000000000000000e+03 0.000000000000000000e+00 0.000000000000000000e+00 7.724012205170009983e-08
1.795000000000000000e+03 0.000000000000000000e+00 0.000000000000000000e+00 7.729200656314806508e-08
1.796000000000000000e+03 0.000000000000000000e+00 0.000000000000000000e+00 7.734408206052771769e-08
1.797000000000000000e+03 0.000000000000000000e+00 0.000000000000000000e+00 7.739641220581633970e-08
1.798000000000000000e+03 0.000000000000000000e+00 0.000000000000000000e+00 7.744893333703666231e-08
1.799000000000000000e+03 0.000000000000000000e+00 0.000000000000000000e+00 7.750170911616592787e-08
1.800000000000000000e+03 0.000000000000000000e+00 0.000000000000000000e+00 7.755473954320414960e-08
1.801000000000000000e+03 0.000000000000000000e+00 0.000000000000000000e+00 7.760802461815131428e-08
1.802000000000000000e+03 0.000000000000000000e+00 0.000000000000000000e+00 7.766150067903019278e-08
1.803000000000000000e+03 0.000000000000000000e+00 0.000000000000000000e+00 7.771523138781801423e-08
1.804000000000000000e+03 0.000000000000000000e+00 0.000000000000000000e+00 7.776921674451480508e-08
1.805000000000000000e+03 0.000000000000000000e+00 0.000000000000000000e+00 7.782339308714327007e-08
1.806000000000000000e+03 0.000000000000000000e+00 0.000000000000000000e+00 7.787776041570346211e-08
1.807000000000000000e+03 0.000000000000000000e+00 0.000000000000000000e+00 7.793244605414983944e-08
1.808000000000000000e+03 0.000000000000000000e+00 0.000000000000000000e+00 7.798732267852793061e-08
1.809000000000000000e+03 0.000000000000000000e+00 0.000000000000000000e+00 7.804239028883772236e-08
1.810000000000000000e+03 0.000000000000000000e+00 0.000000000000000000e+00 7.809771254705647030e-08
1.811000000000000000e+03 0.000000000000000000e+00 0.000000000000000000e+00 7.815328945318416117e-08
1.812000000000000000e+03 0.000000000000000000e+00 0.000000000000000000e+00 7.820905734524356587e-08
1.813000000000000000e+03 0.000000000000000000e+00 0.000000000000000000e+00 7.826501622323468440e-08
1.814000000000000000e+03 0.000000000000000000e+00 0.000000000000000000e+00 7.832122974913473264e-08
1.815000000000000000e+03 0.000000000000000000e+00 0.000000000000000000e+00 7.837763426096648147e-08
1.816000000000000000e+03 0.000000000000000000e+00 0.000000000000000000e+00 7.843422975872998382e-08
1.817000000000000000e+03 0.000000000000000000e+00 0.000000000000000000e+00 7.849107990440238942e-08
1.818000000000000000e+03 0.000000000000000000e+00 0.000000000000000000e+00 7.854812103600653531e-08
1.819000000000000000e+03 0.000000000000000000e+00 0.000000000000000000e+00 7.860541681551961091e-08
1.820000000000000000e+03 0.000000000000000000e+00 0.000000000000000000e+00 7.866283991898715799e-08
1.821000000000000000e+03 0.000000000000000000e+00 0.000000000000000000e+00 7.872051767036366124e-08
1.822000000000000000e+03 0.000000000000000000e+00 0.000000000000000000e+00 7.877838640767187832e-08
1.823000000000000000e+03 0.000000000000000000e+00 0.000000000000000000e+00 7.883644613091179598e-08
1.824000000000000000e+03 0.000000000000000000e+00 0.000000000000000000e+00 7.889476050206068307e-08
1.825000000000000000e+03 0.000000000000000000e+00 0.000000000000000000e+00 7.895320219716401515e-08
1.826000000000000000e+03 0.000000000000000000e+00 0.000000000000000000e+00 7.901183487819906106e-08
1.827000000000000000e+03 0.000000000000000000e+00 0.000000000000000000e+00 7.907065854516584726e-08
1.828000000000000000e+03 0.000000000000000000e+00 0.000000000000000000e+00 7.912973686004154994e-08
1.829000000000000000e+03 0.000000000000000000e+00 0.000000000000000000e+00 7.918894249887172409e-08
1.830000000000000000e+03 0.000000000000000000e+00 0.000000000000000000e+00 7.924833912363362530e-08
1.831000000000000000e+03 0.000000000000000000e+00 0.000000000000000000e+00 7.930786307234999799e-08
1.832000000000000000e+03 0.000000000000000000e+00 0.000000000000000000e+00 7.936764166897532685e-08
1.833000000000000000e+03 0.000000000000000000e+00 0.000000000000000000e+00 7.942754758955510071e-08
1.834000000000000000e+03 0.000000000000000000e+00 0.000000000000000000e+00 7.948764449606660164e-08
1.835000000000000000e+03 0.000000000000000000e+00 0.000000000000000000e+00 7.954786872653257403e-08
1.836000000000000000e+03 0.000000000000000000e+00 0.000000000000000000e+00 7.960828394293026026e-08
1.837000000000000000e+03 0.000000000000000000e+00 0.000000000000000000e+00 7.966889014525966030e-08
1.838000000000000000e+03 0.000000000000000000e+00 0.000000000000000000e+00 7.972962367154350535e-08
1.839000000000000000e+03 0.000000000000000000e+00 0.000000000000000000e+00 7.979048452178186158e-08
1.840000000000000000e+03 0.000000000000000000e+00 0.000000000000000000e+00 7.985153635795191840e-08
1.841000000000000000e+03 0.000000000000000000e+00 0.000000000000000000e+00 7.991271551807643345e-08
1.842000000000000000e+03 0.000000000000000000e+00 0.000000000000000000e+00 7.997402200215543321e-08
1.843000000000000000e+03 0.000000000000000000e+00 0.000000000000000000e+00 8.003551947216613356e-08
1.844000000000000000e+03 0.000000000000000000e+00 0.000000000000000000e+00 8.009714426613133185e-08
1.845000000000000000e+03 0.000000000000000000e+00 0.000000000000000000e+00 8.015883272207374603e-08
1.846000000000000000e+03 0.000000000000000000e+00 0.000000000000000000e+00 8.022071216394788727e-08
1.847000000000000000e+03 0.000000000000000000e+00 0.000000000000000000e+00 8.028271892977646027e-08
1.848000000000000000e+03 0.000000000000000000e+00 0.000000000000000000e+00 8.034485301955954445e-08
1.849000000000000000e+03 0.000000000000000000e+00 0.000000000000000000e+00 8.040705077131988422e-08
1.850000000000000000e+03 0.000000000000000000e+00 0.000000000000000000e+00 8.046937584703464252e-08
1.851000000000000000e+03 0.000000000000000000e+00 0.000000000000000000e+00 8.053182824670389877e-08
1.852000000000000000e+03 0.000000000000000000e+00 0.000000000000000000e+00 8.059440797032763972e-08
1.853000000000000000e+03 0.000000000000000000e+00 0.000000000000000000e+00 8.065711501790585214e-08
1.854000000000000000e+03 0.000000000000000000e+00 0.000000000000000000e+00 8.071982206548406456e-08
1.855000000000000000e+03 0.000000000000000000e+00 0.000000000000000000e+00 8.078272009899397757e-08
1.856000000000000000e+03 0.000000000000000000e+00 0.000000000000000000e+00 8.084568179448113294e-08
1.857000000000000000e+03 0.000000000000000000e+00 0.000000000000000000e+00 8.090870715194551743e-08
1.858000000000000000e+03 0.000000000000000000e+00 0.000000000000000000e+00 8.097185983336438662e-08
1.859000000000000000e+03 0.000000000000000000e+00 0.000000000000000000e+00 8.103501251478325581e-08
1.860000000000000000e+03 0.000000000000000000e+00 0.000000000000000000e+00 8.109829252015659647e-08
1.861000000000000000e+03 0.000000000000000000e+00 0.000000000000000000e+00 8.116163618750715302e-08
1.862000000000000000e+03 0.000000000000000000e+00 0.000000000000000000e+00 8.122504351683495192e-08
1.863000000000000000e+03 0.000000000000000000e+00 0.000000000000000000e+00 8.128851450814001964e-08
1.864000000000000000e+03 0.000000000000000000e+00 0.000000000000000000e+00 8.135204916142230325e-08
1.865000000000000000e+03 0.000000000000000000e+00 0.000000000000000000e+00 8.141564747668184245e-08
1.866000000000000000e+03 0.000000000000000000e+00 0.000000000000000000e+00 8.147930945391857106e-08
1.867000000000000000e+03 0.000000000000000000e+00 0.000000000000000000e+00 8.154297143115533937e-08
1.868000000000000000e+03 0.000000000000000000e+00 0.000000000000000000e+00 8.160669707036932357e-08
1.869000000000000000e+03 0.000000000000000000e+00 0.000000000000000000e+00 8.167042270958333424e-08
1.870000000000000000e+03 0.000000000000000000e+00 0.000000000000000000e+00 8.173421201077454755e-08
1.871000000000000000e+03 0.000000000000000000e+00 0.000000000000000000e+00 8.179800131196578734e-08
1.872000000000000000e+03 0.000000000000000000e+00 0.000000000000000000e+00 8.186185427513425625e-08
1.873000000000000000e+03 0.000000000000000000e+00 0.000000000000000000e+00 8.192570723830272515e-08
1.874000000000000000e+03 0.000000000000000000e+00 0.000000000000000000e+00 8.198956020147119406e-08
1.875000000000000000e+03 0.000000000000000000e+00 0.000000000000000000e+00 8.205341316463964973e-08
1.876000000000000000e+03 0.000000000000000000e+00 0.000000000000000000e+00 8.211732978978537422e-08
1.877000000000000000e+03 0.000000000000000000e+00 0.000000000000000000e+00 8.218118275295385636e-08
1.878000000000000000e+03 0.000000000000000000e+00 0.000000000000000000e+00 8.224503571612231203e-08
1.879000000000000000e+03 0.000000000000000000e+00 0.000000000000000000e+00 8.230888867929076770e-08
1.880000000000000000e+03 0.000000000000000000e+00 0.000000000000000000e+00 8.237274164245924984e-08
1.881000000000000000e+03 0.000000000000000000e+00 0.000000000000000000e+00 8.243659460562770551e-08
1.882000000000000000e+03 0.000000000000000000e+00 0.000000000000000000e+00 8.250038390681895853e-08
1.883000000000000000e+03 0.000000000000000000e+00 0.000000000000000000e+00 8.256417320801017185e-08
1.884000000000000000e+03 0.000000000000000000e+00 0.000000000000000000e+00 8.262789884722416928e-08
1.885000000000000000e+03 0.000000000000000000e+00 0.000000000000000000e+00 8.269162448643817995e-08
1.886000000000000000e+03 0.000000000000000000e+00 0.000000000000000000e+00 8.275528646367492179e-08
1.887000000000000000e+03 0.000000000000000000e+00 0.000000000000000000e+00 8.281894844091169011e-08
1.888000000000000000e+03 0.000000000000000000e+00 0.000000000000000000e+00 8.288248309419394725e-08
1.889000000000000000e+03 0.000000000000000000e+00 0.000000000000000000e+00 8.294601774747625732e-08
1.890000000000000000e+03 0.000000000000000000e+00 0.000000000000000000e+00 8.300948873878131181e-08
1.891000000000000000e+03 0.000000000000000000e+00 0.000000000000000000e+00 8.307289606810911071e-08
1.892000000000000000e+03 0.000000000000000000e+00 0.000000000000000000e+00 8.313623973545969373e-08
1.893000000000000000e+03 0.000000000000000000e+00 0.000000000000000000e+00 8.319945607885579204e-08
1.894000000000000000e+03 0.000000000000000000e+00 0.000000000000000000e+00 8.326267242225189035e-08
1.895000000000000000e+03 0.000000000000000000e+00 0.000000000000000000e+00 8.332576144169350395e-08
1.896000000000000000e+03 0.000000000000000000e+00 0.000000000000000000e+00 8.338878679915791491e-08
1.897000000000000000e+03 0.000000000000000000e+00 0.000000000000000000e+00 8.345174849464507027e-08
1.898000000000000000e+03 0.000000000000000000e+00 0.000000000000000000e+00 8.351458286617772770e-08
1.899000000000000000e+03 0.000000000000000000e+00 0.000000000000000000e+00 8.357728991375594012e-08
1.900000000000000000e+03 0.000000000000000000e+00 0.000000000000000000e+00 8.363993329935692342e-08
1.901000000000000000e+03 0.000000000000000000e+00 0.000000000000000000e+00 8.370251302298065114e-08
1.902000000000000000e+03 0.000000000000000000e+00 0.000000000000000000e+00 8.376490176067265179e-08
1.903000000000000000e+03 0.000000000000000000e+00 0.000000000000000000e+00 8.382722683638746304e-08
1.904000000000000000e+03 0.000000000000000000e+00 0.000000000000000000e+00 8.388942458814776310e-08
1.905000000000000000e+03 0.000000000000000000e+00 0.000000000000000000e+00 8.395149501595361816e-08
1.906000000000000000e+03 0.000000000000000000e+00 0.000000000000000000e+00 8.401350178178220440e-08
1.907000000000000000e+03 0.000000000000000000e+00 0.000000000000000000e+00 8.407531756167909005e-08
1.908000000000000000e+03 0.000000000000000000e+00 0.000000000000000000e+00 8.413700601762153070e-08
1.909000000000000000e+03 0.000000000000000000e+00 0.000000000000000000e+00 8.419856714960947340e-08
1.910000000000000000e+03 0.000000000000000000e+00 0.000000000000000000e+00 8.426000095764294463e-08
1.911000000000000000e+03 0.000000000000000000e+00 0.000000000000000000e+00 8.432130744172195763e-08
1.912000000000000000e+03 0.000000000000000000e+00 0.000000000000000000e+00 8.438242293986924356e-08
1.913000000000000000e+03 0.000000000000000000e+00 0.000000000000000000e+00 8.444341111406205803e-08
1.914000000000000000e+03 0.000000000000000000e+00 0.000000000000000000e+00 8.450427196430038778e-08
1.915000000000000000e+03 0.000000000000000000e+00 0.000000000000000000e+00 8.456500549058427254e-08
1.916000000000000000e+03 0.000000000000000000e+00 0.000000000000000000e+00 8.462548436895917464e-08
1.917000000000000000e+03 0.000000000000000000e+00 0.000000000000000000e+00 8.468589958535683440e-08
1.918000000000000000e+03 0.000000000000000000e+00 0.000000000000000000e+00 8.474612381582283326e-08
1.919000000000000000e+03 0.000000000000000000e+00 0.000000000000000000e+00 8.480615706035710507e-08
1.920000000000000000e+03 0.000000000000000000e+00 0.000000000000000000e+00 8.486599931895964981e-08
1.921000000000000000e+03 0.000000000000000000e+00 0.000000000000000000e+00 8.492571425360772309e-08
1.922000000000000000e+03 0.000000000000000000e+00 0.000000000000000000e+00 8.498523820232408253e-08
1.923000000000000000e+03 0.000000000000000000e+00 0.000000000000000000e+00 8.504463482708599698e-08
1.924000000000000000e+03 0.000000000000000000e+00 0.000000000000000000e+00 8.510377680393892878e-08
1.925000000000000000e+03 0.000000000000000000e+00 0.000000000000000000e+00 8.516279145683740234e-08
1.926000000000000000e+03 0.000000000000000000e+00 0.000000000000000000e+00 8.522161512380417531e-08
1.927000000000000000e+03 0.000000000000000000e+00 0.000000000000000000e+00 8.528024780483923445e-08
1.928000000000000000e+03 0.000000000000000000e+00 0.000000000000000000e+00 8.533868949994256654e-08
1.929000000000000000e+03 0.000000000000000000e+00 0.000000000000000000e+00 8.539694020911419803e-08
1.930000000000000000e+03 0.000000000000000000e+00 0.000000000000000000e+00 8.545499993235411570e-08
1.931000000000000000e+03 0.000000000000000000e+00 0.000000000000000000e+00 8.551293233163958836e-08
1.932000000000000000e+03 0.000000000000000000e+00 0.000000000000000000e+00 8.557061008301607838e-08
1.933000000000000000e+03 0.000000000000000000e+00 0.000000000000000000e+00 8.562809684846086781e-08
1.934000000000000000e+03 0.000000000000000000e+00 0.000000000000000000e+00 8.568539262797395664e-08
1.935000000000000000e+03 0.000000000000000000e+00 0.000000000000000000e+00 8.574243375957810253e-08
1.936000000000000000e+03 0.000000000000000000e+00 0.000000000000000000e+00 8.579934756722775048e-08
1.937000000000000000e+03 0.000000000000000000e+00 0.000000000000000000e+00 8.585607038894569784e-08
1.938000000000000000e+03 0.000000000000000000e+00 0.000000000000000000e+00 8.591253856275471550e-08
1.939000000000000000e+03 0.000000000000000000e+00 0.000000000000000000e+00 8.596881575063201932e-08
1.940000000000000000e+03 0.000000000000000000e+00 0.000000000000000000e+00 8.602490195257759609e-08
1.941000000000000000e+03 0.000000000000000000e+00 0.000000000000000000e+00 8.608079716859147226e-08
1.942000000000000000e+03 0.000000000000000000e+00 0.000000000000000000e+00 8.613650139867363461e-08
1.943000000000000000e+03 0.000000000000000000e+00 0.000000000000000000e+00 8.619195098084685401e-08
1.944000000000000000e+03 0.000000000000000000e+00 0.000000000000000000e+00 8.624727323906557548e-08
1.945000000000000000e+03 0.000000000000000000e+00 0.000000000000000000e+00 8.630234084937538047e-08
1.946000000000000000e+03 0.000000000000000000e+00 0.000000000000000000e+00 8.635715381177624251e-08
1.947000000000000000e+03 0.000000000000000000e+00 0.000000000000000000e+00 8.641183945022260661e-08
1.948000000000000000e+03 0.000000000000000000e+00 0.000000000000000000e+00 8.646633410273727013e-08
1.949000000000000000e+03 0.000000000000000000e+00 0.000000000000000000e+00 8.652057410734297746e-08
1.950000000000000000e+03 0.000000000000000000e+00 0.000000000000000000e+00 8.657462312601701067e-08
1.951000000000000000e+03 0.000000000000000000e+00 0.000000000000000000e+00 8.662848115875930359e-08
1.952000000000000000e+03 0.000000000000000000e+00 0.000000000000000000e+00 8.668208454359264033e-08
1.953000000000000000e+03 0.000000000000000000e+00 0.000000000000000000e+00 8.673556060447151883e-08
1.954000000000000000e+03 0.000000000000000000e+00 0.000000000000000000e+00 8.678884567941868351e-08
1.955000000000000000e+03 0.000000000000000000e+00 0.000000000000000000e+00 8.684187610645691848e-08
1.956000000000000000e+03 0.000000000000000000e+00 0.000000000000000000e+00 8.689471554756342638e-08
1.957000000000000000e+03 0.000000000000000000e+00 0.000000000000000000e+00 8.694736400273820723e-08
1.958000000000000000e+03 0.000000000000000000e+00 0.000000000000000000e+00 8.699982147198131396e-08
1.959000000000000000e+03 0.000000000000000000e+00 0.000000000000000000e+00 8.705208795529269362e-08
1.960000000000000000e+03 0.000000000000000000e+00 0.000000000000000000e+00 8.710416345267234623e-08
1.961000000000000000e+03 0.000000000000000000e+00 0.000000000000000000e+00 8.715604796412031148e-08
1.962000000000000000e+03 0.000000000000000000e+00 0.000000000000000000e+00 8.720780515161377879e-08
1.963000000000000000e+03 0.000000000000000000e+00 0.000000000000000000e+00 8.725930769119832962e-08
1.964000000000000000e+03 0.000000000000000000e+00 0.000000000000000000e+00 8.731061924485114016e-08
1.965000000000000000e+03 0.000000000000000000e+00 0.000000000000000000e+00 8.736180347454951893e-08
1.966000000000000000e+03 0.000000000000000000e+00 0.000000000000000000e+00 8.741273305633892829e-08
1.967000000000000000e+03 0.000000000000000000e+00 0.000000000000000000e+00 8.746353531417383970e-08
1.968000000000000000e+03 0.000000000000000000e+00 0.000000000000000000e+00 8.751421024805430612e-08
1.969000000000000000e+03 0.000000000000000000e+00 0.000000000000000000e+00 8.756463053402581635e-08
1.970000000000000000e+03 0.000000000000000000e+00 0.000000000000000000e+00 8.761492349604285512e-08
1.971000000000000000e+03 0.000000000000000000e+00 0.000000000000000000e+00 8.766508913410542241e-08
1.972000000000000000e+03 0.000000000000000000e+00 0.000000000000000000e+00 8.771506378623627587e-08
1.973000000000000000e+03 0.000000000000000000e+00 0.000000000000000000e+00 8.776484745243542875e-08
1.974000000000000000e+03 0.000000000000000000e+00 0.000000000000000000e+00 8.781450379468009691e-08
1.975000000000000000e+03 0.000000000000000000e+00 0.000000000000000000e+00 8.786403281297029361e-08
1.976000000000000000e+03 0.000000000000000000e+00 0.000000000000000000e+00 8.791343450730601883e-08
1.977000000000000000e+03 0.000000000000000000e+00 0.000000000000000000e+00 8.796264521571004347e-08
1.978000000000000000e+03 0.000000000000000000e+00 0.000000000000000000e+00 8.801172860015955692e-08
1.979000000000000000e+03 0.000000000000000000e+00 0.000000000000000000e+00 8.806068466065463861e-08
1.980000000000000000e+03 0.000000000000000000e+00 0.000000000000000000e+00 8.810951339719523560e-08
1.981000000000000000e+03 0.000000000000000000e+00 0.000000000000000000e+00 8.815821480978136111e-08
1.982000000000000000e+03 0.000000000000000000e+00 0.000000000000000000e+00 8.820678889841298868e-08
1.983000000000000000e+03 0.000000000000000000e+00 0.000000000000000000e+00 8.825523566309015801e-08
1.984000000000000000e+03 0.000000000000000000e+00 0.000000000000000000e+00 8.830361876579009822e-08
1.985000000000000000e+03 0.000000000000000000e+00 0.000000000000000000e+00 8.835181088255832461e-08
1.986000000000000000e+03 0.000000000000000000e+00 0.000000000000000000e+00 8.840000299932656423e-08
1.987000000000000000e+03 0.000000000000000000e+00 0.000000000000000000e+00 8.844800413016307679e-08
1.988000000000000000e+03 0.000000000000000000e+00 0.000000000000000000e+00 8.849594159902236024e-08
1.989000000000000000e+03 0.000000000000000000e+00 0.000000000000000000e+00 8.854381540590440133e-08
1.990000000000000000e+03 0.000000000000000000e+00 0.000000000000000000e+00 8.859162555080920007e-08
1.991000000000000000e+03 0.000000000000000000e+00 0.000000000000000000e+00 8.863930837175955380e-08
1.992000000000000000e+03 0.000000000000000000e+00 0.000000000000000000e+00 8.868692753073265195e-08
1.993000000000000000e+03 0.000000000000000000e+00 0.000000000000000000e+00 8.873448302772849450e-08
1.994000000000000000e+03 0.000000000000000000e+00 0.000000000000000000e+00 8.878203852472435030e-08
1.995000000000000000e+03 0.000000000000000000e+00 0.000000000000000000e+00 8.882946669776573462e-08
1.996000000000000000e+03 0.000000000000000000e+00 0.000000000000000000e+00 8.887689487080711894e-08
1.997000000000000000e+03 0.000000000000000000e+00 0.000000000000000000e+00 8.892419571989404502e-08
1.998000000000000000e+03 0.000000000000000000e+00 0.000000000000000000e+00 8.897156023095818699e-08
1.999000000000000000e+03 0.000000000000000000e+00 0.000000000000000000e+00 8.901879741806785749e-08
2.000000000000000000e+03 0.000000000000000000e+00 0.000000000000000000e+00 8.906609826715477034e-08
2.001000000000000000e+03 0.000000000000000000e+00 0.000000000000000000e+00 8.911333545426442760e-08
2.002000000000000000e+03 0.000000000000000000e+00 0.000000000000000000e+00 8.916057264137411133e-08
2.003000000000000000e+03 0.000000000000000000e+00 0.000000000000000000e+00 8.920774616650656594e-08
2.004000000000000000e+03 0.000000000000000000e+00 0.000000000000000000e+00 8.925498335361623643e-08
2.005000000000000000e+03 0.000000000000000000e+00 0.000000000000000000e+00 8.930222054072590693e-08
2.006000000000000000e+03 0.000000000000000000e+00 0.000000000000000000e+00 8.934945772783557743e-08
2.007000000000000000e+03 0.000000000000000000e+00 0.000000000000000000e+00 8.939669491494522145e-08
2.008000000000000000e+03 0.000000000000000000e+00 0.000000000000000000e+00 8.944399576403214754e-08
2.009000000000000000e+03 0.000000000000000000e+00 0.000000000000000000e+00 8.949129661311906038e-08
2.010000000000000000e+03 0.000000000000000000e+00 0.000000000000000000e+00 8.953859746220598647e-08
2.011000000000000000e+03 0.000000000000000000e+00 0.000000000000000000e+00 8.958596197327014167e-08
2.012000000000000000e+03 0.000000000000000000e+00 0.000000000000000000e+00 8.963345380828874188e-08
2.013000000000000000e+03 0.000000000000000000e+00 0.000000000000000000e+00 8.968088198133013943e-08
2.014000000000000000e+03 0.000000000000000000e+00 0.000000000000000000e+00 8.972843747832598199e-08
2.015000000000000000e+03 0.000000000000000000e+00 0.000000000000000000e+00 8.977605663729908014e-08
2.016000000000000000e+03 0.000000000000000000e+00 0.000000000000000000e+00 8.982380312022663652e-08
2.017000000000000000e+03 0.000000000000000000e+00 0.000000000000000000e+00 8.987154960315421937e-08
2.018000000000000000e+03 0.000000000000000000e+00 0.000000000000000000e+00 8.991942341003627370e-08
2.019000000000000000e+03 0.000000000000000000e+00 0.000000000000000000e+00 8.996742454087278626e-08
2.020000000000000000e+03 0.000000000000000000e+00 0.000000000000000000e+00 9.001548933368654118e-08
2.021000000000000000e+03 0.000000000000000000e+00 0.000000000000000000e+00 9.006368145045476756e-08
2.022000000000000000e+03 0.000000000000000000e+00 0.000000000000000000e+00 9.011200089117746542e-08
2.023000000000000000e+03 0.000000000000000000e+00 0.000000000000000000e+00 9.016038399387739240e-08
2.024000000000000000e+03 0.000000000000000000e+00 0.000000000000000000e+00 9.020895808250904644e-08
2.025000000000000000e+03 0.000000000000000000e+00 0.000000000000000000e+00 9.025765949509515872e-08
2.026000000000000000e+03 0.000000000000000000e+00 0.000000000000000000e+00 9.030655189361301129e-08
2.027000000000000000e+03 0.000000000000000000e+00 0.000000000000000000e+00 9.035550795410804004e-08
2.028000000000000000e+03 0.000000000000000000e+00 0.000000000000000000e+00 9.040471866251206467e-08
2.029000000000000000e+03 0.000000000000000000e+00 0.000000000000000000e+00 9.045405669487056078e-08
2.030000000000000000e+03 0.000000000000000000e+00 0.000000000000000000e+00 9.050352205118352835e-08
2.031000000000000000e+03 0.000000000000000000e+00 0.000000000000000000e+00 9.055324205540542564e-08
2.032000000000000000e+03 0.000000000000000000e+00 0.000000000000000000e+00 9.060315304555906322e-08
2.033000000000000000e+03 0.000000000000000000e+00 0.000000000000000000e+00 9.065319135966713257e-08
2.034000000000000000e+03 0.000000000000000000e+00 0.000000000000000000e+00 9.070348432168417133e-08
2.035000000000000000e+03 0.000000000000000000e+00 0.000000000000000000e+00 9.075396826963292392e-08
2.036000000000000000e+03 0.000000000000000000e+00 0.000000000000000000e+00 9.080470686549063269e-08
2.037000000000000000e+03 0.000000000000000000e+00 0.000000000000000000e+00 9.085563644728001558e-08
2.038000000000000000e+03 0.000000000000000000e+00 0.000000000000000000e+00 9.090682067697838111e-08
2.039000000000000000e+03 0.000000000000000000e+00 0.000000000000000000e+00 9.095825955458568959e-08
2.040000000000000000e+03 0.000000000000000000e+00 0.000000000000000000e+00 9.100995308010191455e-08
2.041000000000000000e+03 0.000000000000000000e+00 0.000000000000000000e+00 9.106190125352714862e-08
2.042000000000000000e+03 0.000000000000000000e+00 0.000000000000000000e+00 9.111404041288404358e-08
2.043000000000000000e+03 0.000000000000000000e+00 0.000000000000000000e+00 9.116649788212712384e-08
2.044000000000000000e+03 0.000000000000000000e+00 0.000000000000000000e+00 9.121927366125640262e-08
2.045000000000000000e+03 0.000000000000000000e+00 0.000000000000000000e+00 9.127230408829459789e-08
2.046000000000000000e+03 0.000000000000000000e+00 0.000000000000000000e+00 9.132558916324177580e-08
2.047000000000000000e+03 0.000000000000000000e+00 0.000000000000000000e+00 9.137919254807513901e-08
2.048000000000000000e+03 0.000000000000000000e+00 0.000000000000000000e+00 9.143311424279467428e-08
2.049000000000000000e+03 0.000000000000000000e+00 0.000000000000000000e+00 9.148735424740038161e-08
2.050000000000000000e+03 0.000000000000000000e+00 0.000000000000000000e+00 9.154191256189227424e-08
2.051000000000000000e+03 0.000000000000000000e+00 0.000000000000000000e+00 9.159678918627035217e-08
2.052000000000000000e+03 0.000000000000000000e+00 0.000000000000000000e+00 9.165198412053465510e-08
2.053000000000000000e+03 0.000000000000000000e+00 0.000000000000000000e+00 9.170756102666233275e-08
2.054000000000000000e+03 0.000000000000000000e+00 0.000000000000000000e+00 9.176345624267619569e-08
2.055000000000000000e+03 0.000000000000000000e+00 0.000000000000000000e+00 9.181973343055348628e-08
2.056000000000000000e+03 0.000000000000000000e+00 0.000000000000000000e+00 9.187632892831697540e-08
2.057000000000000000e+03 0.000000000000000000e+00 0.000000000000000000e+00 9.193330639794385247e-08
2.058000000000000000e+03 0.000000000000000000e+00 0.000000000000000000e+00 9.199072950141142601e-08
2.059000000000000000e+03 0.000000000000000000e+00 0.000000000000000000e+00 9.204847091476518485e-08
2.060000000000000000e+03 0.000000000000000000e+00 0.000000000000000000e+00 9.210659429998233164e-08
2.061000000000000000e+03 0.000000000000000000e+00 0.000000000000000000e+00 9.216509965706289284e-08
2.062000000000000000e+03 0.000000000000000000e+00 0.000000000000000000e+00 9.222405064798416375e-08
2.063000000000000000e+03 0.000000000000000000e+00 0.000000000000000000e+00 9.228338361076880937e-08
2.064000000000000000e+03 0.000000000000000000e+00 0.000000000000000000e+00 9.234316220739411177e-08
2.065000000000000000e+03 0.000000000000000000e+00 0.000000000000000000e+00 9.240332277588286828e-08
2.066000000000000000e+03 0.000000000000000000e+00 0.000000000000000000e+00 9.246392897821224186e-08
2.067000000000000000e+03 0.000000000000000000e+00 0.000000000000000000e+00 9.252498081438229867e-08
2.068000000000000000e+03 0.000000000000000000e+00 0.000000000000000000e+00 9.258641462241576991e-08
2.069000000000000000e+03 0.000000000000000000e+00 0.000000000000000000e+00 9.264835772626712703e-08
2.070000000000000000e+03 0.000000000000000000e+00 0.000000000000000000e+00 9.271074646395916739e-08
2.071000000000000000e+03 0.000000000000000000e+00 0.000000000000000000e+00 9.277358083549183805e-08
2.072000000000000000e+03 0.000000000000000000e+00 0.000000000000000000e+00 9.283686084086517871e-08
2.073000000000000000e+03 0.000000000000000000e+00 0.000000000000000000e+00 9.290065014205640526e-08
2.074000000000000000e+03 0.000000000000000000e+00 0.000000000000000000e+00 9.296488507708831505e-08
2.075000000000000000e+03 0.000000000000000000e+00 0.000000000000000000e+00 9.302956564596084191e-08
2.076000000000000000e+03 0.000000000000000000e+00 0.000000000000000000e+00 9.309475551065128112e-08
2.077000000000000000e+03 0.000000000000000000e+00 0.000000000000000000e+00 9.316045467115965916e-08
2.078000000000000000e+03 0.000000000000000000e+00 0.000000000000000000e+00 9.322666312748585691e-08
2.079000000000000000e+03 0.000000000000000000e+00 0.000000000000000000e+00 9.329338087962998026e-08
2.080000000000000000e+03 0.000000000000000000e+00 0.000000000000000000e+00 9.336054426561476038e-08
2.081000000000000000e+03 0.000000000000000000e+00 0.000000000000000000e+00 9.342828060939468197e-08
2.082000000000000000e+03 0.000000000000000000e+00 0.000000000000000000e+00 9.349646258701522063e-08
2.083000000000000000e+03 0.000000000000000000e+00 0.000000000000000000e+00 9.356521752243094047e-08
2.084000000000000000e+03 0.000000000000000000e+00 0.000000000000000000e+00 9.363448175366451972e-08
2.085000000000000000e+03 0.000000000000000000e+00 0.000000000000000000e+00 9.370431894269326692e-08
2.086000000000000000e+03 0.000000000000000000e+00 0.000000000000000000e+00 9.377466542753984707e-08
2.087000000000000000e+03 0.000000000000000000e+00 0.000000000000000000e+00 9.384552120820436605e-08
2.088000000000000000e+03 0.000000000000000000e+00 0.000000000000000000e+00 9.391694994666403974e-08
2.089000000000000000e+03 0.000000000000000000e+00 0.000000000000000000e+00 9.398895164291878873e-08
2.090000000000000000e+03 0.000000000000000000e+00 0.000000000000000000e+00 9.406146263499146332e-08
2.091000000000000000e+03 0.000000000000000000e+00 0.000000000000000000e+00 9.413454658485925291e-08
2.092000000000000000e+03 0.000000000000000000e+00 0.000000000000000000e+00 9.420820349252218397e-08
2.093000000000000000e+03 0.000000000000000000e+00 0.000000000000000000e+00 9.428243335798024328e-08
2.094000000000000000e+03 0.000000000000000000e+00 0.000000000000000000e+00 9.435723618123344407e-08
2.095000000000000000e+03 0.000000000000000000e+00 0.000000000000000000e+00 9.443261196228177309e-08
2.096000000000000000e+03 0.000000000000000000e+00 0.000000000000000000e+00 9.450856070112521712e-08
2.097000000000000000e+03 0.000000000000000000e+00 0.000000000000000000e+00 9.458508239776380263e-08
2.098000000000000000e+03 0.000000000000000000e+00 0.000000000000000000e+00 9.466224071417473227e-08
2.099000000000000000e+03 0.000000000000000000e+00 0.000000000000000000e+00 9.473990832640358749e-08
2.100000000000000000e+03 0.000000000000000000e+00 0.000000000000000000e+00 9.481821255840481331e-08
2.101000000000000000e+03 0.000000000000000000e+00 0.000000000000000000e+00 9.489708974820114091e-08
2.102000000000000000e+03 0.000000000000000000e+00 0.000000000000000000e+00 9.497660355776986556e-08
2.103000000000000000e+03 0.000000000000000000e+00 0.000000000000000000e+00 9.505669032513370523e-08
2.104000000000000000e+03 0.000000000000000000e+00 0.000000000000000000e+00 9.513741371226992872e-08
2.105000000000000000e+03 0.000000000000000000e+00 0.000000000000000000e+00 9.521871005720124075e-08
2.106000000000000000e+03 0.000000000000000000e+00 0.000000000000000000e+00 9.530064302190493661e-08
2.107000000000000000e+03 0.000000000000000000e+00 0.000000000000000000e+00 9.538314894440380042e-08
2.108000000000000000e+03 0.000000000000000000e+00 0.000000000000000000e+00 9.546629148667499511e-08
2.109000000000000000e+03 0.000000000000000000e+00 0.000000000000000000e+00 9.555007064871860011e-08
2.110000000000000000e+03 0.000000000000000000e+00 0.000000000000000000e+00 9.563442276855726717e-08
2.111000000000000000e+03 0.000000000000000000e+00 0.000000000000000000e+00 9.571941150816835777e-08
2.112000000000000000e+03 0.000000000000000000e+00 0.000000000000000000e+00 9.580503686755179249e-08
2.113000000000000000e+03 0.000000000000000000e+00 0.000000000000000000e+00 9.589129884670759780e-08
2.114000000000000000e+03 0.000000000000000000e+00 0.000000000000000000e+00 9.597813378365853136e-08
2.115000000000000000e+03 0.000000000000000000e+00 0.000000000000000000e+00 9.606566900235910434e-08
2.116000000000000000e+03 0.000000000000000000e+00 0.000000000000000000e+00 9.615377717885477909e-08
2.117000000000000000e+03 0.000000000000000000e+00 0.000000000000000000e+00 9.624252197512278472e-08
2.118000000000000000e+03 0.000000000000000000e+00 0.000000000000000000e+00 9.633190339116320066e-08
2.119000000000000000e+03 0.000000000000000000e+00 0.000000000000000000e+00 9.642198508895322955e-08
2.120000000000000000e+03 0.000000000000000000e+00 0.000000000000000000e+00 9.651263974453837344e-08
2.121000000000000000e+03 0.000000000000000000e+00 0.000000000000000000e+00 9.660393101989586145e-08
2.122000000000000000e+03 0.000000000000000000e+00 0.000000000000000000e+00 9.669585891502575977e-08
2.123000000000000000e+03 0.000000000000000000e+00 0.000000000000000000e+00 9.678842342992800221e-08
2.124000000000000000e+03 0.000000000000000000e+00 0.000000000000000000e+00 9.688156090262535966e-08
2.125000000000000000e+03 0.000000000000000000e+00 0.000000000000000000e+00 9.697539865707234329e-08
2.126000000000000000e+03 0.000000000000000000e+00 0.000000000000000000e+00 9.706987303129169752e-08
2.127000000000000000e+03 0.000000000000000000e+00 0.000000000000000000e+00 9.716498402528342234e-08
2.128000000000000000e+03 0.000000000000000000e+00 0.000000000000000000e+00 9.726073163904750452e-08
2.129000000000000000e+03 0.000000000000000000e+00 0.000000000000000000e+00 9.735711587258394406e-08
2.130000000000000000e+03 0.000000000000000000e+00 0.000000000000000000e+00 9.745413672589278067e-08
2.131000000000000000e+03 0.000000000000000000e+00 0.000000000000000000e+00 9.755179419897396140e-08
2.132000000000000000e+03 0.000000000000000000e+00 0.000000000000000000e+00 9.765002462985027037e-08
2.133000000000000000e+03 0.000000000000000000e+00 0.000000000000000000e+00 9.774895534247621876e-08
2.134000000000000000e+03 0.000000000000000000e+00 0.000000000000000000e+00 9.784852267487449804e-08
2.135000000000000000e+03 0.000000000000000000e+00 0.000000000000000000e+00 9.794866296506790556e-08
2.136000000000000000e+03 0.000000000000000000e+00 0.000000000000000000e+00 9.804943987503368367e-08
2.137000000000000000e+03 0.000000000000000000e+00 0.000000000000000000e+00 9.815091706674911444e-08
2.138000000000000000e+03 0.000000000000000000e+00 0.000000000000000000e+00 9.825296721625962051e-08
2.139000000000000000e+03 0.000000000000000000e+00 0.000000000000000000e+00 9.835565398554251042e-08
2.140000000000000000e+03 0.000000000000000000e+00 0.000000000000000000e+00 9.845891371262052856e-08
2.141000000000000000e+03 0.000000000000000000e+00 0.000000000000000000e+00 9.856287372144814641e-08
2.142000000000000000e+03 0.000000000000000000e+00 0.000000000000000000e+00 9.866740668807090574e-08
2.143000000000000000e+03 0.000000000000000000e+00 0.000000000000000000e+00 9.877251261248880655e-08
2.144000000000000000e+03 0.000000000000000000e+00 0.000000000000000000e+00 9.887831881865629384e-08
2.145000000000000000e+03 0.000000000000000000e+00 0.000000000000000000e+00 9.898469798261890937e-08
2.146000000000000000e+03 0.000000000000000000e+00 0.000000000000000000e+00 9.909171376635392196e-08
2.147000000000000000e+03 0.000000000000000000e+00 0.000000000000000000e+00 9.919930250788402309e-08
2.148000000000000000e+03 0.000000000000000000e+00 0.000000000000000000e+00 9.930752786918650805e-08
2.149000000000000000e+03 0.000000000000000000e+00 0.000000000000000000e+00 9.941632618828414772e-08
2.150000000000000000e+03 0.000000000000000000e+00 0.000000000000000000e+00 9.952576112715413151e-08
2.151000000000000000e+03 0.000000000000000000e+00 0.000000000000000000e+00 9.963576902381925678e-08
2.152000000000000000e+03 0.000000000000000000e+00 0.000000000000000000e+00 9.974634987827948383e-08
2.153000000000000000e+03 0.000000000000000000e+00 0.000000000000000000e+00 9.985750369053489205e-08
2.154000000000000000e+03 0.000000000000000000e+00 0.000000000000000000e+00 9.996929412256261793e-08
2.155000000000000000e+03 0.000000000000000000e+00 0.000000000000000000e+00 1.000816575123854985e-07
2.156000000000000000e+03 0.000000000000000000e+00 0.000000000000000000e+00 1.001945938600035073e-07
2.157000000000000000e+03 0.000000000000000000e+00 0.000000000000000000e+00 1.003081031654166444e-07
2.158000000000000000e+03 0.000000000000000000e+00 0.000000000000000000e+00 1.004221854286248965e-07
2.159000000000000000e+03 0.000000000000000000e+00 0.000000000000000000e+00 1.005368406496283430e-07
2.160000000000000000e+03 0.000000000000000000e+00 0.000000000000000000e+00 1.006520051664496092e-07
2.161000000000000000e+03 0.000000000000000000e+00 0.000000000000000000e+00 1.007678063030432725e-07
2.162000000000000000e+03 0.000000000000000000e+00 0.000000000000000000e+00 1.008841167354548481e-07
2.163000000000000000e+03 0.000000000000000000e+00 0.000000000000000000e+00 1.010010001256615387e-07
2.164000000000000000e+03 0.000000000000000000e+00 0.000000000000000000e+00 1.011183928116860888e-07
2.165000000000000000e+03 0.000000000000000000e+00 0.000000000000000000e+00 1.012363584555058068e-07
2.166000000000000000e+03 0.000000000000000000e+00 0.000000000000000000e+00 1.013548333951434107e-07
2.167000000000000000e+03 0.000000000000000000e+00 0.000000000000000000e+00 1.014738812925761428e-07
2.168000000000000000e+03 0.000000000000000000e+00 0.000000000000000000e+00 1.015934384858268138e-07
2.169000000000000000e+03 0.000000000000000000e+00 0.000000000000000000e+00 1.017135049748953309e-07
2.170000000000000000e+03 0.000000000000000000e+00 0.000000000000000000e+00 1.018340807597817075e-07
2.171000000000000000e+03 0.000000000000000000e+00 0.000000000000000000e+00 1.019551658404860626e-07
2.172000000000000000e+03 0.000000000000000000e+00 0.000000000000000000e+00 1.020767602170082639e-07
2.173000000000000000e+03 0.000000000000000000e+00 0.000000000000000000e+00 1.021988638893483775e-07
2.174000000000000000e+03 0.000000000000000000e+00 0.000000000000000000e+00 1.023214768575063638e-07
2.175000000000000000e+03 0.000000000000000000e+00 0.000000000000000000e+00 1.024445991214822624e-07
2.176000000000000000e+03 0.000000000000000000e+00 0.000000000000000000e+00 1.025681670192987781e-07
2.177000000000000000e+03 0.000000000000000000e+00 0.000000000000000000e+00 1.026921805509560035e-07
2.178000000000000000e+03 0.000000000000000000e+00 0.000000000000000000e+00 1.028167033784311149e-07
2.179000000000000000e+03 0.000000000000000000e+00 0.000000000000000000e+00 1.029416718397468565e-07
2.180000000000000000e+03 0.000000000000000000e+00 0.000000000000000000e+00 1.030670859349032548e-07
2.181000000000000000e+03 0.000000000000000000e+00 0.000000000000000000e+00 1.031930093258775788e-07
2.182000000000000000e+03 0.000000000000000000e+00 0.000000000000000000e+00 1.033193146887152907e-07
2.183000000000000000e+03 0.000000000000000000e+00 0.000000000000000000e+00 1.034460656853936859e-07
2.184000000000000000e+03 0.000000000000000000e+00 0.000000000000000000e+00 1.035732623159127246e-07
2.185000000000000000e+03 0.000000000000000000e+00 0.000000000000000000e+00 1.037009045802724200e-07
2.186000000000000000e+03 0.000000000000000000e+00 0.000000000000000000e+00 1.038289288164955696e-07
2.187000000000000000e+03 0.000000000000000000e+00 0.000000000000000000e+00 1.039573986865593098e-07
2.188000000000000000e+03 0.000000000000000000e+00 0.000000000000000000e+00 1.040862505284865438e-07
2.189000000000000000e+03 0.000000000000000000e+00 0.000000000000000000e+00 1.042155480042543948e-07
2.190000000000000000e+03 0.000000000000000000e+00 0.000000000000000000e+00 1.043451637899084312e-07
2.191000000000000000e+03 0.000000000000000000e+00 0.000000000000000000e+00 1.044751615474258952e-07
2.192000000000000000e+03 0.000000000000000000e+00 0.000000000000000000e+00 1.046056049387840027e-07
2.193000000000000000e+03 0.000000000000000000e+00 0.000000000000000000e+00 1.047363666400283220e-07
2.194000000000000000e+03 0.000000000000000000e+00 0.000000000000000000e+00 1.048674466511587869e-07
2.195000000000000000e+03 0.000000000000000000e+00 0.000000000000000000e+00 1.049989722961299351e-07
2.196000000000000000e+03 0.000000000000000000e+00 0.000000000000000000e+00 1.051307525890100129e-07
2.197000000000000000e+03 0.000000000000000000e+00 0.000000000000000000e+00 1.052629148537535317e-07
2.198000000000000000e+03 0.000000000000000000e+00 0.000000000000000000e+00 1.053953954283832225e-07
2.199000000000000000e+03 0.000000000000000000e+00 0.000000000000000000e+00 1.055281943128991118e-07
2.200000000000000000e+03 0.000000000000000000e+00 0.000000000000000000e+00 1.056613115073011335e-07
2.201000000000000000e+03 0.000000000000000000e+00 0.000000000000000000e+00 1.057947470115894067e-07
2.202000000000000000e+03 0.000000000000000000e+00 0.000000000000000000e+00 1.059285008257638122e-07
2.203000000000000000e+03 0.000000000000000000e+00 0.000000000000000000e+00 1.060625092878472136e-07
2.204000000000000000e+03 0.000000000000000000e+00 0.000000000000000000e+00 1.061967723978395315e-07
2.205000000000000000e+03 0.000000000000000000e+00 0.000000000000000000e+00 1.063313538177180479e-07
2.206000000000000000e+03 0.000000000000000000e+00 0.000000000000000000e+00 1.064661898855054940e-07
2.207000000000000000e+03 0.000000000000000000e+00 0.000000000000000000e+00 1.066012806012018963e-07
2.208000000000000000e+03 0.000000000000000000e+00 0.000000000000000000e+00 1.067365623028300124e-07
2.209000000000000000e+03 0.000000000000000000e+00 0.000000000000000000e+00 1.068721623143443006e-07
2.210000000000000000e+03 0.000000000000000000e+00 0.000000000000000000e+00 1.070079533117903026e-07
2.211000000000000000e+03 0.000000000000000000e+00 0.000000000000000000e+00 1.071439989571452608e-07
2.212000000000000000e+03 0.000000000000000000e+00 0.000000000000000000e+00 1.072802355884319064e-07
2.213000000000000000e+03 0.000000000000000000e+00 0.000000000000000000e+00 1.074166632056503055e-07
2.214000000000000000e+03 0.000000000000000000e+00 0.000000000000000000e+00 1.075532818088003919e-07
2.215000000000000000e+03 0.000000000000000000e+00 0.000000000000000000e+00 1.076901550598593948e-07
2.216000000000000000e+03 0.000000000000000000e+00 0.000000000000000000e+00 1.078271556348729089e-07
2.217000000000000000e+03 0.000000000000000000e+00 0.000000000000000000e+00 1.079643471958181103e-07
2.218000000000000000e+03 0.000000000000000000e+00 0.000000000000000000e+00 1.081016660807177965e-07
2.219000000000000000e+03 0.000000000000000000e+00 0.000000000000000000e+00 1.082391759515492229e-07
2.220000000000000000e+03 0.000000000000000000e+00 0.000000000000000000e+00 1.083768131463350811e-07
2.221000000000000000e+03 0.000000000000000000e+00 0.000000000000000000e+00 1.085145776650754240e-07
2.222000000000000000e+03 0.000000000000000000e+00 0.000000000000000000e+00 1.086525331697474808e-07
2.223000000000000000e+03 0.000000000000000000e+00 0.000000000000000000e+00 1.087905523363967666e-07
2.224000000000000000e+03 0.000000000000000000e+00 0.000000000000000000e+00 1.089286988270005372e-07
2.225000000000000000e+03 0.000000000000000000e+00 0.000000000000000000e+00 1.090669726415587660e-07
2.226000000000000000e+03 0.000000000000000000e+00 0.000000000000000000e+00 1.092053101180942372e-07
2.227000000000000000e+03 0.000000000000000000e+00 0.000000000000000000e+00 1.093437749185842195e-07
2.228000000000000000e+03 0.000000000000000000e+00 0.000000000000000000e+00 1.094823033810513780e-07
2.229000000000000000e+03 0.000000000000000000e+00 0.000000000000000000e+00 1.096208955054958053e-07
2.230000000000000000e+03 0.000000000000000000e+00 0.000000000000000000e+00 1.097595512919174486e-07
2.231000000000000000e+03 0.000000000000000000e+00 0.000000000000000000e+00 1.098982707403163738e-07
2.232000000000000000e+03 0.000000000000000000e+00 0.000000000000000000e+00 1.100370538506924885e-07
2.233000000000000000e+03 0.000000000000000000e+00 0.000000000000000000e+00 1.101758369610686429e-07
2.234000000000000000e+03 0.000000000000000000e+00 0.000000000000000000e+00 1.103146837334220132e-07
2.235000000000000000e+03 0.000000000000000000e+00 0.000000000000000000e+00 1.104535941677526258e-07
2.236000000000000000e+03 0.000000000000000000e+00 0.000000000000000000e+00 1.105924409401059564e-07
2.237000000000000000e+03 0.000000000000000000e+00 0.000000000000000000e+00 1.107313513744365690e-07
2.238000000000000000e+03 0.000000000000000000e+00 0.000000000000000000e+00 1.108702618087671817e-07
2.239000000000000000e+03 0.000000000000000000e+00 0.000000000000000000e+00 1.110091722430977943e-07
2.240000000000000000e+03 0.000000000000000000e+00 0.000000000000000000e+00 1.111480826774284069e-07
2.241000000000000000e+03 0.000000000000000000e+00 0.000000000000000000e+00 1.112869294497817507e-07
2.242000000000000000e+03 0.000000000000000000e+00 0.000000000000000000e+00 1.114257762221351475e-07
2.243000000000000000e+03 0.000000000000000000e+00 0.000000000000000000e+00 1.115645593325112622e-07
2.244000000000000000e+03 0.000000000000000000e+00 0.000000000000000000e+00 1.117033424428873901e-07
2.245000000000000000e+03 0.000000000000000000e+00 0.000000000000000000e+00 1.118420618912862889e-07
2.246000000000000000e+03 0.000000000000000000e+00 0.000000000000000000e+00 1.119807813396852010e-07
2.247000000000000000e+03 0.000000000000000000e+00 0.000000000000000000e+00 1.121193734641296151e-07
2.248000000000000000e+03 0.000000000000000000e+00 0.000000000000000000e+00 1.122579655885740424e-07
2.249000000000000000e+03 0.000000000000000000e+00 0.000000000000000000e+00 1.123964303890639850e-07
2.250000000000000000e+03 0.000000000000000000e+00 0.000000000000000000e+00 1.125348315275766853e-07
2.251000000000000000e+03 0.000000000000000000e+00 0.000000000000000000e+00 1.126731690041121697e-07
2.252000000000000000e+03 0.000000000000000000e+00 0.000000000000000000e+00 1.128113791566931826e-07
2.253000000000000000e+03 0.000000000000000000e+00 0.000000000000000000e+00 1.129495256472969532e-07
2.254000000000000000e+03 0.000000000000000000e+00 0.000000000000000000e+00 1.130875448139462390e-07
2.255000000000000000e+03 0.000000000000000000e+00 0.000000000000000000e+00 1.132254366566410402e-07
2.256000000000000000e+03 0.000000000000000000e+00 0.000000000000000000e+00 1.133632648373586387e-07
2.257000000000000000e+03 0.000000000000000000e+00 0.000000000000000000e+00 1.135009656941217393e-07
2.258000000000000000e+03 0.000000000000000000e+00 0.000000000000000000e+00 1.136385392269303684e-07
2.259000000000000000e+03 0.000000000000000000e+00 0.000000000000000000e+00 1.137759854357845524e-07
2.260000000000000000e+03 0.000000000000000000e+00 0.000000000000000000e+00 1.139133043206842386e-07
2.261000000000000000e+03 0.000000000000000000e+00 0.000000000000000000e+00 1.140504958816294533e-07
2.262000000000000000e+03 0.000000000000000000e+00 0.000000000000000000e+00 1.141874964566429541e-07
2.263000000000000000e+03 0.000000000000000000e+00 0.000000000000000000e+00 1.143243697077019570e-07
2.264000000000000000e+03 0.000000000000000000e+00 0.000000000000000000e+00 1.144611156348065282e-07
2.265000000000000000e+03 0.000000000000000000e+00 0.000000000000000000e+00 1.145977342379566278e-07
2.266000000000000000e+03 0.000000000000000000e+00 0.000000000000000000e+00 1.147341618551750004e-07
2.267000000000000000e+03 0.000000000000000000e+00 0.000000000000000000e+00 1.148703984864616327e-07
2.268000000000000000e+03 0.000000000000000000e+00 0.000000000000000000e+00 1.150065077937938333e-07
2.269000000000000000e+03 0.000000000000000000e+00 0.000000000000000000e+00 1.151424261151943068e-07
2.270000000000000000e+03 0.000000000000000000e+00 0.000000000000000000e+00 1.152781534506630664e-07
2.271000000000000000e+03 0.000000000000000000e+00 0.000000000000000000e+00 1.154137534621773679e-07
2.272000000000000000e+03 0.000000000000000000e+00 0.000000000000000000e+00 1.155490988257827263e-07
2.273000000000000000e+03 0.000000000000000000e+00 0.000000000000000000e+00 1.156843168654336133e-07
2.274000000000000000e+03 0.000000000000000000e+00 0.000000000000000000e+00 1.158193439191527468e-07
2.275000000000000000e+03 0.000000000000000000e+00 0.000000000000000000e+00 1.159541799869402326e-07
2.276000000000000000e+03 0.000000000000000000e+00 0.000000000000000000e+00 1.160888250687959649e-07
2.277000000000000000e+03 0.000000000000000000e+00 0.000000000000000000e+00 1.162232791647200099e-07
2.278000000000000000e+03 0.000000000000000000e+00 0.000000000000000000e+00 1.163575422747123013e-07
2.279000000000000000e+03 0.000000000000000000e+00 0.000000000000000000e+00 1.164916143987729318e-07
2.280000000000000000e+03 0.000000000000000000e+00 0.000000000000000000e+00 1.166254955369018353e-07
2.281000000000000000e+03 0.000000000000000000e+00 0.000000000000000000e+00 1.167591856890990117e-07
2.282000000000000000e+03 0.000000000000000000e+00 0.000000000000000000e+00 1.168926211933872716e-07
2.283000000000000000e+03 0.000000000000000000e+00 0.000000000000000000e+00 1.170259293737210468e-07
2.284000000000000000e+03 0.000000000000000000e+00 0.000000000000000000e+00 1.171589829061458659e-07
2.285000000000000000e+03 0.000000000000000000e+00 0.000000000000000000e+00 1.172918454526389976e-07
2.286000000000000000e+03 0.000000000000000000e+00 0.000000000000000000e+00 1.174245170132003757e-07
2.287000000000000000e+03 0.000000000000000000e+00 0.000000000000000000e+00 1.175569339258528374e-07
2.288000000000000000e+03 0.000000000000000000e+00 0.000000000000000000e+00 1.176892235145508011e-07
2.289000000000000000e+03 0.000000000000000000e+00 0.000000000000000000e+00 1.178212584553398352e-07
2.290000000000000000e+03 0.000000000000000000e+00 0.000000000000000000e+00 1.179531024101971951e-07
2.291000000000000000e+03 0.000000000000000000e+00 0.000000000000000000e+00 1.180847553791228015e-07
2.292000000000000000e+03 0.000000000000000000e+00 0.000000000000000000e+00 1.182162173621166940e-07
2.293000000000000000e+03 0.000000000000000000e+00 0.000000000000000000e+00 1.183474246972016436e-07
2.294000000000000000e+03 0.000000000000000000e+00 0.000000000000000000e+00 1.184785047083321482e-07
2.295000000000000000e+03 0.000000000000000000e+00 0.000000000000000000e+00 1.186093300715536834e-07
2.296000000000000000e+03 0.000000000000000000e+00 0.000000000000000000e+00 1.187399644488435180e-07
2.297000000000000000e+03 0.000000000000000000e+00 0.000000000000000000e+00 1.188704078402016388e-07
2.298000000000000000e+03 0.000000000000000000e+00 0.000000000000000000e+00 1.190006602456280458e-07
2.299000000000000000e+03 0.000000000000000000e+00 0.000000000000000000e+00 1.191307216651227389e-07
2.300000000000000000e+03 0.000000000000000000e+00 0.000000000000000000e+00 1.192605920986857182e-07
2.301000000000000000e+03 0.000000000000000000e+00 0.000000000000000000e+00 1.193902715463170234e-07
2.302000000000000000e+03 0.000000000000000000e+00 0.000000000000000000e+00 1.195197600080165618e-07
2.303000000000000000e+03 0.000000000000000000e+00 0.000000000000000000e+00 1.196491211457616420e-07
2.304000000000000000e+03 0.000000000000000000e+00 0.000000000000000000e+00 1.197782276355978322e-07
2.305000000000000000e+03 0.000000000000000000e+00 0.000000000000000000e+00 1.199072068014794847e-07
2.306000000000000000e+03 0.000000000000000000e+00 0.000000000000000000e+00 1.200359313194522207e-07
2.307000000000000000e+03 0.000000000000000000e+00 0.000000000000000000e+00 1.201645921754477012e-07
2.308000000000000000e+03 0.000000000000000000e+00 0.000000000000000000e+00 1.202929983835342387e-07
2.309000000000000000e+03 0.000000000000000000e+00 0.000000000000000000e+00 1.204212772676662916e-07
2.310000000000000000e+03 0.000000000000000000e+00 0.000000000000000000e+00 1.205493651658666570e-07
2.311000000000000000e+03 0.000000000000000000e+00 0.000000000000000000e+00 1.206773257401125378e-07
2.312000000000000000e+03 0.000000000000000000e+00 0.000000000000000000e+00 1.208051589904039338e-07
2.313000000000000000e+03 0.000000000000000000e+00 0.000000000000000000e+00 1.209328012547636425e-07
2.314000000000000000e+03 0.000000000000000000e+00 0.000000000000000000e+00 1.210603161951688665e-07
2.315000000000000000e+03 0.000000000000000000e+00 0.000000000000000000e+00 1.211876401496424031e-07
2.316000000000000000e+03 0.000000000000000000e+00 0.000000000000000000e+00 1.213149004421386842e-07
2.317000000000000000e+03 0.000000000000000000e+00 0.000000000000000000e+00 1.214419697487032514e-07
2.318000000000000000e+03 0.000000000000000000e+00 0.000000000000000000e+00 1.215689753932905630e-07
2.319000000000000000e+03 0.000000000000000000e+00 0.000000000000000000e+00 1.216957900519461873e-07
2.320000000000000000e+03 0.000000000000000000e+00 0.000000000000000000e+00 1.218225410486245824e-07
2.321000000000000000e+03 0.000000000000000000e+00 0.000000000000000000e+00 1.219491647213484929e-07
2.322000000000000000e+03 0.000000000000000000e+00 0.000000000000000000e+00 1.220757247320951742e-07
2.323000000000000000e+03 0.000000000000000000e+00 0.000000000000000000e+00 1.222020937569101152e-07
2.324000000000000000e+03 0.000000000000000000e+00 0.000000000000000000e+00 1.223284627817251092e-07
2.325000000000000000e+03 0.000000000000000000e+00 0.000000000000000000e+00 1.224547044825855920e-07
2.326000000000000000e+03 0.000000000000000000e+00 0.000000000000000000e+00 1.225808188594916166e-07
2.327000000000000000e+03 0.000000000000000000e+00 0.000000000000000000e+00 1.227069332363976146e-07
2.328000000000000000e+03 0.000000000000000000e+00 0.000000000000000000e+00 1.228329202893491810e-07
2.329000000000000000e+03 0.000000000000000000e+00 0.000000000000000000e+00 1.229588436803234917e-07
2.330000000000000000e+03 0.000000000000000000e+00 0.000000000000000000e+00 1.230847670712977760e-07
2.331000000000000000e+03 0.000000000000000000e+00 0.000000000000000000e+00 1.232105631383176285e-07
2.332000000000000000e+03 0.000000000000000000e+00 0.000000000000000000e+00 1.233363592053374545e-07
2.333000000000000000e+03 0.000000000000000000e+00 0.000000000000000000e+00 1.234620916103800514e-07
2.334000000000000000e+03 0.000000000000000000e+00 0.000000000000000000e+00 1.235878240154226748e-07
2.335000000000000000e+03 0.000000000000000000e+00 0.000000000000000000e+00 1.237135564204652452e-07
2.336000000000000000e+03 0.000000000000000000e+00 0.000000000000000000e+00 1.238392251635305865e-07
2.337000000000000000e+03 0.000000000000000000e+00 0.000000000000000000e+00 1.239648939065959543e-07
2.338000000000000000e+03 0.000000000000000000e+00 0.000000000000000000e+00 1.240905626496613221e-07
2.339000000000000000e+03 0.000000000000000000e+00 0.000000000000000000e+00 1.242162313927266899e-07
2.340000000000000000e+03 0.000000000000000000e+00 0.000000000000000000e+00 1.243419001357920312e-07
2.341000000000000000e+03 0.000000000000000000e+00 0.000000000000000000e+00 1.244675688788573990e-07
2.342000000000000000e+03 0.000000000000000000e+00 0.000000000000000000e+00 1.245933012838999959e-07
2.343000000000000000e+03 0.000000000000000000e+00 0.000000000000000000e+00 1.247190973509198484e-07
2.344000000000000000e+03 0.000000000000000000e+00 0.000000000000000000e+00 1.248448934179396744e-07
2.345000000000000000e+03 0.000000000000000000e+00 0.000000000000000000e+00 1.249706894849595004e-07
2.346000000000000000e+03 0.000000000000000000e+00 0.000000000000000000e+00 1.250966128759338112e-07
2.347000000000000000e+03 0.000000000000000000e+00 0.000000000000000000e+00 1.252225362669081219e-07
2.348000000000000000e+03 0.000000000000000000e+00 0.000000000000000000e+00 1.253485869818369174e-07
2.349000000000000000e+03 0.000000000000000000e+00 0.000000000000000000e+00 1.254747013587429154e-07
2.350000000000000000e+03 0.000000000000000000e+00 0.000000000000000000e+00 1.256008793976261426e-07
2.351000000000000000e+03 0.000000000000000000e+00 0.000000000000000000e+00 1.257271210984866519e-07
2.352000000000000000e+03 0.000000000000000000e+00 0.000000000000000000e+00 1.258534901233016194e-07
2.353000000000000000e+03 0.000000000000000000e+00 0.000000000000000000e+00 1.259799864720710716e-07
2.354000000000000000e+03 0.000000000000000000e+00 0.000000000000000000e+00 1.261066101447949821e-07
2.355000000000000000e+03 0.000000000000000000e+00 0.000000000000000000e+00 1.262332974794961216e-07
2.356000000000000000e+03 0.000000000000000000e+00 0.000000000000000000e+00 1.263601758001290015e-07
2.357000000000000000e+03 0.000000000000000000e+00 0.000000000000000000e+00 1.264871177827390840e-07
2.358000000000000000e+03 0.000000000000000000e+00 0.000000000000000000e+00 1.266142507512809068e-07
2.359000000000000000e+03 0.000000000000000000e+00 0.000000000000000000e+00 1.267415747057544170e-07
2.360000000000000000e+03 0.000000000000000000e+00 0.000000000000000000e+00 1.268689623222051562e-07
2.361000000000000000e+03 0.000000000000000000e+00 0.000000000000000000e+00 1.269966045865648649e-07
2.362000000000000000e+03 0.000000000000000000e+00 0.000000000000000000e+00 1.271243741748790319e-07
2.363000000000000000e+03 0.000000000000000000e+00 0.000000000000000000e+00 1.272523347491249391e-07
2.364000000000000000e+03 0.000000000000000000e+00 0.000000000000000000e+00 1.273804863093025072e-07
2.365000000000000000e+03 0.000000000000000000e+00 0.000000000000000000e+00 1.275088288554118156e-07
2.366000000000000000e+03 0.000000000000000000e+00 0.000000000000000000e+00 1.276374260494300669e-07
2.367000000000000000e+03 0.000000000000000000e+00 0.000000000000000000e+00 1.277661505674027765e-07
2.368000000000000000e+03 0.000000000000000000e+00 0.000000000000000000e+00 1.278951933952617111e-07
2.369000000000000000e+03 0.000000000000000000e+00 0.000000000000000000e+00 1.280243635470751039e-07
2.370000000000000000e+03 0.000000000000000000e+00 0.000000000000000000e+00 1.281538520087746424e-07
2.371000000000000000e+03 0.000000000000000000e+00 0.000000000000000000e+00 1.282835314564059475e-07
2.372000000000000000e+03 0.000000000000000000e+00 0.000000000000000000e+00 1.284134655519461692e-07
2.373000000000000000e+03 0.000000000000000000e+00 0.000000000000000000e+00 1.285436542953953073e-07
2.374000000000000000e+03 0.000000000000000000e+00 0.000000000000000000e+00 1.286740976867534413e-07
2.375000000000000000e+03 0.000000000000000000e+00 0.000000000000000000e+00 1.288047957260204918e-07
2.376000000000000000e+03 0.000000000000000000e+00 0.000000000000000000e+00 1.289358120751737938e-07
2.377000000000000000e+03 0.000000000000000000e+00 0.000000000000000000e+00 1.290670830722359328e-07
2.378000000000000000e+03 0.000000000000000000e+00 0.000000000000000000e+00 1.291986723791843233e-07
2.379000000000000000e+03 0.000000000000000000e+00 0.000000000000000000e+00 1.293305163340416568e-07
2.380000000000000000e+03 0.000000000000000000e+00 0.000000000000000000e+00 1.294626785987851623e-07
2.381000000000000000e+03 0.000000000000000000e+00 0.000000000000000000e+00 1.295951591734148398e-07
2.382000000000000000e+03 0.000000000000000000e+00 0.000000000000000000e+00 1.297279580579307424e-07
2.383000000000000000e+03 0.000000000000000000e+00 0.000000000000000000e+00 1.298610115903555614e-07
2.384000000000000000e+03 0.000000000000000000e+00 0.000000000000000000e+00 1.299944470946438081e-07
2.385000000000000000e+03 0.000000000000000000e+00 0.000000000000000000e+00 1.301282009088182269e-07
2.386000000000000000e+03 0.000000000000000000e+00 0.000000000000000000e+00 1.302623366948560733e-07
2.387000000000000000e+03 0.000000000000000000e+00 0.000000000000000000e+00 1.303967271288028891e-07
2.388000000000000000e+03 0.000000000000000000e+00 0.000000000000000000e+00 1.305315631965903088e-07
2.389000000000000000e+03 0.000000000000000000e+00 0.000000000000000000e+00 1.306666539122867243e-07
2.390000000000000000e+03 0.000000000000000000e+00 0.000000000000000000e+00 1.308021902618237966e-07
2.391000000000000000e+03 0.000000000000000000e+00 0.000000000000000000e+00 1.309380449212470145e-07
2.392000000000000000e+03 0.000000000000000000e+00 0.000000000000000000e+00 1.310742178905564839e-07
2.393000000000000000e+03 0.000000000000000000e+00 0.000000000000000000e+00 1.312108364937065306e-07
2.394000000000000000e+03 0.000000000000000000e+00 0.000000000000000000e+00 1.313477734067428023e-07
2.395000000000000000e+03 0.000000000000000000e+00 0.000000000000000000e+00 1.314851559536197308e-07
2.396000000000000000e+03 0.000000000000000000e+00 0.000000000000000000e+00 1.316228568103828314e-07
2.397000000000000000e+03 0.000000000000000000e+00 0.000000000000000000e+00 1.317610033009866152e-07
2.398000000000000000e+03 0.000000000000000000e+00 0.000000000000000000e+00 1.318995317634537737e-07
2.399000000000000000e+03 0.000000000000000000e+00 0.000000000000000000e+00 1.320384421977844128e-07
2.400000000000000000e+03 0.000000000000000000e+00 0.000000000000000000e+00 1.321777346039784266e-07
2.401000000000000000e+03 0.000000000000000000e+00 0.000000000000000000e+00 1.323174726440131237e-07
2.402000000000000000e+03 0.000000000000000000e+00 0.000000000000000000e+00 1.324575926559112219e-07
2.403000000000000000e+03 0.000000000000000000e+00 0.000000000000000000e+00 1.325980946396727478e-07
2.404000000000000000e+03 0.000000000000000000e+00 0.000000000000000000e+00 1.327390422572749040e-07
2.405000000000000000e+03 0.000000000000000000e+00 0.000000000000000000e+00 1.328804355087177434e-07
2.406000000000000000e+03 0.000000000000000000e+00 0.000000000000000000e+00 1.330222107320240105e-07
2.407000000000000000e+03 0.000000000000000000e+00 0.000000000000000000e+00 1.331644315891709343e-07
2.408000000000000000e+03 0.000000000000000000e+00 0.000000000000000000e+00 1.333070344181812594e-07
2.409000000000000000e+03 0.000000000000000000e+00 0.000000000000000000e+00 1.334500828810322941e-07
2.410000000000000000e+03 0.000000000000000000e+00 0.000000000000000000e+00 1.335935133157467035e-07
2.411000000000000000e+03 0.000000000000000000e+00 0.000000000000000000e+00 1.337374530462789989e-07
2.412000000000000000e+03 0.000000000000000000e+00 0.000000000000000000e+00 1.338817747486747483e-07
2.413000000000000000e+03 0.000000000000000000e+00 0.000000000000000000e+00 1.340264784229338725e-07
2.414000000000000000e+03 0.000000000000000000e+00 0.000000000000000000e+00 1.341716913930109355e-07
2.415000000000000000e+03 0.000000000000000000e+00 0.000000000000000000e+00 1.343172863349513732e-07
2.416000000000000000e+03 0.000000000000000000e+00 0.000000000000000000e+00 1.344633269107325206e-07
2.417000000000000000e+03 0.000000000000000000e+00 0.000000000000000000e+00 1.346098131203542983e-07
2.418000000000000000e+03 0.000000000000000000e+00 0.000000000000000000e+00 1.347567449638167328e-07
2.419000000000000000e+03 0.000000000000000000e+00 0.000000000000000000e+00 1.349040587791425949e-07
2.420000000000000000e+03 0.000000000000000000e+00 0.000000000000000000e+00 1.350518818902863429e-07
2.421000000000000000e+03 0.000000000000000000e+00 0.000000000000000000e+00 1.352000869732934921e-07
2.422000000000000000e+03 0.000000000000000000e+00 0.000000000000000000e+00 1.353486740281641219e-07
2.423000000000000000e+03 0.000000000000000000e+00 0.000000000000000000e+00 1.354977703788526112e-07
2.424000000000000000e+03 0.000000000000000000e+00 0.000000000000000000e+00 1.356472487014045015e-07
2.425000000000000000e+03 0.000000000000000000e+00 0.000000000000000000e+00 1.357971726577970487e-07
2.426000000000000000e+03 0.000000000000000000e+00 0.000000000000000000e+00 1.359475422480303056e-07
2.427000000000000000e+03 0.000000000000000000e+00 0.000000000000000000e+00 1.360982938101269636e-07
2.428000000000000000e+03 0.000000000000000000e+00 0.000000000000000000e+00 1.362494910060642255e-07
2.429000000000000000e+03 0.000000000000000000e+00 0.000000000000000000e+00 1.364011338358421971e-07
2.430000000000000000e+03 0.000000000000000000e+00 0.000000000000000000e+00 1.365531586374835963e-07
2.431000000000000000e+03 0.000000000000000000e+00 0.000000000000000000e+00 1.367055654109883703e-07
2.432000000000000000e+03 0.000000000000000000e+00 0.000000000000000000e+00 1.368584178183338275e-07
2.433000000000000000e+03 0.000000000000000000e+00 0.000000000000000000e+00 1.370117158595199414e-07
2.434000000000000000e+03 0.000000000000000000e+00 0.000000000000000000e+00 1.371653958725694831e-07
2.435000000000000000e+03 0.000000000000000000e+00 0.000000000000000000e+00 1.373194578574824258e-07
2.436000000000000000e+03 0.000000000000000000e+00 0.000000000000000000e+00 1.374739018142587963e-07
2.437000000000000000e+03 0.000000000000000000e+00 0.000000000000000000e+00 1.376287914048758235e-07
2.438000000000000000e+03 0.000000000000000000e+00 0.000000000000000000e+00 1.377840629673563048e-07
2.439000000000000000e+03 0.000000000000000000e+00 0.000000000000000000e+00 1.379397165017001609e-07
2.440000000000000000e+03 0.000000000000000000e+00 0.000000000000000000e+00 1.380956883459302155e-07
2.441000000000000000e+03 0.000000000000000000e+00 0.000000000000000000e+00 1.382521058240009533e-07
2.442000000000000000e+03 0.000000000000000000e+00 0.000000000000000000e+00 1.384088416119578367e-07
2.443000000000000000e+03 0.000000000000000000e+00 0.000000000000000000e+00 1.385659593717781742e-07
2.444000000000000000e+03 0.000000000000000000e+00 0.000000000000000000e+00 1.387234591034618865e-07
2.445000000000000000e+03 0.000000000000000000e+00 0.000000000000000000e+00 1.388813408070090528e-07
2.446000000000000000e+03 0.000000000000000000e+00 0.000000000000000000e+00 1.390394771584651621e-07
2.447000000000000000e+03 0.000000000000000000e+00 0.000000000000000000e+00 1.391980591437619282e-07
2.448000000000000000e+03 0.000000000000000000e+00 0.000000000000000000e+00 1.393568957769676372e-07
2.449000000000000000e+03 0.000000000000000000e+00 0.000000000000000000e+00 1.395161143820367474e-07
2.450000000000000000e+03 0.000000000000000000e+00 0.000000000000000000e+00 1.396755876350148535e-07
2.451000000000000000e+03 0.000000000000000000e+00 0.000000000000000000e+00 1.398354428598563343e-07
2.452000000000000000e+03 0.000000000000000000e+00 0.000000000000000000e+00 1.399955527326067845e-07
2.453000000000000000e+03 0.000000000000000000e+00 0.000000000000000000e+00 1.401559809152434068e-07
2.454000000000000000e+03 0.000000000000000000e+00 0.000000000000000000e+00 1.403167274077662276e-07
2.455000000000000000e+03 0.000000000000000000e+00 0.000000000000000000e+00 1.404777285481980178e-07
2.456000000000000000e+03 0.000000000000000000e+00 0.000000000000000000e+00 1.406389843365387245e-07
2.457000000000000000e+03 0.000000000000000000e+00 0.000000000000000000e+00 1.408005584347656032e-07
2.458000000000000000e+03 0.000000000000000000e+00 0.000000000000000000e+00 1.409623235189241958e-07
2.459000000000000000e+03 0.000000000000000000e+00 0.000000000000000000e+00 1.411243432509917578e-07
2.460000000000000000e+03 0.000000000000000000e+00 0.000000000000000000e+00 1.412866812929454919e-07
2.461000000000000000e+03 0.000000000000000000e+00 0.000000000000000000e+00 1.414491466588537106e-07
2.462000000000000000e+03 0.000000000000000000e+00 0.000000000000000000e+00 1.416119303346480750e-07
2.463000000000000000e+03 0.000000000000000000e+00 0.000000000000000000e+00 1.417748413343969505e-07
2.464000000000000000e+03 0.000000000000000000e+00 0.000000000000000000e+00 1.419380069820547690e-07
2.465000000000000000e+03 0.000000000000000000e+00 0.000000000000000000e+00 1.421013636156442748e-07
2.466000000000000000e+03 0.000000000000000000e+00 0.000000000000000000e+00 1.422649112351655210e-07
2.467000000000000000e+03 0.000000000000000000e+00 0.000000000000000000e+00 1.424285861786412253e-07
2.468000000000000000e+03 0.000000000000000000e+00 0.000000000000000000e+00 1.425924521080486435e-07
2.469000000000000000e+03 0.000000000000000000e+00 0.000000000000000000e+00 1.427564453614105199e-07
2.470000000000000000e+03 0.000000000000000000e+00 0.000000000000000000e+00 1.429205659387268546e-07
2.471000000000000000e+03 0.000000000000000000e+00 0.000000000000000000e+00 1.430848775019749560e-07
2.472000000000000000e+03 0.000000000000000000e+00 0.000000000000000000e+00 1.432492527272002601e-07
2.473000000000000000e+03 0.000000000000000000e+00 0.000000000000000000e+00 1.434137552763800489e-07
2.474000000000000000e+03 0.000000000000000000e+00 0.000000000000000000e+00 1.435783214875370933e-07
2.475000000000000000e+03 0.000000000000000000e+00 0.000000000000000000e+00 1.437429513606713403e-07
2.476000000000000000e+03 0.000000000000000000e+00 0.000000000000000000e+00 1.439077085577600720e-07
2.477000000000000000e+03 0.000000000000000000e+00 0.000000000000000000e+00 1.440725294168260329e-07
2.478000000000000000e+03 0.000000000000000000e+00 0.000000000000000000e+00 1.442373502758919937e-07
2.479000000000000000e+03 0.000000000000000000e+00 0.000000000000000000e+00 1.444022347969352101e-07
2.480000000000000000e+03 0.000000000000000000e+00 0.000000000000000000e+00 1.445671193179784266e-07
2.481000000000000000e+03 0.000000000000000000e+00 0.000000000000000000e+00 1.447320038390215901e-07
2.482000000000000000e+03 0.000000000000000000e+00 0.000000000000000000e+00 1.448968883600647800e-07
2.483000000000000000e+03 0.000000000000000000e+00 0.000000000000000000e+00 1.450617728811079965e-07
2.484000000000000000e+03 0.000000000000000000e+00 0.000000000000000000e+00 1.452266574021512129e-07
2.485000000000000000e+03 0.000000000000000000e+00 0.000000000000000000e+00 1.453914782612171737e-07
2.486000000000000000e+03 0.000000000000000000e+00 0.000000000000000000e+00 1.455562354583059055e-07
2.487000000000000000e+03 0.000000000000000000e+00 0.000000000000000000e+00 1.457209289934174081e-07
2.488000000000000000e+03 0.000000000000000000e+00 0.000000000000000000e+00 1.458855588665516551e-07
2.489000000000000000e+03 0.000000000000000000e+00 0.000000000000000000e+00 1.460500614157314439e-07
2.490000000000000000e+03 0.000000000000000000e+00 0.000000000000000000e+00 1.462144366409567480e-07
2.491000000000000000e+03 0.000000000000000000e+00 0.000000000000000000e+00 1.463787482042048494e-07
2.492000000000000000e+03 0.000000000000000000e+00 0.000000000000000000e+00 1.465428687815211576e-07
2.493000000000000000e+03 0.000000000000000000e+00 0.000000000000000000e+00 1.467068620348830605e-07
2.494000000000000000e+03 0.000000000000000000e+00 0.000000000000000000e+00 1.468707279642905051e-07
2.495000000000000000e+03 0.000000000000000000e+00 0.000000000000000000e+00 1.470344029077661830e-07
2.496000000000000000e+03 0.000000000000000000e+00 0.000000000000000000e+00 1.471978868653102000e-07
2.497000000000000000e+03 0.000000000000000000e+00 0.000000000000000000e+00 1.473611161749452212e-07
2.498000000000000000e+03 0.000000000000000000e+00 0.000000000000000000e+00 1.475242181606258105e-07
2.499000000000000000e+03 0.000000000000000000e+00 0.000000000000000000e+00 1.476870018364202014e-07
2.500000000000000000e+03 0.000000000000000000e+00 0.000000000000000000e+00 1.478495945262828784e-07
2.501000000000000000e+03 0.000000000000000000e+00 0.000000000000000000e+00 1.480119325682366124e-07
2.502000000000000000e+03 0.000000000000000000e+00 0.000000000000000000e+00 1.481740159622814035e-07
2.503000000000000000e+03 0.000000000000000000e+00 0.000000000000000000e+00 1.483357810464399961e-07
2.504000000000000000e+03 0.000000000000000000e+00 0.000000000000000000e+00 1.484972278207124166e-07
2.505000000000000000e+03 0.000000000000000000e+00 0.000000000000000000e+00 1.486584199470758942e-07
2.506000000000000000e+03 0.000000000000000000e+00 0.000000000000000000e+00 1.488192301015759441e-07
2.507000000000000000e+03 0.000000000000000000e+00 0.000000000000000000e+00 1.489797219461898220e-07
2.508000000000000000e+03 0.000000000000000000e+00 0.000000000000000000e+00 1.491398954809175278e-07
2.509000000000000000e+03 0.000000000000000000e+00 0.000000000000000000e+00 1.492996870437817794e-07
2.510000000000000000e+03 0.000000000000000000e+00 0.000000000000000000e+00 1.494590329728053479e-07
2.511000000000000000e+03 0.000000000000000000e+00 0.000000000000000000e+00 1.496180605919427707e-07
2.512000000000000000e+03 0.000000000000000000e+00 0.000000000000000000e+00 1.497766425772395633e-07
2.513000000000000000e+03 0.000000000000000000e+00 0.000000000000000000e+00 1.499348425906729017e-07
2.514000000000000000e+03 0.000000000000000000e+00 0.000000000000000000e+00 1.500925969702655833e-07
2.515000000000000000e+03 0.000000000000000000e+00 0.000000000000000000e+00 1.502499057160176347e-07
2.516000000000000000e+03 0.000000000000000000e+00 0.000000000000000000e+00 1.504067688279289763e-07
2.517000000000000000e+03 0.000000000000000000e+00 0.000000000000000000e+00 1.505631863059997142e-07
2.518000000000000000e+03 0.000000000000000000e+00 0.000000000000000000e+00 1.507190944882525132e-07
2.519000000000000000e+03 0.000000000000000000e+00 0.000000000000000000e+00 1.508744933746874527e-07
2.520000000000000000e+03 0.000000000000000000e+00 0.000000000000000000e+00 1.510293829653044799e-07
2.521000000000000000e+03 0.000000000000000000e+00 0.000000000000000000e+00 1.511837632601036213e-07
2.522000000000000000e+03 0.000000000000000000e+00 0.000000000000000000e+00 1.513376342590848767e-07
2.523000000000000000e+03 0.000000000000000000e+00 0.000000000000000000e+00 1.514909323002709642e-07
2.524000000000000000e+03 0.000000000000000000e+00 0.000000000000000000e+00 1.516436573836619896e-07
2.525000000000000000e+03 0.000000000000000000e+00 0.000000000000000000e+00 1.517958731712350497e-07
2.526000000000000000e+03 0.000000000000000000e+00 0.000000000000000000e+00 1.519475160010130213e-07
2.527000000000000000e+03 0.000000000000000000e+00 0.000000000000000000e+00 1.520985222110185694e-07
2.528000000000000000e+03 0.000000000000000000e+00 0.000000000000000000e+00 1.522489554632290554e-07
2.529000000000000000e+03 0.000000000000000000e+00 0.000000000000000000e+00 1.523988157576443999e-07
2.530000000000000000e+03 0.000000000000000000e+00 0.000000000000000000e+00 1.525479757703101182e-07
2.531000000000000000e+03 0.000000000000000000e+00 0.000000000000000000e+00 1.526965628251806951e-07
2.532000000000000000e+03 0.000000000000000000e+00 0.000000000000000000e+00 1.528445132602789278e-07
2.533000000000000000e+03 0.000000000000000000e+00 0.000000000000000000e+00 1.529918270756047635e-07
2.534000000000000000e+03 0.000000000000000000e+00 0.000000000000000000e+00 1.531385042711582815e-07
2.535000000000000000e+03 0.000000000000000000e+00 0.000000000000000000e+00 1.532844811849621733e-07
2.536000000000000000e+03 0.000000000000000000e+00 0.000000000000000000e+00 1.534297578170164125e-07
2.537000000000000000e+03 0.000000000000000000e+00 0.000000000000000000e+00 1.535743978292983605e-07
2.538000000000000000e+03 0.000000000000000000e+00 0.000000000000000000e+00 1.537182738978534267e-07
2.539000000000000000e+03 0.000000000000000000e+00 0.000000000000000000e+00 1.538615133466361223e-07
2.540000000000000000e+03 0.000000000000000000e+00 0.000000000000000000e+00 1.540040525136692447e-07
2.541000000000000000e+03 0.000000000000000000e+00 0.000000000000000000e+00 1.541458277369755117e-07
2.542000000000000000e+03 0.000000000000000000e+00 0.000000000000000000e+00 1.542869663405094082e-07
2.543000000000000000e+03 0.000000000000000000e+00 0.000000000000000000e+00 1.544272773383392203e-07
2.544000000000000000e+03 0.000000000000000000e+00 0.000000000000000000e+00 1.545668880544194062e-07
2.545000000000000000e+03 0.000000000000000000e+00 0.000000000000000000e+00 1.547057984887500188e-07
2.546000000000000000e+03 0.000000000000000000e+00 0.000000000000000000e+00 1.548438813173765735e-07
2.547000000000000000e+03 0.000000000000000000e+00 0.000000000000000000e+00 1.549812638642534755e-07
2.548000000000000000e+03 0.000000000000000000e+00 0.000000000000000000e+00 1.551178824674035752e-07
2.549000000000000000e+03 0.000000000000000000e+00 0.000000000000000000e+00 1.552537371268267931e-07
2.550000000000000000e+03 0.000000000000000000e+00 0.000000000000000000e+00 1.553888278425232086e-07
2.551000000000000000e+03 0.000000000000000000e+00 0.000000000000000000e+00 1.555231546144927424e-07
2.552000000000000000e+03 0.000000000000000000e+00 0.000000000000000000e+00 1.556566537807582446e-07
2.553000000000000000e+03 0.000000000000000000e+00 0.000000000000000000e+00 1.557893890032968916e-07
2.554000000000000000e+03 0.000000000000000000e+00 0.000000000000000000e+00 1.559213602821086833e-07
2.555000000000000000e+03 0.000000000000000000e+00 0.000000000000000000e+00 1.560525039552164435e-07
2.556000000000000000e+03 0.000000000000000000e+00 0.000000000000000000e+00 1.561828836845972690e-07
2.557000000000000000e+03 0.000000000000000000e+00 0.000000000000000000e+00 1.563124994702513186e-07
2.558000000000000000e+03 0.000000000000000000e+00 0.000000000000000000e+00 1.564412876502013102e-07
2.559000000000000000e+03 0.000000000000000000e+00 0.000000000000000000e+00 1.565693118864243936e-07
2.560000000000000000e+03 0.000000000000000000e+00 0.000000000000000000e+00 1.566965085169434456e-07
2.561000000000000000e+03 0.000000000000000000e+00 0.000000000000000000e+00 1.568228775417584395e-07
2.562000000000000000e+03 0.000000000000000000e+00 0.000000000000000000e+00 1.569484826228465517e-07
2.563000000000000000e+03 0.000000000000000000e+00 0.000000000000000000e+00 1.570733237602078351e-07
2.564000000000000000e+03 0.000000000000000000e+00 0.000000000000000000e+00 1.571973372918650605e-07
2.565000000000000000e+03 0.000000000000000000e+00 0.000000000000000000e+00 1.573205232178181750e-07
2.566000000000000000e+03 0.000000000000000000e+00 0.000000000000000000e+00 1.574429452000444343e-07
2.567000000000000000e+03 0.000000000000000000e+00 0.000000000000000000e+00 1.575645395765666355e-07
2.568000000000000000e+03 0.000000000000000000e+00 0.000000000000000000e+00 1.576853700093620345e-07
2.569000000000000000e+03 0.000000000000000000e+00 0.000000000000000000e+00 1.578053728364532960e-07
2.570000000000000000e+03 0.000000000000000000e+00 0.000000000000000000e+00 1.579246117198177817e-07
2.571000000000000000e+03 0.000000000000000000e+00 0.000000000000000000e+00 1.580430866594553856e-07
2.572000000000000000e+03 0.000000000000000000e+00 0.000000000000000000e+00 1.581607339933889050e-07
2.573000000000000000e+03 0.000000000000000000e+00 0.000000000000000000e+00 1.582776173835955957e-07
2.574000000000000000e+03 0.000000000000000000e+00 0.000000000000000000e+00 1.583937368300754310e-07
2.575000000000000000e+03 0.000000000000000000e+00 0.000000000000000000e+00 1.585090923328284110e-07
2.576000000000000000e+03 0.000000000000000000e+00 0.000000000000000000e+00 1.586236838918545887e-07
2.577000000000000000e+03 0.000000000000000000e+00 0.000000000000000000e+00 1.587374478451767084e-07
2.578000000000000000e+03 0.000000000000000000e+00 0.000000000000000000e+00 1.588505115167491755e-07
2.579000000000000000e+03 0.000000000000000000e+00 0.000000000000000000e+00 1.589628112445948137e-07
2.580000000000000000e+03 0.000000000000000000e+00 0.000000000000000000e+00 1.590744106906908523e-07
2.581000000000000000e+03 0.000000000000000000e+00 0.000000000000000000e+00 1.591852461930600355e-07
2.582000000000000000e+03 0.000000000000000000e+00 0.000000000000000000e+00 1.592953177517023899e-07
2.583000000000000000e+03 0.000000000000000000e+00 0.000000000000000000e+00 1.594046890285951710e-07
2.584000000000000000e+03 0.000000000000000000e+00 0.000000000000000000e+00 1.595133600237383260e-07
2.585000000000000000e+03 0.000000000000000000e+00 0.000000000000000000e+00 1.596213307371318283e-07
2.586000000000000000e+03 0.000000000000000000e+00 0.000000000000000000e+00 1.597286011687757838e-07
2.587000000000000000e+03 0.000000000000000000e+00 0.000000000000000000e+00 1.598351713186701132e-07
2.588000000000000000e+03 0.000000000000000000e+00 0.000000000000000000e+00 1.599410411868148163e-07
2.589000000000000000e+03 0.000000000000000000e+00 0.000000000000000000e+00 1.600462744351871754e-07
2.590000000000000000e+03 0.000000000000000000e+00 0.000000000000000000e+00 1.601508710637871638e-07
2.591000000000000000e+03 0.000000000000000000e+00 0.000000000000000000e+00 1.602547674106376055e-07
2.592000000000000000e+03 0.000000000000000000e+00 0.000000000000000000e+00 1.603580907996928528e-07
2.593000000000000000e+03 0.000000000000000000e+00 0.000000000000000000e+00 1.604607139069985268e-07
2.594000000000000000e+03 0.000000000000000000e+00 0.000000000000000000e+00 1.605627640565090329e-07
2.595000000000000000e+03 0.000000000000000000e+00 0.000000000000000000e+00 1.606641775862471419e-07
2.596000000000000000e+03 0.000000000000000000e+00 0.000000000000000000e+00 1.607650181581902153e-07
2.597000000000000000e+03 0.000000000000000000e+00 0.000000000000000000e+00 1.608652857723381207e-07
2.598000000000000000e+03 0.000000000000000000e+00 0.000000000000000000e+00 1.609650440906680874e-07
2.599000000000000000e+03 0.000000000000000000e+00 0.000000000000000000e+00 1.610641657892257099e-07
2.600000000000000000e+03 0.000000000000000000e+00 0.000000000000000000e+00 1.611627781919654730e-07
2.601000000000000000e+03 0.000000000000000000e+00 0.000000000000000000e+00 1.612608812988872972e-07
2.602000000000000000e+03 0.000000000000000000e+00 0.000000000000000000e+00 1.613584114480140330e-07
2.603000000000000000e+03 0.000000000000000000e+00 0.000000000000000000e+00 1.614554959633000855e-07
2.604000000000000000e+03 0.000000000000000000e+00 0.000000000000000000e+00 1.615520711827682521e-07
2.605000000000000000e+03 0.000000000000000000e+00 0.000000000000000000e+00 1.616482007683957354e-07
2.606000000000000000e+03 0.000000000000000000e+00 0.000000000000000000e+00 1.617438847201825885e-07
2.607000000000000000e+03 0.000000000000000000e+00 0.000000000000000000e+00 1.618391230381287583e-07
2.608000000000000000e+03 0.000000000000000000e+00 0.000000000000000000e+00 1.619339157222343508e-07
2.609000000000000000e+03 0.000000000000000000e+00 0.000000000000000000e+00 1.620283264344764362e-07
2.610000000000000000e+03 0.000000000000000000e+00 0.000000000000000000e+00 1.621223551748550939e-07
2.611000000000000000e+03 0.000000000000000000e+00 0.000000000000000000e+00 1.622160019433703770e-07
2.612000000000000000e+03 0.000000000000000000e+00 0.000000000000000000e+00 1.623092667400222588e-07
2.613000000000000000e+03 0.000000000000000000e+00 0.000000000000000000e+00 1.624022132267878892e-07
2.614000000000000000e+03 0.000000000000000000e+00 0.000000000000000000e+00 1.624948414036673740e-07
2.615000000000000000e+03 0.000000000000000000e+00 0.000000000000000000e+00 1.625871512706606603e-07
2.616000000000000000e+03 0.000000000000000000e+00 0.000000000000000000e+00 1.626792064897450036e-07
2.617000000000000000e+03 0.000000000000000000e+00 0.000000000000000000e+00 1.627709433989432013e-07
2.618000000000000000e+03 0.000000000000000000e+00 0.000000000000000000e+00 1.628624893222096588e-07
2.619000000000000000e+03 0.000000000000000000e+00 0.000000000000000000e+00 1.629537805975671732e-07
2.620000000000000000e+03 0.000000000000000000e+00 0.000000000000000000e+00 1.630448172250157448e-07
2.621000000000000000e+03 0.000000000000000000e+00 0.000000000000000000e+00 1.631356628665326290e-07
2.622000000000000000e+03 0.000000000000000000e+00 0.000000000000000000e+00 1.632263175221177464e-07
2.623000000000000000e+03 0.000000000000000000e+00 0.000000000000000000e+00 1.633168448537483791e-07
2.624000000000000000e+03 0.000000000000000000e+00 0.000000000000000000e+00 1.634072448614246065e-07
2.625000000000000000e+03 0.000000000000000000e+00 0.000000000000000000e+00 1.634974538831690672e-07
2.626000000000000000e+03 0.000000000000000000e+00 0.000000000000000000e+00 1.635875992429363517e-07
2.627000000000000000e+03 0.000000000000000000e+00 0.000000000000000000e+00 1.636776809407263011e-07
2.628000000000000000e+03 0.000000000000000000e+00 0.000000000000000000e+00 1.637676989765391274e-07
2.629000000000000000e+03 0.000000000000000000e+00 0.000000000000000000e+00 1.638576533503746451e-07
2.630000000000000000e+03 0.000000000000000000e+00 0.000000000000000000e+00 1.639475440622329601e-07
2.631000000000000000e+03 0.000000000000000000e+00 0.000000000000000000e+00 1.640374347740912487e-07
2.632000000000000000e+03 0.000000000000000000e+00 0.000000000000000000e+00 1.641273891479267929e-07
2.633000000000000000e+03 0.000000000000000000e+00 0.000000000000000000e+00 1.642173435217623636e-07
2.634000000000000000e+03 0.000000000000000000e+00 0.000000000000000000e+00 1.643073615575751368e-07
2.635000000000000000e+03 0.000000000000000000e+00 0.000000000000000000e+00 1.643974432553651393e-07
2.636000000000000000e+03 0.000000000000000000e+00 0.000000000000000000e+00 1.644875886151323973e-07
2.637000000000000000e+03 0.000000000000000000e+00 0.000000000000000000e+00 1.645778612988540870e-07
2.638000000000000000e+03 0.000000000000000000e+00 0.000000000000000000e+00 1.646682613065303145e-07
2.639000000000000000e+03 0.000000000000000000e+00 0.000000000000000000e+00 1.647588523001382292e-07
2.640000000000000000e+03 0.000000000000000000e+00 0.000000000000000000e+00 1.648495706177006022e-07
2.641000000000000000e+03 0.000000000000000000e+00 0.000000000000000000e+00 1.649404799211946626e-07
2.642000000000000000e+03 0.000000000000000000e+00 0.000000000000000000e+00 1.650316438725977453e-07
2.643000000000000000e+03 0.000000000000000000e+00 0.000000000000000000e+00 1.651229988099324625e-07
2.644000000000000000e+03 0.000000000000000000e+00 0.000000000000000000e+00 1.652146083951761490e-07
2.645000000000000000e+03 0.000000000000000000e+00 0.000000000000000000e+00 1.653064726283288050e-07
2.646000000000000000e+03 0.000000000000000000e+00 0.000000000000000000e+00 1.653986551713676330e-07
2.647000000000000000e+03 0.000000000000000000e+00 0.000000000000000000e+00 1.654910923623154040e-07
2.648000000000000000e+03 0.000000000000000000e+00 0.000000000000000000e+00 1.655839115251266026e-07
2.649000000000000000e+03 0.000000000000000000e+00 0.000000000000000000e+00 1.656770489978239468e-07
2.650000000000000000e+03 0.000000000000000000e+00 0.000000000000000000e+00 1.657705684423847716e-07
2.651000000000000000e+03 0.000000000000000000e+00 0.000000000000000000e+00 1.658645335207862532e-07
2.652000000000000000e+03 0.000000000000000000e+00 0.000000000000000000e+00 1.659588169090738539e-07
2.653000000000000000e+03 0.000000000000000000e+00 0.000000000000000000e+00 1.660535459312021908e-07
2.654000000000000000e+03 0.000000000000000000e+00 0.000000000000000000e+00 1.661487205871711315e-07
2.655000000000000000e+03 0.000000000000000000e+00 0.000000000000000000e+00 1.662444045389579580e-07
2.656000000000000000e+03 0.000000000000000000e+00 0.000000000000000000e+00 1.663405341245854679e-07
2.657000000000000000e+03 0.000000000000000000e+00 0.000000000000000000e+00 1.664371730060308901e-07
2.658000000000000000e+03 0.000000000000000000e+00 0.000000000000000000e+00 1.665343211832941717e-07
2.659000000000000000e+03 0.000000000000000000e+00 0.000000000000000000e+00 1.666319786563753392e-07
2.660000000000000000e+03 0.000000000000000000e+00 0.000000000000000000e+00 1.667302090872516481e-07
2.661000000000000000e+03 0.000000000000000000e+00 0.000000000000000000e+00 1.668290761379003806e-07
2.662000000000000000e+03 0.000000000000000000e+00 0.000000000000000000e+00 1.669284524843669461e-07
2.663000000000000000e+03 0.000000000000000000e+00 0.000000000000000000e+00 1.670284654506059086e-07
2.664000000000000000e+03 0.000000000000000000e+00 0.000000000000000000e+00 1.671291786985944444e-07
2.665000000000000000e+03 0.000000000000000000e+00 0.000000000000000000e+00 1.672304649043781216e-07
2.666000000000000000e+03 0.000000000000000000e+00 0.000000000000000000e+00 1.673323877299341695e-07
2.667000000000000000e+03 0.000000000000000000e+00 0.000000000000000000e+00 1.674350744992170197e-07
2.668000000000000000e+03 0.000000000000000000e+00 0.000000000000000000e+00 1.675383978882723199e-07
2.669000000000000000e+03 0.000000000000000000e+00 0.000000000000000000e+00 1.676424852210544224e-07
2.670000000000000000e+03 0.000000000000000000e+00 0.000000000000000000e+00 1.677472728355860982e-07
2.671000000000000000e+03 0.000000000000000000e+00 0.000000000000000000e+00 1.678527607318674267e-07
2.672000000000000000e+03 0.000000000000000000e+00 0.000000000000000000e+00 1.679590762338528131e-07
2.673000000000000000e+03 0.000000000000000000e+00 0.000000000000000000e+00 1.680661556795650548e-07
2.674000000000000000e+03 0.000000000000000000e+00 0.000000000000000000e+00 1.681739990690040989e-07
2.675000000000000000e+03 0.000000000000000000e+00 0.000000000000000000e+00 1.682827337261244830e-07
2.676000000000000000e+03 0.000000000000000000e+00 0.000000000000000000e+00 1.683922323269717223e-07
2.677000000000000000e+03 0.000000000000000000e+00 0.000000000000000000e+00 1.685025585335230461e-07
2.678000000000000000e+03 0.000000000000000000e+00 0.000000000000000000e+00 1.686137760077556305e-07
2.679000000000000000e+03 0.000000000000000000e+00 0.000000000000000000e+00 1.687258210876923258e-07
2.680000000000000000e+03 0.000000000000000000e+00 0.000000000000000000e+00 1.688387574353103082e-07
2.681000000000000000e+03 0.000000000000000000e+00 0.000000000000000000e+00 1.689526487125868862e-07
2.682000000000000000e+03 0.000000000000000000e+00 0.000000000000000000e+00 1.690673675955675221e-07
2.683000000000000000e+03 0.000000000000000000e+00 0.000000000000000000e+00 1.691830414082067006e-07
2.684000000000000000e+03 0.000000000000000000e+00 0.000000000000000000e+00 1.692996701505045013e-07
2.685000000000000000e+03 0.000000000000000000e+00 0.000000000000000000e+00 1.694172538224607651e-07
2.686000000000000000e+03 0.000000000000000000e+00 0.000000000000000000e+00 1.695357924240755982e-07
2.687000000000000000e+03 0.000000000000000000e+00 0.000000000000000000e+00 1.696552859553489738e-07
2.688000000000000000e+03 0.000000000000000000e+00 0.000000000000000000e+00 1.697757980782581742e-07
2.689000000000000000e+03 0.000000000000000000e+00 0.000000000000000000e+00 1.698972651308259172e-07
2.690000000000000000e+03 0.000000000000000000e+00 0.000000000000000000e+00 1.700197507750294056e-07
2.691000000000000000e+03 0.000000000000000000e+00 0.000000000000000000e+00 1.701432550108687451e-07
2.692000000000000000e+03 0.000000000000000000e+00 0.000000000000000000e+00 1.702678415003210326e-07
2.693000000000000000e+03 0.000000000000000000e+00 0.000000000000000000e+00 1.703934465814092242e-07
2.694000000000000000e+03 0.000000000000000000e+00 0.000000000000000000e+00 1.705200702541331082e-07
2.695000000000000000e+03 0.000000000000000000e+00 0.000000000000000000e+00 1.706477761804700725e-07
2.696000000000000000e+03 0.000000000000000000e+00 0.000000000000000000e+00 1.707765643604200376e-07
2.697000000000000000e+03 0.000000000000000000e+00 0.000000000000000000e+00 1.709063711320057481e-07
2.698000000000000000e+03 0.000000000000000000e+00 0.000000000000000000e+00 1.710373238191818210e-07
2.699000000000000000e+03 0.000000000000000000e+00 0.000000000000000000e+00 1.711693587599708153e-07
2.700000000000000000e+03 0.000000000000000000e+00 0.000000000000000000e+00 1.713024759543728370e-07
2.701000000000000000e+03 0.000000000000000000e+00 0.000000000000000000e+00 1.714366754023879654e-07
2.702000000000000000e+03 0.000000000000000000e+00 0.000000000000000000e+00 1.715720207659932975e-07
2.703000000000000000e+03 0.000000000000000000e+00 0.000000000000000000e+00 1.717085120451889124e-07
2.704000000000000000e+03 0.000000000000000000e+00 0.000000000000000000e+00 1.718460855779975283e-07
2.705000000000000000e+03 0.000000000000000000e+00 0.000000000000000000e+00 1.719848050263964535e-07
2.706000000000000000e+03 0.000000000000000000e+00 0.000000000000000000e+00 1.721246703903856088e-07
2.707000000000000000e+03 0.000000000000000000e+00 0.000000000000000000e+00 1.722656180079877650e-07
2.708000000000000000e+03 0.000000000000000000e+00 0.000000000000000000e+00 1.724077752031574597e-07
2.709000000000000000e+03 0.000000000000000000e+00 0.000000000000000000e+00 1.725510146519401289e-07
2.710000000000000000e+03 0.000000000000000000e+00 0.000000000000000000e+00 1.726954636782904160e-07
2.711000000000000000e+03 0.000000000000000000e+00 0.000000000000000000e+00 1.728410586202308537e-07
2.712000000000000000e+03 0.000000000000000000e+00 0.000000000000000000e+00 1.729877994777616008e-07
2.713000000000000000e+03 0.000000000000000000e+00 0.000000000000000000e+00 1.731356862508825515e-07
2.714000000000000000e+03 0.000000000000000000e+00 0.000000000000000000e+00 1.732847189395937851e-07
2.715000000000000000e+03 0.000000000000000000e+00 0.000000000000000000e+00 1.734349612058725308e-07
2.716000000000000000e+03 0.000000000000000000e+00 0.000000000000000000e+00 1.735862857257643303e-07
2.717000000000000000e+03 0.000000000000000000e+00 0.000000000000000000e+00 1.737388198232236419e-07
2.718000000000000000e+03 0.000000000000000000e+00 0.000000000000000000e+00 1.738924998362731306e-07
2.719000000000000000e+03 0.000000000000000000e+00 0.000000000000000000e+00 1.740473894268902108e-07
2.720000000000000000e+03 0.000000000000000000e+00 0.000000000000000000e+00 1.742033612711202653e-07
2.721000000000000000e+03 0.000000000000000000e+00 0.000000000000000000e+00 1.743605426929177791e-07
2.722000000000000000e+03 0.000000000000000000e+00 0.000000000000000000e+00 1.745188063683283995e-07
2.723000000000000000e+03 0.000000000000000000e+00 0.000000000000000000e+00 1.746782796213064527e-07
2.724000000000000000e+03 0.000000000000000000e+00 0.000000000000000000e+00 1.748388987898747623e-07
2.725000000000000000e+03 0.000000000000000000e+00 0.000000000000000000e+00 1.750006638740333814e-07
2.726000000000000000e+03 0.000000000000000000e+00 0.000000000000000000e+00 1.751635748737822834e-07
2.727000000000000000e+03 0.000000000000000000e+00 0.000000000000000000e+00 1.753276317891213624e-07
2.728000000000000000e+03 0.000000000000000000e+00 0.000000000000000000e+00 1.754927709580735218e-07
2.729000000000000000e+03 0.000000000000000000e+00 0.000000000000000000e+00 1.756590560426159641e-07
2.730000000000000000e+03 0.000000000000000000e+00 0.000000000000000000e+00 1.758264870427486365e-07
2.731000000000000000e+03 0.000000000000000000e+00 0.000000000000000000e+00 1.759950002964943097e-07
2.732000000000000000e+03 0.000000000000000000e+00 0.000000000000000000e+00 1.761646594658302659e-07
2.733000000000000000e+03 0.000000000000000000e+00 0.000000000000000000e+00 1.763354008887792759e-07
2.734000000000000000e+03 0.000000000000000000e+00 0.000000000000000000e+00 1.765072245653412869e-07
2.735000000000000000e+03 0.000000000000000000e+00 0.000000000000000000e+00 1.766801304955162987e-07
2.736000000000000000e+03 0.000000000000000000e+00 0.000000000000000000e+00 1.768541823412816199e-07
2.737000000000000000e+03 0.000000000000000000e+00 0.000000000000000000e+00 1.770291891167054573e-07
2.738000000000000000e+03 0.000000000000000000e+00 0.000000000000000000e+00 1.772053418077195512e-07
2.739000000000000000e+03 0.000000000000000000e+00 0.000000000000000000e+00 1.773825130903694963e-07
2.740000000000000000e+03 0.000000000000000000e+00 0.000000000000000000e+00 1.775607029646551338e-07
2.741000000000000000e+03 0.000000000000000000e+00 0.000000000000000000e+00 1.777399114305766224e-07
2.742000000000000000e+03 0.000000000000000000e+00 0.000000000000000000e+00 1.779202021501111384e-07
2.743000000000000000e+03 0.000000000000000000e+00 0.000000000000000000e+00 1.781014477993041706e-07
2.744000000000000000e+03 0.000000000000000000e+00 0.000000000000000000e+00 1.782836483781557720e-07
2.745000000000000000e+03 0.000000000000000000e+00 0.000000000000000000e+00 1.784668675486431715e-07
2.746000000000000000e+03 0.000000000000000000e+00 0.000000000000000000e+00 1.786510416487891402e-07
2.747000000000000000e+03 0.000000000000000000e+00 0.000000000000000000e+00 1.788361706785936251e-07
2.748000000000000000e+03 0.000000000000000000e+00 0.000000000000000000e+00 1.790221909760794235e-07
2.749000000000000000e+03 0.000000000000000000e+00 0.000000000000000000e+00 1.792091662032237381e-07
2.750000000000000000e+03 0.000000000000000000e+00 0.000000000000000000e+00 1.793970326980494192e-07
2.751000000000000000e+03 0.000000000000000000e+00 0.000000000000000000e+00 1.795857904605564139e-07
2.752000000000000000e+03 0.000000000000000000e+00 0.000000000000000000e+00 1.797754394907446956e-07
2.753000000000000000e+03 0.000000000000000000e+00 0.000000000000000000e+00 1.799659161266370881e-07
2.754000000000000000e+03 0.000000000000000000e+00 0.000000000000000000e+00 1.801572840302107678e-07
2.755000000000000000e+03 0.000000000000000000e+00 0.000000000000000000e+00 1.803494158775113028e-07
2.756000000000000000e+03 0.000000000000000000e+00 0.000000000000000000e+00 1.805423753305159751e-07
2.757000000000000000e+03 0.000000000000000000e+00 0.000000000000000000e+00 1.807360987272473968e-07
2.758000000000000000e+03 0.000000000000000000e+00 0.000000000000000000e+00 1.809305860677057003e-07
2.759000000000000000e+03 0.000000000000000000e+00 0.000000000000000000e+00 1.811258373518908856e-07
2.760000000000000000e+03 0.000000000000000000e+00 0.000000000000000000e+00 1.813218525798028203e-07
2.761000000000000000e+03 0.000000000000000000e+00 0.000000000000000000e+00 1.815185044274871785e-07
2.762000000000000000e+03 0.000000000000000000e+00 0.000000000000000000e+00 1.817158565569211365e-07
2.763000000000000000e+03 0.000000000000000000e+00 0.000000000000000000e+00 1.819138453061274386e-07
2.764000000000000000e+03 0.000000000000000000e+00 0.000000000000000000e+00 1.821125343370833404e-07
2.765000000000000000e+03 0.000000000000000000e+00 0.000000000000000000e+00 1.823117963258343836e-07
2.766000000000000000e+03 0.000000000000000000e+00 0.000000000000000000e+00 1.825116312723805684e-07
2.767000000000000000e+03 0.000000000000000000e+00 0.000000000000000000e+00 1.827121028386991502e-07
2.768000000000000000e+03 0.000000000000000000e+00 0.000000000000000000e+00 1.829130837008355914e-07
2.769000000000000000e+03 0.000000000000000000e+00 0.000000000000000000e+00 1.831145738587899450e-07
2.770000000000000000e+03 0.000000000000000000e+00 0.000000000000000000e+00 1.833165733125621580e-07
2.771000000000000000e+03 0.000000000000000000e+00 0.000000000000000000e+00 1.835190184001750278e-07
2.772000000000000000e+03 0.000000000000000000e+00 0.000000000000000000e+00 1.837219727836058099e-07
2.773000000000000000e+03 0.000000000000000000e+00 0.000000000000000000e+00 1.839253091389000461e-07
2.774000000000000000e+03 0.000000000000000000e+00 0.000000000000000000e+00 1.841290911280348862e-07
2.775000000000000000e+03 0.000000000000000000e+00 0.000000000000000000e+00 1.843331914270559513e-07
2.776000000000000000e+03 0.000000000000000000e+00 0.000000000000000000e+00 1.845376736979404176e-07
2.777000000000000000e+03 0.000000000000000000e+00 0.000000000000000000e+00 1.847424106167338003e-07
2.778000000000000000e+03 0.000000000000000000e+00 0.000000000000000000e+00 1.849474658454134610e-07
2.779000000000000000e+03 0.000000000000000000e+00 0.000000000000000000e+00 1.851527757220019852e-07
2.780000000000000000e+03 0.000000000000000000e+00 0.000000000000000000e+00 1.853583402464995053e-07
2.781000000000000000e+03 0.000000000000000000e+00 0.000000000000000000e+00 1.855640957569286863e-07
2.782000000000000000e+03 0.000000000000000000e+00 0.000000000000000000e+00 1.857700422532896075e-07
2.783000000000000000e+03 0.000000000000000000e+00 0.000000000000000000e+00 1.859761160736049606e-07
2.784000000000000000e+03 0.000000000000000000e+00 0.000000000000000000e+00 1.861823172178748513e-07
2.785000000000000000e+03 0.000000000000000000e+00 0.000000000000000000e+00 1.863885820241219446e-07
2.786000000000000000e+03 0.000000000000000000e+00 0.000000000000000000e+00 1.865949104923462671e-07
2.787000000000000000e+03 0.000000000000000000e+00 0.000000000000000000e+00 1.868012389605706160e-07
2.788000000000000000e+03 0.000000000000000000e+00 0.000000000000000000e+00 1.870075674287949120e-07
2.789000000000000000e+03 0.000000000000000000e+00 0.000000000000000000e+00 1.872138958970192874e-07
2.790000000000000000e+03 0.000000000000000000e+00 0.000000000000000000e+00 1.874200970412890987e-07
2.791000000000000000e+03 0.000000000000000000e+00 0.000000000000000000e+00 1.876262345235817338e-07
2.792000000000000000e+03 0.000000000000000000e+00 0.000000000000000000e+00 1.878322446819198842e-07
2.793000000000000000e+03 0.000000000000000000e+00 0.000000000000000000e+00 1.880380638543263472e-07
2.794000000000000000e+03 0.000000000000000000e+00 0.000000000000000000e+00 1.882436920408010435e-07
2.795000000000000000e+03 0.000000000000000000e+00 0.000000000000000000e+00 1.884490655793667968e-07
2.796000000000000000e+03 0.000000000000000000e+00 0.000000000000000000e+00 1.886541844700236866e-07
2.797000000000000000e+03 0.000000000000000000e+00 0.000000000000000000e+00 1.888589850507943249e-07
2.798000000000000000e+03 0.000000000000000000e+00 0.000000000000000000e+00 1.890634673216787647e-07
2.799000000000000000e+03 0.000000000000000000e+00 0.000000000000000000e+00 1.892675676206998298e-07
2.800000000000000000e+03 0.000000000000000000e+00 0.000000000000000000e+00 1.894712859478574672e-07
2.801000000000000000e+03 0.000000000000000000e+00 0.000000000000000000e+00 1.896745586411744479e-07
2.802000000000000000e+03 0.000000000000000000e+00 0.000000000000000000e+00 1.898773857006507453e-07
2.803000000000000000e+03 0.000000000000000000e+00 0.000000000000000000e+00 1.900797034643091569e-07
2.804000000000000000e+03 0.000000000000000000e+00 0.000000000000000000e+00 1.902814482701724269e-07
2.805000000000000000e+03 0.000000000000000000e+00 0.000000000000000000e+00 1.904826201182405820e-07
2.806000000000000000e+03 0.000000000000000000e+00 0.000000000000000000e+00 1.906831553465363664e-07
2.807000000000000000e+03 0.000000000000000000e+00 0.000000000000000000e+00 1.908831176170370094e-07
2.808000000000000000e+03 0.000000000000000000e+00 0.000000000000000000e+00 1.910823796057881056e-07
2.809000000000000000e+03 0.000000000000000000e+00 0.000000000000000000e+00 1.912808776508122936e-07
2.810000000000000000e+03 0.000000000000000000e+00 0.000000000000000000e+00 1.914786754140869348e-07
2.811000000000000000e+03 0.000000000000000000e+00 0.000000000000000000e+00 1.916757092336346677e-07
2.812000000000000000e+03 0.000000000000000000e+00 0.000000000000000000e+00 1.918719154474783692e-07
2.813000000000000000e+03 0.000000000000000000e+00 0.000000000000000000e+00 1.920672303936407307e-07
2.814000000000000000e+03 0.000000000000000000e+00 0.000000000000000000e+00 1.922617177340990342e-07
2.815000000000000000e+03 0.000000000000000000e+00 0.000000000000000000e+00 1.924552501448987950e-07
2.816000000000000000e+03 0.000000000000000000e+00 0.000000000000000000e+00 1.926478276260399867e-07
2.817000000000000000e+03 0.000000000000000000e+00 0.000000000000000000e+00 1.928393865155454067e-07
2.818000000000000000e+03 0.000000000000000000e+00 0.000000000000000000e+00 1.930299904753922575e-07
2.819000000000000000e+03 0.000000000000000000e+00 0.000000000000000000e+00 1.932194485196488519e-07
2.820000000000000000e+03 0.000000000000000000e+00 0.000000000000000000e+00 1.934078879722696215e-07
2.821000000000000000e+03 0.000000000000000000e+00 0.000000000000000000e+00 1.935951815093001611e-07
2.822000000000000000e+03 0.000000000000000000e+00 0.000000000000000000e+00 1.937812654687632416e-07
2.823000000000000000e+03 0.000000000000000000e+00 0.000000000000000000e+00 1.939662035126359862e-07
2.824000000000000000e+03 0.000000000000000000e+00 0.000000000000000000e+00 1.941499319789412981e-07
2.825000000000000000e+03 0.000000000000000000e+00 0.000000000000000000e+00 1.943323872057018688e-07
2.826000000000000000e+03 0.000000000000000000e+00 0.000000000000000000e+00 1.945135055309404163e-07
2.827000000000000000e+03 0.000000000000000000e+00 0.000000000000000000e+00 1.946932869546570200e-07
2.828000000000000000e+03 0.000000000000000000e+00 0.000000000000000000e+00 1.948717951388288560e-07
2.829000000000000000e+03 0.000000000000000000e+00 0.000000000000000000e+00 1.950488390975243428e-07
2.830000000000000000e+03 0.000000000000000000e+00 0.000000000000000000e+00 1.952244824927204979e-07
2.831000000000000000e+03 0.000000000000000000e+00 0.000000000000000000e+00 1.953985980004630747e-07
2.832000000000000000e+03 0.000000000000000000e+00 0.000000000000000000e+00 1.955713129447063727e-07
2.833000000000000000e+03 0.000000000000000000e+00 0.000000000000000000e+00 1.957424363395187839e-07
2.834000000000000000e+03 0.000000000000000000e+00 0.000000000000000000e+00 1.959120318468774845e-07
2.835000000000000000e+03 0.000000000000000000e+00 0.000000000000000000e+00 1.960800358048053777e-07
2.836000000000000000e+03 0.000000000000000000e+00 0.000000000000000000e+00 1.962464482133021989e-07
2.837000000000000000e+03 0.000000000000000000e+00 0.000000000000000000e+00 1.964112054103909571e-07
2.838000000000000000e+03 0.000000000000000000e+00 0.000000000000000000e+00 1.965742437340942909e-07
2.839000000000000000e+03 0.000000000000000000e+00 0.000000000000000000e+00 1.967356268463894558e-07
2.840000000000000000e+03 0.000000000000000000e+00 0.000000000000000000e+00 1.968952274233219936e-07
2.841000000000000000e+03 0.000000000000000000e+00 0.000000000000000000e+00 1.970531091268691600e-07
2.842000000000000000e+03 0.000000000000000000e+00 0.000000000000000000e+00 1.972092082950536993e-07
2.843000000000000000e+03 0.000000000000000000e+00 0.000000000000000000e+00 1.973634612658983294e-07
2.844000000000000000e+03 0.000000000000000000e+00 0.000000000000000000e+00 1.975158680394031563e-07
2.845000000000000000e+03 0.000000000000000000e+00 0.000000000000000000e+00 1.976663649535908714e-07
2.846000000000000000e+03 0.000000000000000000e+00 0.000000000000000000e+00 1.978150156704387039e-07
2.847000000000000000e+03 0.000000000000000000e+00 0.000000000000000000e+00 1.979617565279694245e-07
2.848000000000000000e+03 0.000000000000000000e+00 0.000000000000000000e+00 1.981065238642057778e-07
2.849000000000000000e+03 0.000000000000000000e+00 0.000000000000000000e+00 1.982493176791478696e-07
2.850000000000000000e+03 0.000000000000000000e+00 0.000000000000000000e+00 1.983901379727955940e-07
2.851000000000000000e+03 0.000000000000000000e+00 0.000000000000000000e+00 1.985289210831716690e-07
2.852000000000000000e+03 0.000000000000000000e+00 0.000000000000000000e+00 1.986656670102762269e-07
2.853000000000000000e+03 0.000000000000000000e+00 0.000000000000000000e+00 1.988003757541092942e-07
2.854000000000000000e+03 0.000000000000000000e+00 0.000000000000000000e+00 1.989329836526934035e-07
2.855000000000000000e+03 0.000000000000000000e+00 0.000000000000000000e+00 1.990634270440515111e-07
2.856000000000000000e+03 0.000000000000000000e+00 0.000000000000000000e+00 1.991918332521380751e-07
2.857000000000000000e+03 0.000000000000000000e+00 0.000000000000000000e+00 1.993180112910213552e-07
2.858000000000000000e+03 0.000000000000000000e+00 0.000000000000000000e+00 1.994420248226785012e-07
2.859000000000000000e+03 0.000000000000000000e+00 0.000000000000000000e+00 1.995638738471096719e-07
2.860000000000000000e+03 0.000000000000000000e+00 0.000000000000000000e+00 1.996835583643147879e-07
2.861000000000000000e+03 0.000000000000000000e+00 0.000000000000000000e+00 1.998009510503393909e-07
2.862000000000000000e+03 0.000000000000000000e+00 0.000000000000000000e+00 1.999161155671606306e-07
2.863000000000000000e+03 0.000000000000000000e+00 0.000000000000000000e+00 2.000290519147786395e-07
2.864000000000000000e+03 0.000000000000000000e+00 0.000000000000000000e+00 2.001396964312161353e-07
2.865000000000000000e+03 0.000000000000000000e+00 0.000000000000000000e+00 2.002480491164731182e-07
2.866000000000000000e+03 0.000000000000000000e+00 0.000000000000000000e+00 2.003540463085723326e-07
2.867000000000000000e+03 0.000000000000000000e+00 0.000000000000000000e+00 2.004577516694909810e-07
2.868000000000000000e+03 0.000000000000000000e+00 0.000000000000000000e+00 2.005591651992291959e-07
2.869000000000000000e+03 0.000000000000000000e+00 0.000000000000000000e+00 2.006582232358095363e-07
2.870000000000000000e+03 0.000000000000000000e+00 0.000000000000000000e+00 2.007548621172549321e-07
2.871000000000000000e+03 0.000000000000000000e+00 0.000000000000000000e+00 2.008492091675198148e-07
2.872000000000000000e+03 0.000000000000000000e+00 0.000000000000000000e+00 2.009411370626497264e-07
2.873000000000000000e+03 0.000000000000000000e+00 0.000000000000000000e+00 2.010306458026445873e-07
2.874000000000000000e+03 0.000000000000000000e+00 0.000000000000000000e+00 2.011177990494816797e-07
2.875000000000000000e+03 0.000000000000000000e+00 0.000000000000000000e+00 2.012025331411838273e-07
2.876000000000000000e+03 0.000000000000000000e+00 0.000000000000000000e+00 2.012848480777509244e-07
2.877000000000000000e+03 0.000000000000000000e+00 0.000000000000000000e+00 2.013647438591831032e-07
2.878000000000000000e+03 0.000000000000000000e+00 0.000000000000000000e+00 2.014421568235029757e-07
2.879000000000000000e+03 0.000000000000000000e+00 0.000000000000000000e+00 2.015172142946651327e-07
2.880000000000000000e+03 0.000000000000000000e+00 0.000000000000000000e+00 2.015897889487150364e-07
2.881000000000000000e+03 0.000000000000000000e+00 0.000000000000000000e+00 2.016598807856527133e-07
2.882000000000000000e+03 0.000000000000000000e+00 0.000000000000000000e+00 2.017275534674553396e-07
2.883000000000000000e+03 0.000000000000000000e+00 0.000000000000000000e+00 2.017928069941230477e-07
2.884000000000000000e+03 0.000000000000000000e+00 0.000000000000000000e+00 2.018555777036785024e-07
2.885000000000000000e+03 0.000000000000000000e+00 0.000000000000000000e+00 2.019158655961217039e-07
2.886000000000000000e+03 0.000000000000000000e+00 0.000000000000000000e+00 2.019736706714526787e-07
2.887000000000000000e+03 0.000000000000000000e+00 0.000000000000000000e+00 2.020290565916486557e-07
2.888000000000000000e+03 0.000000000000000000e+00 0.000000000000000000e+00 2.020820233567096086e-07
2.889000000000000000e+03 0.000000000000000000e+00 0.000000000000000000e+00 2.021324436426812115e-07
2.890000000000000000e+03 0.000000000000000000e+00 0.000000000000000000e+00 2.021804447735176579e-07
2.891000000000000000e+03 0.000000000000000000e+00 0.000000000000000000e+00 2.022259630872419569e-07
2.892000000000000000e+03 0.000000000000000000e+00 0.000000000000000000e+00 2.022690622458312318e-07
2.893000000000000000e+03 0.000000000000000000e+00 0.000000000000000000e+00 2.023096785873082798e-07
2.894000000000000000e+03 0.000000000000000000e+00 0.000000000000000000e+00 2.023478757736503302e-07
2.895000000000000000e+03 0.000000000000000000e+00 0.000000000000000000e+00 2.023835901428801803e-07
2.896000000000000000e+03 0.000000000000000000e+00 0.000000000000000000e+00 2.024168853569749533e-07
2.897000000000000000e+03 0.000000000000000000e+00 0.000000000000000000e+00 2.024477614159348345e-07
2.898000000000000000e+03 0.000000000000000000e+00 0.000000000000000000e+00 2.024761546577824095e-07
2.899000000000000000e+03 0.000000000000000000e+00 0.000000000000000000e+00 2.025021924064722425e-07
2.900000000000000000e+03 0.000000000000000000e+00 0.000000000000000000e+00 2.025257473380498750e-07
2.901000000000000000e+03 0.000000000000000000e+00 0.000000000000000000e+00 2.025469467764696862e-07
2.902000000000000000e+03 0.000000000000000000e+00 0.000000000000000000e+00 2.025657270597545525e-07
2.903000000000000000e+03 0.000000000000000000e+00 0.000000000000000000e+00 2.025820881879043948e-07
2.904000000000000000e+03 0.000000000000000000e+00 0.000000000000000000e+00 2.025960938228964420e-07
2.905000000000000000e+03 0.000000000000000000e+00 0.000000000000000000e+00 2.026077439647307736e-07
2.906000000000000000e+03 0.000000000000000000e+00 0.000000000000000000e+00 2.026169749514301339e-07
2.907000000000000000e+03 0.000000000000000000e+00 0.000000000000000000e+00 2.026239141069489284e-07
2.908000000000000000e+03 0.000000000000000000e+00 0.000000000000000000e+00 2.026284977693099544e-07
2.909000000000000000e+03 0.000000000000000000e+00 0.000000000000000000e+00 2.026307259385132647e-07
2.910000000000000000e+03 0.000000000000000000e+00 0.000000000000000000e+00 2.026306622765360356e-07
2.911000000000000000e+03 0.000000000000000000e+00 0.000000000000000000e+00 2.026283067833782405e-07
2.912000000000000000e+03 0.000000000000000000e+00 0.000000000000000000e+00 2.026236594590399590e-07
2.913000000000000000e+03 0.000000000000000000e+00 0.000000000000000000e+00 2.026167203035211645e-07
2.914000000000000000e+03 0.000000000000000000e+00 0.000000000000000000e+00 2.026075529787990862e-07
2.915000000000000000e+03 0.000000000000000000e+00 0.000000000000000000e+00 2.025960938228964155e-07
2.916000000000000000e+03 0.000000000000000000e+00 0.000000000000000000e+00 2.025824064977905668e-07
2.917000000000000000e+03 0.000000000000000000e+00 0.000000000000000000e+00 2.025665546654586105e-07
2.918000000000000000e+03 0.000000000000000000e+00 0.000000000000000000e+00 2.025484746639233703e-07
2.919000000000000000e+03 0.000000000000000000e+00 0.000000000000000000e+00 2.025282301551620754e-07
2.920000000000000000e+03 0.000000000000000000e+00 0.000000000000000000e+00 2.025058211391747522e-07
2.921000000000000000e+03 0.000000000000000000e+00 0.000000000000000000e+00 2.024811839539841187e-07
2.922000000000000000e+03 0.000000000000000000e+00 0.000000000000000000e+00 2.024545095855219152e-07
2.923000000000000000e+03 0.000000000000000000e+00 0.000000000000000000e+00 2.024256707098336834e-07
2.924000000000000000e+03 0.000000000000000000e+00 0.000000000000000000e+00 2.023947946508738551e-07
2.925000000000000000e+03 0.000000000000000000e+00 0.000000000000000000e+00 2.023617540846879722e-07
2.926000000000000000e+03 0.000000000000000000e+00 0.000000000000000000e+00 2.023267399972077747e-07
2.927000000000000000e+03 0.000000000000000000e+00 0.000000000000000000e+00 2.022896250644787517e-07
2.928000000000000000e+03 0.000000000000000000e+00 0.000000000000000000e+00 2.022505366104553348e-07
2.929000000000000000e+03 0.000000000000000000e+00 0.000000000000000000e+00 2.022094109731603744e-07
2.930000000000000000e+03 0.000000000000000000e+00 0.000000000000000000e+00 2.021663118145710995e-07
2.931000000000000000e+03 0.000000000000000000e+00 0.000000000000000000e+00 2.021213027966647393e-07
2.932000000000000000e+03 0.000000000000000000e+00 0.000000000000000000e+00 2.020743202574640118e-07
2.933000000000000000e+03 0.000000000000000000e+00 0.000000000000000000e+00 2.020254278589461460e-07
2.934000000000000000e+03 0.000000000000000000e+00 0.000000000000000000e+00 2.019746256011112478e-07
2.935000000000000000e+03 0.000000000000000000e+00 0.000000000000000000e+00 2.019219771459364405e-07
2.936000000000000000e+03 0.000000000000000000e+00 0.000000000000000000e+00 2.018674188314445479e-07
2.937000000000000000e+03 0.000000000000000000e+00 0.000000000000000000e+00 2.018110779815899752e-07
2.938000000000000000e+03 0.000000000000000000e+00 0.000000000000000000e+00 2.017529545963728284e-07
2.939000000000000000e+03 0.000000000000000000e+00 0.000000000000000000e+00 2.016929850138158254e-07
2.940000000000000000e+03 0.000000000000000000e+00 0.000000000000000000e+00 2.016312965578733980e-07
2.941000000000000000e+03 0.000000000000000000e+00 0.000000000000000000e+00 2.015678892285455727e-07
2.942000000000000000e+03 0.000000000000000000e+00 0.000000000000000000e+00 2.015026993638551202e-07
2.943000000000000000e+03 0.000000000000000000e+00 0.000000000000000000e+00 2.014359179497337810e-07
2.944000000000000000e+03 0.000000000000000000e+00 0.000000000000000000e+00 2.013673540002497882e-07
2.945000000000000000e+03 0.000000000000000000e+00 0.000000000000000000e+00 2.012971985013348822e-07
2.946000000000000000e+03 0.000000000000000000e+00 0.000000000000000000e+00 2.012254514529890629e-07
2.947000000000000000e+03 0.000000000000000000e+00 0.000000000000000000e+00 2.011520491932351012e-07
2.948000000000000000e+03 0.000000000000000000e+00 0.000000000000000000e+00 2.010771190460274554e-07
2.949000000000000000e+03 0.000000000000000000e+00 0.000000000000000000e+00 2.010005973493888435e-07
2.950000000000000000e+03 0.000000000000000000e+00 0.000000000000000000e+00 2.009226114272738294e-07
2.951000000000000000e+03 0.000000000000000000e+00 0.000000000000000000e+00 2.008430976177051048e-07
2.952000000000000000e+03 0.000000000000000000e+00 0.000000000000000000e+00 2.007620559206826960e-07
2.953000000000000000e+03 0.000000000000000000e+00 0.000000000000000000e+00 2.006796136601610877e-07
2.954000000000000000e+03 0.000000000000000000e+00 0.000000000000000000e+00 2.005957708361403066e-07
2.955000000000000000e+03 0.000000000000000000e+00 0.000000000000000000e+00 2.005104637866430439e-07
2.956000000000000000e+03 0.000000000000000000e+00 0.000000000000000000e+00 2.004238198356238109e-07
2.957000000000000000e+03 0.000000000000000000e+00 0.000000000000000000e+00 2.003358389830826341e-07
2.958000000000000000e+03 0.000000000000000000e+00 0.000000000000000000e+00 2.002465212290194341e-07
2.959000000000000000e+03 0.000000000000000000e+00 0.000000000000000000e+00 2.001559302354115193e-07
2.960000000000000000e+03 0.000000000000000000e+00 0.000000000000000000e+00 2.000640023402816342e-07
2.961000000000000000e+03 0.000000000000000000e+00 0.000000000000000000e+00 1.999708648675842900e-07
2.962000000000000000e+03 0.000000000000000000e+00 0.000000000000000000e+00 1.998729527465941266e-07
2.963000000000000000e+03 0.000000000000000000e+00 0.000000000000000000e+00 1.997739583719909624e-07
2.964000000000000000e+03 0.000000000000000000e+00 0.000000000000000000e+00 1.996722265323666284e-07
2.965000000000000000e+03 0.000000000000000000e+00 0.000000000000000000e+00 1.995695397630837252e-07
2.966000000000000000e+03 0.000000000000000000e+00 0.000000000000000000e+00 1.994648158105293050e-07
2.967000000000000000e+03 0.000000000000000000e+00 0.000000000000000000e+00 1.993592005902934918e-07
2.968000000000000000e+03 0.000000000000000000e+00 0.000000000000000000e+00 1.992518664966723072e-07
2.969000000000000000e+03 0.000000000000000000e+00 0.000000000000000000e+00 1.991437047973470910e-07
2.970000000000000000e+03 0.000000000000000000e+00 0.000000000000000000e+00 1.990341425345226490e-07
2.971000000000000000e+03 0.000000000000000000e+00 0.000000000000000000e+00 1.989238799899485543e-07
2.972000000000000000e+03 0.000000000000000000e+00 0.000000000000000000e+00 1.988123442058297185e-07
2.973000000000000000e+03 0.000000000000000000e+00 0.000000000000000000e+00 1.987001081399613623e-07
2.974000000000000000e+03 0.000000000000000000e+00 0.000000000000000000e+00 1.985868534824571549e-07
2.975000000000000000e+03 0.000000000000000000e+00 0.000000000000000000e+00 1.984730258671578325e-07
2.976000000000000000e+03 0.000000000000000000e+00 0.000000000000000000e+00 1.983583069841771702e-07
2.977000000000000000e+03 0.000000000000000000e+00 0.000000000000000000e+00 1.982430151434014192e-07
2.978000000000000000e+03 0.000000000000000000e+00 0.000000000000000000e+00 1.981269593588988130e-07
2.979000000000000000e+03 0.000000000000000000e+00 0.000000000000000000e+00 1.980104579405555500e-07
2.980000000000000000e+03 0.000000000000000000e+00 0.000000000000000000e+00 1.978932562404626344e-07
2.981000000000000000e+03 0.000000000000000000e+00 0.000000000000000000e+00 1.977756725685063970e-07
2.982000000000000000e+03 0.000000000000000000e+00 0.000000000000000000e+00 1.976575796007321943e-07
2.983000000000000000e+03 0.000000000000000000e+00 0.000000000000000000e+00 1.975391046610945904e-07
2.984000000000000000e+03 0.000000000000000000e+00 0.000000000000000000e+00 1.974202477495935589e-07
2.985000000000000000e+03 0.000000000000000000e+00 0.000000000000000000e+00 1.973010725282063288e-07
2.986000000000000000e+03 0.000000000000000000e+00 0.000000000000000000e+00 1.971815153349557240e-07
2.987000000000000000e+03 0.000000000000000000e+00 0.000000000000000000e+00 1.970617671557733789e-07
2.988000000000000000e+03 0.000000000000000000e+00 0.000000000000000000e+00 1.969418279906593200e-07
2.989000000000000000e+03 0.000000000000000000e+00 0.000000000000000000e+00 1.968216341776363446e-07
2.990000000000000000e+03 0.000000000000000000e+00 0.000000000000000000e+00 1.967013130406588581e-07
2.991000000000000000e+03 0.000000000000000000e+00 0.000000000000000000e+00 1.965808645797268868e-07
2.992000000000000000e+03 0.000000000000000000e+00 0.000000000000000000e+00 1.964603524568177129e-07
2.993000000000000000e+03 0.000000000000000000e+00 0.000000000000000000e+00 1.963397766719313363e-07
2.994000000000000000e+03 0.000000000000000000e+00 0.000000000000000000e+00 1.962192008870448804e-07
2.995000000000000000e+03 0.000000000000000000e+00 0.000000000000000000e+00 1.960986251021584509e-07
2.996000000000000000e+03 0.000000000000000000e+00 0.000000000000000000e+00 1.959781129792492770e-07
2.997000000000000000e+03 0.000000000000000000e+00 0.000000000000000000e+00 1.958577281802945613e-07
2.998000000000000000e+03 0.000000000000000000e+00 0.000000000000000000e+00 1.957374070433170747e-07
2.999000000000000000e+03 0.000000000000000000e+00 0.000000000000000000e+00 1.956172132302940994e-07
3.000000000000000000e+03 0.000000000000000000e+00 0.000000000000000000e+00 1.954972104032028113e-07
