# All N_ell in µK^2, no ell factors
# from https://github.com/simonsobs/so_noise_models/tree/master/LAT_comp_sep_noise/v3.1.0, using baseline noise for standard ILC
# ell = [10, 8000], the missing noise for TT is replaced by a big value to remove information at that ell
# ell   |   N_ell_TT   |   N_ell_EE
1.000000000000000000e+01 1.000000000000000000e+07 8.428770000000000142e-04
1.100000000000000000e+01 1.000000000000000000e+07 7.480790000000000183e-04
1.200000000000000000e+01 1.000000000000000000e+07 6.725449999999999788e-04
1.300000000000000000e+01 1.000000000000000000e+07 6.111419999999999570e-04
1.400000000000000000e+01 1.000000000000000000e+07 5.603750000000000007e-04
1.500000000000000000e+01 1.000000000000000000e+07 5.177890000000000530e-04
1.600000000000000000e+01 1.000000000000000000e+07 4.816150000000000162e-04
1.700000000000000000e+01 1.000000000000000000e+07 4.505479999999999967e-04
1.800000000000000000e+01 1.000000000000000000e+07 4.236069999999999983e-04
1.900000000000000000e+01 1.000000000000000000e+07 4.000419999999999757e-04
2.000000000000000000e+01 1.000000000000000000e+07 3.792709999999999810e-04
2.100000000000000000e+01 1.000000000000000000e+07 3.608339999999999811e-04
2.200000000000000000e+01 1.000000000000000000e+07 3.443669999999999913e-04
2.300000000000000000e+01 1.000000000000000000e+07 3.295740000000000128e-04
2.400000000000000000e+01 1.000000000000000000e+07 3.162139999999999916e-04
2.500000000000000000e+01 1.000000000000000000e+07 3.040920000000000016e-04
2.600000000000000000e+01 1.000000000000000000e+07 2.930429999999999927e-04
2.700000000000000000e+01 1.000000000000000000e+07 2.829309999999999920e-04
2.800000000000000000e+01 1.000000000000000000e+07 2.736409999999999776e-04
2.900000000000000000e+01 1.000000000000000000e+07 2.650759999999999944e-04
3.000000000000000000e+01 1.000000000000000000e+07 2.571539999999999980e-04
3.100000000000000000e+01 1.000000000000000000e+07 2.498029999999999934e-04
3.200000000000000000e+01 1.000000000000000000e+07 2.429630000000000114e-04
3.300000000000000000e+01 1.000000000000000000e+07 2.365799999999999880e-04
3.400000000000000000e+01 1.000000000000000000e+07 2.306090000000000006e-04
3.500000000000000000e+01 1.000000000000000000e+07 2.250099999999999887e-04
3.600000000000000000e+01 1.000000000000000000e+07 2.197470000000000087e-04
3.700000000000000000e+01 1.000000000000000000e+07 2.147899999999999950e-04
3.800000000000000000e+01 1.000000000000000000e+07 2.101109999999999946e-04
3.900000000000000000e+01 1.000000000000000000e+07 2.056860000000000090e-04
4.000000000000000000e+01 1.023329999999999975e-04 2.014949999999999944e-04
4.100000000000000000e+01 1.023269999999999979e-04 1.975160000000000110e-04
4.200000000000000000e+01 1.023220000000000005e-04 1.937340000000000123e-04
4.300000000000000000e+01 1.023160000000000009e-04 1.901329999999999904e-04
4.400000000000000000e+01 1.023100000000000013e-04 1.867000000000000116e-04
4.500000000000000000e+01 1.023050000000000039e-04 1.834200000000000023e-04
4.600000000000000000e+01 1.022990000000000043e-04 1.802849999999999993e-04
4.700000000000000000e+01 1.022930000000000047e-04 1.772819999999999876e-04
4.800000000000000000e+01 1.022870000000000051e-04 1.744039999999999924e-04
4.900000000000000000e+01 1.022819999999999941e-04 1.716409999999999919e-04
5.000000000000000000e+01 1.022759999999999945e-04 1.689860000000000114e-04
5.100000000000000000e+01 1.022699999999999949e-04 1.664310000000000062e-04
5.200000000000000000e+01 1.022649999999999975e-04 1.639710000000000061e-04
5.300000000000000000e+01 1.022589999999999979e-04 1.615999999999999978e-04
5.400000000000000000e+01 1.022529999999999983e-04 1.593119999999999953e-04
5.500000000000000000e+01 1.022469999999999987e-04 1.571020000000000012e-04
5.600000000000000000e+01 1.022420000000000013e-04 1.549660000000000067e-04
5.700000000000000000e+01 1.022360000000000017e-04 1.528989999999999874e-04
5.800000000000000000e+01 1.022300000000000021e-04 1.508980000000000044e-04
5.900000000000000000e+01 1.022250000000000047e-04 1.489589999999999946e-04
6.000000000000000000e+01 1.022190000000000051e-04 1.470780000000000037e-04
6.100000000000000000e+01 1.022130000000000055e-04 1.452530000000000000e-04
6.200000000000000000e+01 1.022070000000000059e-04 1.434800000000000019e-04
6.300000000000000000e+01 1.022019999999999949e-04 1.417579999999999936e-04
6.400000000000000000e+01 1.021959999999999953e-04 1.400829999999999935e-04
6.500000000000000000e+01 1.021899999999999957e-04 1.384529999999999973e-04
6.600000000000000000e+01 1.021849999999999983e-04 1.368669999999999891e-04
6.700000000000000000e+01 1.021789999999999987e-04 1.353209999999999873e-04
6.800000000000000000e+01 1.021729999999999991e-04 1.338149999999999919e-04
6.900000000000000000e+01 1.021669999999999995e-04 1.323460000000000099e-04
7.000000000000000000e+01 1.021620000000000020e-04 1.309120000000000097e-04
7.100000000000000000e+01 1.021560000000000024e-04 1.295129999999999914e-04
7.200000000000000000e+01 1.021500000000000028e-04 1.281470000000000048e-04
7.300000000000000000e+01 1.021450000000000054e-04 1.268119999999999914e-04
7.400000000000000000e+01 1.021390000000000058e-04 1.255069999999999894e-04
7.500000000000000000e+01 1.021330000000000062e-04 1.242310000000000105e-04
7.600000000000000000e+01 1.021270000000000066e-04 1.229819999999999958e-04
7.700000000000000000e+01 1.021219999999999957e-04 1.217610000000000019e-04
7.800000000000000000e+01 1.021159999999999961e-04 1.205649999999999951e-04
7.900000000000000000e+01 1.020969999999999950e-04 1.193930000000000002e-04
8.000000000000000000e+01 1.020650000000000062e-04 1.182460000000000059e-04
8.100000000000000000e+01 1.020320000000000016e-04 1.171210000000000057e-04
8.200000000000000000e+01 1.019999999999999992e-04 1.160179999999999995e-04
8.300000000000000000e+01 1.019669999999999946e-04 1.149370000000000009e-04
8.400000000000000000e+01 1.019350000000000057e-04 1.138760000000000054e-04
8.500000000000000000e+01 1.019030000000000033e-04 1.128349999999999996e-04
8.600000000000000000e+01 1.018699999999999987e-04 1.118139999999999971e-04
8.700000000000000000e+01 1.018379999999999963e-04 1.108109999999999933e-04
8.800000000000000000e+01 1.018059999999999939e-04 1.098260000000000019e-04
8.900000000000000000e+01 1.017740000000000051e-04 1.088589999999999957e-04
9.000000000000000000e+01 1.017410000000000005e-04 1.079079999999999975e-04
9.100000000000000000e+01 1.017089999999999981e-04 1.069739999999999960e-04
9.200000000000000000e+01 1.016769999999999957e-04 1.060560000000000024e-04
9.300000000000000000e+01 1.016440000000000046e-04 1.051530000000000010e-04
9.400000000000000000e+01 1.016120000000000022e-04 1.042659999999999941e-04
9.500000000000000000e+01 1.015799999999999998e-04 1.033930000000000043e-04
9.600000000000000000e+01 1.015479999999999974e-04 1.025340000000000046e-04
9.700000000000000000e+01 1.015159999999999950e-04 1.016880000000000062e-04
9.800000000000000000e+01 1.014830000000000040e-04 1.008570000000000001e-04
9.900000000000000000e+01 1.014510000000000016e-04 1.000379999999999932e-04
1.000000000000000000e+02 1.014189999999999992e-04 9.923169999999999387e-05
1.010000000000000000e+02 1.013869999999999968e-04 9.843799999999999501e-05
1.020000000000000000e+02 1.013549999999999944e-04 9.765629999999999537e-05
1.030000000000000000e+02 1.013230000000000055e-04 9.688639999999999449e-05
1.040000000000000000e+02 1.012900000000000009e-04 9.612790000000000505e-05
1.050000000000000000e+02 1.012579999999999985e-04 9.538059999999999952e-05
1.060000000000000000e+02 1.012259999999999961e-04 9.464419999999999756e-05
1.070000000000000000e+02 1.011939999999999937e-04 9.391840000000000529e-05
1.080000000000000000e+02 1.011620000000000048e-04 9.320299999999999516e-05
1.090000000000000000e+02 1.011300000000000024e-04 9.249770000000000041e-05
1.100000000000000000e+02 1.010980000000000000e-04 9.180229999999999348e-05
1.110000000000000000e+02 1.010659999999999976e-04 9.111669999999999449e-05
1.120000000000000000e+02 1.010339999999999952e-04 9.044039999999999556e-05
1.130000000000000000e+02 1.010020000000000064e-04 8.977350000000000369e-05
1.140000000000000000e+02 1.009700000000000040e-04 8.911560000000000445e-05
1.150000000000000000e+02 1.009369999999999994e-04 8.846649999999999740e-05
1.160000000000000000e+02 1.009049999999999970e-04 8.782610000000000265e-05
1.170000000000000000e+02 1.008729999999999946e-04 8.719420000000000621e-05
1.180000000000000000e+02 1.008410000000000057e-04 8.657070000000000108e-05
1.190000000000000000e+02 1.031270000000000038e-04 8.595519999999999994e-05
1.200000000000000000e+02 1.078889999999999965e-04 8.534770000000000279e-05
1.210000000000000000e+02 1.128709999999999973e-04 8.474810000000000264e-05
1.220000000000000000e+02 1.180840000000000031e-04 8.415610000000000560e-05
1.230000000000000000e+02 1.235359999999999909e-04 8.357160000000000467e-05
1.240000000000000000e+02 1.292409999999999913e-04 8.299439999999999942e-05
1.250000000000000000e+02 1.352090000000000128e-04 8.242450000000000341e-05
1.260000000000000000e+02 1.414529999999999889e-04 8.186170000000000263e-05
1.270000000000000000e+02 1.479850000000000002e-04 8.130579999999999665e-05
1.280000000000000000e+02 1.548180000000000075e-04 8.075670000000000558e-05
1.290000000000000000e+02 1.619670000000000029e-04 8.021440000000000232e-05
1.300000000000000000e+02 1.694470000000000058e-04 7.967860000000000654e-05
1.310000000000000000e+02 1.772710000000000041e-04 7.914919999999999768e-05
1.320000000000000000e+02 1.854570000000000101e-04 7.862620000000000286e-05
1.330000000000000000e+02 1.940210000000000047e-04 7.810950000000000152e-05
1.340000000000000000e+02 2.029810000000000002e-04 7.759879999999999979e-05
1.350000000000000000e+02 2.123539999999999933e-04 7.709420000000000465e-05
1.360000000000000000e+02 2.221600000000000007e-04 7.659550000000000212e-05
1.370000000000000000e+02 2.324190000000000121e-04 7.610250000000000532e-05
1.380000000000000000e+02 2.431509999999999900e-04 7.561529999999999413e-05
1.390000000000000000e+02 2.543789999999999983e-04 7.513369999999999522e-05
1.400000000000000000e+02 2.661259999999999928e-04 7.465769999999999503e-05
1.410000000000000000e+02 2.784150000000000101e-04 7.418710000000000668e-05
1.420000000000000000e+02 2.912720000000000261e-04 7.372179999999999608e-05
1.430000000000000000e+02 3.047220000000000007e-04 7.326180000000000387e-05
1.440000000000000000e+02 3.187929999999999952e-04 7.280690000000000252e-05
1.450000000000000000e+02 3.335149999999999942e-04 7.235719999999999901e-05
1.460000000000000000e+02 3.489160000000000048e-04 7.191239999999999948e-05
1.470000000000000000e+02 3.650279999999999888e-04 7.147259999999999735e-05
1.480000000000000000e+02 3.818839999999999778e-04 7.103769999999999920e-05
1.490000000000000000e+02 3.995180000000000194e-04 7.060759999999999801e-05
1.500000000000000000e+02 4.179669999999999913e-04 7.018209999999999336e-05
1.510000000000000000e+02 4.372679999999999883e-04 6.976139999999999924e-05
1.520000000000000000e+02 4.574599999999999739e-04 6.934519999999999465e-05
1.530000000000000000e+02 4.785839999999999973e-04 6.893350000000000670e-05
1.540000000000000000e+02 5.006840000000000465e-04 6.852620000000000130e-05
1.550000000000000000e+02 5.238050000000000171e-04 6.812330000000000555e-05
1.560000000000000000e+02 5.479929999999999827e-04 6.772469999999999890e-05
1.570000000000000000e+02 5.732979999999999717e-04 6.733039999999999490e-05
1.580000000000000000e+02 5.997710000000000281e-04 6.694030000000000011e-05
1.590000000000000000e+02 5.993139999999999882e-04 6.655429999999999398e-05
1.600000000000000000e+02 5.719870000000000379e-04 6.617229999999999662e-05
1.610000000000000000e+02 5.459059999999999737e-04 6.579440000000000147e-05
1.620000000000000000e+02 5.210139999999999823e-04 6.542039999999999455e-05
1.630000000000000000e+02 4.972569999999999725e-04 6.505030000000000296e-05
1.640000000000000000e+02 4.745829999999999927e-04 6.468409999999999958e-05
1.650000000000000000e+02 4.529439999999999920e-04 6.432159999999999755e-05
1.660000000000000000e+02 4.322910000000000121e-04 6.396290000000000385e-05
1.670000000000000000e+02 4.125789999999999948e-04 6.360789999999999793e-05
1.680000000000000000e+02 3.937669999999999994e-04 6.325649999999999990e-05
1.690000000000000000e+02 3.758119999999999994e-04 6.290869999999999622e-05
1.700000000000000000e+02 3.586759999999999927e-04 6.256439999999999343e-05
1.710000000000000000e+02 3.423219999999999930e-04 6.222360000000000510e-05
1.720000000000000000e+02 3.267130000000000143e-04 6.188630000000000411e-05
1.730000000000000000e+02 3.118150000000000088e-04 6.155230000000000358e-05
1.740000000000000000e+02 2.975969999999999766e-04 6.122169999999999696e-05
1.750000000000000000e+02 2.840280000000000257e-04 6.089439999999999756e-05
1.760000000000000000e+02 2.710769999999999933e-04 6.057029999999999841e-05
1.770000000000000000e+02 2.587169999999999965e-04 6.024949999999999972e-05
1.780000000000000000e+02 2.469199999999999737e-04 5.993180000000000105e-05
1.790000000000000000e+02 2.356609999999999922e-04 5.961720000000000241e-05
1.800000000000000000e+02 2.249150000000000107e-04 5.930569999999999700e-05
1.810000000000000000e+02 2.146600000000000081e-04 5.899729999999999840e-05
1.820000000000000000e+02 2.048720000000000131e-04 5.869189999999999959e-05
1.830000000000000000e+02 1.955299999999999931e-04 5.838940000000000037e-05
1.840000000000000000e+02 1.866150000000000014e-04 5.808980000000000073e-05
1.850000000000000000e+02 1.781060000000000054e-04 5.779310000000000068e-05
1.860000000000000000e+02 1.699840000000000042e-04 5.749930000000000020e-05
1.870000000000000000e+02 1.622340000000000056e-04 5.720829999999999909e-05
1.880000000000000000e+02 1.548359999999999927e-04 5.691999999999999713e-05
1.890000000000000000e+02 1.477759999999999892e-04 5.663450000000000130e-05
1.900000000000000000e+02 1.410379999999999869e-04 5.635159999999999762e-05
1.910000000000000000e+02 1.346069999999999938e-04 5.607150000000000008e-05
1.920000000000000000e+02 1.284690000000000061e-04 5.579390000000000125e-05
1.930000000000000000e+02 1.226110000000000090e-04 5.551890000000000134e-05
1.940000000000000000e+02 1.170210000000000033e-04 5.524650000000000036e-05
1.950000000000000000e+02 1.116849999999999988e-04 5.497659999999999808e-05
1.960000000000000000e+02 1.065919999999999986e-04 5.470920000000000129e-05
1.970000000000000000e+02 1.017319999999999943e-04 5.444430000000000320e-05
1.980000000000000000e+02 9.709329999999999415e-05 5.418170000000000337e-05
1.990000000000000000e+02 9.634339999999999647e-05 5.392160000000000225e-05
2.000000000000000000e+02 9.939309999999999541e-05 5.366379999999999940e-05
2.010000000000000000e+02 1.025390000000000020e-04 5.340840000000000181e-05
2.020000000000000000e+02 1.057850000000000045e-04 5.315520000000000227e-05
2.030000000000000000e+02 1.091340000000000024e-04 5.290430000000000100e-05
2.040000000000000000e+02 1.125880000000000001e-04 5.265569999999999799e-05
2.050000000000000000e+02 1.161519999999999952e-04 5.240929999999999981e-05
2.060000000000000000e+02 1.198289999999999940e-04 5.216499999999999946e-05
2.070000000000000000e+02 1.236219999999999897e-04 5.192289999999999715e-05
2.080000000000000000e+02 1.275349999999999910e-04 5.168299999999999967e-05
2.090000000000000000e+02 1.315719999999999932e-04 5.144509999999999979e-05
2.100000000000000000e+02 1.357370000000000050e-04 5.120929999999999775e-05
2.110000000000000000e+02 1.400340000000000081e-04 5.097560000000000031e-05
2.120000000000000000e+02 1.444659999999999955e-04 5.074390000000000047e-05
2.130000000000000000e+02 1.490390000000000074e-04 5.051419999999999825e-05
2.140000000000000000e+02 1.537569999999999985e-04 5.028640000000000020e-05
2.150000000000000000e+02 1.586240000000000046e-04 5.006059999999999975e-05
2.160000000000000000e+02 1.636449999999999960e-04 4.983679999999999691e-05
2.170000000000000000e+02 1.688249999999999972e-04 4.961479999999999802e-05
2.180000000000000000e+02 1.741690000000000057e-04 4.939470000000000330e-05
2.190000000000000000e+02 1.796819999999999917e-04 4.917649999999999918e-05
2.200000000000000000e+02 1.853699999999999955e-04 4.896009999999999902e-05
2.210000000000000000e+02 1.912379999999999874e-04 4.874550000000000280e-05
2.220000000000000000e+02 1.972909999999999920e-04 4.853269999999999698e-05
2.230000000000000000e+02 2.035360000000000110e-04 4.832160000000000166e-05
2.240000000000000000e+02 2.099790000000000033e-04 4.811229999999999674e-05
2.250000000000000000e+02 2.166260000000000093e-04 4.790470000000000231e-05
2.260000000000000000e+02 2.234829999999999879e-04 4.769879999999999807e-05
2.270000000000000000e+02 2.305569999999999950e-04 4.749469999999999777e-05
2.280000000000000000e+02 2.378550000000000054e-04 4.729210000000000076e-05
2.290000000000000000e+02 2.453849999999999825e-04 4.709120000000000070e-05
2.300000000000000000e+02 2.531519999999999777e-04 4.689199999999999759e-05
2.310000000000000000e+02 2.611649999999999974e-04 4.669429999999999778e-05
2.320000000000000000e+02 2.694320000000000048e-04 4.649820000000000147e-05
2.330000000000000000e+02 2.779610000000000175e-04 4.630370000000000189e-05
2.340000000000000000e+02 2.867599999999999988e-04 4.611079999999999904e-05
2.350000000000000000e+02 2.958370000000000205e-04 4.591939999999999949e-05
2.360000000000000000e+02 3.052010000000000074e-04 4.572940000000000300e-05
2.370000000000000000e+02 3.148620000000000086e-04 4.554100000000000324e-05
2.380000000000000000e+02 3.248290000000000032e-04 4.535410000000000000e-05
2.390000000000000000e+02 3.193149999999999743e-04 4.516859999999999983e-05
2.400000000000000000e+02 2.990979999999999746e-04 4.498460000000000295e-05
2.410000000000000000e+02 2.801610000000000168e-04 4.480200000000000236e-05
2.420000000000000000e+02 2.624230000000000182e-04 4.462079999999999806e-05
2.430000000000000000e+02 2.458079999999999749e-04 4.444109999999999706e-05
2.440000000000000000e+02 2.302449999999999885e-04 4.426269999999999890e-05
2.450000000000000000e+02 2.156670000000000071e-04 4.408569999999999704e-05
2.460000000000000000e+02 2.020129999999999918e-04 4.390999999999999802e-05
2.470000000000000000e+02 1.892220000000000121e-04 4.373570000000000208e-05
2.480000000000000000e+02 1.772420000000000083e-04 4.356260000000000199e-05
2.490000000000000000e+02 1.660200000000000130e-04 4.339099999999999842e-05
2.500000000000000000e+02 1.555089999999999912e-04 4.322049999999999726e-05
2.510000000000000000e+02 1.456630000000000045e-04 4.305139999999999916e-05
2.520000000000000000e+02 1.364410000000000037e-04 4.288359999999999714e-05
2.530000000000000000e+02 1.278019999999999937e-04 4.271699999999999776e-05
2.540000000000000000e+02 1.197110000000000063e-04 4.255160000000000100e-05
2.550000000000000000e+02 1.121310000000000010e-04 4.238750000000000032e-05
2.560000000000000000e+02 1.050320000000000068e-04 4.222460000000000227e-05
2.570000000000000000e+02 9.838179999999999376e-05 4.206290000000000007e-05
2.580000000000000000e+02 9.215290000000000330e-05 4.190240000000000051e-05
2.590000000000000000e+02 8.631839999999999674e-05 4.174300000000000336e-05
2.600000000000000000e+02 8.085330000000000056e-05 4.158480000000000206e-05
2.610000000000000000e+02 7.573420000000000412e-05 4.142779999999999662e-05
2.620000000000000000e+02 7.093919999999999328e-05 4.127190000000000036e-05
2.630000000000000000e+02 6.644779999999999762e-05 4.111719999999999996e-05
2.640000000000000000e+02 6.224069999999999516e-05 4.096350000000000176e-05
2.650000000000000000e+02 5.830000000000000086e-05 4.081099999999999940e-05
2.660000000000000000e+02 5.460879999999999798e-05 4.065959999999999946e-05
2.670000000000000000e+02 5.115139999999999954e-05 4.050920000000000172e-05
2.680000000000000000e+02 4.791279999999999975e-05 4.035999999999999983e-05
2.690000000000000000e+02 4.487930000000000245e-05 4.021180000000000013e-05
2.700000000000000000e+02 4.203779999999999925e-05 4.006460000000000262e-05
2.710000000000000000e+02 3.937619999999999749e-05 3.991850000000000075e-05
2.720000000000000000e+02 3.688319999999999950e-05 3.977340000000000107e-05
2.730000000000000000e+02 3.454800000000000194e-05 3.962929999999999681e-05
2.740000000000000000e+02 3.236060000000000320e-05 3.948630000000000174e-05
2.750000000000000000e+02 3.031169999999999983e-05 3.934420000000000186e-05
2.760000000000000000e+02 2.839259999999999985e-05 3.920319999999999762e-05
2.770000000000000000e+02 2.659499999999999863e-05 3.906310000000000213e-05
2.780000000000000000e+02 2.491109999999999939e-05 3.892400000000000205e-05
2.790000000000000000e+02 2.481150000000000122e-05 3.878579999999999718e-05
2.800000000000000000e+02 2.627699999999999931e-05 3.864870000000000149e-05
2.810000000000000000e+02 2.782910000000000093e-05 3.851240000000000078e-05
2.820000000000000000e+02 2.947280000000000012e-05 3.837710000000000226e-05
2.830000000000000000e+02 3.121370000000000237e-05 3.824269999999999894e-05
2.840000000000000000e+02 3.305729999999999942e-05 3.810929999999999781e-05
2.850000000000000000e+02 3.500989999999999831e-05 3.797669999999999844e-05
2.860000000000000000e+02 3.707779999999999930e-05 3.784500000000000104e-05
2.870000000000000000e+02 3.926789999999999719e-05 3.771429999999999905e-05
2.880000000000000000e+02 4.158730000000000076e-05 3.758439999999999882e-05
2.890000000000000000e+02 4.404369999999999981e-05 3.745540000000000056e-05
2.900000000000000000e+02 4.664519999999999853e-05 3.732729999999999750e-05
2.910000000000000000e+02 4.940030000000000202e-05 3.720000000000000298e-05
2.920000000000000000e+02 5.231820000000000334e-05 3.707349999999999665e-05
2.930000000000000000e+02 5.540850000000000321e-05 3.694799999999999929e-05
2.940000000000000000e+02 5.868120000000000324e-05 3.682319999999999669e-05
2.950000000000000000e+02 6.214729999999999365e-05 3.669930000000000284e-05
2.960000000000000000e+02 6.581810000000000601e-05 3.657619999999999719e-05
2.970000000000000000e+02 6.970570000000000585e-05 3.645390000000000007e-05
2.980000000000000000e+02 7.382300000000000114e-05 3.633239999999999793e-05
2.990000000000000000e+02 7.818339999999999416e-05 3.621169999999999755e-05
3.000000000000000000e+02 8.280139999999999636e-05 3.609179999999999892e-05
3.010000000000000000e+02 8.769220000000000042e-05 3.597270000000000204e-05
3.020000000000000000e+02 9.287189999999999421e-05 3.585440000000000014e-05
3.030000000000000000e+02 9.835750000000000146e-05 3.573679999999999977e-05
3.040000000000000000e+02 1.041669999999999939e-04 3.562000000000000116e-05
3.050000000000000000e+02 1.103200000000000009e-04 3.550389999999999731e-05
3.060000000000000000e+02 1.168360000000000042e-04 3.538860000000000199e-05
3.070000000000000000e+02 1.237370000000000115e-04 3.527410000000000164e-05
3.080000000000000000e+02 1.310460000000000054e-04 3.516030000000000284e-05
3.090000000000000000e+02 1.387860000000000092e-04 3.504719999999999879e-05
3.100000000000000000e+02 1.469839999999999873e-04 3.493480000000000305e-05
3.110000000000000000e+02 1.556650000000000080e-04 3.482310000000000207e-05
3.120000000000000000e+02 1.648599999999999903e-04 3.471220000000000284e-05
3.130000000000000000e+02 1.745980000000000112e-04 3.460189999999999815e-05
3.140000000000000000e+02 1.849110000000000055e-04 3.449240000000000200e-05
3.150000000000000000e+02 1.958329999999999934e-04 3.438350000000000038e-05
3.160000000000000000e+02 2.073999999999999997e-04 3.427540000000000052e-05
3.170000000000000000e+02 2.196499999999999993e-04 3.416790000000000197e-05
3.180000000000000000e+02 2.326239999999999873e-04 3.406109999999999818e-05
3.190000000000000000e+02 2.374020000000000015e-04 3.395490000000000248e-05
3.200000000000000000e+02 2.334659999999999904e-04 3.384940000000000155e-05
3.210000000000000000e+02 2.295949999999999998e-04 3.374460000000000214e-05
3.220000000000000000e+02 2.257879999999999870e-04 3.364039999999999728e-05
3.230000000000000000e+02 2.220439999999999903e-04 3.353690000000000073e-05
3.240000000000000000e+02 2.183630000000000098e-04 3.343399999999999871e-05
3.250000000000000000e+02 2.147419999999999982e-04 3.333179999999999824e-05
3.260000000000000000e+02 2.111810000000000098e-04 3.323019999999999907e-05
3.270000000000000000e+02 2.076799999999999903e-04 3.312910000000000101e-05
3.280000000000000000e+02 2.042360000000000009e-04 3.302879999999999792e-05
3.290000000000000000e+02 2.008500000000000031e-04 3.292900000000000270e-05
3.300000000000000000e+02 1.975199999999999927e-04 3.282980000000000203e-05
3.310000000000000000e+02 1.942450000000000079e-04 3.273130000000000288e-05
3.320000000000000000e+02 1.910240000000000061e-04 3.263329999999999806e-05
3.330000000000000000e+02 1.878569999999999871e-04 3.253600000000000155e-05
3.340000000000000000e+02 1.847420000000000008e-04 3.243919999999999936e-05
3.350000000000000000e+02 1.816780000000000044e-04 3.234299999999999849e-05
3.360000000000000000e+02 1.786659999999999865e-04 3.224739999999999893e-05
3.370000000000000000e+02 1.757039999999999969e-04 3.215230000000000046e-05
3.380000000000000000e+02 1.727900000000000041e-04 3.205789999999999676e-05
3.390000000000000000e+02 1.699249999999999968e-04 3.196400000000000093e-05
3.400000000000000000e+02 1.671080000000000135e-04 3.187059999999999942e-05
3.410000000000000000e+02 1.643369999999999955e-04 3.177779999999999922e-05
3.420000000000000000e+02 1.616119999999999970e-04 3.168560000000000034e-05
3.430000000000000000e+02 1.589329999999999909e-04 3.159390000000000256e-05
3.440000000000000000e+02 1.562970000000000114e-04 3.150269999999999910e-05
3.450000000000000000e+02 1.537060000000000086e-04 3.141209999999999695e-05
3.460000000000000000e+02 1.511569999999999895e-04 3.132200000000000267e-05
3.470000000000000000e+02 1.486509999999999969e-04 3.123250000000000294e-05
3.480000000000000000e+02 1.461859999999999993e-04 3.114349999999999752e-05
3.490000000000000000e+02 1.437619999999999968e-04 3.105499999999999998e-05
3.500000000000000000e+02 1.413780000000000006e-04 3.096699999999999675e-05
3.510000000000000000e+02 1.390340000000000109e-04 3.087950000000000140e-05
3.520000000000000000e+02 1.367290000000000118e-04 3.079250000000000037e-05
3.530000000000000000e+02 1.344619999999999876e-04 3.070610000000000066e-05
3.540000000000000000e+02 1.322320000000000038e-04 3.062010000000000182e-05
3.550000000000000000e+02 1.300399999999999950e-04 3.053459999999999730e-05
3.560000000000000000e+02 1.278840000000000109e-04 3.044970000000000088e-05
3.570000000000000000e+02 1.257630000000000087e-04 3.036519999999999855e-05
3.580000000000000000e+02 1.236780000000000041e-04 3.028120000000000071e-05
3.590000000000000000e+02 1.227400000000000073e-04 3.019770000000000058e-05
3.600000000000000000e+02 1.229229999999999884e-04 3.011460000000000132e-05
3.610000000000000000e+02 1.231070000000000124e-04 3.003210000000000000e-05
3.620000000000000000e+02 1.232899999999999936e-04 2.994999999999999954e-05
3.630000000000000000e+02 1.234739999999999904e-04 2.986829999999999997e-05
3.640000000000000000e+02 1.236590000000000031e-04 2.978719999999999833e-05
3.650000000000000000e+02 1.238430000000000000e-04 2.970640000000000073e-05
3.660000000000000000e+02 1.240280000000000126e-04 2.962620000000000105e-05
3.670000000000000000e+02 1.242129999999999981e-04 2.954639999999999887e-05
3.680000000000000000e+02 1.243980000000000107e-04 2.946700000000000095e-05
3.690000000000000000e+02 1.245840000000000120e-04 2.938810000000000074e-05
3.700000000000000000e+02 1.247700000000000133e-04 2.930970000000000163e-05
3.710000000000000000e+02 1.249559999999999874e-04 2.923159999999999978e-05
3.720000000000000000e+02 1.251430000000000045e-04 2.915409999999999925e-05
3.730000000000000000e+02 1.253290000000000057e-04 2.907689999999999938e-05
3.740000000000000000e+02 1.255159999999999956e-04 2.900020000000000061e-05
3.750000000000000000e+02 1.257040000000000013e-04 2.892389999999999932e-05
3.760000000000000000e+02 1.258909999999999912e-04 2.884799999999999891e-05
3.770000000000000000e+02 1.260789999999999968e-04 2.877249999999999938e-05
3.780000000000000000e+02 1.262670000000000025e-04 2.869750000000000095e-05
3.790000000000000000e+02 1.264559999999999968e-04 2.862279999999999978e-05
3.800000000000000000e+02 1.266449999999999911e-04 2.854859999999999971e-05
3.810000000000000000e+02 1.268340000000000125e-04 2.847480000000000052e-05
3.820000000000000000e+02 1.270230000000000068e-04 2.840139999999999882e-05
3.830000000000000000e+02 1.272129999999999897e-04 2.832840000000000138e-05
3.840000000000000000e+02 1.274020000000000111e-04 2.825570000000000121e-05
3.850000000000000000e+02 1.275930000000000098e-04 2.818349999999999875e-05
3.860000000000000000e+02 1.277829999999999927e-04 2.811170000000000056e-05
3.870000000000000000e+02 1.279739999999999914e-04 2.804019999999999964e-05
3.880000000000000000e+02 1.281649999999999901e-04 2.796919999999999981e-05
3.890000000000000000e+02 1.283559999999999888e-04 2.789850000000000064e-05
3.900000000000000000e+02 1.285469999999999874e-04 2.782819999999999895e-05
3.910000000000000000e+02 1.287390000000000019e-04 2.775830000000000154e-05
3.920000000000000000e+02 1.289309999999999892e-04 2.768880000000000161e-05
3.930000000000000000e+02 1.291239999999999923e-04 2.761959999999999895e-05
3.940000000000000000e+02 1.293169999999999953e-04 2.755080000000000056e-05
3.950000000000000000e+02 1.295099999999999984e-04 2.748239999999999966e-05
3.960000000000000000e+02 1.297030000000000015e-04 2.741429999999999941e-05
3.970000000000000000e+02 1.298960000000000045e-04 2.734660000000000004e-05
3.980000000000000000e+02 1.300899999999999962e-04 2.727930000000000155e-05
3.990000000000000000e+02 1.291809999999999953e-04 2.721230000000000033e-05
4.000000000000000000e+02 1.271900000000000070e-04 2.714559999999999976e-05
4.010000000000000000e+02 1.252310000000000077e-04 2.707940000000000030e-05
4.020000000000000000e+02 1.233010000000000041e-04 2.701340000000000127e-05
4.030000000000000000e+02 1.214020000000000008e-04 2.694779999999999973e-05
4.040000000000000000e+02 1.195310000000000047e-04 2.688259999999999906e-05
4.050000000000000000e+02 1.176900000000000065e-04 2.681769999999999906e-05
4.060000000000000000e+02 1.158759999999999998e-04 2.675309999999999971e-05
4.070000000000000000e+02 1.140910000000000025e-04 2.668890000000000124e-05
4.080000000000000000e+02 1.123329999999999967e-04 2.662500000000000004e-05
4.090000000000000000e+02 1.106019999999999958e-04 2.656149999999999972e-05
4.100000000000000000e+02 1.088979999999999999e-04 2.649819999999999983e-05
4.110000000000000000e+02 1.072209999999999955e-04 2.643530000000000082e-05
4.120000000000000000e+02 1.055690000000000052e-04 2.637269999999999908e-05
4.130000000000000000e+02 1.039420000000000019e-04 2.631050000000000161e-05
4.140000000000000000e+02 1.023410000000000015e-04 2.624860000000000141e-05
4.150000000000000000e+02 1.007639999999999995e-04 2.618690000000000164e-05
4.160000000000000000e+02 9.921150000000000379e-05 2.612559999999999937e-05
4.170000000000000000e+02 9.768300000000000648e-05 2.606470000000000135e-05
4.180000000000000000e+02 9.617799999999999971e-05 2.600400000000000039e-05
4.190000000000000000e+02 9.469620000000000316e-05 2.594360000000000009e-05
4.200000000000000000e+02 9.323720000000000239e-05 2.588360000000000067e-05
4.210000000000000000e+02 9.180070000000000352e-05 2.582380000000000168e-05
4.220000000000000000e+02 9.038630000000000568e-05 2.576440000000000018e-05
4.230000000000000000e+02 8.899370000000000143e-05 2.570519999999999912e-05
4.240000000000000000e+02 8.762259999999999689e-05 2.564639999999999894e-05
4.250000000000000000e+02 8.627260000000000473e-05 2.558779999999999920e-05
4.260000000000000000e+02 8.494340000000000397e-05 2.552960000000000033e-05
4.270000000000000000e+02 8.363470000000000073e-05 2.547159999999999851e-05
4.280000000000000000e+02 8.234609999999999413e-05 2.541390000000000074e-05
4.290000000000000000e+02 8.107739999999999728e-05 2.535650000000000024e-05
4.300000000000000000e+02 7.982830000000000275e-05 2.529940000000000040e-05
4.310000000000000000e+02 7.859839999999999611e-05 2.524260000000000121e-05
4.320000000000000000e+02 7.738739999999999703e-05 2.518609999999999930e-05
4.330000000000000000e+02 7.619510000000000508e-05 2.512990000000000143e-05
4.340000000000000000e+02 7.502119999999999926e-05 2.507390000000000061e-05
4.350000000000000000e+02 7.386530000000000580e-05 2.501820000000000045e-05
4.360000000000000000e+02 7.272730000000000416e-05 2.496280000000000094e-05
4.370000000000000000e+02 7.160679999999999346e-05 2.490759999999999849e-05
4.380000000000000000e+02 7.050349999999999337e-05 2.485280000000000030e-05
4.390000000000000000e+02 7.146909999999999645e-05 2.479819999999999917e-05
4.400000000000000000e+02 7.244790000000000138e-05 2.474389999999999869e-05
4.410000000000000000e+02 7.344009999999999503e-05 2.468979999999999865e-05
4.420000000000000000e+02 7.444590000000000495e-05 2.463599999999999926e-05
4.430000000000000000e+02 7.546550000000000447e-05 2.458250000000000054e-05
4.440000000000000000e+02 7.649900000000000059e-05 2.452919999999999886e-05
4.450000000000000000e+02 7.754670000000000074e-05 2.447620000000000123e-05
4.460000000000000000e+02 7.860869999999999837e-05 2.442340000000000065e-05
4.470000000000000000e+02 7.968530000000000090e-05 2.437090000000000073e-05
4.480000000000000000e+02 8.077669999999999523e-05 2.431870000000000147e-05
4.490000000000000000e+02 8.188289999999999490e-05 2.426669999999999926e-05
4.500000000000000000e+02 8.300439999999999425e-05 2.421490000000000087e-05
4.510000000000000000e+02 8.414109999999999981e-05 2.416349999999999997e-05
4.520000000000000000e+02 8.529350000000000592e-05 2.411219999999999930e-05
4.530000000000000000e+02 8.646159999999999902e-05 2.406119999999999928e-05
4.540000000000000000e+02 8.764579999999999355e-05 2.401049999999999991e-05
4.550000000000000000e+02 8.884610000000000304e-05 2.396000000000000099e-05
4.560000000000000000e+02 9.006290000000000129e-05 2.390969999999999912e-05
4.570000000000000000e+02 9.129640000000000227e-05 2.385970000000000129e-05
4.580000000000000000e+02 9.254669999999999943e-05 2.380990000000000051e-05
4.590000000000000000e+02 9.381419999999999365e-05 2.376030000000000018e-05
4.600000000000000000e+02 9.509900000000000547e-05 2.371100000000000050e-05
4.610000000000000000e+02 9.640140000000000167e-05 2.366190000000000125e-05
4.620000000000000000e+02 9.772170000000000324e-05 2.361309999999999928e-05
4.630000000000000000e+02 9.906009999999999707e-05 2.356450000000000114e-05
4.640000000000000000e+02 1.004169999999999976e-04 2.351610000000000004e-05
4.650000000000000000e+02 1.017920000000000039e-04 2.346789999999999938e-05
4.660000000000000000e+02 1.031859999999999977e-04 2.341999999999999938e-05
4.670000000000000000e+02 1.045990000000000060e-04 2.337229999999999982e-05
4.680000000000000000e+02 1.060320000000000040e-04 2.332480000000000070e-05
4.690000000000000000e+02 1.074840000000000029e-04 2.327749999999999863e-05
4.700000000000000000e+02 1.089560000000000051e-04 2.323050000000000061e-05
4.710000000000000000e+02 1.104479999999999969e-04 2.318369999999999963e-05
4.720000000000000000e+02 1.119609999999999941e-04 2.313709999999999909e-05
4.730000000000000000e+02 1.134939999999999945e-04 2.309069999999999900e-05
4.740000000000000000e+02 1.150490000000000025e-04 2.304449999999999934e-05
4.750000000000000000e+02 1.166240000000000001e-04 2.299860000000000034e-05
4.760000000000000000e+02 1.182210000000000053e-04 2.295280000000000155e-05
4.770000000000000000e+02 1.198410000000000068e-04 2.290730000000000004e-05
4.780000000000000000e+02 1.204159999999999936e-04 2.286199999999999897e-05
4.790000000000000000e+02 1.199330000000000052e-04 2.281689999999999833e-05
4.800000000000000000e+02 1.194510000000000054e-04 2.277200000000000152e-05
4.810000000000000000e+02 1.189719999999999987e-04 2.272729999999999838e-05
4.820000000000000000e+02 1.184939999999999941e-04 2.268279999999999906e-05
4.830000000000000000e+02 1.180189999999999961e-04 2.263850000000000018e-05
4.840000000000000000e+02 1.175450000000000003e-04 2.259439999999999834e-05
4.850000000000000000e+02 1.170729999999999953e-04 2.255050000000000034e-05
4.860000000000000000e+02 1.166039999999999969e-04 2.250679999999999939e-05
4.870000000000000000e+02 1.161360000000000007e-04 2.246329999999999887e-05
4.880000000000000000e+02 1.156690000000000067e-04 2.242009999999999901e-05
4.890000000000000000e+02 1.152050000000000058e-04 2.237699999999999938e-05
4.900000000000000000e+02 1.147429999999999956e-04 2.233410000000000018e-05
4.910000000000000000e+02 1.142820000000000012e-04 2.229140000000000142e-05
4.920000000000000000e+02 1.138239999999999998e-04 2.224889999999999970e-05
4.930000000000000000e+02 1.133670000000000006e-04 2.220650000000000160e-05
4.940000000000000000e+02 1.129120000000000059e-04 2.216440000000000077e-05
4.950000000000000000e+02 1.124590000000000019e-04 2.212250000000000037e-05
4.960000000000000000e+02 1.120070000000000001e-04 2.208070000000000020e-05
4.970000000000000000e+02 1.115580000000000049e-04 2.203920000000000068e-05
4.980000000000000000e+02 1.111099999999999984e-04 2.199780000000000138e-05
4.990000000000000000e+02 1.106639999999999962e-04 2.195659999999999913e-05
5.000000000000000000e+02 1.102199999999999984e-04 2.191560000000000071e-05
5.010000000000000000e+02 1.097780000000000050e-04 2.187479999999999934e-05
5.020000000000000000e+02 1.093370000000000003e-04 2.183410000000000158e-05
5.030000000000000000e+02 1.088979999999999999e-04 2.179360000000000086e-05
5.040000000000000000e+02 1.084610000000000039e-04 2.175340000000000081e-05
5.050000000000000000e+02 1.080259999999999988e-04 2.171330000000000097e-05
5.060000000000000000e+02 1.075919999999999958e-04 2.167330000000000135e-05
5.070000000000000000e+02 1.071599999999999972e-04 2.163359999999999901e-05
5.080000000000000000e+02 1.067300000000000030e-04 2.159400000000000027e-05
5.090000000000000000e+02 1.063019999999999997e-04 2.155459999999999858e-05
5.100000000000000000e+02 1.058749999999999985e-04 2.151540000000000071e-05
5.110000000000000000e+02 1.054500000000000017e-04 2.147629999999999968e-05
5.120000000000000000e+02 1.050269999999999958e-04 2.143739999999999909e-05
5.130000000000000000e+02 1.046059999999999942e-04 2.139869999999999893e-05
5.140000000000000000e+02 1.041859999999999949e-04 2.136019999999999922e-05
5.150000000000000000e+02 1.037679999999999999e-04 2.132179999999999972e-05
5.160000000000000000e+02 1.033509999999999935e-04 2.128360000000000066e-05
5.170000000000000000e+02 1.029360000000000051e-04 2.124549999999999844e-05
5.180000000000000000e+02 1.024179999999999942e-04 2.120760000000000004e-05
5.190000000000000000e+02 1.017959999999999991e-04 2.116989999999999869e-05
5.200000000000000000e+02 1.011790000000000015e-04 2.113240000000000116e-05
5.210000000000000000e+02 1.005649999999999968e-04 2.109500000000000047e-05
5.220000000000000000e+02 9.995540000000000186e-05 2.105770000000000000e-05
5.230000000000000000e+02 9.934920000000000079e-05 2.102070000000000018e-05
5.240000000000000000e+02 9.874659999999999406e-05 2.098380000000000059e-05
5.250000000000000000e+02 9.814770000000000221e-05 2.094700000000000121e-05
5.260000000000000000e+02 9.755240000000000471e-05 2.091039999999999888e-05
5.270000000000000000e+02 9.696079999999999499e-05 2.087400000000000038e-05
5.280000000000000000e+02 9.637269999999999973e-05 2.083769999999999871e-05
5.290000000000000000e+02 9.578819999999999880e-05 2.080160000000000087e-05
5.300000000000000000e+02 9.520730000000000577e-05 2.076559999999999986e-05
5.310000000000000000e+02 9.462980000000000664e-05 2.072979999999999929e-05
5.320000000000000000e+02 9.405590000000000185e-05 2.069409999999999894e-05
5.330000000000000000e+02 9.348540000000000452e-05 2.065859999999999902e-05
5.340000000000000000e+02 9.291850000000000153e-05 2.062319999999999933e-05
5.350000000000000000e+02 9.235489999999999899e-05 2.058800000000000007e-05
5.360000000000000000e+02 9.179479999999999736e-05 2.055290000000000103e-05
5.370000000000000000e+02 9.123799999999999619e-05 2.051799999999999905e-05
5.380000000000000000e+02 9.068469999999999591e-05 2.048330000000000089e-05
5.390000000000000000e+02 9.013469999999999609e-05 2.044859999999999934e-05
5.400000000000000000e+02 8.958799999999999674e-05 2.041410000000000162e-05
5.410000000000000000e+02 8.904459999999999784e-05 2.037980000000000095e-05
5.420000000000000000e+02 8.850460000000000640e-05 2.034560000000000050e-05
5.430000000000000000e+02 8.796779999999999487e-05 2.031160000000000048e-05
5.440000000000000000e+02 8.743429999999999735e-05 2.027770000000000069e-05
5.450000000000000000e+02 8.690399999999999330e-05 2.024390000000000111e-05
5.460000000000000000e+02 8.637689999999999626e-05 2.021029999999999859e-05
5.470000000000000000e+02 8.585300000000000624e-05 2.017679999999999967e-05
5.480000000000000000e+02 8.533229999999999613e-05 2.014350000000000119e-05
5.490000000000000000e+02 8.481480000000000659e-05 2.011019999999999933e-05
5.500000000000000000e+02 8.430040000000000352e-05 2.007720000000000151e-05
5.510000000000000000e+02 8.378910000000000047e-05 2.004420000000000030e-05
5.520000000000000000e+02 8.328089999999999744e-05 2.001149999999999975e-05
5.530000000000000000e+02 8.277579999999999444e-05 1.997879999999999920e-05
5.540000000000000000e+02 8.227380000000000500e-05 1.994629999999999908e-05
5.550000000000000000e+02 8.177479999999999504e-05 1.991389999999999919e-05
5.560000000000000000e+02 8.127880000000000521e-05 1.988159999999999952e-05
5.570000000000000000e+02 8.078590000000000185e-05 1.984950000000000028e-05
5.580000000000000000e+02 8.057249999999999471e-05 1.981750000000000127e-05
5.590000000000000000e+02 8.063640000000000608e-05 1.978559999999999908e-05
5.600000000000000000e+02 8.070030000000000389e-05 1.975390000000000072e-05
5.610000000000000000e+02 8.076429999999999514e-05 1.972229999999999920e-05
5.620000000000000000e+02 8.082839999999999340e-05 1.969080000000000128e-05
5.630000000000000000e+02 8.089250000000000520e-05 1.965950000000000041e-05
5.640000000000000000e+02 8.095660000000000345e-05 1.962829999999999976e-05
5.650000000000000000e+02 8.102079999999999514e-05 1.959719999999999933e-05
5.660000000000000000e+02 8.108509999999999383e-05 1.956619999999999911e-05
5.670000000000000000e+02 8.114940000000000608e-05 1.953539999999999934e-05
5.680000000000000000e+02 8.121379999999999821e-05 1.950459999999999957e-05
5.690000000000000000e+02 8.127820000000000389e-05 1.947400000000000023e-05
5.700000000000000000e+02 8.134259999999999603e-05 1.944360000000000134e-05
5.710000000000000000e+02 8.140709999999999516e-05 1.941319999999999906e-05
5.720000000000000000e+02 8.147170000000000128e-05 1.938300000000000060e-05
5.730000000000000000e+02 8.153629999999999385e-05 1.935289999999999897e-05
5.740000000000000000e+02 8.160099999999999342e-05 1.932290000000000095e-05
5.750000000000000000e+02 8.166570000000000654e-05 1.929309999999999998e-05
5.760000000000000000e+02 8.173049999999999955e-05 1.926329999999999902e-05
5.770000000000000000e+02 8.179530000000000611e-05 1.923369999999999849e-05
5.780000000000000000e+02 8.186020000000000612e-05 1.920420000000000156e-05
5.790000000000000000e+02 8.192510000000000612e-05 1.917480000000000147e-05
5.800000000000000000e+02 8.199009999999999957e-05 1.914550000000000160e-05
5.810000000000000000e+02 8.205510000000000657e-05 1.911639999999999878e-05
5.820000000000000000e+02 8.212019999999999346e-05 1.908729999999999935e-05
5.830000000000000000e+02 8.218529999999999391e-05 1.905840000000000035e-05
5.840000000000000000e+02 8.225050000000000134e-05 1.902960000000000158e-05
5.850000000000000000e+02 8.231569999999999523e-05 1.900089999999999963e-05
5.860000000000000000e+02 8.238099999999999611e-05 1.897230000000000129e-05
5.870000000000000000e+02 8.244629999999999700e-05 1.894379999999999979e-05
5.880000000000000000e+02 8.251170000000000487e-05 1.891549999999999872e-05
5.890000000000000000e+02 8.257720000000000620e-05 1.888720000000000104e-05
5.900000000000000000e+02 8.264269999999999396e-05 1.885910000000000041e-05
5.910000000000000000e+02 8.270819999999999529e-05 1.883110000000000000e-05
5.920000000000000000e+02 8.277380000000000360e-05 1.880319999999999981e-05
5.930000000000000000e+02 8.283939999999999837e-05 1.877539999999999984e-05
5.940000000000000000e+02 8.290510000000000013e-05 1.874770000000000009e-05
5.950000000000000000e+02 8.297089999999999533e-05 1.872010000000000056e-05
5.960000000000000000e+02 8.303670000000000408e-05 1.869260000000000124e-05
5.970000000000000000e+02 8.310249999999999929e-05 1.866519999999999876e-05
5.980000000000000000e+02 8.352939999999999345e-05 1.863789999999999989e-05
5.990000000000000000e+02 8.432290000000000542e-05 1.861080000000000145e-05
6.000000000000000000e+02 8.512380000000000651e-05 1.858369999999999963e-05
6.010000000000000000e+02 8.593240000000000416e-05 1.855680000000000163e-05
6.020000000000000000e+02 8.674869999999999836e-05 1.852990000000000024e-05
6.030000000000000000e+02 8.757270000000000267e-05 1.850319999999999930e-05
6.040000000000000000e+02 8.840460000000000397e-05 1.847649999999999835e-05
6.050000000000000000e+02 8.924429999999999527e-05 1.845000000000000123e-05
6.060000000000000000e+02 9.009200000000000411e-05 1.842350000000000072e-05
6.070000000000000000e+02 9.094779999999999683e-05 1.839720000000000065e-05
6.080000000000000000e+02 9.181170000000000054e-05 1.837100000000000080e-05
6.090000000000000000e+02 9.268390000000000211e-05 1.834480000000000095e-05
6.100000000000000000e+02 9.356429999999999456e-05 1.831880000000000154e-05
6.110000000000000000e+02 9.445299999999999844e-05 1.829289999999999896e-05
6.120000000000000000e+02 9.535020000000000062e-05 1.826699999999999976e-05
6.130000000000000000e+02 9.625590000000000112e-05 1.824130000000000101e-05
6.140000000000000000e+02 9.717030000000000036e-05 1.821559999999999887e-05
6.150000000000000000e+02 9.809330000000000490e-05 1.819010000000000055e-05
6.160000000000000000e+02 9.902510000000000164e-05 1.816469999999999907e-05
6.170000000000000000e+02 9.996570000000000412e-05 1.813930000000000097e-05
6.180000000000000000e+02 1.009150000000000053e-04 1.811409999999999992e-05
6.190000000000000000e+02 1.018739999999999940e-04 1.808889999999999888e-05
6.200000000000000000e+02 1.028420000000000023e-04 1.806380000000000144e-05
6.210000000000000000e+02 1.038180000000000011e-04 1.803890000000000105e-05
6.220000000000000000e+02 1.048049999999999969e-04 1.801400000000000066e-05
6.230000000000000000e+02 1.057999999999999967e-04 1.798920000000000049e-05
6.240000000000000000e+02 1.068050000000000049e-04 1.796450000000000054e-05
6.250000000000000000e+02 1.078199999999999943e-04 1.793990000000000081e-05
6.260000000000000000e+02 1.088440000000000035e-04 1.791540000000000130e-05
6.270000000000000000e+02 1.098779999999999939e-04 1.789099999999999862e-05
6.280000000000000000e+02 1.109210000000000041e-04 1.786669999999999955e-05
6.290000000000000000e+02 1.119749999999999977e-04 1.784250000000000069e-05
6.300000000000000000e+02 1.130389999999999997e-04 1.781829999999999845e-05
6.310000000000000000e+02 1.141129999999999966e-04 1.779430000000000004e-05
6.320000000000000000e+02 1.151959999999999996e-04 1.777030000000000162e-05
6.330000000000000000e+02 1.162910000000000018e-04 1.774650000000000026e-05
6.340000000000000000e+02 1.173949999999999966e-04 1.772269999999999889e-05
6.350000000000000000e+02 1.185110000000000043e-04 1.769900000000000114e-05
6.360000000000000000e+02 1.196360000000000045e-04 1.767540000000000021e-05
6.370000000000000000e+02 1.207730000000000039e-04 1.765189999999999950e-05
6.380000000000000000e+02 1.214390000000000006e-04 1.762839999999999880e-05
6.390000000000000000e+02 1.216260000000000041e-04 1.760509999999999853e-05
6.400000000000000000e+02 1.218139999999999962e-04 1.758180000000000165e-05
6.410000000000000000e+02 1.220020000000000018e-04 1.755860000000000160e-05
6.420000000000000000e+02 1.221899999999999939e-04 1.753559999999999860e-05
6.430000000000000000e+02 1.223789999999999882e-04 1.751259999999999899e-05
6.440000000000000000e+02 1.225680000000000096e-04 1.748959999999999938e-05
6.450000000000000000e+02 1.227570000000000039e-04 1.746680000000000021e-05
6.460000000000000000e+02 1.229459999999999982e-04 1.744410000000000126e-05
6.470000000000000000e+02 1.231360000000000083e-04 1.742139999999999891e-05
6.480000000000000000e+02 1.233259999999999912e-04 1.739880000000000018e-05
6.490000000000000000e+02 1.235160000000000012e-04 1.737630000000000167e-05
6.500000000000000000e+02 1.237069999999999999e-04 1.735389999999999998e-05
6.510000000000000000e+02 1.238979999999999986e-04 1.733150000000000169e-05
6.520000000000000000e+02 1.240889999999999973e-04 1.730930000000000045e-05
6.530000000000000000e+02 1.242810000000000117e-04 1.728709999999999920e-05
6.540000000000000000e+02 1.244729999999999990e-04 1.726500000000000156e-05
6.550000000000000000e+02 1.246650000000000134e-04 1.724300000000000076e-05
6.560000000000000000e+02 1.248570000000000008e-04 1.722110000000000017e-05
6.570000000000000000e+02 1.250500000000000038e-04 1.719919999999999959e-05
6.580000000000000000e+02 1.252430000000000069e-04 1.717739999999999922e-05
6.590000000000000000e+02 1.254360000000000099e-04 1.715569999999999907e-05
6.600000000000000000e+02 1.256300000000000017e-04 1.713409999999999914e-05
6.610000000000000000e+02 1.258239999999999934e-04 1.711259999999999943e-05
6.620000000000000000e+02 1.260180000000000122e-04 1.709109999999999972e-05
6.630000000000000000e+02 1.262129999999999925e-04 1.706970000000000023e-05
6.640000000000000000e+02 1.264070000000000113e-04 1.704840000000000096e-05
6.650000000000000000e+02 1.266030000000000074e-04 1.702710000000000169e-05
6.660000000000000000e+02 1.267979999999999878e-04 1.700599999999999947e-05
6.670000000000000000e+02 1.269940000000000110e-04 1.698490000000000064e-05
6.680000000000000000e+02 1.271900000000000070e-04 1.696389999999999864e-05
6.690000000000000000e+02 1.273860000000000031e-04 1.694300000000000024e-05
6.700000000000000000e+02 1.275829999999999879e-04 1.692209999999999846e-05
6.710000000000000000e+02 1.277799999999999997e-04 1.690130000000000029e-05
6.720000000000000000e+02 1.279770000000000115e-04 1.688059999999999894e-05
6.730000000000000000e+02 1.281739999999999963e-04 1.686000000000000121e-05
6.740000000000000000e+02 1.283719999999999967e-04 1.683940000000000008e-05
6.750000000000000000e+02 1.285699999999999972e-04 1.681889999999999918e-05
6.760000000000000000e+02 1.287690000000000134e-04 1.679849999999999849e-05
6.770000000000000000e+02 1.289680000000000026e-04 1.677810000000000119e-05
6.780000000000000000e+02 1.289270000000000075e-04 1.675790000000000095e-05
6.790000000000000000e+02 1.286469999999999899e-04 1.673760000000000048e-05
6.800000000000000000e+02 1.283679999999999880e-04 1.671750000000000045e-05
6.810000000000000000e+02 1.280890000000000132e-04 1.669740000000000043e-05
6.820000000000000000e+02 1.278109999999999999e-04 1.667750000000000084e-05
6.830000000000000000e+02 1.275329999999999867e-04 1.665750000000000103e-05
6.840000000000000000e+02 1.272559999999999891e-04 1.663770000000000166e-05
6.850000000000000000e+02 1.269800000000000074e-04 1.661789999999999890e-05
6.860000000000000000e+02 1.267039999999999985e-04 1.659819999999999975e-05
6.870000000000000000e+02 1.264290000000000054e-04 1.657850000000000060e-05
6.880000000000000000e+02 1.261540000000000122e-04 1.655899999999999850e-05
6.890000000000000000e+02 1.258800000000000077e-04 1.653949999999999979e-05
6.900000000000000000e+02 1.256069999999999919e-04 1.652000000000000107e-05
6.910000000000000000e+02 1.253340000000000031e-04 1.650059999999999919e-05
6.920000000000000000e+02 1.250620000000000030e-04 1.648130000000000092e-05
6.930000000000000000e+02 1.247909999999999916e-04 1.646209999999999948e-05
6.940000000000000000e+02 1.245200000000000072e-04 1.644290000000000142e-05
6.950000000000000000e+02 1.242489999999999957e-04 1.642380000000000020e-05
6.960000000000000000e+02 1.239790000000000000e-04 1.640479999999999919e-05
6.970000000000000000e+02 1.237099999999999929e-04 1.638580000000000158e-05
6.980000000000000000e+02 1.234420000000000016e-04 1.636690000000000079e-05
6.990000000000000000e+02 1.231740000000000103e-04 1.634800000000000001e-05
7.000000000000000000e+02 1.229059999999999918e-04 1.632929999999999966e-05
7.010000000000000000e+02 1.226389999999999891e-04 1.631059999999999932e-05
7.020000000000000000e+02 1.223730000000000022e-04 1.629189999999999897e-05
7.030000000000000000e+02 1.221069999999999881e-04 1.627329999999999884e-05
7.040000000000000000e+02 1.218420000000000034e-04 1.625479999999999894e-05
7.050000000000000000e+02 1.215770000000000051e-04 1.623629999999999903e-05
7.060000000000000000e+02 1.213129999999999954e-04 1.621789999999999934e-05
7.070000000000000000e+02 1.210500000000000015e-04 1.619959999999999987e-05
7.080000000000000000e+02 1.207869999999999940e-04 1.618130000000000040e-05
7.090000000000000000e+02 1.205250000000000022e-04 1.616310000000000115e-05
7.100000000000000000e+02 1.202629999999999970e-04 1.614499999999999873e-05
7.110000000000000000e+02 1.200019999999999939e-04 1.612689999999999970e-05
7.120000000000000000e+02 1.197410000000000043e-04 1.610890000000000089e-05
7.130000000000000000e+02 1.194810000000000034e-04 1.609089999999999869e-05
7.140000000000000000e+02 1.192220000000000047e-04 1.607300000000000010e-05
7.150000000000000000e+02 1.189630000000000060e-04 1.605519999999999834e-05
7.160000000000000000e+02 1.187049999999999960e-04 1.603739999999999997e-05
7.170000000000000000e+02 1.184469999999999994e-04 1.601969999999999843e-05
7.180000000000000000e+02 1.181809999999999989e-04 1.600200000000000027e-05
7.190000000000000000e+02 1.179069999999999944e-04 1.598439999999999895e-05
7.200000000000000000e+02 1.176330000000000035e-04 1.596690000000000124e-05
7.210000000000000000e+02 1.173600000000000012e-04 1.594940000000000013e-05
7.220000000000000000e+02 1.170880000000000011e-04 1.593199999999999925e-05
7.230000000000000000e+02 1.168160000000000010e-04 1.591459999999999837e-05
7.240000000000000000e+02 1.165450000000000031e-04 1.589730000000000109e-05
7.250000000000000000e+02 1.162740000000000052e-04 1.588010000000000064e-05
7.260000000000000000e+02 1.160039999999999959e-04 1.586290000000000020e-05
7.270000000000000000e+02 1.157350000000000024e-04 1.584569999999999975e-05
7.280000000000000000e+02 1.154659999999999953e-04 1.582869999999999975e-05
7.290000000000000000e+02 1.151980000000000040e-04 1.581169999999999974e-05
7.300000000000000000e+02 1.149310000000000013e-04 1.579469999999999973e-05
7.310000000000000000e+02 1.146639999999999986e-04 1.577779999999999995e-05
7.320000000000000000e+02 1.143979999999999981e-04 1.576090000000000016e-05
7.330000000000000000e+02 1.141329999999999998e-04 1.574410000000000059e-05
7.340000000000000000e+02 1.138680000000000014e-04 1.572740000000000124e-05
7.350000000000000000e+02 1.136030000000000031e-04 1.571069999999999851e-05
7.360000000000000000e+02 1.133399999999999957e-04 1.569409999999999938e-05
7.370000000000000000e+02 1.130770000000000017e-04 1.567750000000000025e-05
7.380000000000000000e+02 1.128139999999999943e-04 1.566100000000000134e-05
7.390000000000000000e+02 1.125520000000000025e-04 1.564459999999999926e-05
7.400000000000000000e+02 1.122909999999999994e-04 1.562820000000000057e-05
7.410000000000000000e+02 1.120309999999999985e-04 1.561179999999999849e-05
7.420000000000000000e+02 1.117709999999999976e-04 1.559550000000000001e-05
7.430000000000000000e+02 1.115109999999999967e-04 1.557929999999999837e-05
7.440000000000000000e+02 1.112519999999999980e-04 1.556310000000000012e-05
7.450000000000000000e+02 1.109940000000000015e-04 1.554689999999999848e-05
7.460000000000000000e+02 1.107369999999999936e-04 1.553080000000000045e-05
7.470000000000000000e+02 1.104799999999999993e-04 1.551479999999999925e-05
7.480000000000000000e+02 1.102230000000000050e-04 1.549880000000000143e-05
7.490000000000000000e+02 1.099669999999999993e-04 1.548290000000000045e-05
7.500000000000000000e+02 1.097119999999999958e-04 1.546699999999999947e-05
7.510000000000000000e+02 1.094570000000000059e-04 1.545119999999999870e-05
7.520000000000000000e+02 1.092030000000000046e-04 1.543540000000000133e-05
7.530000000000000000e+02 1.089500000000000055e-04 1.541970000000000078e-05
7.540000000000000000e+02 1.086970000000000064e-04 1.540410000000000046e-05
7.550000000000000000e+02 1.084449999999999959e-04 1.538839999999999991e-05
7.560000000000000000e+02 1.081929999999999990e-04 1.537289999999999981e-05
7.570000000000000000e+02 1.079420000000000043e-04 1.535739999999999970e-05
7.580000000000000000e+02 1.073499999999999937e-04 1.534189999999999960e-05
7.590000000000000000e+02 1.064220000000000053e-04 1.532649999999999971e-05
7.600000000000000000e+02 1.055019999999999938e-04 1.531109999999999982e-05
7.610000000000000000e+02 1.045899999999999998e-04 1.529580000000000016e-05
7.620000000000000000e+02 1.036859999999999963e-04 1.528050000000000049e-05
7.630000000000000000e+02 1.027889999999999945e-04 1.526530000000000104e-05
7.640000000000000000e+02 1.019009999999999990e-04 1.525009999999999990e-05
7.650000000000000000e+02 1.010200000000000052e-04 1.523500000000000067e-05
7.660000000000000000e+02 1.001470000000000019e-04 1.521989999999999975e-05
7.670000000000000000e+02 9.928109999999999377e-05 1.520490000000000074e-05
7.680000000000000000e+02 9.842289999999999579e-05 1.519000000000000025e-05
7.690000000000000000e+02 9.757210000000000048e-05 1.517499999999999955e-05
7.700000000000000000e+02 9.672869999999999429e-05 1.516010000000000076e-05
7.710000000000000000e+02 9.589250000000000388e-05 1.514530000000000050e-05
7.720000000000000000e+02 9.506359999999999561e-05 1.513050000000000023e-05
7.730000000000000000e+02 9.424190000000000312e-05 1.511580000000000019e-05
7.740000000000000000e+02 9.342719999999999888e-05 1.510110000000000014e-05
7.750000000000000000e+02 9.261960000000000342e-05 1.508650000000000031e-05
7.760000000000000000e+02 9.181899999999999621e-05 1.507190000000000049e-05
7.770000000000000000e+02 9.102529999999999736e-05 1.505730000000000066e-05
7.780000000000000000e+02 9.023849999999999331e-05 1.504279999999999936e-05
7.790000000000000000e+02 8.945839999999999717e-05 1.502839999999999997e-05
7.800000000000000000e+02 8.868510000000000238e-05 1.501400000000000058e-05
7.810000000000000000e+02 8.791850000000000197e-05 1.499959999999999950e-05
7.820000000000000000e+02 8.715850000000000247e-05 1.498530000000000033e-05
7.830000000000000000e+02 8.640510000000000388e-05 1.497099999999999947e-05
7.840000000000000000e+02 8.565819999999999923e-05 1.495680000000000052e-05
7.850000000000000000e+02 8.491780000000000205e-05 1.494259999999999988e-05
7.860000000000000000e+02 8.418369999999999835e-05 1.492849999999999946e-05
7.870000000000000000e+02 8.345610000000000213e-05 1.491440000000000073e-05
7.880000000000000000e+02 8.273459999999999896e-05 1.490030000000000030e-05
7.890000000000000000e+02 8.201949999999999627e-05 1.488630000000000010e-05
7.900000000000000000e+02 8.131050000000000018e-05 1.487240000000000011e-05
7.910000000000000000e+02 8.060759999999999714e-05 1.485839999999999991e-05
7.920000000000000000e+02 7.991080000000000069e-05 1.484460000000000014e-05
7.930000000000000000e+02 7.922009999999999729e-05 1.483070000000000015e-05
7.940000000000000000e+02 7.853530000000000005e-05 1.481700000000000061e-05
7.950000000000000000e+02 7.785639999999999542e-05 1.480320000000000084e-05
7.960000000000000000e+02 7.718339999999999695e-05 1.478949999999999960e-05
7.970000000000000000e+02 7.651619999999999765e-05 1.477590000000000027e-05
7.980000000000000000e+02 7.636920000000000058e-05 1.476229999999999925e-05
7.990000000000000000e+02 7.673939999999999917e-05 1.474869999999999992e-05
8.000000000000000000e+02 7.711140000000000171e-05 1.473520000000000081e-05
8.010000000000000000e+02 7.748519999999999464e-05 1.472170000000000001e-05
8.020000000000000000e+02 7.786080000000000507e-05 1.470819999999999921e-05
8.030000000000000000e+02 7.823820000000000590e-05 1.469480000000000032e-05
8.040000000000000000e+02 7.861750000000000411e-05 1.468149999999999996e-05
8.050000000000000000e+02 7.899860000000000627e-05 1.466819999999999959e-05
8.060000000000000000e+02 7.938149999999999883e-05 1.465489999999999923e-05
8.070000000000000000e+02 7.976630000000000233e-05 1.464160000000000056e-05
8.080000000000000000e+02 8.015300000000000322e-05 1.462840000000000041e-05
8.090000000000000000e+02 8.054149999999999450e-05 1.461530000000000049e-05
8.100000000000000000e+02 8.093200000000000372e-05 1.460220000000000056e-05
8.110000000000000000e+02 8.132430000000000333e-05 1.458910000000000064e-05
8.120000000000000000e+02 8.171850000000000034e-05 1.457609999999999924e-05
8.130000000000000000e+02 8.211459999999999473e-05 1.456309999999999953e-05
8.140000000000000000e+02 8.251269999999999352e-05 1.455009999999999983e-05
8.150000000000000000e+02 8.291259999999999624e-05 1.453720000000000034e-05
8.160000000000000000e+02 8.331450000000000335e-05 1.452429999999999916e-05
8.170000000000000000e+02 8.371840000000000130e-05 1.451149999999999989e-05
8.180000000000000000e+02 8.412419999999999664e-05 1.449870000000000062e-05
8.190000000000000000e+02 8.453199999999999636e-05 1.448599999999999988e-05
8.200000000000000000e+02 8.494180000000000046e-05 1.447330000000000083e-05
8.210000000000000000e+02 8.535350000000000196e-05 1.446060000000000009e-05
8.220000000000000000e+02 8.576730000000000128e-05 1.444789999999999935e-05
8.230000000000000000e+02 8.618299999999999800e-05 1.443530000000000052e-05
8.240000000000000000e+02 8.660080000000000609e-05 1.442280000000000021e-05
8.250000000000000000e+02 8.702060000000000502e-05 1.441029999999999991e-05
8.260000000000000000e+02 8.744239999999999478e-05 1.439779999999999961e-05
8.270000000000000000e+02 8.786629999999999593e-05 1.438529999999999930e-05
8.280000000000000000e+02 8.829220000000000145e-05 1.437289999999999922e-05
8.290000000000000000e+02 8.872020000000000481e-05 1.436059999999999935e-05
8.300000000000000000e+02 8.915030000000000599e-05 1.434819999999999927e-05
8.310000000000000000e+02 8.958239999999999801e-05 1.433589999999999940e-05
8.320000000000000000e+02 9.001669999999999485e-05 1.432369999999999976e-05
8.330000000000000000e+02 9.045299999999999608e-05 1.431150000000000011e-05
8.340000000000000000e+02 9.089150000000000213e-05 1.429930000000000046e-05
8.350000000000000000e+02 9.133210000000000601e-05 1.428710000000000082e-05
8.360000000000000000e+02 9.177479999999999416e-05 1.427499999999999970e-05
8.370000000000000000e+02 9.221970000000000070e-05 1.426300000000000049e-05
8.380000000000000000e+02 9.133719999999999686e-05 1.425089999999999937e-05
8.390000000000000000e+02 9.046320000000000489e-05 1.423890000000000016e-05
8.400000000000000000e+02 8.959749999999999724e-05 1.422699999999999948e-05
8.410000000000000000e+02 8.874010000000000101e-05 1.421500000000000027e-05
8.420000000000000000e+02 8.789100000000000265e-05 1.420319999999999981e-05
8.430000000000000000e+02 8.704989999999999473e-05 1.419130000000000082e-05
8.440000000000000000e+02 8.621689999999999779e-05 1.417950000000000036e-05
8.450000000000000000e+02 8.539190000000000484e-05 1.416769999999999990e-05
8.460000000000000000e+02 8.457470000000000189e-05 1.415599999999999965e-05
8.470000000000000000e+02 8.376539999999999594e-05 1.414419999999999919e-05
8.480000000000000000e+02 8.296389999999999353e-05 1.413259999999999916e-05
8.490000000000000000e+02 8.216999999999999424e-05 1.412090000000000061e-05
8.500000000000000000e+02 8.138369999999999806e-05 1.410930000000000059e-05
8.510000000000000000e+02 8.060489999999999799e-05 1.409770000000000057e-05
8.520000000000000000e+02 7.983350000000000060e-05 1.408620000000000076e-05
8.530000000000000000e+02 7.906959999999999932e-05 1.407469999999999926e-05
8.540000000000000000e+02 7.831299999999999373e-05 1.406319999999999946e-05
8.550000000000000000e+02 7.756360000000000392e-05 1.405179999999999987e-05
8.560000000000000000e+02 7.682129999999999580e-05 1.404040000000000028e-05
8.570000000000000000e+02 7.608620000000000346e-05 1.402900000000000070e-05
8.580000000000000000e+02 7.535809999999999937e-05 1.401769999999999964e-05
8.590000000000000000e+02 7.463699999999999707e-05 1.400640000000000027e-05
8.600000000000000000e+02 7.392280000000000313e-05 1.399509999999999921e-05
8.610000000000000000e+02 7.321539999999999700e-05 1.398390000000000006e-05
8.620000000000000000e+02 7.251480000000000577e-05 1.397269999999999922e-05
8.630000000000000000e+02 7.182089999999999536e-05 1.396150000000000007e-05
8.640000000000000000e+02 7.113359999999999941e-05 1.395039999999999945e-05
8.650000000000000000e+02 7.045290000000000439e-05 1.393930000000000052e-05
8.660000000000000000e+02 6.977870000000000329e-05 1.392830000000000012e-05
8.670000000000000000e+02 6.911099999999999611e-05 1.391719999999999950e-05
8.680000000000000000e+02 6.844970000000000297e-05 1.390620000000000079e-05
8.690000000000000000e+02 6.779459999999999631e-05 1.389530000000000061e-05
8.700000000000000000e+02 6.714590000000000369e-05 1.388430000000000020e-05
8.710000000000000000e+02 6.650339999999999756e-05 1.387340000000000002e-05
8.720000000000000000e+02 6.586699999999999803e-05 1.386249999999999984e-05
8.730000000000000000e+02 6.523670000000000510e-05 1.385169999999999987e-05
8.740000000000000000e+02 6.461239999999999822e-05 1.384089999999999991e-05
8.750000000000000000e+02 6.399410000000000450e-05 1.383009999999999994e-05
8.760000000000000000e+02 6.338170000000000338e-05 1.381940000000000020e-05
8.770000000000000000e+02 6.332789999999999383e-05 1.380870000000000045e-05
8.780000000000000000e+02 6.383129999999999989e-05 1.379800000000000071e-05
8.790000000000000000e+02 6.433870000000000116e-05 1.378729999999999927e-05
8.800000000000000000e+02 6.485009999999999766e-05 1.377669999999999974e-05
8.810000000000000000e+02 6.536550000000000292e-05 1.376610000000000022e-05
8.820000000000000000e+02 6.588510000000000384e-05 1.375559999999999922e-05
8.830000000000000000e+02 6.640879999999999342e-05 1.374509999999999991e-05
8.840000000000000000e+02 6.693659999999999877e-05 1.373460000000000060e-05
8.850000000000000000e+02 6.746870000000000677e-05 1.372409999999999960e-05
8.860000000000000000e+02 6.800490000000000343e-05 1.371370000000000052e-05
8.870000000000000000e+02 6.854549999999999619e-05 1.370329999999999973e-05
8.880000000000000000e+02 6.909029999999999816e-05 1.369290000000000065e-05
8.890000000000000000e+02 6.963949999999999622e-05 1.368249999999999987e-05
8.900000000000000000e+02 7.019299999999999693e-05 1.367219999999999930e-05
8.910000000000000000e+02 7.075089999999999374e-05 1.366200000000000065e-05
8.920000000000000000e+02 7.131329999999999364e-05 1.365170000000000009e-05
8.930000000000000000e+02 7.188010000000000319e-05 1.364149999999999975e-05
8.940000000000000000e+02 7.245149999999999572e-05 1.363129999999999941e-05
8.950000000000000000e+02 7.302729999999999790e-05 1.362110000000000076e-05
8.960000000000000000e+02 7.360780000000000361e-05 1.361100000000000063e-05
8.970000000000000000e+02 7.419290000000000585e-05 1.360090000000000051e-05
8.980000000000000000e+02 7.478260000000000463e-05 1.359080000000000039e-05
8.990000000000000000e+02 7.537699999999999338e-05 1.358080000000000048e-05
9.000000000000000000e+02 7.597609999999999921e-05 1.357080000000000058e-05
9.010000000000000000e+02 7.658000000000000202e-05 1.356080000000000067e-05
9.020000000000000000e+02 7.718870000000000180e-05 1.355080000000000077e-05
9.030000000000000000e+02 7.780219999999999855e-05 1.354089999999999939e-05
9.040000000000000000e+02 7.842070000000000627e-05 1.353099999999999971e-05
9.050000000000000000e+02 7.904399999999999740e-05 1.352110000000000002e-05
9.060000000000000000e+02 7.967229999999999950e-05 1.351130000000000056e-05
9.070000000000000000e+02 8.030550000000000557e-05 1.350139999999999918e-05
9.080000000000000000e+02 8.094380000000000249e-05 1.349169999999999993e-05
9.090000000000000000e+02 8.158720000000000382e-05 1.348190000000000046e-05
9.100000000000000000e+02 8.223569999999999600e-05 1.347219999999999952e-05
9.110000000000000000e+02 8.288939999999999958e-05 1.346250000000000028e-05
9.120000000000000000e+02 8.354819999999999402e-05 1.345279999999999934e-05
9.130000000000000000e+02 8.421229999999999330e-05 1.344310000000000009e-05
9.140000000000000000e+02 8.488160000000000399e-05 1.343349999999999937e-05
9.150000000000000000e+02 8.555629999999999941e-05 1.342390000000000034e-05
9.160000000000000000e+02 8.623640000000000667e-05 1.341439999999999984e-05
9.170000000000000000e+02 8.656889999999999713e-05 1.340480000000000081e-05
9.180000000000000000e+02 8.654980000000000269e-05 1.339530000000000031e-05
9.190000000000000000e+02 8.653080000000000168e-05 1.338579999999999981e-05
9.200000000000000000e+02 8.651169999999999368e-05 1.337639999999999953e-05
9.210000000000000000e+02 8.649259999999999924e-05 1.336690000000000072e-05
9.220000000000000000e+02 8.647359999999999823e-05 1.335750000000000044e-05
9.230000000000000000e+02 8.645450000000000378e-05 1.334820000000000037e-05
9.240000000000000000e+02 8.643550000000000278e-05 1.333880000000000009e-05
9.250000000000000000e+02 8.641650000000000178e-05 1.332950000000000003e-05
9.260000000000000000e+02 8.639739999999999378e-05 1.332019999999999996e-05
9.270000000000000000e+02 8.637840000000000633e-05 1.331089999999999990e-05
9.280000000000000000e+02 8.635940000000000532e-05 1.330170000000000006e-05
9.290000000000000000e+02 8.634040000000000432e-05 1.329250000000000021e-05
9.300000000000000000e+02 8.632140000000000331e-05 1.328330000000000037e-05
9.310000000000000000e+02 8.630229999999999531e-05 1.327410000000000052e-05
9.320000000000000000e+02 8.628329999999999431e-05 1.326499999999999920e-05
9.330000000000000000e+02 8.626429999999999331e-05 1.325579999999999936e-05
9.340000000000000000e+02 8.624530000000000586e-05 1.324679999999999995e-05
9.350000000000000000e+02 8.622630000000000485e-05 1.323770000000000033e-05
9.360000000000000000e+02 8.620730000000000385e-05 1.322869999999999923e-05
9.370000000000000000e+02 8.618839999999999629e-05 1.321969999999999982e-05
9.380000000000000000e+02 8.616939999999999528e-05 1.321070000000000042e-05
9.390000000000000000e+02 8.615039999999999428e-05 1.320169999999999932e-05
9.400000000000000000e+02 8.613139999999999327e-05 1.319280000000000013e-05
9.410000000000000000e+02 8.611249999999999927e-05 1.318389999999999925e-05
9.420000000000000000e+02 8.609349999999999826e-05 1.317500000000000007e-05
9.430000000000000000e+02 8.607449999999999726e-05 1.316609999999999919e-05
9.440000000000000000e+02 8.605560000000000325e-05 1.315730000000000022e-05
9.450000000000000000e+02 8.603660000000000225e-05 1.314849999999999956e-05
9.460000000000000000e+02 8.601769999999999469e-05 1.313970000000000059e-05
9.470000000000000000e+02 8.599869999999999368e-05 1.313089999999999993e-05
9.480000000000000000e+02 8.597979999999999967e-05 1.312219999999999949e-05
9.490000000000000000e+02 8.596079999999999867e-05 1.311350000000000074e-05
9.500000000000000000e+02 8.594190000000000466e-05 1.310480000000000030e-05
9.510000000000000000e+02 8.592299999999999710e-05 1.309609999999999986e-05
9.520000000000000000e+02 8.590410000000000309e-05 1.308749999999999963e-05
9.530000000000000000e+02 8.588510000000000209e-05 1.307889999999999941e-05
9.540000000000000000e+02 8.586619999999999453e-05 1.307029999999999919e-05
9.550000000000000000e+02 8.584730000000000052e-05 1.306170000000000066e-05
9.560000000000000000e+02 8.582840000000000651e-05 1.305320000000000066e-05
9.570000000000000000e+02 8.549920000000000295e-05 1.304470000000000065e-05
9.580000000000000000e+02 8.486329999999999774e-05 1.303620000000000065e-05
9.590000000000000000e+02 8.423209999999999606e-05 1.302770000000000065e-05
9.600000000000000000e+02 8.360550000000000447e-05 1.301929999999999917e-05
9.610000000000000000e+02 8.298369999999999629e-05 1.301079999999999916e-05
9.620000000000000000e+02 8.236649999999999820e-05 1.300239999999999938e-05
9.630000000000000000e+02 8.175380000000000320e-05 1.299409999999999982e-05
9.640000000000000000e+02 8.114570000000000474e-05 1.298570000000000003e-05
9.650000000000000000e+02 8.054220000000000281e-05 1.297740000000000047e-05
9.660000000000000000e+02 7.994309999999999698e-05 1.296909999999999921e-05
9.670000000000000000e+02 7.934849999999999423e-05 1.296079999999999964e-05
9.680000000000000000e+02 7.875830000000000114e-05 1.295250000000000008e-05
9.690000000000000000e+02 7.817250000000000414e-05 1.294430000000000073e-05
9.700000000000000000e+02 7.759110000000000323e-05 1.293609999999999969e-05
9.710000000000000000e+02 7.701389999999999798e-05 1.292790000000000035e-05
9.720000000000000000e+02 7.644110000000000238e-05 1.291969999999999931e-05
9.730000000000000000e+02 7.587250000000000244e-05 1.291160000000000018e-05
9.740000000000000000e+02 7.530820000000000515e-05 1.290340000000000084e-05
9.750000000000000000e+02 7.474810000000000352e-05 1.289530000000000002e-05
9.760000000000000000e+02 7.419210000000000410e-05 1.288729999999999942e-05
9.770000000000000000e+02 7.364030000000000033e-05 1.287920000000000029e-05
9.780000000000000000e+02 7.309250000000000534e-05 1.287119999999999969e-05
9.790000000000000000e+02 7.254890000000000600e-05 1.286310000000000056e-05
9.800000000000000000e+02 7.200930000000000189e-05 1.285520000000000018e-05
9.810000000000000000e+02 7.147370000000000654e-05 1.284719999999999958e-05
9.820000000000000000e+02 7.094199999999999942e-05 1.283920000000000067e-05
9.830000000000000000e+02 7.041439999999999451e-05 1.283130000000000029e-05
9.840000000000000000e+02 6.989059999999999793e-05 1.282339999999999991e-05
9.850000000000000000e+02 6.937079999999999657e-05 1.281549999999999953e-05
9.860000000000000000e+02 6.885480000000000354e-05 1.280769999999999936e-05
9.870000000000000000e+02 6.834269999999999874e-05 1.279980000000000068e-05
9.880000000000000000e+02 6.783429999999999527e-05 1.279200000000000051e-05
9.890000000000000000e+02 6.732979999999999358e-05 1.278420000000000035e-05
9.900000000000000000e+02 6.682899999999999323e-05 1.277640000000000019e-05
9.910000000000000000e+02 6.633189999999999421e-05 1.276870000000000025e-05
9.920000000000000000e+02 6.583849999999999653e-05 1.276100000000000030e-05
9.930000000000000000e+02 6.534880000000000018e-05 1.275320000000000014e-05
9.940000000000000000e+02 6.486280000000000517e-05 1.274560000000000042e-05
9.950000000000000000e+02 6.438029999999999751e-05 1.273790000000000047e-05
9.960000000000000000e+02 6.390150000000000474e-05 1.273020000000000053e-05
9.970000000000000000e+02 6.378020000000000304e-05 1.272260000000000081e-05
9.980000000000000000e+02 6.401440000000000157e-05 1.271499999999999939e-05
9.990000000000000000e+02 6.424949999999999531e-05 1.270739999999999966e-05
1.000000000000000000e+03 6.448549999999999779e-05 1.269990000000000016e-05
1.001000000000000000e+03 6.472230000000000203e-05 1.269230000000000043e-05
1.002000000000000000e+03 6.496000000000000147e-05 1.268479999999999924e-05
1.003000000000000000e+03 6.519859999999999610e-05 1.267729999999999973e-05
1.004000000000000000e+03 6.543800000000000604e-05 1.266980000000000023e-05
1.005000000000000000e+03 6.567829999999999762e-05 1.266239999999999925e-05
1.006000000000000000e+03 6.591949999999999795e-05 1.265489999999999974e-05
1.007000000000000000e+03 6.616159999999999348e-05 1.264750000000000046e-05
1.008000000000000000e+03 6.640459999999999776e-05 1.264009999999999948e-05
1.009000000000000000e+03 6.664849999999999724e-05 1.263270000000000019e-05
1.010000000000000000e+03 6.689319999999999847e-05 1.262529999999999921e-05
1.011000000000000000e+03 6.713890000000000190e-05 1.261800000000000015e-05
1.012000000000000000e+03 6.738550000000000052e-05 1.261069999999999939e-05
1.013000000000000000e+03 6.763290000000000090e-05 1.260340000000000032e-05
1.014000000000000000e+03 6.788130000000000346e-05 1.259609999999999956e-05
1.015000000000000000e+03 6.813060000000000123e-05 1.258880000000000049e-05
1.016000000000000000e+03 6.838079999999999419e-05 1.258159999999999995e-05
1.017000000000000000e+03 6.863200000000000290e-05 1.257439999999999941e-05
1.018000000000000000e+03 6.888399999999999981e-05 1.256720000000000057e-05
1.019000000000000000e+03 6.913699999999999891e-05 1.256000000000000002e-05
1.020000000000000000e+03 6.939090000000000676e-05 1.255279999999999948e-05
1.021000000000000000e+03 6.964569999999999626e-05 1.254569999999999916e-05
1.022000000000000000e+03 6.990150000000000150e-05 1.253860000000000053e-05
1.023000000000000000e+03 7.015820000000000194e-05 1.253150000000000021e-05
1.024000000000000000e+03 7.041590000000000457e-05 1.252439999999999989e-05
1.025000000000000000e+03 7.067450000000000240e-05 1.251729999999999957e-05
1.026000000000000000e+03 7.093410000000000242e-05 1.251029999999999947e-05
1.027000000000000000e+03 7.119459999999999764e-05 1.250320000000000084e-05
1.028000000000000000e+03 7.145600000000000161e-05 1.249620000000000074e-05
1.029000000000000000e+03 7.171839999999999422e-05 1.248920000000000063e-05
1.030000000000000000e+03 7.198180000000000257e-05 1.248230000000000075e-05
1.031000000000000000e+03 7.224619999999999957e-05 1.247530000000000065e-05
1.032000000000000000e+03 7.251150000000000531e-05 1.246840000000000077e-05
1.033000000000000000e+03 7.277779999999999970e-05 1.246140000000000066e-05
1.034000000000000000e+03 7.304509999999999627e-05 1.245450000000000078e-05
1.035000000000000000e+03 7.331339999999999504e-05 1.244769999999999942e-05
1.036000000000000000e+03 7.358260000000000256e-05 1.244079999999999954e-05
1.037000000000000000e+03 7.358280000000000300e-05 1.243399999999999988e-05
1.038000000000000000e+03 7.331390000000000292e-05 1.242709999999999999e-05
1.039000000000000000e+03 7.304600000000000502e-05 1.242030000000000033e-05
1.040000000000000000e+03 7.277900000000000233e-05 1.241359999999999919e-05
1.041000000000000000e+03 7.251309999999999527e-05 1.240679999999999953e-05
1.042000000000000000e+03 7.224809999999999696e-05 1.239999999999999986e-05
1.043000000000000000e+03 7.198399999999999385e-05 1.239330000000000042e-05
1.044000000000000000e+03 7.172099999999999992e-05 1.238659999999999928e-05
1.045000000000000000e+03 7.145890000000000119e-05 1.237989999999999983e-05
1.046000000000000000e+03 7.119780000000000466e-05 1.237320000000000039e-05
1.047000000000000000e+03 7.093760000000000332e-05 1.236649999999999925e-05
1.048000000000000000e+03 7.067829999999999718e-05 1.235990000000000003e-05
1.049000000000000000e+03 7.042010000000000023e-05 1.235330000000000080e-05
1.050000000000000000e+03 7.016270000000000503e-05 1.234669999999999988e-05
1.051000000000000000e+03 6.990629999999999847e-05 1.234010000000000066e-05
1.052000000000000000e+03 6.965080000000000067e-05 1.233349999999999974e-05
1.053000000000000000e+03 6.939630000000000505e-05 1.232700000000000073e-05
1.054000000000000000e+03 6.914270000000000463e-05 1.232039999999999981e-05
1.055000000000000000e+03 6.888999999999999941e-05 1.231390000000000081e-05
1.056000000000000000e+03 6.863829999999999639e-05 1.230740000000000011e-05
1.057000000000000000e+03 6.838750000000000211e-05 1.230089999999999941e-05
1.058000000000000000e+03 6.813749999999999603e-05 1.229440000000000040e-05
1.059000000000000000e+03 6.788850000000000570e-05 1.228799999999999992e-05
1.060000000000000000e+03 6.764050000000000401e-05 1.228159999999999944e-05
1.061000000000000000e+03 6.739330000000000407e-05 1.227510000000000043e-05
1.062000000000000000e+03 6.714699999999999933e-05 1.226869999999999995e-05
1.063000000000000000e+03 6.690160000000000334e-05 1.226239999999999969e-05
1.064000000000000000e+03 6.665710000000000255e-05 1.225599999999999921e-05
1.065000000000000000e+03 6.641349999999999695e-05 1.224960000000000042e-05
1.066000000000000000e+03 6.617080000000000010e-05 1.224330000000000016e-05
1.067000000000000000e+03 6.592899999999999846e-05 1.223699999999999990e-05
1.068000000000000000e+03 6.568810000000000556e-05 1.223069999999999964e-05
1.069000000000000000e+03 6.544800000000000086e-05 1.222439999999999938e-05
1.070000000000000000e+03 6.520889999999999835e-05 1.221819999999999933e-05
1.071000000000000000e+03 6.497059999999999760e-05 1.221190000000000077e-05
1.072000000000000000e+03 6.473309999999999861e-05 1.220570000000000072e-05
1.073000000000000000e+03 6.449660000000000180e-05 1.219950000000000068e-05
1.074000000000000000e+03 6.426090000000000675e-05 1.219330000000000064e-05
1.075000000000000000e+03 6.402609999999999335e-05 1.218710000000000060e-05
1.076000000000000000e+03 6.379209999999999525e-05 1.218090000000000055e-05
1.077000000000000000e+03 6.358880000000000348e-05 1.217480000000000073e-05
1.078000000000000000e+03 6.341600000000000405e-05 1.216860000000000069e-05
1.079000000000000000e+03 6.324360000000000550e-05 1.216249999999999917e-05
1.080000000000000000e+03 6.307179999999999471e-05 1.215639999999999935e-05
1.081000000000000000e+03 6.290030000000000491e-05 1.215029999999999953e-05
1.082000000000000000e+03 6.272940000000000287e-05 1.214429999999999992e-05
1.083000000000000000e+03 6.255890000000000170e-05 1.213820000000000010e-05
1.084000000000000000e+03 6.238889999999999486e-05 1.213220000000000050e-05
1.085000000000000000e+03 6.221930000000000245e-05 1.212610000000000067e-05
1.086000000000000000e+03 6.205020000000000435e-05 1.212009999999999937e-05
1.087000000000000000e+03 6.188160000000000058e-05 1.211419999999999999e-05
1.088000000000000000e+03 6.171339999999999769e-05 1.210820000000000039e-05
1.089000000000000000e+03 6.154570000000000266e-05 1.210220000000000078e-05
1.090000000000000000e+03 6.137839999999999496e-05 1.209629999999999970e-05
1.091000000000000000e+03 6.121159999999999514e-05 1.209040000000000032e-05
1.092000000000000000e+03 6.104519999999999619e-05 1.208440000000000072e-05
1.093000000000000000e+03 6.087929999999999834e-05 1.207859999999999986e-05
1.094000000000000000e+03 6.071380000000000136e-05 1.207270000000000047e-05
1.095000000000000000e+03 6.054879999999999871e-05 1.206679999999999939e-05
1.096000000000000000e+03 6.038429999999999715e-05 1.206100000000000023e-05
1.097000000000000000e+03 6.022010000000000302e-05 1.205510000000000084e-05
1.098000000000000000e+03 6.005649999999999666e-05 1.204929999999999998e-05
1.099000000000000000e+03 5.989319999999999773e-05 1.204350000000000082e-05
1.100000000000000000e+03 5.973050000000000012e-05 1.203769999999999996e-05
1.101000000000000000e+03 5.956810000000000316e-05 1.203199999999999932e-05
1.102000000000000000e+03 5.940620000000000053e-05 1.202620000000000015e-05
1.103000000000000000e+03 5.924479999999999899e-05 1.202049999999999951e-05
1.104000000000000000e+03 5.908379999999999833e-05 1.201470000000000035e-05
1.105000000000000000e+03 5.892319999999999855e-05 1.200899999999999971e-05
1.106000000000000000e+03 5.876299999999999964e-05 1.200330000000000076e-05
1.107000000000000000e+03 5.860330000000000183e-05 1.199760000000000012e-05
1.108000000000000000e+03 5.844399999999999812e-05 1.199199999999999970e-05
1.109000000000000000e+03 5.828520000000000229e-05 1.198630000000000076e-05
1.110000000000000000e+03 5.812680000000000055e-05 1.198070000000000034e-05
1.111000000000000000e+03 5.796879999999999969e-05 1.197509999999999992e-05
1.112000000000000000e+03 5.781129999999999993e-05 1.196949999999999949e-05
1.113000000000000000e+03 5.765410000000000082e-05 1.196390000000000077e-05
1.114000000000000000e+03 5.749740000000000281e-05 1.195830000000000035e-05
1.115000000000000000e+03 5.734119999999999913e-05 1.195269999999999993e-05
1.116000000000000000e+03 5.718530000000000287e-05 1.194719999999999973e-05
1.117000000000000000e+03 5.711199999999999800e-05 1.194159999999999930e-05
1.118000000000000000e+03 5.712079999999999697e-05 1.193610000000000080e-05
1.119000000000000000e+03 5.712960000000000271e-05 1.193060000000000060e-05
1.120000000000000000e+03 5.713850000000000190e-05 1.192510000000000039e-05
1.121000000000000000e+03 5.714730000000000086e-05 1.191970000000000041e-05
1.122000000000000000e+03 5.715609999999999983e-05 1.191420000000000021e-05
1.123000000000000000e+03 5.716489999999999880e-05 1.190870000000000001e-05
1.124000000000000000e+03 5.717379999999999798e-05 1.190330000000000003e-05
1.125000000000000000e+03 5.718259999999999695e-05 1.189790000000000004e-05
1.126000000000000000e+03 5.719140000000000269e-05 1.189250000000000006e-05
1.127000000000000000e+03 5.720030000000000188e-05 1.188710000000000008e-05
1.128000000000000000e+03 5.720910000000000085e-05 1.188170000000000010e-05
1.129000000000000000e+03 5.721789999999999982e-05 1.187640000000000034e-05
1.130000000000000000e+03 5.722679999999999900e-05 1.187100000000000035e-05
1.131000000000000000e+03 5.723559999999999797e-05 1.186570000000000059e-05
1.132000000000000000e+03 5.724449999999999715e-05 1.186040000000000083e-05
1.133000000000000000e+03 5.725330000000000290e-05 1.185500000000000085e-05
1.134000000000000000e+03 5.726210000000000187e-05 1.184979999999999961e-05
1.135000000000000000e+03 5.727100000000000105e-05 1.184449999999999984e-05
1.136000000000000000e+03 5.727980000000000002e-05 1.183920000000000008e-05
1.137000000000000000e+03 5.728869999999999921e-05 1.183400000000000054e-05
1.138000000000000000e+03 5.729749999999999817e-05 1.182870000000000078e-05
1.139000000000000000e+03 5.730639999999999736e-05 1.182349999999999954e-05
1.140000000000000000e+03 5.731520000000000310e-05 1.181829999999999999e-05
1.141000000000000000e+03 5.732410000000000229e-05 1.181310000000000045e-05
1.142000000000000000e+03 5.733290000000000126e-05 1.180789999999999921e-05
1.143000000000000000e+03 5.734180000000000044e-05 1.180269999999999967e-05
1.144000000000000000e+03 5.735069999999999963e-05 1.179760000000000034e-05
1.145000000000000000e+03 5.735949999999999859e-05 1.179240000000000080e-05
1.146000000000000000e+03 5.736839999999999778e-05 1.178729999999999978e-05
1.147000000000000000e+03 5.737719999999999675e-05 1.178220000000000046e-05
1.148000000000000000e+03 5.738610000000000271e-05 1.177709999999999944e-05
1.149000000000000000e+03 5.739500000000000190e-05 1.177200000000000012e-05
1.150000000000000000e+03 5.740380000000000086e-05 1.176690000000000079e-05
1.151000000000000000e+03 5.741270000000000005e-05 1.176189999999999999e-05
1.152000000000000000e+03 5.742159999999999924e-05 1.175680000000000067e-05
1.153000000000000000e+03 5.743039999999999820e-05 1.175179999999999987e-05
1.154000000000000000e+03 5.743929999999999739e-05 1.174670000000000054e-05
1.155000000000000000e+03 5.744820000000000335e-05 1.174169999999999974e-05
1.156000000000000000e+03 5.745710000000000254e-05 1.173670000000000064e-05
1.157000000000000000e+03 5.733139999999999797e-05 1.173180000000000006e-05
1.158000000000000000e+03 5.707219999999999882e-05 1.172679999999999926e-05
1.159000000000000000e+03 5.681410000000000209e-05 1.172180000000000016e-05
1.160000000000000000e+03 5.655720000000000121e-05 1.171689999999999958e-05
1.161000000000000000e+03 5.630150000000000296e-05 1.171190000000000047e-05
1.162000000000000000e+03 5.604690000000000035e-05 1.170699999999999989e-05
1.163000000000000000e+03 5.579340000000000016e-05 1.170209999999999931e-05
1.164000000000000000e+03 5.554110000000000259e-05 1.169720000000000042e-05
1.165000000000000000e+03 5.529000000000000088e-05 1.169229999999999984e-05
1.166000000000000000e+03 5.504000000000000158e-05 1.168749999999999948e-05
1.167000000000000000e+03 5.479109999999999791e-05 1.168260000000000060e-05
1.168000000000000000e+03 5.454329999999999666e-05 1.167780000000000024e-05
1.169000000000000000e+03 5.429669999999999804e-05 1.167289999999999966e-05
1.170000000000000000e+03 5.405110000000000161e-05 1.166809999999999930e-05
1.171000000000000000e+03 5.380670000000000103e-05 1.166330000000000063e-05
1.172000000000000000e+03 5.356340000000000287e-05 1.165850000000000027e-05
1.173000000000000000e+03 5.332120000000000035e-05 1.165369999999999991e-05
1.174000000000000000e+03 5.308010000000000023e-05 1.164899999999999977e-05
1.175000000000000000e+03 5.284010000000000253e-05 1.164419999999999941e-05
1.176000000000000000e+03 5.260110000000000024e-05 1.163949999999999927e-05
1.177000000000000000e+03 5.236330000000000059e-05 1.163470000000000060e-05
1.178000000000000000e+03 5.212650000000000313e-05 1.163000000000000046e-05
1.179000000000000000e+03 5.189080000000000130e-05 1.162530000000000032e-05
1.180000000000000000e+03 5.165610000000000167e-05 1.162060000000000018e-05
1.181000000000000000e+03 5.142249999999999767e-05 1.161590000000000003e-05
1.182000000000000000e+03 5.119000000000000286e-05 1.161130000000000011e-05
1.183000000000000000e+03 5.095849999999999669e-05 1.160659999999999997e-05
1.184000000000000000e+03 5.072809999999999971e-05 1.160200000000000005e-05
1.185000000000000000e+03 5.049869999999999815e-05 1.159729999999999991e-05
1.186000000000000000e+03 5.027039999999999899e-05 1.159269999999999999e-05
1.187000000000000000e+03 5.004310000000000203e-05 1.158810000000000006e-05
1.188000000000000000e+03 4.981680000000000049e-05 1.158350000000000014e-05
1.189000000000000000e+03 4.959150000000000114e-05 1.157890000000000022e-05
1.190000000000000000e+03 4.936719999999999721e-05 1.157430000000000030e-05
1.191000000000000000e+03 4.914400000000000246e-05 1.156980000000000059e-05
1.192000000000000000e+03 4.892180000000000313e-05 1.156520000000000067e-05
1.193000000000000000e+03 4.870059999999999922e-05 1.156069999999999928e-05
1.194000000000000000e+03 4.848029999999999728e-05 1.155619999999999957e-05
1.195000000000000000e+03 4.826109999999999775e-05 1.155159999999999965e-05
1.196000000000000000e+03 4.804290000000000042e-05 1.154709999999999995e-05
1.197000000000000000e+03 4.802190000000000180e-05 1.154260000000000024e-05
1.198000000000000000e+03 4.819800000000000169e-05 1.153820000000000076e-05
1.199000000000000000e+03 4.837470000000000290e-05 1.153369999999999936e-05
1.200000000000000000e+03 4.855199999999999864e-05 1.152919999999999966e-05
1.201000000000000000e+03 4.873000000000000270e-05 1.152480000000000018e-05
1.202000000000000000e+03 4.890860000000000129e-05 1.152040000000000069e-05
1.203000000000000000e+03 4.908790000000000142e-05 1.151589999999999930e-05
1.204000000000000000e+03 4.926790000000000309e-05 1.151149999999999981e-05
1.205000000000000000e+03 4.944849999999999929e-05 1.150710000000000033e-05
1.206000000000000000e+03 4.962979999999999703e-05 1.150269999999999915e-05
1.207000000000000000e+03 4.981170000000000286e-05 1.149839999999999989e-05
1.208000000000000000e+03 4.999429999999999667e-05 1.149400000000000041e-05
1.209000000000000000e+03 5.017759999999999880e-05 1.148959999999999923e-05
1.210000000000000000e+03 5.036150000000000224e-05 1.148529999999999996e-05
1.211000000000000000e+03 5.054610000000000044e-05 1.148100000000000070e-05
1.212000000000000000e+03 5.073140000000000017e-05 1.147659999999999952e-05
1.213000000000000000e+03 5.091740000000000144e-05 1.147230000000000026e-05
1.214000000000000000e+03 5.110409999999999747e-05 1.146799999999999930e-05
1.215000000000000000e+03 5.129140000000000159e-05 1.146380000000000025e-05
1.216000000000000000e+03 5.147950000000000068e-05 1.145949999999999930e-05
1.217000000000000000e+03 5.166820000000000109e-05 1.145520000000000003e-05
1.218000000000000000e+03 5.185760000000000304e-05 1.145099999999999929e-05
1.219000000000000000e+03 5.204769999999999975e-05 1.144670000000000003e-05
1.220000000000000000e+03 5.223849999999999799e-05 1.144249999999999929e-05
1.221000000000000000e+03 5.242999999999999777e-05 1.143830000000000024e-05
1.222000000000000000e+03 5.262219999999999908e-05 1.143409999999999950e-05
1.223000000000000000e+03 5.281510000000000192e-05 1.142990000000000046e-05
1.224000000000000000e+03 5.300869999999999953e-05 1.142569999999999972e-05
1.225000000000000000e+03 5.320299999999999867e-05 1.142150000000000068e-05
1.226000000000000000e+03 5.339809999999999956e-05 1.141729999999999994e-05
1.227000000000000000e+03 5.359380000000000177e-05 1.141319999999999942e-05
1.228000000000000000e+03 5.379029999999999895e-05 1.140900000000000037e-05
1.229000000000000000e+03 5.398749999999999768e-05 1.140489999999999985e-05
1.230000000000000000e+03 5.418539999999999793e-05 1.140079999999999933e-05
1.231000000000000000e+03 5.438409999999999994e-05 1.139670000000000051e-05
1.232000000000000000e+03 5.458340000000000327e-05 1.139259999999999999e-05
1.233000000000000000e+03 5.478350000000000157e-05 1.138849999999999947e-05
1.234000000000000000e+03 5.498440000000000163e-05 1.138440000000000064e-05
1.235000000000000000e+03 5.518590000000000301e-05 1.138030000000000012e-05
1.236000000000000000e+03 5.538819999999999936e-05 1.137629999999999982e-05
1.237000000000000000e+03 5.546879999999999991e-05 1.137219999999999930e-05
1.238000000000000000e+03 5.554950000000000068e-05 1.136820000000000069e-05
1.239000000000000000e+03 5.563020000000000145e-05 1.136410000000000018e-05
1.240000000000000000e+03 5.571120000000000287e-05 1.136009999999999987e-05
1.241000000000000000e+03 5.579219999999999752e-05 1.135609999999999957e-05
1.242000000000000000e+03 5.587329999999999917e-05 1.135209999999999927e-05
1.243000000000000000e+03 5.595460000000000125e-05 1.134810000000000067e-05
1.244000000000000000e+03 5.603599999999999678e-05 1.134420000000000059e-05
1.245000000000000000e+03 5.611749999999999931e-05 1.134020000000000029e-05
1.246000000000000000e+03 5.619910000000000205e-05 1.133619999999999998e-05
1.247000000000000000e+03 5.628079999999999823e-05 1.133229999999999990e-05
1.248000000000000000e+03 5.636270000000000163e-05 1.132839999999999982e-05
1.249000000000000000e+03 5.644459999999999826e-05 1.132439999999999952e-05
1.250000000000000000e+03 5.652670000000000210e-05 1.132049999999999944e-05
1.251000000000000000e+03 5.660889999999999938e-05 1.131659999999999936e-05
1.252000000000000000e+03 5.669129999999999710e-05 1.131269999999999928e-05
1.253000000000000000e+03 5.677370000000000159e-05 1.130879999999999920e-05
1.254000000000000000e+03 5.685629999999999975e-05 1.130499999999999933e-05
1.255000000000000000e+03 5.693899999999999813e-05 1.130109999999999925e-05
1.256000000000000000e+03 5.702179999999999673e-05 1.129719999999999917e-05
1.257000000000000000e+03 5.710470000000000232e-05 1.129339999999999931e-05
1.258000000000000000e+03 5.718780000000000158e-05 1.128959999999999945e-05
1.259000000000000000e+03 5.727090000000000083e-05 1.128569999999999937e-05
1.260000000000000000e+03 5.735420000000000053e-05 1.128189999999999951e-05
1.261000000000000000e+03 5.743760000000000044e-05 1.127809999999999964e-05
1.262000000000000000e+03 5.752120000000000079e-05 1.127429999999999978e-05
1.263000000000000000e+03 5.760480000000000114e-05 1.127060000000000014e-05
1.264000000000000000e+03 5.768860000000000193e-05 1.126680000000000028e-05
1.265000000000000000e+03 5.777250000000000294e-05 1.126300000000000041e-05
1.266000000000000000e+03 5.785649999999999739e-05 1.125930000000000077e-05
1.267000000000000000e+03 5.794069999999999906e-05 1.125549999999999922e-05
1.268000000000000000e+03 5.802490000000000073e-05 1.125179999999999957e-05
1.269000000000000000e+03 5.810930000000000283e-05 1.124809999999999993e-05
1.270000000000000000e+03 5.819379999999999838e-05 1.124430000000000007e-05
1.271000000000000000e+03 5.827850000000000115e-05 1.124060000000000043e-05
1.272000000000000000e+03 5.836319999999999713e-05 1.123690000000000078e-05
1.273000000000000000e+03 5.844810000000000034e-05 1.123329999999999967e-05
1.274000000000000000e+03 5.853309999999999698e-05 1.122960000000000002e-05
1.275000000000000000e+03 5.861820000000000062e-05 1.122590000000000038e-05
1.276000000000000000e+03 5.860809999999999880e-05 1.122229999999999926e-05
1.277000000000000000e+03 5.850279999999999830e-05 1.121859999999999962e-05
1.278000000000000000e+03 5.839759999999999802e-05 1.121500000000000020e-05
1.279000000000000000e+03 5.829259999999999818e-05 1.121130000000000055e-05
1.280000000000000000e+03 5.818789999999999900e-05 1.120769999999999944e-05
1.281000000000000000e+03 5.808330000000000003e-05 1.120410000000000001e-05
1.282000000000000000e+03 5.797890000000000151e-05 1.120050000000000059e-05
1.283000000000000000e+03 5.787460000000000320e-05 1.119689999999999947e-05
1.284000000000000000e+03 5.777059999999999878e-05 1.119330000000000005e-05
1.285000000000000000e+03 5.766680000000000157e-05 1.118980000000000084e-05
1.286000000000000000e+03 5.756309999999999780e-05 1.118619999999999973e-05
1.287000000000000000e+03 5.745960000000000124e-05 1.118260000000000030e-05
1.288000000000000000e+03 5.735629999999999835e-05 1.117909999999999941e-05
1.289000000000000000e+03 5.725320000000000268e-05 1.117560000000000020e-05
1.290000000000000000e+03 5.715030000000000067e-05 1.117200000000000078e-05
1.291000000000000000e+03 5.704759999999999909e-05 1.116849999999999988e-05
1.292000000000000000e+03 5.694509999999999795e-05 1.116500000000000068e-05
1.293000000000000000e+03 5.684269999999999704e-05 1.116149999999999978e-05
1.294000000000000000e+03 5.674050000000000334e-05 1.115800000000000057e-05
1.295000000000000000e+03 5.663850000000000330e-05 1.115459999999999989e-05
1.296000000000000000e+03 5.653669999999999692e-05 1.115110000000000069e-05
1.297000000000000000e+03 5.643509999999999776e-05 1.114759999999999979e-05
1.298000000000000000e+03 5.633369999999999903e-05 1.114420000000000081e-05
1.299000000000000000e+03 5.623240000000000053e-05 1.114069999999999991e-05
1.300000000000000000e+03 5.613130000000000246e-05 1.113729999999999923e-05
1.301000000000000000e+03 5.603039999999999806e-05 1.113390000000000024e-05
1.302000000000000000e+03 5.592970000000000087e-05 1.113039999999999935e-05
1.303000000000000000e+03 5.582919999999999734e-05 1.112700000000000036e-05
1.304000000000000000e+03 5.572880000000000081e-05 1.112359999999999968e-05
1.305000000000000000e+03 5.562859999999999794e-05 1.112029999999999922e-05
1.306000000000000000e+03 5.552870000000000250e-05 1.111690000000000024e-05
1.307000000000000000e+03 5.542880000000000029e-05 1.111349999999999956e-05
1.308000000000000000e+03 5.532919999999999874e-05 1.111010000000000057e-05
1.309000000000000000e+03 5.522969999999999740e-05 1.110680000000000011e-05
1.310000000000000000e+03 5.513049999999999673e-05 1.110339999999999944e-05
1.311000000000000000e+03 5.503140000000000305e-05 1.110010000000000067e-05
1.312000000000000000e+03 5.493250000000000303e-05 1.109680000000000021e-05
1.313000000000000000e+03 5.483370000000000323e-05 1.109349999999999975e-05
1.314000000000000000e+03 5.473509999999999709e-05 1.109010000000000077e-05
1.315000000000000000e+03 5.463679999999999839e-05 1.108680000000000031e-05
1.316000000000000000e+03 5.447430000000000121e-05 1.108360000000000007e-05
1.317000000000000000e+03 5.424840000000000055e-05 1.108029999999999961e-05
1.318000000000000000e+03 5.402340000000000186e-05 1.107700000000000084e-05
1.319000000000000000e+03 5.379929999999999836e-05 1.107370000000000038e-05
1.320000000000000000e+03 5.357609999999999684e-05 1.107050000000000014e-05
1.321000000000000000e+03 5.335389999999999751e-05 1.106719999999999968e-05
1.322000000000000000e+03 5.313260000000000015e-05 1.106399999999999944e-05
1.323000000000000000e+03 5.291219999999999799e-05 1.106070000000000067e-05
1.324000000000000000e+03 5.269279999999999803e-05 1.105750000000000043e-05
1.325000000000000000e+03 5.247419999999999982e-05 1.105430000000000019e-05
1.326000000000000000e+03 5.225659999999999702e-05 1.105109999999999995e-05
1.327000000000000000e+03 5.203980000000000275e-05 1.104789999999999971e-05
1.328000000000000000e+03 5.182399999999999713e-05 1.104469999999999947e-05
1.329000000000000000e+03 5.160900000000000004e-05 1.104149999999999923e-05
1.330000000000000000e+03 5.139499999999999836e-05 1.103839999999999921e-05
1.331000000000000000e+03 5.118179999999999843e-05 1.103520000000000066e-05
1.332000000000000000e+03 5.096950000000000048e-05 1.103200000000000042e-05
1.333000000000000000e+03 5.075809999999999773e-05 1.102890000000000040e-05
1.334000000000000000e+03 5.054759999999999695e-05 1.102570000000000016e-05
1.335000000000000000e+03 5.033789999999999792e-05 1.102260000000000014e-05
1.336000000000000000e+03 5.012910000000000087e-05 1.101950000000000012e-05
1.337000000000000000e+03 4.992119999999999902e-05 1.101640000000000010e-05
1.338000000000000000e+03 4.971409999999999892e-05 1.101330000000000008e-05
1.339000000000000000e+03 4.950790000000000079e-05 1.101020000000000006e-05
1.340000000000000000e+03 4.930259999999999786e-05 1.100710000000000004e-05
1.341000000000000000e+03 4.909809999999999668e-05 1.100400000000000001e-05
1.342000000000000000e+03 4.889439999999999726e-05 1.100089999999999999e-05
1.343000000000000000e+03 4.869159999999999981e-05 1.099790000000000019e-05
1.344000000000000000e+03 4.848969999999999756e-05 1.099480000000000017e-05
1.345000000000000000e+03 4.828859999999999706e-05 1.099180000000000037e-05
1.346000000000000000e+03 4.808829999999999832e-05 1.098870000000000035e-05
1.347000000000000000e+03 4.788880000000000133e-05 1.098570000000000055e-05
1.348000000000000000e+03 4.769019999999999954e-05 1.098270000000000074e-05
1.349000000000000000e+03 4.749239999999999950e-05 1.097960000000000072e-05
1.350000000000000000e+03 4.729540000000000122e-05 1.097659999999999923e-05
1.351000000000000000e+03 4.709919999999999791e-05 1.097359999999999942e-05
1.352000000000000000e+03 4.690390000000000336e-05 1.097059999999999962e-05
1.353000000000000000e+03 4.670929999999999679e-05 1.096770000000000004e-05
1.354000000000000000e+03 4.651559999999999896e-05 1.096470000000000024e-05
1.355000000000000000e+03 4.632270000000000289e-05 1.096170000000000044e-05
1.356000000000000000e+03 4.619540000000000159e-05 1.095879999999999916e-05
1.357000000000000000e+03 4.613340000000000116e-05 1.095579999999999936e-05
1.358000000000000000e+03 4.607140000000000074e-05 1.095289999999999978e-05
1.359000000000000000e+03 4.600950000000000054e-05 1.094989999999999997e-05
1.360000000000000000e+03 4.594770000000000055e-05 1.094700000000000039e-05
1.361000000000000000e+03 4.588600000000000079e-05 1.094410000000000081e-05
1.362000000000000000e+03 4.582430000000000102e-05 1.094119999999999953e-05
1.363000000000000000e+03 4.576280000000000170e-05 1.093829999999999995e-05
1.364000000000000000e+03 4.570130000000000237e-05 1.093540000000000037e-05
1.365000000000000000e+03 4.563990000000000326e-05 1.093250000000000078e-05
1.366000000000000000e+03 4.557859999999999760e-05 1.092959999999999951e-05
1.367000000000000000e+03 4.551739999999999893e-05 1.092669999999999992e-05
1.368000000000000000e+03 4.545620000000000026e-05 1.092380000000000034e-05
1.369000000000000000e+03 4.539520000000000203e-05 1.092099999999999928e-05
1.370000000000000000e+03 4.533419999999999703e-05 1.091809999999999970e-05
1.371000000000000000e+03 4.527329999999999901e-05 1.091530000000000034e-05
1.372000000000000000e+03 4.521250000000000122e-05 1.091249999999999928e-05
1.373000000000000000e+03 4.515169999999999666e-05 1.090959999999999970e-05
1.374000000000000000e+03 4.509109999999999930e-05 1.090680000000000034e-05
1.375000000000000000e+03 4.503050000000000195e-05 1.090399999999999928e-05
1.376000000000000000e+03 4.496999999999999804e-05 1.090119999999999991e-05
1.377000000000000000e+03 4.490960000000000112e-05 1.089840000000000055e-05
1.378000000000000000e+03 4.484929999999999765e-05 1.089559999999999949e-05
1.379000000000000000e+03 4.478900000000000096e-05 1.089280000000000013e-05
1.380000000000000000e+03 4.472879999999999771e-05 1.089009999999999929e-05
1.381000000000000000e+03 4.466880000000000167e-05 1.088729999999999993e-05
1.382000000000000000e+03 4.460869999999999864e-05 1.088450000000000057e-05
1.383000000000000000e+03 4.454880000000000282e-05 1.088179999999999973e-05
1.384000000000000000e+03 4.448900000000000044e-05 1.087900000000000036e-05
1.385000000000000000e+03 4.442919999999999807e-05 1.087629999999999953e-05
1.386000000000000000e+03 4.436950000000000269e-05 1.087360000000000038e-05
1.387000000000000000e+03 4.430990000000000075e-05 1.087079999999999932e-05
1.388000000000000000e+03 4.425039999999999903e-05 1.086810000000000018e-05
1.389000000000000000e+03 4.419099999999999754e-05 1.086539999999999934e-05
1.390000000000000000e+03 4.413160000000000281e-05 1.086270000000000020e-05
1.391000000000000000e+03 4.407230000000000153e-05 1.085999999999999936e-05
1.392000000000000000e+03 4.401310000000000048e-05 1.085730000000000022e-05
1.393000000000000000e+03 4.395399999999999964e-05 1.085469999999999960e-05
1.394000000000000000e+03 4.389489999999999879e-05 1.085200000000000045e-05
1.395000000000000000e+03 4.383599999999999839e-05 1.084929999999999962e-05
1.396000000000000000e+03 4.383589999999999817e-05 1.084670000000000069e-05
1.397000000000000000e+03 4.389469999999999836e-05 1.084399999999999985e-05
1.398000000000000000e+03 4.395349999999999854e-05 1.084139999999999923e-05
1.399000000000000000e+03 4.401249999999999916e-05 1.083870000000000009e-05
1.400000000000000000e+03 4.407149999999999978e-05 1.083609999999999947e-05
1.401000000000000000e+03 4.413060000000000062e-05 1.083350000000000055e-05
1.402000000000000000e+03 4.418980000000000168e-05 1.083089999999999993e-05
1.403000000000000000e+03 4.424900000000000274e-05 1.082829999999999931e-05
1.404000000000000000e+03 4.430829999999999724e-05 1.082570000000000038e-05
1.405000000000000000e+03 4.436779999999999896e-05 1.082309999999999976e-05
1.406000000000000000e+03 4.442730000000000068e-05 1.082050000000000084e-05
1.407000000000000000e+03 4.448680000000000239e-05 1.081790000000000022e-05
1.408000000000000000e+03 4.454649999999999777e-05 1.081539999999999982e-05
1.409000000000000000e+03 4.460619999999999993e-05 1.081279999999999920e-05
1.410000000000000000e+03 4.466600000000000230e-05 1.081020000000000028e-05
1.411000000000000000e+03 4.472589999999999812e-05 1.080769999999999988e-05
1.412000000000000000e+03 4.478590000000000094e-05 1.080509999999999926e-05
1.413000000000000000e+03 4.484599999999999719e-05 1.080260000000000055e-05
1.414000000000000000e+03 4.490610000000000023e-05 1.080010000000000015e-05
1.415000000000000000e+03 4.496629999999999670e-05 1.079759999999999975e-05
1.416000000000000000e+03 4.502660000000000017e-05 1.079500000000000083e-05
1.417000000000000000e+03 4.508699999999999709e-05 1.079250000000000043e-05
1.418000000000000000e+03 4.514750000000000100e-05 1.079000000000000003e-05
1.419000000000000000e+03 4.520799999999999813e-05 1.078749999999999963e-05
1.420000000000000000e+03 4.526860000000000226e-05 1.078509999999999945e-05
1.421000000000000000e+03 4.532929999999999983e-05 1.078260000000000075e-05
1.422000000000000000e+03 4.539009999999999763e-05 1.078010000000000035e-05
1.423000000000000000e+03 4.545100000000000241e-05 1.077759999999999995e-05
1.424000000000000000e+03 4.551190000000000042e-05 1.077519999999999977e-05
1.425000000000000000e+03 4.557299999999999887e-05 1.077269999999999937e-05
1.426000000000000000e+03 4.563409999999999732e-05 1.077029999999999919e-05
1.427000000000000000e+03 4.569530000000000277e-05 1.076780000000000048e-05
1.428000000000000000e+03 4.575650000000000144e-05 1.076540000000000030e-05
1.429000000000000000e+03 4.581790000000000054e-05 1.076300000000000012e-05
1.430000000000000000e+03 4.587929999999999965e-05 1.076059999999999994e-05
1.431000000000000000e+03 4.594089999999999920e-05 1.075819999999999976e-05
1.432000000000000000e+03 4.600249999999999874e-05 1.075579999999999958e-05
1.433000000000000000e+03 4.606419999999999851e-05 1.075339999999999940e-05
1.434000000000000000e+03 4.612589999999999827e-05 1.075099999999999922e-05
1.435000000000000000e+03 4.618779999999999848e-05 1.074860000000000073e-05
1.436000000000000000e+03 4.612869999999999763e-05 1.074620000000000055e-05
1.437000000000000000e+03 4.594909999999999685e-05 1.074380000000000037e-05
1.438000000000000000e+03 4.577029999999999781e-05 1.074150000000000041e-05
1.439000000000000000e+03 4.559210000000000010e-05 1.073910000000000023e-05
1.440000000000000000e+03 4.541469999999999736e-05 1.073680000000000027e-05
1.441000000000000000e+03 4.523790000000000271e-05 1.073440000000000009e-05
1.442000000000000000e+03 4.506180000000000282e-05 1.073210000000000013e-05
1.443000000000000000e+03 4.488639999999999769e-05 1.072980000000000017e-05
1.444000000000000000e+03 4.471170000000000087e-05 1.072739999999999999e-05
1.445000000000000000e+03 4.453759999999999859e-05 1.072510000000000003e-05
1.446000000000000000e+03 4.436429999999999806e-05 1.072280000000000006e-05
1.447000000000000000e+03 4.419159999999999885e-05 1.072050000000000010e-05
1.448000000000000000e+03 4.401960000000000118e-05 1.071820000000000014e-05
1.449000000000000000e+03 4.384819999999999804e-05 1.071590000000000018e-05
1.450000000000000000e+03 4.367750000000000321e-05 1.071360000000000022e-05
1.451000000000000000e+03 4.350750000000000315e-05 1.071130000000000026e-05
1.452000000000000000e+03 4.333819999999999784e-05 1.070910000000000052e-05
1.453000000000000000e+03 4.316950000000000062e-05 1.070680000000000056e-05
1.454000000000000000e+03 4.300139999999999795e-05 1.070450000000000060e-05
1.455000000000000000e+03 4.283409999999999703e-05 1.070229999999999916e-05
1.456000000000000000e+03 4.266729999999999720e-05 1.069999999999999920e-05
1.457000000000000000e+03 4.250129999999999913e-05 1.069779999999999946e-05
1.458000000000000000e+03 4.233580000000000215e-05 1.069559999999999971e-05
1.459000000000000000e+03 4.217099999999999994e-05 1.069329999999999975e-05
1.460000000000000000e+03 4.200689999999999925e-05 1.069110000000000001e-05
1.461000000000000000e+03 4.184339999999999989e-05 1.068890000000000027e-05
1.462000000000000000e+03 4.168050000000000184e-05 1.068670000000000053e-05
1.463000000000000000e+03 4.151829999999999854e-05 1.068450000000000079e-05
1.464000000000000000e+03 4.135660000000000312e-05 1.068229999999999935e-05
1.465000000000000000e+03 4.119570000000000268e-05 1.068009999999999961e-05
1.466000000000000000e+03 4.103530000000000334e-05 1.067789999999999987e-05
1.467000000000000000e+03 4.087559999999999875e-05 1.067580000000000034e-05
1.468000000000000000e+03 4.071650000000000226e-05 1.067360000000000060e-05
1.469000000000000000e+03 4.055800000000000030e-05 1.067139999999999917e-05
1.470000000000000000e+03 4.040009999999999966e-05 1.066929999999999964e-05
1.471000000000000000e+03 4.024290000000000056e-05 1.066709999999999990e-05
1.472000000000000000e+03 4.008620000000000255e-05 1.066500000000000038e-05
1.473000000000000000e+03 3.993019999999999930e-05 1.066280000000000064e-05
1.474000000000000000e+03 3.977479999999999736e-05 1.066069999999999942e-05
1.475000000000000000e+03 3.961990000000000330e-05 1.065859999999999990e-05
1.476000000000000000e+03 3.956390000000000248e-05 1.065650000000000038e-05
1.477000000000000000e+03 3.960640000000000081e-05 1.065430000000000064e-05
1.478000000000000000e+03 3.964889999999999913e-05 1.065219999999999942e-05
1.479000000000000000e+03 3.969139999999999745e-05 1.065009999999999990e-05
1.480000000000000000e+03 3.973400000000000277e-05 1.064800000000000037e-05
1.481000000000000000e+03 3.977660000000000131e-05 1.064589999999999916e-05
1.482000000000000000e+03 3.981919999999999985e-05 1.064389999999999985e-05
1.483000000000000000e+03 3.986189999999999861e-05 1.064180000000000033e-05
1.484000000000000000e+03 3.990469999999999759e-05 1.063970000000000081e-05
1.485000000000000000e+03 3.994750000000000335e-05 1.063759999999999959e-05
1.486000000000000000e+03 3.999030000000000233e-05 1.063560000000000029e-05
1.487000000000000000e+03 4.003320000000000153e-05 1.063350000000000077e-05
1.488000000000000000e+03 4.007620000000000095e-05 1.063149999999999977e-05
1.489000000000000000e+03 4.011920000000000037e-05 1.062940000000000025e-05
1.490000000000000000e+03 4.016219999999999979e-05 1.062739999999999925e-05
1.491000000000000000e+03 4.020529999999999943e-05 1.062539999999999995e-05
1.492000000000000000e+03 4.024839999999999906e-05 1.062340000000000064e-05
1.493000000000000000e+03 4.029159999999999892e-05 1.062129999999999943e-05
1.494000000000000000e+03 4.033479999999999878e-05 1.061930000000000012e-05
1.495000000000000000e+03 4.037799999999999864e-05 1.061730000000000082e-05
1.496000000000000000e+03 4.042129999999999871e-05 1.061529999999999982e-05
1.497000000000000000e+03 4.046469999999999901e-05 1.061330000000000052e-05
1.498000000000000000e+03 4.050809999999999931e-05 1.061129999999999952e-05
1.499000000000000000e+03 4.055159999999999982e-05 1.060940000000000044e-05
1.500000000000000000e+03 4.059500000000000012e-05 1.060739999999999944e-05
1.501000000000000000e+03 4.063860000000000085e-05 1.060540000000000014e-05
1.502000000000000000e+03 4.068220000000000159e-05 1.060349999999999936e-05
1.503000000000000000e+03 4.072580000000000232e-05 1.060150000000000006e-05
1.504000000000000000e+03 4.076950000000000327e-05 1.059950000000000075e-05
1.505000000000000000e+03 4.081319999999999745e-05 1.059759999999999998e-05
1.506000000000000000e+03 4.085699999999999862e-05 1.059569999999999920e-05
1.507000000000000000e+03 4.090079999999999980e-05 1.059369999999999989e-05
1.508000000000000000e+03 4.094470000000000119e-05 1.059180000000000081e-05
1.509000000000000000e+03 4.098860000000000258e-05 1.058990000000000003e-05
1.510000000000000000e+03 4.103259999999999742e-05 1.058799999999999925e-05
1.511000000000000000e+03 4.107659999999999903e-05 1.058599999999999995e-05
1.512000000000000000e+03 4.112060000000000064e-05 1.058409999999999917e-05
1.513000000000000000e+03 4.116470000000000247e-05 1.058220000000000009e-05
1.514000000000000000e+03 4.120889999999999775e-05 1.058029999999999931e-05
1.515000000000000000e+03 4.125309999999999980e-05 1.057850000000000045e-05
1.516000000000000000e+03 4.128240000000000306e-05 1.057659999999999967e-05
1.517000000000000000e+03 4.129690000000000097e-05 1.057470000000000058e-05
1.518000000000000000e+03 4.131139999999999888e-05 1.057279999999999981e-05
1.519000000000000000e+03 4.132589999999999679e-05 1.057099999999999925e-05
1.520000000000000000e+03 4.134040000000000148e-05 1.056910000000000016e-05
1.521000000000000000e+03 4.135489999999999940e-05 1.056719999999999939e-05
1.522000000000000000e+03 4.136939999999999731e-05 1.056540000000000052e-05
1.523000000000000000e+03 4.138390000000000200e-05 1.056359999999999996e-05
1.524000000000000000e+03 4.139839999999999991e-05 1.056169999999999918e-05
1.525000000000000000e+03 4.141299999999999804e-05 1.055990000000000032e-05
1.526000000000000000e+03 4.142750000000000273e-05 1.055809999999999976e-05
1.527000000000000000e+03 4.144200000000000065e-05 1.055620000000000068e-05
1.528000000000000000e+03 4.145649999999999856e-05 1.055440000000000012e-05
1.529000000000000000e+03 4.147109999999999669e-05 1.055259999999999956e-05
1.530000000000000000e+03 4.148560000000000138e-05 1.055080000000000069e-05
1.531000000000000000e+03 4.150019999999999951e-05 1.054900000000000014e-05
1.532000000000000000e+03 4.151469999999999743e-05 1.054719999999999958e-05
1.533000000000000000e+03 4.152930000000000234e-05 1.054540000000000071e-05
1.534000000000000000e+03 4.154390000000000047e-05 1.054360000000000015e-05
1.535000000000000000e+03 4.155839999999999838e-05 1.054189999999999981e-05
1.536000000000000000e+03 4.157300000000000329e-05 1.054009999999999926e-05
1.537000000000000000e+03 4.158760000000000142e-05 1.053830000000000039e-05
1.538000000000000000e+03 4.160219999999999955e-05 1.053660000000000005e-05
1.539000000000000000e+03 4.161679999999999769e-05 1.053479999999999949e-05
1.540000000000000000e+03 4.163140000000000259e-05 1.053310000000000085e-05
1.541000000000000000e+03 4.164600000000000073e-05 1.053130000000000029e-05
1.542000000000000000e+03 4.166059999999999886e-05 1.052959999999999995e-05
1.543000000000000000e+03 4.167519999999999699e-05 1.052789999999999961e-05
1.544000000000000000e+03 4.168980000000000190e-05 1.052610000000000074e-05
1.545000000000000000e+03 4.170440000000000003e-05 1.052440000000000041e-05
1.546000000000000000e+03 4.171909999999999838e-05 1.052270000000000007e-05
1.547000000000000000e+03 4.173370000000000329e-05 1.052099999999999973e-05
1.548000000000000000e+03 4.174830000000000142e-05 1.051929999999999939e-05
1.549000000000000000e+03 4.176299999999999978e-05 1.051760000000000074e-05
1.550000000000000000e+03 4.177759999999999791e-05 1.051590000000000040e-05
1.551000000000000000e+03 4.179230000000000304e-05 1.051420000000000006e-05
1.552000000000000000e+03 4.180690000000000117e-05 1.051249999999999972e-05
1.553000000000000000e+03 4.182159999999999952e-05 1.051079999999999938e-05
1.554000000000000000e+03 4.183629999999999787e-05 1.050919999999999926e-05
1.555000000000000000e+03 4.185100000000000300e-05 1.050750000000000062e-05
1.556000000000000000e+03 4.183800000000000160e-05 1.050580000000000028e-05
1.557000000000000000e+03 4.179760000000000110e-05 1.050420000000000016e-05
1.558000000000000000e+03 4.175710000000000039e-05 1.050249999999999982e-05
1.559000000000000000e+03 4.171669999999999990e-05 1.050089999999999970e-05
1.560000000000000000e+03 4.167639999999999962e-05 1.049919999999999936e-05
1.561000000000000000e+03 4.163609999999999935e-05 1.049759999999999924e-05
1.562000000000000000e+03 4.159579999999999907e-05 1.049600000000000081e-05
1.563000000000000000e+03 4.155559999999999902e-05 1.049430000000000047e-05
1.564000000000000000e+03 4.151539999999999896e-05 1.049270000000000035e-05
1.565000000000000000e+03 4.147519999999999891e-05 1.049110000000000023e-05
1.566000000000000000e+03 4.143509999999999907e-05 1.048950000000000011e-05
1.567000000000000000e+03 4.139499999999999923e-05 1.048789999999999999e-05
1.568000000000000000e+03 4.135499999999999962e-05 1.048629999999999987e-05
1.569000000000000000e+03 4.131500000000000000e-05 1.048469999999999975e-05
1.570000000000000000e+03 4.127500000000000038e-05 1.048309999999999963e-05
1.571000000000000000e+03 4.123510000000000098e-05 1.048149999999999951e-05
1.572000000000000000e+03 4.119520000000000159e-05 1.047989999999999939e-05
1.573000000000000000e+03 4.115530000000000219e-05 1.047839999999999949e-05
1.574000000000000000e+03 4.111550000000000301e-05 1.047679999999999937e-05
1.575000000000000000e+03 4.107569999999999706e-05 1.047519999999999925e-05
1.576000000000000000e+03 4.103599999999999810e-05 1.047369999999999935e-05
1.577000000000000000e+03 4.099629999999999914e-05 1.047209999999999923e-05
1.578000000000000000e+03 4.095670000000000040e-05 1.047059999999999933e-05
1.579000000000000000e+03 4.091700000000000144e-05 1.046899999999999921e-05
1.580000000000000000e+03 4.087750000000000292e-05 1.046749999999999931e-05
1.581000000000000000e+03 4.083789999999999740e-05 1.046599999999999941e-05
1.582000000000000000e+03 4.079839999999999888e-05 1.046439999999999929e-05
1.583000000000000000e+03 4.075900000000000058e-05 1.046289999999999938e-05
1.584000000000000000e+03 4.071950000000000206e-05 1.046139999999999948e-05
1.585000000000000000e+03 4.068009999999999698e-05 1.045989999999999958e-05
1.586000000000000000e+03 4.064079999999999890e-05 1.045839999999999968e-05
1.587000000000000000e+03 4.060150000000000082e-05 1.045689999999999978e-05
1.588000000000000000e+03 4.056220000000000273e-05 1.045539999999999988e-05
1.589000000000000000e+03 4.052299999999999810e-05 1.045389999999999998e-05
1.590000000000000000e+03 4.048380000000000023e-05 1.045240000000000008e-05
1.591000000000000000e+03 4.044460000000000237e-05 1.045090000000000018e-05
1.592000000000000000e+03 4.040549999999999795e-05 1.044940000000000028e-05
1.593000000000000000e+03 4.036640000000000031e-05 1.044800000000000059e-05
1.594000000000000000e+03 4.032730000000000266e-05 1.044650000000000069e-05
1.595000000000000000e+03 4.028829999999999846e-05 1.044500000000000079e-05
1.596000000000000000e+03 4.025830000000000044e-05 1.044359999999999942e-05
1.597000000000000000e+03 4.023730000000000183e-05 1.044209999999999952e-05
1.598000000000000000e+03 4.021620000000000300e-05 1.044069999999999983e-05
1.599000000000000000e+03 4.019519999999999761e-05 1.043919999999999993e-05
1.600000000000000000e+03 4.017419999999999900e-05 1.043780000000000025e-05
1.601000000000000000e+03 4.015320000000000038e-05 1.043640000000000057e-05
1.602000000000000000e+03 4.013220000000000177e-05 1.043490000000000067e-05
1.603000000000000000e+03 4.011120000000000316e-05 1.043349999999999929e-05
1.604000000000000000e+03 4.009019999999999777e-05 1.043209999999999961e-05
1.605000000000000000e+03 4.006919999999999915e-05 1.043069999999999993e-05
1.606000000000000000e+03 4.004830000000000076e-05 1.042930000000000025e-05
1.607000000000000000e+03 4.002730000000000215e-05 1.042790000000000057e-05
1.608000000000000000e+03 4.000639999999999698e-05 1.042649999999999919e-05
1.609000000000000000e+03 3.998549999999999858e-05 1.042509999999999951e-05
1.610000000000000000e+03 3.996460000000000019e-05 1.042369999999999983e-05
1.611000000000000000e+03 3.994370000000000180e-05 1.042230000000000015e-05
1.612000000000000000e+03 3.992279999999999663e-05 1.042090000000000046e-05
1.613000000000000000e+03 3.990189999999999823e-05 1.041959999999999931e-05
1.614000000000000000e+03 3.988099999999999984e-05 1.041819999999999963e-05
1.615000000000000000e+03 3.986020000000000166e-05 1.041679999999999994e-05
1.616000000000000000e+03 3.983930000000000327e-05 1.041550000000000048e-05
1.617000000000000000e+03 3.981849999999999832e-05 1.041410000000000080e-05
1.618000000000000000e+03 3.979770000000000014e-05 1.041279999999999964e-05
1.619000000000000000e+03 3.977690000000000197e-05 1.041139999999999996e-05
1.620000000000000000e+03 3.975609999999999702e-05 1.041010000000000050e-05
1.621000000000000000e+03 3.973529999999999884e-05 1.040870000000000082e-05
1.622000000000000000e+03 3.971450000000000067e-05 1.040739999999999966e-05
1.623000000000000000e+03 3.969370000000000249e-05 1.040610000000000020e-05
1.624000000000000000e+03 3.967299999999999776e-05 1.040480000000000074e-05
1.625000000000000000e+03 3.965219999999999959e-05 1.040339999999999936e-05
1.626000000000000000e+03 3.963150000000000163e-05 1.040209999999999990e-05
1.627000000000000000e+03 3.961069999999999668e-05 1.040080000000000044e-05
1.628000000000000000e+03 3.958999999999999873e-05 1.039949999999999928e-05
1.629000000000000000e+03 3.956930000000000077e-05 1.039819999999999982e-05
1.630000000000000000e+03 3.954860000000000282e-05 1.039690000000000036e-05
1.631000000000000000e+03 3.952799999999999830e-05 1.039559999999999920e-05
1.632000000000000000e+03 3.950730000000000035e-05 1.039429999999999974e-05
1.633000000000000000e+03 3.948660000000000239e-05 1.039310000000000049e-05
1.634000000000000000e+03 3.946599999999999788e-05 1.039179999999999934e-05
1.635000000000000000e+03 3.944529999999999993e-05 1.039049999999999987e-05
1.636000000000000000e+03 3.937649999999999815e-05 1.038930000000000063e-05
1.637000000000000000e+03 3.930780000000000336e-05 1.038799999999999947e-05
1.638000000000000000e+03 3.923920000000000202e-05 1.038670000000000001e-05
1.639000000000000000e+03 3.917070000000000090e-05 1.038550000000000077e-05
1.640000000000000000e+03 3.910229999999999999e-05 1.038419999999999961e-05
1.641000000000000000e+03 3.903409999999999953e-05 1.038300000000000037e-05
1.642000000000000000e+03 3.896599999999999928e-05 1.038179999999999943e-05
1.643000000000000000e+03 3.889789999999999903e-05 1.038049999999999997e-05
1.644000000000000000e+03 3.883009999999999945e-05 1.037930000000000073e-05
1.645000000000000000e+03 3.876229999999999986e-05 1.037809999999999979e-05
1.646000000000000000e+03 3.869460000000000049e-05 1.037680000000000033e-05
1.647000000000000000e+03 3.862710000000000156e-05 1.037559999999999939e-05
1.648000000000000000e+03 3.855970000000000285e-05 1.037440000000000015e-05
1.649000000000000000e+03 3.849239999999999758e-05 1.037319999999999921e-05
1.650000000000000000e+03 3.842519999999999931e-05 1.037199999999999997e-05
1.651000000000000000e+03 3.835820000000000147e-05 1.037080000000000072e-05
1.652000000000000000e+03 3.829119999999999686e-05 1.036959999999999979e-05
1.653000000000000000e+03 3.822439999999999947e-05 1.036840000000000054e-05
1.654000000000000000e+03 3.815770000000000229e-05 1.036719999999999961e-05
1.655000000000000000e+03 3.809109999999999856e-05 1.036610000000000058e-05
1.656000000000000000e+03 3.802460000000000182e-05 1.036489999999999965e-05
1.657000000000000000e+03 3.795819999999999853e-05 1.036370000000000040e-05
1.658000000000000000e+03 3.789200000000000245e-05 1.036259999999999968e-05
1.659000000000000000e+03 3.782589999999999981e-05 1.036140000000000044e-05
1.660000000000000000e+03 3.775979999999999718e-05 1.036019999999999950e-05
1.661000000000000000e+03 3.769390000000000175e-05 1.035910000000000048e-05
1.662000000000000000e+03 3.762819999999999999e-05 1.035789999999999954e-05
1.663000000000000000e+03 3.756249999999999823e-05 1.035680000000000052e-05
1.664000000000000000e+03 3.749689999999999669e-05 1.035559999999999958e-05
1.665000000000000000e+03 3.743150000000000237e-05 1.035450000000000056e-05
1.666000000000000000e+03 3.736620000000000149e-05 1.035339999999999984e-05
1.667000000000000000e+03 3.730090000000000060e-05 1.035230000000000082e-05
1.668000000000000000e+03 3.723580000000000016e-05 1.035109999999999988e-05
1.669000000000000000e+03 3.717090000000000015e-05 1.034999999999999916e-05
1.670000000000000000e+03 3.710600000000000015e-05 1.034890000000000014e-05
1.671000000000000000e+03 3.704120000000000036e-05 1.034779999999999942e-05
1.672000000000000000e+03 3.697660000000000101e-05 1.034670000000000040e-05
1.673000000000000000e+03 3.691200000000000167e-05 1.034559999999999968e-05
1.674000000000000000e+03 3.684760000000000276e-05 1.034450000000000065e-05
1.675000000000000000e+03 3.682170000000000018e-05 1.034339999999999994e-05
1.676000000000000000e+03 3.683410000000000026e-05 1.034229999999999922e-05
1.677000000000000000e+03 3.684660000000000057e-05 1.034120000000000019e-05
1.678000000000000000e+03 3.685900000000000065e-05 1.034019999999999970e-05
1.679000000000000000e+03 3.687150000000000095e-05 1.033910000000000067e-05
1.680000000000000000e+03 3.688400000000000126e-05 1.033799999999999995e-05
1.681000000000000000e+03 3.689640000000000134e-05 1.033689999999999924e-05
1.682000000000000000e+03 3.690890000000000165e-05 1.033590000000000043e-05
1.683000000000000000e+03 3.692140000000000195e-05 1.033479999999999971e-05
1.684000000000000000e+03 3.693390000000000225e-05 1.033379999999999921e-05
1.685000000000000000e+03 3.694630000000000234e-05 1.033270000000000019e-05
1.686000000000000000e+03 3.695880000000000264e-05 1.033169999999999969e-05
1.687000000000000000e+03 3.697130000000000295e-05 1.033060000000000067e-05
1.688000000000000000e+03 3.698380000000000325e-05 1.032960000000000017e-05
1.689000000000000000e+03 3.699629999999999678e-05 1.032859999999999967e-05
1.690000000000000000e+03 3.700879999999999708e-05 1.032759999999999917e-05
1.691000000000000000e+03 3.702129999999999738e-05 1.032650000000000015e-05
1.692000000000000000e+03 3.703389999999999791e-05 1.032549999999999965e-05
1.693000000000000000e+03 3.704639999999999821e-05 1.032450000000000085e-05
1.694000000000000000e+03 3.705889999999999852e-05 1.032350000000000035e-05
1.695000000000000000e+03 3.707139999999999882e-05 1.032249999999999985e-05
1.696000000000000000e+03 3.708389999999999912e-05 1.032149999999999935e-05
1.697000000000000000e+03 3.709649999999999965e-05 1.032050000000000054e-05
1.698000000000000000e+03 3.710899999999999995e-05 1.031950000000000005e-05
1.699000000000000000e+03 3.712160000000000047e-05 1.031849999999999955e-05
1.700000000000000000e+03 3.713410000000000078e-05 1.031750000000000074e-05
1.701000000000000000e+03 3.714670000000000130e-05 1.031650000000000024e-05
1.702000000000000000e+03 3.715920000000000160e-05 1.031559999999999996e-05
1.703000000000000000e+03 3.717180000000000213e-05 1.031459999999999947e-05
1.704000000000000000e+03 3.718440000000000265e-05 1.031360000000000066e-05
1.705000000000000000e+03 3.719690000000000295e-05 1.031270000000000038e-05
1.706000000000000000e+03 3.720949999999999670e-05 1.031169999999999988e-05
1.707000000000000000e+03 3.722209999999999722e-05 1.031069999999999938e-05
1.708000000000000000e+03 3.723469999999999775e-05 1.030980000000000080e-05
1.709000000000000000e+03 3.724719999999999805e-05 1.030880000000000030e-05
1.710000000000000000e+03 3.725979999999999857e-05 1.030790000000000002e-05
1.711000000000000000e+03 3.727239999999999910e-05 1.030699999999999974e-05
1.712000000000000000e+03 3.728499999999999962e-05 1.030599999999999924e-05
1.713000000000000000e+03 3.729760000000000014e-05 1.030510000000000066e-05
1.714000000000000000e+03 3.731020000000000067e-05 1.030420000000000038e-05
1.715000000000000000e+03 3.726329999999999947e-05 1.030319999999999988e-05
1.716000000000000000e+03 3.715719999999999722e-05 1.030229999999999960e-05
1.717000000000000000e+03 3.705130000000000218e-05 1.030139999999999932e-05
1.718000000000000000e+03 3.694570000000000102e-05 1.030050000000000074e-05
1.719000000000000000e+03 3.684050000000000074e-05 1.029960000000000046e-05
1.720000000000000000e+03 3.673550000000000090e-05 1.029870000000000018e-05
1.721000000000000000e+03 3.663080000000000172e-05 1.029779999999999990e-05
1.722000000000000000e+03 3.652640000000000319e-05 1.029689999999999962e-05
1.723000000000000000e+03 3.642239999999999877e-05 1.029599999999999934e-05
1.724000000000000000e+03 3.631860000000000155e-05 1.029510000000000075e-05
1.725000000000000000e+03 3.621509999999999823e-05 1.029420000000000047e-05
1.726000000000000000e+03 3.611190000000000233e-05 1.029340000000000041e-05
1.727000000000000000e+03 3.600900000000000032e-05 1.029250000000000014e-05
1.728000000000000000e+03 3.590639999999999896e-05 1.029159999999999986e-05
1.729000000000000000e+03 3.580409999999999826e-05 1.029079999999999980e-05
1.730000000000000000e+03 3.570209999999999822e-05 1.028989999999999952e-05
1.731000000000000000e+03 3.560039999999999884e-05 1.028899999999999924e-05
1.732000000000000000e+03 3.549889999999999990e-05 1.028819999999999918e-05
1.733000000000000000e+03 3.539780000000000183e-05 1.028730000000000059e-05
1.734000000000000000e+03 3.529689999999999743e-05 1.028650000000000053e-05
1.735000000000000000e+03 3.519630000000000046e-05 1.028560000000000025e-05
1.736000000000000000e+03 3.509609999999999759e-05 1.028480000000000019e-05
1.737000000000000000e+03 3.499610000000000193e-05 1.028400000000000013e-05
1.738000000000000000e+03 3.489629999999999994e-05 1.028309999999999985e-05
1.739000000000000000e+03 3.479689999999999883e-05 1.028229999999999979e-05
1.740000000000000000e+03 3.469779999999999837e-05 1.028149999999999973e-05
1.741000000000000000e+03 3.459889999999999835e-05 1.028069999999999967e-05
1.742000000000000000e+03 3.450029999999999899e-05 1.027989999999999961e-05
1.743000000000000000e+03 3.440200000000000029e-05 1.027899999999999933e-05
1.744000000000000000e+03 3.430400000000000224e-05 1.027819999999999927e-05
1.745000000000000000e+03 3.420629999999999808e-05 1.027739999999999921e-05
1.746000000000000000e+03 3.410880000000000113e-05 1.027660000000000085e-05
1.747000000000000000e+03 3.401159999999999806e-05 1.027580000000000079e-05
1.748000000000000000e+03 3.391470000000000243e-05 1.027509999999999925e-05
1.749000000000000000e+03 3.381810000000000068e-05 1.027429999999999919e-05
1.750000000000000000e+03 3.372169999999999936e-05 1.027350000000000083e-05
1.751000000000000000e+03 3.362559999999999871e-05 1.027270000000000077e-05
1.752000000000000000e+03 3.352979999999999871e-05 1.027190000000000071e-05
1.753000000000000000e+03 3.343429999999999937e-05 1.027119999999999917e-05
1.754000000000000000e+03 3.333900000000000047e-05 1.027040000000000080e-05
1.755000000000000000e+03 3.330210000000000087e-05 1.026960000000000074e-05
1.756000000000000000e+03 3.332329999999999993e-05 1.026889999999999921e-05
1.757000000000000000e+03 3.334449999999999898e-05 1.026810000000000084e-05
1.758000000000000000e+03 3.336569999999999803e-05 1.026739999999999931e-05
1.759000000000000000e+03 3.338699999999999730e-05 1.026659999999999925e-05
1.760000000000000000e+03 3.340820000000000313e-05 1.026589999999999941e-05
1.761000000000000000e+03 3.342950000000000240e-05 1.026509999999999935e-05
1.762000000000000000e+03 3.345080000000000167e-05 1.026439999999999951e-05
1.763000000000000000e+03 3.347210000000000094e-05 1.026369999999999967e-05
1.764000000000000000e+03 3.349340000000000021e-05 1.026289999999999961e-05
1.765000000000000000e+03 3.351469999999999948e-05 1.026219999999999976e-05
1.766000000000000000e+03 3.353599999999999875e-05 1.026149999999999992e-05
1.767000000000000000e+03 3.355739999999999824e-05 1.026080000000000008e-05
1.768000000000000000e+03 3.357879999999999773e-05 1.026000000000000002e-05
1.769000000000000000e+03 3.360009999999999700e-05 1.025930000000000018e-05
1.770000000000000000e+03 3.362150000000000327e-05 1.025860000000000034e-05
1.771000000000000000e+03 3.364290000000000276e-05 1.025790000000000050e-05
1.772000000000000000e+03 3.366440000000000247e-05 1.025720000000000066e-05
1.773000000000000000e+03 3.368580000000000196e-05 1.025650000000000082e-05
1.774000000000000000e+03 3.370720000000000145e-05 1.025579999999999928e-05
1.775000000000000000e+03 3.372870000000000116e-05 1.025519999999999966e-05
1.776000000000000000e+03 3.375020000000000087e-05 1.025449999999999982e-05
1.777000000000000000e+03 3.377170000000000058e-05 1.025379999999999998e-05
1.778000000000000000e+03 3.379320000000000029e-05 1.025310000000000014e-05
1.779000000000000000e+03 3.381470000000000000e-05 1.025240000000000030e-05
1.780000000000000000e+03 3.383619999999999971e-05 1.025180000000000068e-05
1.781000000000000000e+03 3.385779999999999964e-05 1.025110000000000084e-05
1.782000000000000000e+03 3.387929999999999935e-05 1.025039999999999930e-05
1.783000000000000000e+03 3.390089999999999927e-05 1.024979999999999968e-05
1.784000000000000000e+03 3.392249999999999920e-05 1.024909999999999984e-05
1.785000000000000000e+03 3.394409999999999913e-05 1.024850000000000022e-05
1.786000000000000000e+03 3.396569999999999906e-05 1.024780000000000038e-05
1.787000000000000000e+03 3.398729999999999899e-05 1.024720000000000076e-05
1.788000000000000000e+03 3.400899999999999914e-05 1.024649999999999922e-05
1.789000000000000000e+03 3.403059999999999907e-05 1.024589999999999960e-05
1.790000000000000000e+03 3.405229999999999921e-05 1.024529999999999998e-05
1.791000000000000000e+03 3.407399999999999936e-05 1.024470000000000036e-05
1.792000000000000000e+03 3.409559999999999929e-05 1.024400000000000051e-05
1.793000000000000000e+03 3.411739999999999966e-05 1.024339999999999920e-05
1.794000000000000000e+03 3.413909999999999981e-05 1.024279999999999958e-05
1.795000000000000000e+03 3.412579999999999775e-05 1.024219999999999996e-05
1.796000000000000000e+03 3.407760000000000048e-05 1.024160000000000033e-05
1.797000000000000000e+03 3.402949999999999665e-05 1.024100000000000071e-05
1.798000000000000000e+03 3.398139999999999961e-05 1.024039999999999940e-05
1.799000000000000000e+03 3.393340000000000278e-05 1.023979999999999978e-05
1.800000000000000000e+03 3.388549999999999939e-05 1.023920000000000015e-05
1.801000000000000000e+03 3.383760000000000278e-05 1.023860000000000053e-05
1.802000000000000000e+03 3.378979999999999961e-05 1.023799999999999922e-05
1.803000000000000000e+03 3.374209999999999666e-05 1.023739999999999960e-05
1.804000000000000000e+03 3.369440000000000049e-05 1.023679999999999997e-05
1.805000000000000000e+03 3.364689999999999798e-05 1.023620000000000035e-05
1.806000000000000000e+03 3.359930000000000203e-05 1.023569999999999926e-05
1.807000000000000000e+03 3.355189999999999974e-05 1.023509999999999963e-05
1.808000000000000000e+03 3.350449999999999745e-05 1.023450000000000001e-05
1.809000000000000000e+03 3.345720000000000215e-05 1.023400000000000061e-05
1.810000000000000000e+03 3.340990000000000008e-05 1.023339999999999929e-05
1.811000000000000000e+03 3.336269999999999823e-05 1.023279999999999967e-05
1.812000000000000000e+03 3.331560000000000337e-05 1.023230000000000027e-05
1.813000000000000000e+03 3.326850000000000174e-05 1.023170000000000065e-05
1.814000000000000000e+03 3.322150000000000032e-05 1.023119999999999955e-05
1.815000000000000000e+03 3.317459999999999913e-05 1.023070000000000015e-05
1.816000000000000000e+03 3.312779999999999816e-05 1.023010000000000053e-05
1.817000000000000000e+03 3.308099999999999718e-05 1.022959999999999943e-05
1.818000000000000000e+03 3.303420000000000298e-05 1.022910000000000003e-05
1.819000000000000000e+03 3.298760000000000245e-05 1.022850000000000041e-05
1.820000000000000000e+03 3.294100000000000191e-05 1.022799999999999931e-05
1.821000000000000000e+03 3.289450000000000159e-05 1.022749999999999991e-05
1.822000000000000000e+03 3.284800000000000127e-05 1.022700000000000051e-05
1.823000000000000000e+03 3.280160000000000118e-05 1.022649999999999941e-05
1.824000000000000000e+03 3.275530000000000130e-05 1.022589999999999979e-05
1.825000000000000000e+03 3.270900000000000142e-05 1.022540000000000039e-05
1.826000000000000000e+03 3.266280000000000176e-05 1.022489999999999929e-05
1.827000000000000000e+03 3.261670000000000232e-05 1.022439999999999989e-05
1.828000000000000000e+03 3.257060000000000288e-05 1.022390000000000049e-05
1.829000000000000000e+03 3.252459999999999688e-05 1.022339999999999939e-05
1.830000000000000000e+03 3.247869999999999788e-05 1.022300000000000021e-05
1.831000000000000000e+03 3.243279999999999888e-05 1.022250000000000081e-05
1.832000000000000000e+03 3.238700000000000010e-05 1.022199999999999971e-05
1.833000000000000000e+03 3.234120000000000132e-05 1.022150000000000031e-05
1.834000000000000000e+03 3.229550000000000275e-05 1.022099999999999921e-05
1.835000000000000000e+03 3.227720000000000328e-05 1.022060000000000003e-05
1.836000000000000000e+03 3.228620000000000269e-05 1.022010000000000063e-05
1.837000000000000000e+03 3.229520000000000210e-05 1.021959999999999953e-05
1.838000000000000000e+03 3.230420000000000150e-05 1.021920000000000035e-05
1.839000000000000000e+03 3.231310000000000069e-05 1.021869999999999925e-05
1.840000000000000000e+03 3.232210000000000009e-05 1.021830000000000007e-05
1.841000000000000000e+03 3.233109999999999950e-05 1.021780000000000066e-05
1.842000000000000000e+03 3.234009999999999890e-05 1.021739999999999979e-05
1.843000000000000000e+03 3.234909999999999831e-05 1.021690000000000038e-05
1.844000000000000000e+03 3.235809999999999772e-05 1.021649999999999951e-05
1.845000000000000000e+03 3.236709999999999712e-05 1.021600000000000011e-05
1.846000000000000000e+03 3.237610000000000330e-05 1.021559999999999923e-05
1.847000000000000000e+03 3.238510000000000271e-05 1.021520000000000005e-05
1.848000000000000000e+03 3.239410000000000211e-05 1.021470000000000064e-05
1.849000000000000000e+03 3.240310000000000152e-05 1.021429999999999977e-05
1.850000000000000000e+03 3.241210000000000093e-05 1.021390000000000058e-05
1.851000000000000000e+03 3.242110000000000033e-05 1.021349999999999971e-05
1.852000000000000000e+03 3.243019999999999996e-05 1.021310000000000052e-05
1.853000000000000000e+03 3.243919999999999936e-05 1.021269999999999965e-05
1.854000000000000000e+03 3.244819999999999877e-05 1.021230000000000046e-05
1.855000000000000000e+03 3.245719999999999817e-05 1.021189999999999959e-05
1.856000000000000000e+03 3.246619999999999758e-05 1.021150000000000040e-05
1.857000000000000000e+03 3.247529999999999720e-05 1.021109999999999953e-05
1.858000000000000000e+03 3.248430000000000338e-05 1.021070000000000034e-05
1.859000000000000000e+03 3.249330000000000279e-05 1.021029999999999947e-05
1.860000000000000000e+03 3.250240000000000242e-05 1.020990000000000028e-05
1.861000000000000000e+03 3.251140000000000182e-05 1.020949999999999941e-05
1.862000000000000000e+03 3.252050000000000145e-05 1.020910000000000022e-05
1.863000000000000000e+03 3.252950000000000085e-05 1.020869999999999935e-05
1.864000000000000000e+03 3.253850000000000026e-05 1.020840000000000038e-05
1.865000000000000000e+03 3.254759999999999988e-05 1.020799999999999950e-05
1.866000000000000000e+03 3.255659999999999929e-05 1.020760000000000032e-05
1.867000000000000000e+03 3.256569999999999891e-05 1.020729999999999966e-05
1.868000000000000000e+03 3.257479999999999854e-05 1.020690000000000048e-05
1.869000000000000000e+03 3.258379999999999794e-05 1.020659999999999982e-05
1.870000000000000000e+03 3.259289999999999757e-05 1.020620000000000064e-05
1.871000000000000000e+03 3.260189999999999697e-05 1.020589999999999998e-05
1.872000000000000000e+03 3.261100000000000337e-05 1.020550000000000080e-05
1.873000000000000000e+03 3.262010000000000300e-05 1.020520000000000014e-05
1.874000000000000000e+03 3.262910000000000241e-05 1.020479999999999926e-05
1.875000000000000000e+03 3.259899999999999739e-05 1.020450000000000030e-05
1.876000000000000000e+03 3.252970000000000129e-05 1.020419999999999964e-05
1.877000000000000000e+03 3.246059999999999885e-05 1.020380000000000046e-05
1.878000000000000000e+03 3.239159999999999663e-05 1.020349999999999980e-05
1.879000000000000000e+03 3.232280000000000163e-05 1.020320000000000084e-05
1.880000000000000000e+03 3.225410000000000007e-05 1.020290000000000018e-05
1.881000000000000000e+03 3.218549999999999872e-05 1.020249999999999930e-05
1.882000000000000000e+03 3.211709999999999782e-05 1.020220000000000034e-05
1.883000000000000000e+03 3.204889999999999736e-05 1.020189999999999968e-05
1.884000000000000000e+03 3.198069999999999689e-05 1.020160000000000072e-05
1.885000000000000000e+03 3.191279999999999708e-05 1.020130000000000006e-05
1.886000000000000000e+03 3.184499999999999749e-05 1.020099999999999940e-05
1.887000000000000000e+03 3.177729999999999813e-05 1.020070000000000044e-05
1.888000000000000000e+03 3.170969999999999898e-05 1.020039999999999978e-05
1.889000000000000000e+03 3.164240000000000048e-05 1.020010000000000082e-05
1.890000000000000000e+03 3.157510000000000199e-05 1.019980000000000016e-05
1.891000000000000000e+03 3.150799999999999716e-05 1.019959999999999972e-05
1.892000000000000000e+03 3.144099999999999933e-05 1.019930000000000076e-05
1.893000000000000000e+03 3.137420000000000193e-05 1.019900000000000010e-05
1.894000000000000000e+03 3.130759999999999820e-05 1.019869999999999944e-05
1.895000000000000000e+03 3.124100000000000124e-05 1.019850000000000070e-05
1.896000000000000000e+03 3.117459999999999795e-05 1.019820000000000004e-05
1.897000000000000000e+03 3.110840000000000187e-05 1.019789999999999938e-05
1.898000000000000000e+03 3.104229999999999923e-05 1.019770000000000064e-05
1.899000000000000000e+03 3.097629999999999682e-05 1.019739999999999998e-05
1.900000000000000000e+03 3.091050000000000161e-05 1.019709999999999932e-05
1.901000000000000000e+03 3.084479999999999985e-05 1.019690000000000058e-05
1.902000000000000000e+03 3.077919999999999831e-05 1.019659999999999992e-05
1.903000000000000000e+03 3.071379999999999721e-05 1.019639999999999948e-05
1.904000000000000000e+03 3.064850000000000311e-05 1.019620000000000074e-05
1.905000000000000000e+03 3.058340000000000266e-05 1.019590000000000008e-05
1.906000000000000000e+03 3.051840000000000244e-05 1.019569999999999964e-05
1.907000000000000000e+03 3.045349999999999904e-05 1.019540000000000068e-05
1.908000000000000000e+03 3.038879999999999948e-05 1.019520000000000024e-05
1.909000000000000000e+03 3.032420000000000013e-05 1.019499999999999980e-05
1.910000000000000000e+03 3.025980000000000122e-05 1.019479999999999936e-05
1.911000000000000000e+03 3.019549999999999914e-05 1.019450000000000040e-05
1.912000000000000000e+03 3.013130000000000067e-05 1.019429999999999996e-05
1.913000000000000000e+03 3.006729999999999925e-05 1.019409999999999952e-05
1.914000000000000000e+03 3.000340000000000144e-05 1.019390000000000077e-05
1.915000000000000000e+03 2.994610000000000116e-05 1.019370000000000034e-05
1.916000000000000000e+03 2.989530000000000158e-05 1.019349999999999990e-05
1.917000000000000000e+03 2.984459999999999883e-05 1.019329999999999946e-05
1.918000000000000000e+03 2.979389999999999946e-05 1.019310000000000071e-05
1.919000000000000000e+03 2.974340000000000054e-05 1.019290000000000028e-05
1.920000000000000000e+03 2.969299999999999845e-05 1.019269999999999984e-05
1.921000000000000000e+03 2.964259999999999974e-05 1.019249999999999940e-05
1.922000000000000000e+03 2.959230000000000126e-05 1.019230000000000065e-05
1.923000000000000000e+03 2.954209999999999960e-05 1.019210000000000022e-05
1.924000000000000000e+03 2.949200000000000156e-05 1.019200000000000000e-05
1.925000000000000000e+03 2.944200000000000034e-05 1.019179999999999956e-05
1.926000000000000000e+03 2.939209999999999935e-05 1.019160000000000081e-05
1.927000000000000000e+03 2.934219999999999835e-05 1.019140000000000037e-05
1.928000000000000000e+03 2.929250000000000118e-05 1.019130000000000016e-05
1.929000000000000000e+03 2.924280000000000062e-05 1.019109999999999972e-05
1.930000000000000000e+03 2.919320000000000029e-05 1.019099999999999950e-05
1.931000000000000000e+03 2.914370000000000017e-05 1.019080000000000075e-05
1.932000000000000000e+03 2.909420000000000005e-05 1.019060000000000031e-05
1.933000000000000000e+03 2.904490000000000037e-05 1.019050000000000010e-05
1.934000000000000000e+03 2.899560000000000069e-05 1.019029999999999966e-05
1.935000000000000000e+03 2.894650000000000144e-05 1.019019999999999944e-05
1.936000000000000000e+03 2.889739999999999881e-05 1.019009999999999922e-05
1.937000000000000000e+03 2.884829999999999957e-05 1.018990000000000047e-05
1.938000000000000000e+03 2.879940000000000077e-05 1.018980000000000025e-05
1.939000000000000000e+03 2.875059999999999880e-05 1.018959999999999982e-05
1.940000000000000000e+03 2.870180000000000021e-05 1.018949999999999960e-05
1.941000000000000000e+03 2.865309999999999846e-05 1.018939999999999938e-05
1.942000000000000000e+03 2.860450000000000031e-05 1.018929999999999916e-05
1.943000000000000000e+03 2.855599999999999900e-05 1.018910000000000041e-05
1.944000000000000000e+03 2.850760000000000129e-05 1.018900000000000019e-05
1.945000000000000000e+03 2.845920000000000020e-05 1.018889999999999998e-05
1.946000000000000000e+03 2.841099999999999954e-05 1.018879999999999976e-05
1.947000000000000000e+03 2.836279999999999888e-05 1.018869999999999954e-05
1.948000000000000000e+03 2.831469999999999845e-05 1.018859999999999932e-05
1.949000000000000000e+03 2.826660000000000140e-05 1.018850000000000079e-05
1.950000000000000000e+03 2.821870000000000140e-05 1.018840000000000057e-05
1.951000000000000000e+03 2.817080000000000140e-05 1.018830000000000035e-05
1.952000000000000000e+03 2.812309999999999845e-05 1.018820000000000013e-05
1.953000000000000000e+03 2.807539999999999889e-05 1.018809999999999991e-05
1.954000000000000000e+03 2.802779999999999955e-05 1.018799999999999970e-05
1.955000000000000000e+03 2.801799999999999839e-05 1.018789999999999948e-05
1.956000000000000000e+03 2.804589999999999858e-05 1.018779999999999926e-05
1.957000000000000000e+03 2.807399999999999921e-05 1.018779999999999926e-05
1.958000000000000000e+03 2.810199999999999962e-05 1.018770000000000073e-05
1.959000000000000000e+03 2.813010000000000025e-05 1.018760000000000051e-05
1.960000000000000000e+03 2.815820000000000088e-05 1.018760000000000051e-05
1.961000000000000000e+03 2.818630000000000151e-05 1.018750000000000029e-05
1.962000000000000000e+03 2.821449999999999897e-05 1.018740000000000007e-05
1.963000000000000000e+03 2.824259999999999960e-05 1.018740000000000007e-05
1.964000000000000000e+03 2.827090000000000066e-05 1.018729999999999985e-05
1.965000000000000000e+03 2.829910000000000151e-05 1.018719999999999964e-05
1.966000000000000000e+03 2.832739999999999919e-05 1.018719999999999964e-05
1.967000000000000000e+03 2.835570000000000026e-05 1.018709999999999942e-05
1.968000000000000000e+03 2.838400000000000132e-05 1.018709999999999942e-05
1.969000000000000000e+03 2.841229999999999900e-05 1.018709999999999942e-05
1.970000000000000000e+03 2.844070000000000029e-05 1.018699999999999920e-05
1.971000000000000000e+03 2.846910000000000158e-05 1.018699999999999920e-05
1.972000000000000000e+03 2.849759999999999969e-05 1.018690000000000067e-05
1.973000000000000000e+03 2.852600000000000098e-05 1.018690000000000067e-05
1.974000000000000000e+03 2.855449999999999910e-05 1.018690000000000067e-05
1.975000000000000000e+03 2.858310000000000082e-05 1.018690000000000067e-05
1.976000000000000000e+03 2.861159999999999894e-05 1.018680000000000045e-05
1.977000000000000000e+03 2.864020000000000067e-05 1.018680000000000045e-05
1.978000000000000000e+03 2.866879999999999900e-05 1.018680000000000045e-05
1.979000000000000000e+03 2.869740000000000073e-05 1.018680000000000045e-05
1.980000000000000000e+03 2.872609999999999929e-05 1.018680000000000045e-05
1.981000000000000000e+03 2.875480000000000123e-05 1.018680000000000045e-05
1.982000000000000000e+03 2.878349999999999979e-05 1.018680000000000045e-05
1.983000000000000000e+03 2.881229999999999856e-05 1.018680000000000045e-05
1.984000000000000000e+03 2.884110000000000073e-05 1.018680000000000045e-05
1.985000000000000000e+03 2.886989999999999950e-05 1.018680000000000045e-05
1.986000000000000000e+03 2.889870000000000167e-05 1.018680000000000045e-05
1.987000000000000000e+03 2.892760000000000066e-05 1.018680000000000045e-05
1.988000000000000000e+03 2.895649999999999965e-05 1.018680000000000045e-05
1.989000000000000000e+03 2.898539999999999865e-05 1.018680000000000045e-05
1.990000000000000000e+03 2.901430000000000103e-05 1.018680000000000045e-05
1.991000000000000000e+03 2.904330000000000025e-05 1.018690000000000067e-05
1.992000000000000000e+03 2.907229999999999946e-05 1.018690000000000067e-05
1.993000000000000000e+03 2.910139999999999889e-05 1.018690000000000067e-05
1.994000000000000000e+03 2.913040000000000150e-05 1.018690000000000067e-05
1.995000000000000000e+03 2.913180000000000118e-05 1.018699999999999920e-05
1.996000000000000000e+03 2.910530000000000067e-05 1.018699999999999920e-05
1.997000000000000000e+03 2.907890000000000038e-05 1.018709999999999942e-05
1.998000000000000000e+03 2.905239999999999987e-05 1.018709999999999942e-05
1.999000000000000000e+03 2.902609999999999980e-05 1.018709999999999942e-05
2.000000000000000000e+03 2.899969999999999951e-05 1.018719999999999964e-05
2.001000000000000000e+03 2.897329999999999922e-05 1.018719999999999964e-05
2.002000000000000000e+03 2.894699999999999915e-05 1.018729999999999985e-05
2.003000000000000000e+03 2.892069999999999908e-05 1.018729999999999985e-05
2.004000000000000000e+03 2.889449999999999923e-05 1.018740000000000007e-05
2.005000000000000000e+03 2.886819999999999916e-05 1.018750000000000029e-05
2.006000000000000000e+03 2.884199999999999931e-05 1.018750000000000029e-05
2.007000000000000000e+03 2.881579999999999946e-05 1.018760000000000051e-05
2.008000000000000000e+03 2.878959999999999961e-05 1.018770000000000073e-05
2.009000000000000000e+03 2.876349999999999998e-05 1.018770000000000073e-05
2.010000000000000000e+03 2.873740000000000035e-05 1.018779999999999926e-05
2.011000000000000000e+03 2.871130000000000071e-05 1.018789999999999948e-05
2.012000000000000000e+03 2.868520000000000108e-05 1.018799999999999970e-05
2.013000000000000000e+03 2.865910000000000145e-05 1.018809999999999991e-05
2.014000000000000000e+03 2.863309999999999865e-05 1.018820000000000013e-05
2.015000000000000000e+03 2.860709999999999924e-05 1.018820000000000013e-05
2.016000000000000000e+03 2.858109999999999983e-05 1.018830000000000035e-05
2.017000000000000000e+03 2.855510000000000041e-05 1.018840000000000057e-05
2.018000000000000000e+03 2.852920000000000122e-05 1.018850000000000079e-05
2.019000000000000000e+03 2.850329999999999864e-05 1.018859999999999932e-05
2.020000000000000000e+03 2.847739999999999945e-05 1.018869999999999954e-05
2.021000000000000000e+03 2.845150000000000025e-05 1.018879999999999976e-05
2.022000000000000000e+03 2.842570000000000128e-05 1.018900000000000019e-05
2.023000000000000000e+03 2.839989999999999892e-05 1.018910000000000041e-05
2.024000000000000000e+03 2.837409999999999995e-05 1.018920000000000063e-05
2.025000000000000000e+03 2.834830000000000097e-05 1.018929999999999916e-05
2.026000000000000000e+03 2.832249999999999861e-05 1.018939999999999938e-05
2.027000000000000000e+03 2.829679999999999986e-05 1.018949999999999960e-05
2.028000000000000000e+03 2.827110000000000110e-05 1.018970000000000004e-05
2.029000000000000000e+03 2.824539999999999896e-05 1.018980000000000025e-05
2.030000000000000000e+03 2.821980000000000042e-05 1.018990000000000047e-05
2.031000000000000000e+03 2.819419999999999850e-05 1.019009999999999922e-05
2.032000000000000000e+03 2.816849999999999975e-05 1.019019999999999944e-05
2.033000000000000000e+03 2.814300000000000143e-05 1.019039999999999988e-05
2.034000000000000000e+03 2.811739999999999951e-05 1.019050000000000010e-05
2.035000000000000000e+03 2.809780000000000057e-05 1.019060000000000031e-05
2.036000000000000000e+03 2.807820000000000164e-05 1.019080000000000075e-05
2.037000000000000000e+03 2.805859999999999932e-05 1.019089999999999928e-05
2.038000000000000000e+03 2.803900000000000039e-05 1.019109999999999972e-05
2.039000000000000000e+03 2.801940000000000146e-05 1.019130000000000016e-05
2.040000000000000000e+03 2.799989999999999936e-05 1.019140000000000037e-05
2.041000000000000000e+03 2.798030000000000043e-05 1.019160000000000081e-05
2.042000000000000000e+03 2.796079999999999833e-05 1.019169999999999934e-05
2.043000000000000000e+03 2.794129999999999962e-05 1.019189999999999978e-05
2.044000000000000000e+03 2.792180000000000090e-05 1.019210000000000022e-05
2.045000000000000000e+03 2.790229999999999880e-05 1.019230000000000065e-05
2.046000000000000000e+03 2.788290000000000031e-05 1.019239999999999918e-05
2.047000000000000000e+03 2.786340000000000160e-05 1.019259999999999962e-05
2.048000000000000000e+03 2.784399999999999972e-05 1.019280000000000006e-05
2.049000000000000000e+03 2.782450000000000101e-05 1.019300000000000049e-05
2.050000000000000000e+03 2.780509999999999913e-05 1.019319999999999924e-05
2.051000000000000000e+03 2.778570000000000063e-05 1.019339999999999968e-05
2.052000000000000000e+03 2.776629999999999875e-05 1.019360000000000012e-05
2.053000000000000000e+03 2.774690000000000026e-05 1.019380000000000055e-05
2.054000000000000000e+03 2.772759999999999860e-05 1.019399999999999930e-05
2.055000000000000000e+03 2.770820000000000010e-05 1.019419999999999974e-05
2.056000000000000000e+03 2.768889999999999844e-05 1.019440000000000018e-05
2.057000000000000000e+03 2.766960000000000017e-05 1.019460000000000062e-05
2.058000000000000000e+03 2.765029999999999851e-05 1.019479999999999936e-05
2.059000000000000000e+03 2.763100000000000023e-05 1.019499999999999980e-05
2.060000000000000000e+03 2.761169999999999857e-05 1.019520000000000024e-05
2.061000000000000000e+03 2.759240000000000030e-05 1.019540000000000068e-05
2.062000000000000000e+03 2.757319999999999886e-05 1.019559999999999942e-05
2.063000000000000000e+03 2.755390000000000058e-05 1.019590000000000008e-05
2.064000000000000000e+03 2.753469999999999914e-05 1.019610000000000052e-05
2.065000000000000000e+03 2.751550000000000108e-05 1.019629999999999926e-05
2.066000000000000000e+03 2.749629999999999964e-05 1.019649999999999970e-05
2.067000000000000000e+03 2.747710000000000159e-05 1.019680000000000036e-05
2.068000000000000000e+03 2.745790000000000015e-05 1.019700000000000080e-05
2.069000000000000000e+03 2.743879999999999892e-05 1.019729999999999976e-05
2.070000000000000000e+03 2.741960000000000087e-05 1.019750000000000020e-05
2.071000000000000000e+03 2.740049999999999964e-05 1.019770000000000064e-05
2.072000000000000000e+03 2.738139999999999842e-05 1.019799999999999960e-05
2.073000000000000000e+03 2.736230000000000059e-05 1.019820000000000004e-05
2.074000000000000000e+03 2.735160000000000084e-05 1.019850000000000070e-05
2.075000000000000000e+03 2.734929999999999919e-05 1.019879999999999966e-05
2.076000000000000000e+03 2.734700000000000092e-05 1.019900000000000010e-05
2.077000000000000000e+03 2.734469999999999926e-05 1.019930000000000076e-05
2.078000000000000000e+03 2.734240000000000100e-05 1.019949999999999950e-05
2.079000000000000000e+03 2.734009999999999934e-05 1.019980000000000016e-05
2.080000000000000000e+03 2.733790000000000129e-05 1.020010000000000082e-05
2.081000000000000000e+03 2.733559999999999964e-05 1.020029999999999956e-05
2.082000000000000000e+03 2.733330000000000137e-05 1.020060000000000022e-05
2.083000000000000000e+03 2.733099999999999972e-05 1.020089999999999918e-05
2.084000000000000000e+03 2.732870000000000145e-05 1.020119999999999984e-05
2.085000000000000000e+03 2.732639999999999980e-05 1.020150000000000050e-05
2.086000000000000000e+03 2.732419999999999836e-05 1.020169999999999924e-05
2.087000000000000000e+03 2.732190000000000009e-05 1.020199999999999990e-05
2.088000000000000000e+03 2.731959999999999844e-05 1.020230000000000056e-05
2.089000000000000000e+03 2.731730000000000017e-05 1.020259999999999952e-05
2.090000000000000000e+03 2.731499999999999852e-05 1.020290000000000018e-05
2.091000000000000000e+03 2.731270000000000025e-05 1.020320000000000084e-05
2.092000000000000000e+03 2.731049999999999881e-05 1.020349999999999980e-05
2.093000000000000000e+03 2.730820000000000055e-05 1.020380000000000046e-05
2.094000000000000000e+03 2.730589999999999889e-05 1.020409999999999942e-05
2.095000000000000000e+03 2.730360000000000062e-05 1.020440000000000008e-05
2.096000000000000000e+03 2.730129999999999897e-05 1.020470000000000074e-05
2.097000000000000000e+03 2.729910000000000092e-05 1.020499999999999970e-05
2.098000000000000000e+03 2.729679999999999927e-05 1.020540000000000058e-05
2.099000000000000000e+03 2.729450000000000100e-05 1.020569999999999954e-05
2.100000000000000000e+03 2.729219999999999934e-05 1.020600000000000020e-05
2.101000000000000000e+03 2.728990000000000108e-05 1.020629999999999916e-05
2.102000000000000000e+03 2.728769999999999964e-05 1.020670000000000004e-05
2.103000000000000000e+03 2.728540000000000137e-05 1.020700000000000070e-05
2.104000000000000000e+03 2.728309999999999972e-05 1.020729999999999966e-05
2.105000000000000000e+03 2.728080000000000145e-05 1.020770000000000054e-05
2.106000000000000000e+03 2.727849999999999980e-05 1.020799999999999950e-05
2.107000000000000000e+03 2.727629999999999836e-05 1.020830000000000016e-05
2.108000000000000000e+03 2.727400000000000009e-05 1.020869999999999935e-05
2.109000000000000000e+03 2.727169999999999844e-05 1.020900000000000000e-05
2.110000000000000000e+03 2.726940000000000017e-05 1.020939999999999919e-05
2.111000000000000000e+03 2.726709999999999852e-05 1.020969999999999984e-05
2.112000000000000000e+03 2.726490000000000047e-05 1.021010000000000072e-05
2.113000000000000000e+03 2.726259999999999881e-05 1.021039999999999968e-05
2.114000000000000000e+03 2.723860000000000040e-05 1.021080000000000056e-05
2.115000000000000000e+03 2.719280000000000162e-05 1.021109999999999953e-05
2.116000000000000000e+03 2.714719999999999988e-05 1.021150000000000040e-05
2.117000000000000000e+03 2.710160000000000154e-05 1.021189999999999959e-05
2.118000000000000000e+03 2.705620000000000025e-05 1.021220000000000024e-05
2.119000000000000000e+03 2.701079999999999895e-05 1.021259999999999943e-05
2.120000000000000000e+03 2.696540000000000105e-05 1.021300000000000030e-05
2.121000000000000000e+03 2.692020000000000019e-05 1.021339999999999949e-05
2.122000000000000000e+03 2.687499999999999934e-05 1.021370000000000014e-05
2.123000000000000000e+03 2.682989999999999870e-05 1.021409999999999933e-05
2.124000000000000000e+03 2.678480000000000146e-05 1.021450000000000020e-05
2.125000000000000000e+03 2.673990000000000126e-05 1.021489999999999939e-05
2.126000000000000000e+03 2.669500000000000106e-05 1.021530000000000026e-05
2.127000000000000000e+03 2.665020000000000109e-05 1.021569999999999945e-05
2.128000000000000000e+03 2.660550000000000133e-05 1.021610000000000032e-05
2.129000000000000000e+03 2.656080000000000157e-05 1.021649999999999951e-05
2.130000000000000000e+03 2.651629999999999886e-05 1.021690000000000038e-05
2.131000000000000000e+03 2.647179999999999954e-05 1.021729999999999957e-05
2.132000000000000000e+03 2.642730000000000022e-05 1.021770000000000044e-05
2.133000000000000000e+03 2.638300000000000134e-05 1.021809999999999963e-05
2.134000000000000000e+03 2.633869999999999907e-05 1.021850000000000050e-05
2.135000000000000000e+03 2.629450000000000041e-05 1.021889999999999969e-05
2.136000000000000000e+03 2.625039999999999858e-05 1.021930000000000056e-05
2.137000000000000000e+03 2.620630000000000013e-05 1.021969999999999975e-05
2.138000000000000000e+03 2.616229999999999852e-05 1.022020000000000084e-05
2.139000000000000000e+03 2.611840000000000052e-05 1.022060000000000003e-05
2.140000000000000000e+03 2.607459999999999935e-05 1.022099999999999921e-05
2.141000000000000000e+03 2.603080000000000156e-05 1.022140000000000009e-05
2.142000000000000000e+03 2.598710000000000061e-05 1.022189999999999949e-05
2.143000000000000000e+03 2.594349999999999987e-05 1.022230000000000037e-05
2.144000000000000000e+03 2.589999999999999936e-05 1.022269999999999955e-05
2.145000000000000000e+03 2.585649999999999884e-05 1.022320000000000065e-05
2.146000000000000000e+03 2.581309999999999855e-05 1.022359999999999983e-05
2.147000000000000000e+03 2.576979999999999847e-05 1.022400000000000071e-05
2.148000000000000000e+03 2.572649999999999839e-05 1.022450000000000011e-05
2.149000000000000000e+03 2.568339999999999875e-05 1.022489999999999929e-05
2.150000000000000000e+03 2.564029999999999912e-05 1.022540000000000039e-05
2.151000000000000000e+03 2.559719999999999948e-05 1.022579999999999957e-05
2.152000000000000000e+03 2.555430000000000028e-05 1.022630000000000067e-05
2.153000000000000000e+03 2.551140000000000108e-05 1.022680000000000007e-05
2.154000000000000000e+03 2.547920000000000162e-05 1.022719999999999925e-05
2.155000000000000000e+03 2.545769999999999853e-05 1.022770000000000035e-05
2.156000000000000000e+03 2.543629999999999904e-05 1.022809999999999953e-05
2.157000000000000000e+03 2.541479999999999933e-05 1.022860000000000063e-05
2.158000000000000000e+03 2.539339999999999984e-05 1.022910000000000003e-05
2.159000000000000000e+03 2.537200000000000035e-05 1.022959999999999943e-05
2.160000000000000000e+03 2.535060000000000086e-05 1.023000000000000031e-05
2.161000000000000000e+03 2.532920000000000137e-05 1.023049999999999971e-05
2.162000000000000000e+03 2.530779999999999849e-05 1.023100000000000081e-05
2.163000000000000000e+03 2.528649999999999922e-05 1.023150000000000021e-05
2.164000000000000000e+03 2.526519999999999995e-05 1.023199999999999961e-05
2.165000000000000000e+03 2.524390000000000068e-05 1.023240000000000049e-05
2.166000000000000000e+03 2.522260000000000140e-05 1.023289999999999989e-05
2.167000000000000000e+03 2.520129999999999875e-05 1.023339999999999929e-05
2.168000000000000000e+03 2.518009999999999969e-05 1.023390000000000039e-05
2.169000000000000000e+03 2.515880000000000042e-05 1.023439999999999979e-05
2.170000000000000000e+03 2.513760000000000137e-05 1.023489999999999920e-05
2.171000000000000000e+03 2.511639999999999893e-05 1.023540000000000029e-05
2.172000000000000000e+03 2.509519999999999988e-05 1.023589999999999969e-05
2.173000000000000000e+03 2.507410000000000105e-05 1.023640000000000079e-05
2.174000000000000000e+03 2.505289999999999861e-05 1.023690000000000019e-05
2.175000000000000000e+03 2.503179999999999978e-05 1.023749999999999981e-05
2.176000000000000000e+03 2.501070000000000094e-05 1.023799999999999922e-05
2.177000000000000000e+03 2.498959999999999872e-05 1.023850000000000031e-05
2.178000000000000000e+03 2.496849999999999989e-05 1.023899999999999972e-05
2.179000000000000000e+03 2.494750000000000128e-05 1.023950000000000081e-05
2.180000000000000000e+03 2.492649999999999928e-05 1.024010000000000043e-05
2.181000000000000000e+03 2.490540000000000044e-05 1.024059999999999984e-05
2.182000000000000000e+03 2.488439999999999844e-05 1.024109999999999924e-05
2.183000000000000000e+03 2.486350000000000005e-05 1.024160000000000033e-05
2.184000000000000000e+03 2.484250000000000144e-05 1.024219999999999996e-05
2.185000000000000000e+03 2.482149999999999943e-05 1.024269999999999936e-05
2.186000000000000000e+03 2.480060000000000104e-05 1.024330000000000067e-05
2.187000000000000000e+03 2.477969999999999926e-05 1.024380000000000008e-05
2.188000000000000000e+03 2.475880000000000086e-05 1.024429999999999948e-05
2.189000000000000000e+03 2.473789999999999908e-05 1.024490000000000079e-05
2.190000000000000000e+03 2.471710000000000091e-05 1.024540000000000020e-05
2.191000000000000000e+03 2.469619999999999913e-05 1.024599999999999982e-05
2.192000000000000000e+03 2.467540000000000095e-05 1.024649999999999922e-05
2.193000000000000000e+03 2.465459999999999939e-05 1.024710000000000054e-05
2.194000000000000000e+03 2.463370000000000100e-05 1.024770000000000016e-05
2.195000000000000000e+03 2.461279999999999921e-05 1.024819999999999956e-05
2.196000000000000000e+03 2.459190000000000082e-05 1.024879999999999918e-05
2.197000000000000000e+03 2.457109999999999926e-05 1.024940000000000050e-05
2.198000000000000000e+03 2.455020000000000086e-05 1.024989999999999990e-05
2.199000000000000000e+03 2.452939999999999930e-05 1.025049999999999952e-05
2.200000000000000000e+03 2.450860000000000113e-05 1.025110000000000084e-05
2.201000000000000000e+03 2.448779999999999956e-05 1.025160000000000024e-05
2.202000000000000000e+03 2.446700000000000139e-05 1.025219999999999986e-05
2.203000000000000000e+03 2.444619999999999983e-05 1.025279999999999948e-05
2.204000000000000000e+03 2.442549999999999848e-05 1.025340000000000080e-05
2.205000000000000000e+03 2.440470000000000031e-05 1.025400000000000042e-05
2.206000000000000000e+03 2.438399999999999896e-05 1.025460000000000004e-05
2.207000000000000000e+03 2.436330000000000101e-05 1.025519999999999966e-05
2.208000000000000000e+03 2.434259999999999967e-05 1.025570000000000076e-05
2.209000000000000000e+03 2.432199999999999854e-05 1.025630000000000038e-05
2.210000000000000000e+03 2.430130000000000059e-05 1.025690000000000000e-05
2.211000000000000000e+03 2.428069999999999946e-05 1.025749999999999962e-05
2.212000000000000000e+03 2.426009999999999834e-05 1.025809999999999924e-05
2.213000000000000000e+03 2.423950000000000060e-05 1.025870000000000056e-05
2.214000000000000000e+03 2.421889999999999948e-05 1.025940000000000040e-05
2.215000000000000000e+03 2.419839999999999857e-05 1.026000000000000002e-05
2.216000000000000000e+03 2.417780000000000084e-05 1.026059999999999964e-05
2.217000000000000000e+03 2.415729999999999993e-05 1.026119999999999927e-05
2.218000000000000000e+03 2.413679999999999903e-05 1.026180000000000058e-05
2.219000000000000000e+03 2.411630000000000151e-05 1.026240000000000020e-05
2.220000000000000000e+03 2.409590000000000082e-05 1.026299999999999982e-05
2.221000000000000000e+03 2.407539999999999992e-05 1.026369999999999967e-05
2.222000000000000000e+03 2.405499999999999923e-05 1.026429999999999929e-05
2.223000000000000000e+03 2.403459999999999855e-05 1.026490000000000060e-05
2.224000000000000000e+03 2.401420000000000125e-05 1.026560000000000044e-05
2.225000000000000000e+03 2.399380000000000057e-05 1.026620000000000007e-05
2.226000000000000000e+03 2.397339999999999988e-05 1.026679999999999969e-05
2.227000000000000000e+03 2.395309999999999941e-05 1.026749999999999953e-05
2.228000000000000000e+03 2.393279999999999895e-05 1.026810000000000084e-05
2.229000000000000000e+03 2.391240000000000165e-05 1.026880000000000068e-05
2.230000000000000000e+03 2.389210000000000118e-05 1.026940000000000031e-05
2.231000000000000000e+03 2.387190000000000094e-05 1.026999999999999993e-05
2.232000000000000000e+03 2.385160000000000047e-05 1.027069999999999977e-05
2.233000000000000000e+03 2.383140000000000022e-05 1.027139999999999961e-05
2.234000000000000000e+03 2.382129999999999841e-05 1.027199999999999923e-05
2.235000000000000000e+03 2.382149999999999884e-05 1.027270000000000077e-05
2.236000000000000000e+03 2.382159999999999906e-05 1.027330000000000039e-05
2.237000000000000000e+03 2.382179999999999950e-05 1.027400000000000023e-05
2.238000000000000000e+03 2.382199999999999994e-05 1.027470000000000007e-05
2.239000000000000000e+03 2.382210000000000016e-05 1.027529999999999969e-05
2.240000000000000000e+03 2.382230000000000060e-05 1.027599999999999953e-05
2.241000000000000000e+03 2.382240000000000082e-05 1.027669999999999937e-05
2.242000000000000000e+03 2.382260000000000126e-05 1.027730000000000069e-05
2.243000000000000000e+03 2.382279999999999831e-05 1.027800000000000053e-05
2.244000000000000000e+03 2.382289999999999853e-05 1.027870000000000037e-05
2.245000000000000000e+03 2.382309999999999896e-05 1.027940000000000021e-05
2.246000000000000000e+03 2.382319999999999918e-05 1.028010000000000005e-05
2.247000000000000000e+03 2.382339999999999962e-05 1.028069999999999967e-05
2.248000000000000000e+03 2.382360000000000006e-05 1.028139999999999951e-05
2.249000000000000000e+03 2.382370000000000028e-05 1.028209999999999935e-05
2.250000000000000000e+03 2.382390000000000072e-05 1.028279999999999919e-05
2.251000000000000000e+03 2.382400000000000094e-05 1.028350000000000073e-05
2.252000000000000000e+03 2.382420000000000138e-05 1.028420000000000057e-05
2.253000000000000000e+03 2.382439999999999843e-05 1.028490000000000041e-05
2.254000000000000000e+03 2.382449999999999865e-05 1.028560000000000025e-05
2.255000000000000000e+03 2.382469999999999908e-05 1.028630000000000009e-05
2.256000000000000000e+03 2.382479999999999930e-05 1.028699999999999993e-05
2.257000000000000000e+03 2.382499999999999974e-05 1.028769999999999977e-05
2.258000000000000000e+03 2.382520000000000018e-05 1.028839999999999962e-05
2.259000000000000000e+03 2.382530000000000040e-05 1.028919999999999968e-05
2.260000000000000000e+03 2.382550000000000084e-05 1.028989999999999952e-05
2.261000000000000000e+03 2.382560000000000106e-05 1.029059999999999936e-05
2.262000000000000000e+03 2.382580000000000150e-05 1.029129999999999920e-05
2.263000000000000000e+03 2.382599999999999855e-05 1.029200000000000073e-05
2.264000000000000000e+03 2.382609999999999877e-05 1.029280000000000079e-05
2.265000000000000000e+03 2.382629999999999920e-05 1.029350000000000063e-05
2.266000000000000000e+03 2.382639999999999942e-05 1.029420000000000047e-05
2.267000000000000000e+03 2.382659999999999986e-05 1.029500000000000053e-05
2.268000000000000000e+03 2.382670000000000008e-05 1.029570000000000038e-05
2.269000000000000000e+03 2.382690000000000052e-05 1.029640000000000022e-05
2.270000000000000000e+03 2.382710000000000096e-05 1.029720000000000028e-05
2.271000000000000000e+03 2.382720000000000118e-05 1.029790000000000012e-05
2.272000000000000000e+03 2.382740000000000162e-05 1.029859999999999996e-05
2.273000000000000000e+03 2.382749999999999845e-05 1.029940000000000002e-05
2.274000000000000000e+03 2.380510000000000015e-05 1.030009999999999986e-05
2.275000000000000000e+03 2.376009999999999974e-05 1.030089999999999992e-05
2.276000000000000000e+03 2.371519999999999954e-05 1.030169999999999998e-05
2.277000000000000000e+03 2.367039999999999956e-05 1.030239999999999982e-05
2.278000000000000000e+03 2.362569999999999980e-05 1.030319999999999988e-05
2.279000000000000000e+03 2.358100000000000005e-05 1.030389999999999972e-05
2.280000000000000000e+03 2.353640000000000051e-05 1.030469999999999978e-05
2.281000000000000000e+03 2.349200000000000141e-05 1.030549999999999984e-05
2.282000000000000000e+03 2.344759999999999892e-05 1.030619999999999968e-05
2.283000000000000000e+03 2.340330000000000004e-05 1.030699999999999974e-05
2.284000000000000000e+03 2.335900000000000115e-05 1.030779999999999980e-05
2.285000000000000000e+03 2.331489999999999932e-05 1.030849999999999964e-05
2.286000000000000000e+03 2.327080000000000088e-05 1.030929999999999970e-05
2.287000000000000000e+03 2.322689999999999949e-05 1.031009999999999976e-05
2.288000000000000000e+03 2.318300000000000148e-05 1.031089999999999982e-05
2.289000000000000000e+03 2.313910000000000009e-05 1.031169999999999988e-05
2.290000000000000000e+03 2.309539999999999914e-05 1.031239999999999972e-05
2.291000000000000000e+03 2.305179999999999840e-05 1.031319999999999978e-05
2.292000000000000000e+03 2.300820000000000106e-05 1.031399999999999984e-05
2.293000000000000000e+03 2.296470000000000054e-05 1.031479999999999990e-05
2.294000000000000000e+03 2.292130000000000025e-05 1.031559999999999996e-05
2.295000000000000000e+03 2.287800000000000017e-05 1.031640000000000002e-05
2.296000000000000000e+03 2.283480000000000031e-05 1.031720000000000008e-05
2.297000000000000000e+03 2.279160000000000045e-05 1.031800000000000015e-05
2.298000000000000000e+03 2.274850000000000082e-05 1.031880000000000021e-05
2.299000000000000000e+03 2.270560000000000162e-05 1.031960000000000027e-05
2.300000000000000000e+03 2.266259999999999881e-05 1.032040000000000033e-05
2.301000000000000000e+03 2.261979999999999983e-05 1.032120000000000039e-05
2.302000000000000000e+03 2.257710000000000107e-05 1.032200000000000045e-05
2.303000000000000000e+03 2.253439999999999892e-05 1.032290000000000072e-05
2.304000000000000000e+03 2.249180000000000038e-05 1.032370000000000079e-05
2.305000000000000000e+03 2.244929999999999867e-05 1.032450000000000085e-05
2.306000000000000000e+03 2.240690000000000056e-05 1.032529999999999921e-05
2.307000000000000000e+03 2.236449999999999907e-05 1.032609999999999927e-05
2.308000000000000000e+03 2.232230000000000141e-05 1.032699999999999955e-05
2.309000000000000000e+03 2.228010000000000035e-05 1.032779999999999961e-05
2.310000000000000000e+03 2.223799999999999952e-05 1.032859999999999967e-05
2.311000000000000000e+03 2.219599999999999891e-05 1.032949999999999995e-05
2.312000000000000000e+03 2.215400000000000168e-05 1.033030000000000001e-05
2.313000000000000000e+03 2.211210000000000129e-05 1.033110000000000007e-05
2.314000000000000000e+03 2.209340000000000094e-05 1.033200000000000035e-05
2.315000000000000000e+03 2.209770000000000020e-05 1.033280000000000041e-05
2.316000000000000000e+03 2.210209999999999969e-05 1.033370000000000069e-05
2.317000000000000000e+03 2.210639999999999895e-05 1.033450000000000075e-05
2.318000000000000000e+03 2.211070000000000160e-05 1.033539999999999933e-05
2.319000000000000000e+03 2.211510000000000109e-05 1.033619999999999939e-05
2.320000000000000000e+03 2.211940000000000035e-05 1.033709999999999967e-05
2.321000000000000000e+03 2.212369999999999962e-05 1.033789999999999973e-05
2.322000000000000000e+03 2.212809999999999910e-05 1.033880000000000001e-05
2.323000000000000000e+03 2.213239999999999836e-05 1.033960000000000007e-05
2.324000000000000000e+03 2.213670000000000102e-05 1.034050000000000035e-05
2.325000000000000000e+03 2.214110000000000050e-05 1.034140000000000063e-05
2.326000000000000000e+03 2.214539999999999976e-05 1.034220000000000069e-05
2.327000000000000000e+03 2.214979999999999925e-05 1.034309999999999928e-05
2.328000000000000000e+03 2.215409999999999851e-05 1.034399999999999956e-05
2.329000000000000000e+03 2.215840000000000116e-05 1.034489999999999984e-05
2.330000000000000000e+03 2.216280000000000065e-05 1.034569999999999990e-05
2.331000000000000000e+03 2.216709999999999991e-05 1.034660000000000018e-05
2.332000000000000000e+03 2.217149999999999940e-05 1.034750000000000046e-05
2.333000000000000000e+03 2.217579999999999866e-05 1.034840000000000073e-05
2.334000000000000000e+03 2.218010000000000131e-05 1.034929999999999932e-05
2.335000000000000000e+03 2.218450000000000080e-05 1.035019999999999960e-05
2.336000000000000000e+03 2.218880000000000006e-05 1.035099999999999966e-05
2.337000000000000000e+03 2.219319999999999954e-05 1.035189999999999994e-05
2.338000000000000000e+03 2.219749999999999881e-05 1.035280000000000022e-05
2.339000000000000000e+03 2.220190000000000168e-05 1.035370000000000050e-05
2.340000000000000000e+03 2.220620000000000094e-05 1.035460000000000078e-05
2.341000000000000000e+03 2.221060000000000043e-05 1.035549999999999936e-05
2.342000000000000000e+03 2.221489999999999969e-05 1.035639999999999964e-05
2.343000000000000000e+03 2.221929999999999917e-05 1.035729999999999992e-05
2.344000000000000000e+03 2.222359999999999844e-05 1.035820000000000020e-05
2.345000000000000000e+03 2.222800000000000131e-05 1.035920000000000070e-05
2.346000000000000000e+03 2.223240000000000079e-05 1.036009999999999928e-05
2.347000000000000000e+03 2.223670000000000006e-05 1.036099999999999956e-05
2.348000000000000000e+03 2.224109999999999954e-05 1.036189999999999984e-05
2.349000000000000000e+03 2.224539999999999881e-05 1.036280000000000012e-05
2.350000000000000000e+03 2.224980000000000168e-05 1.036370000000000040e-05
2.351000000000000000e+03 2.225410000000000094e-05 1.036469999999999921e-05
2.352000000000000000e+03 2.225850000000000043e-05 1.036559999999999949e-05
2.353000000000000000e+03 2.226289999999999991e-05 1.036649999999999977e-05
2.354000000000000000e+03 2.225759999999999845e-05 1.036740000000000004e-05
2.355000000000000000e+03 2.224279999999999988e-05 1.036840000000000054e-05
2.356000000000000000e+03 2.222800000000000131e-05 1.036930000000000082e-05
2.357000000000000000e+03 2.221319999999999935e-05 1.037019999999999941e-05
2.358000000000000000e+03 2.219840000000000078e-05 1.037119999999999991e-05
2.359000000000000000e+03 2.218359999999999882e-05 1.037210000000000019e-05
2.360000000000000000e+03 2.216880000000000025e-05 1.037310000000000068e-05
2.361000000000000000e+03 2.215409999999999851e-05 1.037399999999999927e-05
2.362000000000000000e+03 2.213929999999999994e-05 1.037499999999999977e-05
2.363000000000000000e+03 2.212460000000000159e-05 1.037590000000000005e-05
2.364000000000000000e+03 2.210989999999999985e-05 1.037690000000000055e-05
2.365000000000000000e+03 2.209510000000000128e-05 1.037780000000000083e-05
2.366000000000000000e+03 2.208039999999999954e-05 1.037879999999999963e-05
2.367000000000000000e+03 2.206570000000000119e-05 1.037969999999999991e-05
2.368000000000000000e+03 2.205099999999999945e-05 1.038070000000000041e-05
2.369000000000000000e+03 2.203630000000000110e-05 1.038169999999999921e-05
2.370000000000000000e+03 2.202169999999999958e-05 1.038259999999999949e-05
2.371000000000000000e+03 2.200700000000000122e-05 1.038359999999999999e-05
2.372000000000000000e+03 2.199229999999999948e-05 1.038460000000000049e-05
2.373000000000000000e+03 2.197770000000000135e-05 1.038550000000000077e-05
2.374000000000000000e+03 2.196299999999999961e-05 1.038649999999999957e-05
2.375000000000000000e+03 2.194840000000000148e-05 1.038750000000000007e-05
2.376000000000000000e+03 2.193379999999999996e-05 1.038850000000000057e-05
2.377000000000000000e+03 2.191919999999999844e-05 1.038939999999999916e-05
2.378000000000000000e+03 2.190460000000000031e-05 1.039039999999999966e-05
2.379000000000000000e+03 2.188999999999999879e-05 1.039140000000000015e-05
2.380000000000000000e+03 2.187540000000000065e-05 1.039240000000000065e-05
2.381000000000000000e+03 2.186089999999999935e-05 1.039339999999999946e-05
2.382000000000000000e+03 2.184630000000000122e-05 1.039439999999999996e-05
2.383000000000000000e+03 2.183179999999999992e-05 1.039540000000000045e-05
2.384000000000000000e+03 2.181719999999999840e-05 1.039639999999999926e-05
2.385000000000000000e+03 2.180270000000000049e-05 1.039739999999999976e-05
2.386000000000000000e+03 2.178819999999999919e-05 1.039840000000000026e-05
2.387000000000000000e+03 2.177370000000000127e-05 1.039940000000000075e-05
2.388000000000000000e+03 2.175919999999999997e-05 1.040039999999999956e-05
2.389000000000000000e+03 2.174469999999999867e-05 1.040140000000000006e-05
2.390000000000000000e+03 2.173020000000000076e-05 1.040240000000000056e-05
2.391000000000000000e+03 2.171569999999999946e-05 1.040339999999999936e-05
2.392000000000000000e+03 2.170129999999999837e-05 1.040439999999999986e-05
2.393000000000000000e+03 2.168680000000000046e-05 1.040540000000000036e-05
2.394000000000000000e+03 2.167569999999999984e-05 1.040639999999999916e-05
2.395000000000000000e+03 2.166789999999999968e-05 1.040749999999999988e-05
2.396000000000000000e+03 2.166009999999999951e-05 1.040850000000000038e-05
2.397000000000000000e+03 2.165239999999999957e-05 1.040949999999999918e-05
2.398000000000000000e+03 2.164459999999999941e-05 1.041049999999999968e-05
2.399000000000000000e+03 2.163679999999999925e-05 1.041160000000000040e-05
2.400000000000000000e+03 2.162899999999999908e-05 1.041259999999999921e-05
2.401000000000000000e+03 2.162129999999999914e-05 1.041359999999999970e-05
2.402000000000000000e+03 2.161349999999999898e-05 1.041470000000000042e-05
2.403000000000000000e+03 2.160579999999999903e-05 1.041569999999999923e-05
2.404000000000000000e+03 2.159799999999999887e-05 1.041669999999999973e-05
2.405000000000000000e+03 2.159029999999999893e-05 1.041780000000000044e-05
2.406000000000000000e+03 2.158249999999999877e-05 1.041879999999999925e-05
2.407000000000000000e+03 2.157479999999999882e-05 1.041989999999999997e-05
2.408000000000000000e+03 2.156699999999999866e-05 1.042090000000000046e-05
2.409000000000000000e+03 2.155929999999999872e-05 1.042199999999999949e-05
2.410000000000000000e+03 2.155149999999999856e-05 1.042299999999999999e-05
2.411000000000000000e+03 2.154379999999999861e-05 1.042410000000000070e-05
2.412000000000000000e+03 2.153609999999999867e-05 1.042509999999999951e-05
2.413000000000000000e+03 2.152829999999999851e-05 1.042620000000000023e-05
2.414000000000000000e+03 2.152059999999999856e-05 1.042720000000000073e-05
2.415000000000000000e+03 2.151289999999999862e-05 1.042829999999999975e-05
2.416000000000000000e+03 2.150509999999999846e-05 1.042940000000000047e-05
2.417000000000000000e+03 2.149739999999999851e-05 1.043039999999999927e-05
2.418000000000000000e+03 2.148969999999999857e-05 1.043149999999999999e-05
2.419000000000000000e+03 2.148199999999999863e-05 1.043260000000000071e-05
2.420000000000000000e+03 2.147429999999999868e-05 1.043369999999999973e-05
2.421000000000000000e+03 2.146659999999999874e-05 1.043470000000000023e-05
2.422000000000000000e+03 2.145889999999999880e-05 1.043579999999999925e-05
2.423000000000000000e+03 2.145119999999999885e-05 1.043689999999999997e-05
2.424000000000000000e+03 2.144349999999999891e-05 1.043800000000000069e-05
2.425000000000000000e+03 2.143579999999999897e-05 1.043909999999999971e-05
2.426000000000000000e+03 2.142809999999999903e-05 1.044010000000000021e-05
2.427000000000000000e+03 2.142039999999999908e-05 1.044119999999999924e-05
2.428000000000000000e+03 2.141269999999999914e-05 1.044229999999999995e-05
2.429000000000000000e+03 2.140499999999999920e-05 1.044340000000000067e-05
2.430000000000000000e+03 2.139729999999999925e-05 1.044449999999999970e-05
2.431000000000000000e+03 2.138959999999999931e-05 1.044560000000000041e-05
2.432000000000000000e+03 2.138199999999999959e-05 1.044669999999999944e-05
2.433000000000000000e+03 2.137429999999999964e-05 1.044780000000000016e-05
2.434000000000000000e+03 2.135549999999999908e-05 1.044889999999999918e-05
2.435000000000000000e+03 2.133679999999999873e-05 1.044999999999999990e-05
2.436000000000000000e+03 2.131800000000000155e-05 1.045110000000000062e-05
2.437000000000000000e+03 2.129930000000000121e-05 1.045219999999999964e-05
2.438000000000000000e+03 2.128060000000000086e-05 1.045330000000000036e-05
2.439000000000000000e+03 2.126200000000000073e-05 1.045449999999999960e-05
2.440000000000000000e+03 2.124330000000000039e-05 1.045560000000000032e-05
2.441000000000000000e+03 2.122470000000000026e-05 1.045669999999999934e-05
2.442000000000000000e+03 2.120599999999999991e-05 1.045780000000000006e-05
2.443000000000000000e+03 2.118739999999999979e-05 1.045890000000000078e-05
2.444000000000000000e+03 2.116879999999999966e-05 1.046010000000000002e-05
2.445000000000000000e+03 2.115019999999999953e-05 1.046120000000000074e-05
2.446000000000000000e+03 2.113169999999999963e-05 1.046229999999999976e-05
2.447000000000000000e+03 2.111309999999999950e-05 1.046350000000000070e-05
2.448000000000000000e+03 2.109459999999999959e-05 1.046459999999999972e-05
2.449000000000000000e+03 2.107609999999999968e-05 1.046570000000000044e-05
2.450000000000000000e+03 2.105759999999999978e-05 1.046689999999999969e-05
2.451000000000000000e+03 2.103909999999999987e-05 1.046800000000000040e-05
2.452000000000000000e+03 2.102059999999999996e-05 1.046909999999999943e-05
2.453000000000000000e+03 2.100220000000000027e-05 1.047030000000000036e-05
2.454000000000000000e+03 2.098370000000000037e-05 1.047139999999999939e-05
2.455000000000000000e+03 2.096530000000000068e-05 1.047260000000000033e-05
2.456000000000000000e+03 2.094690000000000099e-05 1.047369999999999935e-05
2.457000000000000000e+03 2.092850000000000130e-05 1.047490000000000029e-05
2.458000000000000000e+03 2.091019999999999844e-05 1.047599999999999931e-05
2.459000000000000000e+03 2.089179999999999876e-05 1.047720000000000025e-05
2.460000000000000000e+03 2.087349999999999929e-05 1.047839999999999949e-05
2.461000000000000000e+03 2.085509999999999960e-05 1.047950000000000021e-05
2.462000000000000000e+03 2.083680000000000013e-05 1.048069999999999945e-05
2.463000000000000000e+03 2.081850000000000066e-05 1.048180000000000017e-05
2.464000000000000000e+03 2.080030000000000141e-05 1.048299999999999941e-05
2.465000000000000000e+03 2.078199999999999855e-05 1.048420000000000035e-05
2.466000000000000000e+03 2.076379999999999930e-05 1.048539999999999959e-05
2.467000000000000000e+03 2.074560000000000005e-05 1.048650000000000031e-05
2.468000000000000000e+03 2.072730000000000058e-05 1.048769999999999955e-05
2.469000000000000000e+03 2.070910000000000134e-05 1.048890000000000049e-05
2.470000000000000000e+03 2.069099999999999892e-05 1.049009999999999973e-05
2.471000000000000000e+03 2.067279999999999967e-05 1.049120000000000045e-05
2.472000000000000000e+03 2.065470000000000064e-05 1.049239999999999970e-05
2.473000000000000000e+03 2.064449999999999860e-05 1.049360000000000063e-05
2.474000000000000000e+03 2.064230000000000055e-05 1.049479999999999988e-05
2.475000000000000000e+03 2.064009999999999912e-05 1.049600000000000081e-05
2.476000000000000000e+03 2.063790000000000107e-05 1.049720000000000006e-05
2.477000000000000000e+03 2.063569999999999963e-05 1.049839999999999930e-05
2.478000000000000000e+03 2.063359999999999842e-05 1.049960000000000024e-05
2.479000000000000000e+03 2.063140000000000037e-05 1.050079999999999948e-05
2.480000000000000000e+03 2.062919999999999893e-05 1.050200000000000042e-05
2.481000000000000000e+03 2.062700000000000088e-05 1.050319999999999966e-05
2.482000000000000000e+03 2.062479999999999945e-05 1.050440000000000060e-05
2.483000000000000000e+03 2.062260000000000140e-05 1.050559999999999984e-05
2.484000000000000000e+03 2.062039999999999997e-05 1.050680000000000078e-05
2.485000000000000000e+03 2.061829999999999875e-05 1.050800000000000002e-05
2.486000000000000000e+03 2.061610000000000070e-05 1.050919999999999926e-05
2.487000000000000000e+03 2.061389999999999927e-05 1.051040000000000020e-05
2.488000000000000000e+03 2.061170000000000122e-05 1.051169999999999966e-05
2.489000000000000000e+03 2.060949999999999978e-05 1.051290000000000060e-05
2.490000000000000000e+03 2.060729999999999835e-05 1.051409999999999984e-05
2.491000000000000000e+03 2.060510000000000030e-05 1.051530000000000078e-05
2.492000000000000000e+03 2.060299999999999908e-05 1.051660000000000024e-05
2.493000000000000000e+03 2.060080000000000103e-05 1.051779999999999949e-05
2.494000000000000000e+03 2.059859999999999960e-05 1.051900000000000042e-05
2.495000000000000000e+03 2.059640000000000155e-05 1.052019999999999967e-05
2.496000000000000000e+03 2.059420000000000011e-05 1.052150000000000082e-05
2.497000000000000000e+03 2.059199999999999868e-05 1.052270000000000007e-05
2.498000000000000000e+03 2.058990000000000085e-05 1.052399999999999953e-05
2.499000000000000000e+03 2.058769999999999941e-05 1.052520000000000047e-05
2.500000000000000000e+03 2.058550000000000137e-05 1.052639999999999971e-05
2.501000000000000000e+03 2.058329999999999993e-05 1.052769999999999917e-05
2.502000000000000000e+03 2.058109999999999849e-05 1.052890000000000011e-05
2.503000000000000000e+03 2.057890000000000045e-05 1.053019999999999957e-05
2.504000000000000000e+03 2.057679999999999923e-05 1.053140000000000051e-05
2.505000000000000000e+03 2.057460000000000118e-05 1.053269999999999997e-05
2.506000000000000000e+03 2.057239999999999975e-05 1.053389999999999921e-05
2.507000000000000000e+03 2.057019999999999831e-05 1.053520000000000037e-05
2.508000000000000000e+03 2.056800000000000026e-05 1.053649999999999983e-05
2.509000000000000000e+03 2.056589999999999905e-05 1.053770000000000077e-05
2.510000000000000000e+03 2.056370000000000100e-05 1.053900000000000023e-05
2.511000000000000000e+03 2.056149999999999956e-05 1.054019999999999947e-05
2.512000000000000000e+03 2.055930000000000152e-05 1.054150000000000063e-05
2.513000000000000000e+03 2.055639999999999855e-05 1.054280000000000009e-05
2.514000000000000000e+03 2.055290000000000103e-05 1.054409999999999956e-05
2.515000000000000000e+03 2.054929999999999992e-05 1.054530000000000049e-05
2.516000000000000000e+03 2.054569999999999880e-05 1.054659999999999996e-05
2.517000000000000000e+03 2.054210000000000107e-05 1.054789999999999942e-05
2.518000000000000000e+03 2.053860000000000017e-05 1.054920000000000057e-05
2.519000000000000000e+03 2.053499999999999905e-05 1.055039999999999982e-05
2.520000000000000000e+03 2.053140000000000133e-05 1.055169999999999928e-05
2.521000000000000000e+03 2.052790000000000043e-05 1.055300000000000044e-05
2.522000000000000000e+03 2.052429999999999931e-05 1.055429999999999990e-05
2.523000000000000000e+03 2.052070000000000158e-05 1.055559999999999936e-05
2.524000000000000000e+03 2.051710000000000046e-05 1.055690000000000052e-05
2.525000000000000000e+03 2.051359999999999956e-05 1.055819999999999998e-05
2.526000000000000000e+03 2.050999999999999845e-05 1.055949999999999944e-05
2.527000000000000000e+03 2.050640000000000072e-05 1.056080000000000060e-05
2.528000000000000000e+03 2.050289999999999982e-05 1.056210000000000006e-05
2.529000000000000000e+03 2.049929999999999870e-05 1.056339999999999952e-05
2.530000000000000000e+03 2.049570000000000097e-05 1.056470000000000068e-05
2.531000000000000000e+03 2.049220000000000007e-05 1.056600000000000014e-05
2.532000000000000000e+03 2.048859999999999896e-05 1.056729999999999960e-05
2.533000000000000000e+03 2.048510000000000145e-05 1.056860000000000076e-05
2.534000000000000000e+03 2.048150000000000033e-05 1.056990000000000022e-05
2.535000000000000000e+03 2.047789999999999921e-05 1.057119999999999969e-05
2.536000000000000000e+03 2.047439999999999831e-05 1.057259999999999937e-05
2.537000000000000000e+03 2.047080000000000058e-05 1.057390000000000052e-05
2.538000000000000000e+03 2.046729999999999969e-05 1.057519999999999999e-05
2.539000000000000000e+03 2.046369999999999857e-05 1.057649999999999945e-05
2.540000000000000000e+03 2.046010000000000084e-05 1.057790000000000082e-05
2.541000000000000000e+03 2.045659999999999994e-05 1.057920000000000029e-05
2.542000000000000000e+03 2.045299999999999882e-05 1.058049999999999975e-05
2.543000000000000000e+03 2.044950000000000131e-05 1.058179999999999921e-05
2.544000000000000000e+03 2.044590000000000020e-05 1.058320000000000059e-05
2.545000000000000000e+03 2.044239999999999930e-05 1.058450000000000005e-05
2.546000000000000000e+03 2.043880000000000157e-05 1.058589999999999973e-05
2.547000000000000000e+03 2.043520000000000045e-05 1.058719999999999919e-05
2.548000000000000000e+03 2.043169999999999955e-05 1.058850000000000035e-05
2.549000000000000000e+03 2.042809999999999844e-05 1.058990000000000003e-05
2.550000000000000000e+03 2.042460000000000093e-05 1.059119999999999949e-05
2.551000000000000000e+03 2.042099999999999981e-05 1.059259999999999918e-05
2.552000000000000000e+03 2.041749999999999891e-05 1.059390000000000033e-05
2.553000000000000000e+03 2.040730000000000026e-05 1.059530000000000001e-05
2.554000000000000000e+03 2.039060000000000091e-05 1.059659999999999948e-05
2.555000000000000000e+03 2.037390000000000156e-05 1.059799999999999916e-05
2.556000000000000000e+03 2.035719999999999883e-05 1.059930000000000031e-05
2.557000000000000000e+03 2.034059999999999970e-05 1.060070000000000000e-05
2.558000000000000000e+03 2.032390000000000035e-05 1.060209999999999968e-05
2.559000000000000000e+03 2.030720000000000100e-05 1.060340000000000083e-05
2.560000000000000000e+03 2.029059999999999848e-05 1.060480000000000052e-05
2.561000000000000000e+03 2.027399999999999935e-05 1.060620000000000020e-05
2.562000000000000000e+03 2.025740000000000022e-05 1.060749999999999966e-05
2.563000000000000000e+03 2.024080000000000109e-05 1.060889999999999934e-05
2.564000000000000000e+03 2.022419999999999857e-05 1.061030000000000072e-05
2.565000000000000000e+03 2.020759999999999945e-05 1.061170000000000040e-05
2.566000000000000000e+03 2.019110000000000053e-05 1.061299999999999986e-05
2.567000000000000000e+03 2.017450000000000141e-05 1.061439999999999954e-05
2.568000000000000000e+03 2.015799999999999911e-05 1.061579999999999923e-05
2.569000000000000000e+03 2.014150000000000020e-05 1.061720000000000060e-05
2.570000000000000000e+03 2.012500000000000129e-05 1.061860000000000028e-05
2.571000000000000000e+03 2.010849999999999899e-05 1.061999999999999996e-05
2.572000000000000000e+03 2.009200000000000008e-05 1.062139999999999965e-05
2.573000000000000000e+03 2.007560000000000139e-05 1.062279999999999933e-05
2.574000000000000000e+03 2.005909999999999909e-05 1.062410000000000048e-05
2.575000000000000000e+03 2.004270000000000040e-05 1.062550000000000017e-05
2.576000000000000000e+03 2.002629999999999832e-05 1.062689999999999985e-05
2.577000000000000000e+03 2.000989999999999963e-05 1.062829999999999953e-05
2.578000000000000000e+03 1.999350000000000094e-05 1.062979999999999943e-05
2.579000000000000000e+03 1.997709999999999886e-05 1.063120000000000081e-05
2.580000000000000000e+03 1.996070000000000017e-05 1.063260000000000049e-05
2.581000000000000000e+03 1.994440000000000169e-05 1.063400000000000017e-05
2.582000000000000000e+03 1.992809999999999983e-05 1.063539999999999985e-05
2.583000000000000000e+03 1.991170000000000114e-05 1.063679999999999953e-05
2.584000000000000000e+03 1.989539999999999928e-05 1.063819999999999921e-05
2.585000000000000000e+03 1.987910000000000081e-05 1.063960000000000059e-05
2.586000000000000000e+03 1.986279999999999895e-05 1.064110000000000049e-05
2.587000000000000000e+03 1.984660000000000070e-05 1.064250000000000017e-05
2.588000000000000000e+03 1.983029999999999884e-05 1.064389999999999985e-05
2.589000000000000000e+03 1.981410000000000059e-05 1.064529999999999954e-05
2.590000000000000000e+03 1.979779999999999873e-05 1.064679999999999944e-05
2.591000000000000000e+03 1.978160000000000047e-05 1.064820000000000081e-05
2.592000000000000000e+03 1.976539999999999883e-05 1.064960000000000049e-05
2.593000000000000000e+03 1.975639999999999943e-05 1.065100000000000018e-05
2.594000000000000000e+03 1.975459999999999887e-05 1.065250000000000008e-05
2.595000000000000000e+03 1.975289999999999853e-05 1.065389999999999976e-05
2.596000000000000000e+03 1.975110000000000136e-05 1.065539999999999966e-05
2.597000000000000000e+03 1.974930000000000080e-05 1.065679999999999934e-05
2.598000000000000000e+03 1.974750000000000024e-05 1.065820000000000072e-05
2.599000000000000000e+03 1.974579999999999990e-05 1.065970000000000062e-05
2.600000000000000000e+03 1.974399999999999934e-05 1.066110000000000030e-05
2.601000000000000000e+03 1.974219999999999878e-05 1.066260000000000020e-05
2.602000000000000000e+03 1.974040000000000161e-05 1.066399999999999988e-05
2.603000000000000000e+03 1.973870000000000127e-05 1.066549999999999978e-05
2.604000000000000000e+03 1.973690000000000072e-05 1.066699999999999968e-05
2.605000000000000000e+03 1.973510000000000016e-05 1.066839999999999937e-05
2.606000000000000000e+03 1.973339999999999982e-05 1.066989999999999927e-05
2.607000000000000000e+03 1.973159999999999926e-05 1.067130000000000064e-05
2.608000000000000000e+03 1.972979999999999870e-05 1.067280000000000054e-05
2.609000000000000000e+03 1.972800000000000153e-05 1.067430000000000044e-05
2.610000000000000000e+03 1.972630000000000119e-05 1.067570000000000013e-05
2.611000000000000000e+03 1.972450000000000063e-05 1.067720000000000003e-05
2.612000000000000000e+03 1.972270000000000007e-05 1.067869999999999993e-05
2.613000000000000000e+03 1.972089999999999951e-05 1.068019999999999983e-05
2.614000000000000000e+03 1.971919999999999917e-05 1.068159999999999951e-05
2.615000000000000000e+03 1.971739999999999862e-05 1.068309999999999941e-05
2.616000000000000000e+03 1.971560000000000145e-05 1.068459999999999931e-05
2.617000000000000000e+03 1.971390000000000111e-05 1.068609999999999921e-05
2.618000000000000000e+03 1.971210000000000055e-05 1.068760000000000081e-05
2.619000000000000000e+03 1.971029999999999999e-05 1.068900000000000049e-05
2.620000000000000000e+03 1.970849999999999943e-05 1.069050000000000039e-05
2.621000000000000000e+03 1.970679999999999909e-05 1.069200000000000029e-05
2.622000000000000000e+03 1.970499999999999853e-05 1.069350000000000019e-05
2.623000000000000000e+03 1.970320000000000136e-05 1.069500000000000009e-05
2.624000000000000000e+03 1.970150000000000102e-05 1.069649999999999999e-05
2.625000000000000000e+03 1.969970000000000046e-05 1.069799999999999989e-05
2.626000000000000000e+03 1.969789999999999990e-05 1.069949999999999980e-05
2.627000000000000000e+03 1.969609999999999934e-05 1.070099999999999970e-05
2.628000000000000000e+03 1.969439999999999901e-05 1.070249999999999960e-05
2.629000000000000000e+03 1.969259999999999845e-05 1.070399999999999950e-05
2.630000000000000000e+03 1.969080000000000128e-05 1.070549999999999940e-05
2.631000000000000000e+03 1.968910000000000094e-05 1.070699999999999930e-05
2.632000000000000000e+03 1.968730000000000038e-05 1.070859999999999942e-05
2.633000000000000000e+03 1.968170000000000165e-05 1.071009999999999932e-05
2.634000000000000000e+03 1.967220000000000115e-05 1.071159999999999922e-05
2.635000000000000000e+03 1.966270000000000065e-05 1.071310000000000082e-05
2.636000000000000000e+03 1.965320000000000015e-05 1.071460000000000072e-05
2.637000000000000000e+03 1.964369999999999964e-05 1.071610000000000062e-05
2.638000000000000000e+03 1.963419999999999914e-05 1.071770000000000074e-05
2.639000000000000000e+03 1.962479999999999886e-05 1.071920000000000064e-05
2.640000000000000000e+03 1.961529999999999836e-05 1.072070000000000054e-05
2.641000000000000000e+03 1.960580000000000124e-05 1.072230000000000066e-05
2.642000000000000000e+03 1.959640000000000096e-05 1.072380000000000056e-05
2.643000000000000000e+03 1.958690000000000046e-05 1.072530000000000046e-05
2.644000000000000000e+03 1.957750000000000018e-05 1.072690000000000058e-05
2.645000000000000000e+03 1.956799999999999967e-05 1.072840000000000048e-05
2.646000000000000000e+03 1.955859999999999939e-05 1.072990000000000039e-05
2.647000000000000000e+03 1.954919999999999911e-05 1.073150000000000051e-05
2.648000000000000000e+03 1.953969999999999861e-05 1.073300000000000041e-05
2.649000000000000000e+03 1.953029999999999832e-05 1.073460000000000053e-05
2.650000000000000000e+03 1.952090000000000143e-05 1.073610000000000043e-05
2.651000000000000000e+03 1.951150000000000115e-05 1.073770000000000055e-05
2.652000000000000000e+03 1.950210000000000086e-05 1.073920000000000045e-05
2.653000000000000000e+03 1.949270000000000058e-05 1.074080000000000057e-05
2.654000000000000000e+03 1.948320000000000008e-05 1.074230000000000047e-05
2.655000000000000000e+03 1.947379999999999980e-05 1.074390000000000059e-05
2.656000000000000000e+03 1.946449999999999973e-05 1.074550000000000071e-05
2.657000000000000000e+03 1.945509999999999945e-05 1.074700000000000061e-05
2.658000000000000000e+03 1.944569999999999917e-05 1.074860000000000073e-05
2.659000000000000000e+03 1.943629999999999888e-05 1.075019999999999916e-05
2.660000000000000000e+03 1.942689999999999860e-05 1.075170000000000075e-05
2.661000000000000000e+03 1.941759999999999854e-05 1.075329999999999918e-05
2.662000000000000000e+03 1.940820000000000164e-05 1.075489999999999930e-05
2.663000000000000000e+03 1.939880000000000136e-05 1.075639999999999920e-05
2.664000000000000000e+03 1.938950000000000130e-05 1.075799999999999932e-05
2.665000000000000000e+03 1.938010000000000102e-05 1.075959999999999944e-05
2.666000000000000000e+03 1.937080000000000095e-05 1.076119999999999956e-05
2.667000000000000000e+03 1.936140000000000067e-05 1.076279999999999968e-05
2.668000000000000000e+03 1.935210000000000061e-05 1.076439999999999980e-05
2.669000000000000000e+03 1.934270000000000032e-05 1.076589999999999970e-05
2.670000000000000000e+03 1.933340000000000026e-05 1.076749999999999982e-05
2.671000000000000000e+03 1.932410000000000020e-05 1.076909999999999994e-05
2.672000000000000000e+03 1.931480000000000013e-05 1.077070000000000006e-05
2.673000000000000000e+03 1.930209999999999939e-05 1.077230000000000018e-05
2.674000000000000000e+03 1.928600000000000136e-05 1.077390000000000030e-05
2.675000000000000000e+03 1.926989999999999994e-05 1.077550000000000042e-05
2.676000000000000000e+03 1.925389999999999873e-05 1.077710000000000054e-05
2.677000000000000000e+03 1.923790000000000092e-05 1.077870000000000066e-05
2.678000000000000000e+03 1.922179999999999950e-05 1.078030000000000078e-05
2.679000000000000000e+03 1.920580000000000168e-05 1.078189999999999921e-05
2.680000000000000000e+03 1.918980000000000048e-05 1.078349999999999933e-05
2.681000000000000000e+03 1.917379999999999928e-05 1.078509999999999945e-05
2.682000000000000000e+03 1.915790000000000169e-05 1.078669999999999957e-05
2.683000000000000000e+03 1.914190000000000048e-05 1.078839999999999991e-05
2.684000000000000000e+03 1.912599999999999950e-05 1.079000000000000003e-05
2.685000000000000000e+03 1.911000000000000169e-05 1.079160000000000015e-05
2.686000000000000000e+03 1.909410000000000070e-05 1.079320000000000027e-05
2.687000000000000000e+03 1.907819999999999972e-05 1.079480000000000039e-05
2.688000000000000000e+03 1.906229999999999874e-05 1.079650000000000073e-05
2.689000000000000000e+03 1.904650000000000136e-05 1.079809999999999916e-05
2.690000000000000000e+03 1.903060000000000038e-05 1.079969999999999928e-05
2.691000000000000000e+03 1.901479999999999962e-05 1.080139999999999962e-05
2.692000000000000000e+03 1.899889999999999863e-05 1.080299999999999974e-05
2.693000000000000000e+03 1.898310000000000126e-05 1.080459999999999986e-05
2.694000000000000000e+03 1.896730000000000050e-05 1.080630000000000020e-05
2.695000000000000000e+03 1.895149999999999973e-05 1.080790000000000032e-05
2.696000000000000000e+03 1.893569999999999897e-05 1.080950000000000044e-05
2.697000000000000000e+03 1.891990000000000159e-05 1.081120000000000078e-05
2.698000000000000000e+03 1.890420000000000105e-05 1.081279999999999920e-05
2.699000000000000000e+03 1.888840000000000028e-05 1.081449999999999954e-05
2.700000000000000000e+03 1.887269999999999974e-05 1.081609999999999966e-05
2.701000000000000000e+03 1.885699999999999920e-05 1.081780000000000000e-05
2.702000000000000000e+03 1.884129999999999865e-05 1.081940000000000012e-05
2.703000000000000000e+03 1.882560000000000150e-05 1.082110000000000046e-05
2.704000000000000000e+03 1.880990000000000095e-05 1.082270000000000058e-05
2.705000000000000000e+03 1.879420000000000041e-05 1.082439999999999923e-05
2.706000000000000000e+03 1.877860000000000008e-05 1.082609999999999957e-05
2.707000000000000000e+03 1.876299999999999976e-05 1.082769999999999969e-05
2.708000000000000000e+03 1.874729999999999921e-05 1.082940000000000003e-05
2.709000000000000000e+03 1.873169999999999889e-05 1.083110000000000037e-05
2.710000000000000000e+03 1.871609999999999856e-05 1.083270000000000049e-05
2.711000000000000000e+03 1.870050000000000163e-05 1.083440000000000083e-05
2.712000000000000000e+03 1.868500000000000152e-05 1.083609999999999947e-05
2.713000000000000000e+03 1.867730000000000158e-05 1.083769999999999959e-05
2.714000000000000000e+03 1.867739999999999841e-05 1.083939999999999993e-05
2.715000000000000000e+03 1.867759999999999885e-05 1.084110000000000027e-05
2.716000000000000000e+03 1.867779999999999929e-05 1.084280000000000061e-05
2.717000000000000000e+03 1.867799999999999972e-05 1.084449999999999925e-05
2.718000000000000000e+03 1.867809999999999994e-05 1.084609999999999937e-05
2.719000000000000000e+03 1.867830000000000038e-05 1.084779999999999971e-05
2.720000000000000000e+03 1.867850000000000082e-05 1.084950000000000005e-05
2.721000000000000000e+03 1.867870000000000126e-05 1.085120000000000039e-05
2.722000000000000000e+03 1.867880000000000148e-05 1.085290000000000073e-05
2.723000000000000000e+03 1.867899999999999853e-05 1.085459999999999938e-05
2.724000000000000000e+03 1.867919999999999897e-05 1.085629999999999972e-05
2.725000000000000000e+03 1.867939999999999941e-05 1.085800000000000006e-05
2.726000000000000000e+03 1.867949999999999963e-05 1.085970000000000040e-05
2.727000000000000000e+03 1.867970000000000006e-05 1.086140000000000074e-05
2.728000000000000000e+03 1.867990000000000050e-05 1.086309999999999938e-05
2.729000000000000000e+03 1.868010000000000094e-05 1.086479999999999972e-05
2.730000000000000000e+03 1.868020000000000116e-05 1.086650000000000006e-05
2.731000000000000000e+03 1.868040000000000160e-05 1.086820000000000040e-05
2.732000000000000000e+03 1.868059999999999865e-05 1.086990000000000074e-05
2.733000000000000000e+03 1.868079999999999909e-05 1.087159999999999938e-05
2.734000000000000000e+03 1.868089999999999931e-05 1.087339999999999994e-05
2.735000000000000000e+03 1.868109999999999975e-05 1.087510000000000028e-05
2.736000000000000000e+03 1.868130000000000018e-05 1.087680000000000062e-05
2.737000000000000000e+03 1.868150000000000062e-05 1.087849999999999927e-05
2.738000000000000000e+03 1.868160000000000084e-05 1.088019999999999961e-05
2.739000000000000000e+03 1.868180000000000128e-05 1.088200000000000017e-05
2.740000000000000000e+03 1.868199999999999833e-05 1.088370000000000051e-05
2.741000000000000000e+03 1.868219999999999877e-05 1.088540000000000085e-05
2.742000000000000000e+03 1.868229999999999899e-05 1.088719999999999971e-05
2.743000000000000000e+03 1.868249999999999943e-05 1.088890000000000005e-05
2.744000000000000000e+03 1.868269999999999987e-05 1.089060000000000039e-05
2.745000000000000000e+03 1.868290000000000030e-05 1.089239999999999925e-05
2.746000000000000000e+03 1.868300000000000052e-05 1.089409999999999959e-05
2.747000000000000000e+03 1.868320000000000096e-05 1.089590000000000015e-05
2.748000000000000000e+03 1.868340000000000140e-05 1.089760000000000049e-05
2.749000000000000000e+03 1.868359999999999845e-05 1.089930000000000083e-05
2.750000000000000000e+03 1.868369999999999867e-05 1.090109999999999970e-05
2.751000000000000000e+03 1.868389999999999911e-05 1.090280000000000003e-05
2.752000000000000000e+03 1.868409999999999955e-05 1.090460000000000059e-05
2.753000000000000000e+03 1.868249999999999943e-05 1.090629999999999924e-05
2.754000000000000000e+03 1.867899999999999853e-05 1.090809999999999980e-05
2.755000000000000000e+03 1.867560000000000124e-05 1.090990000000000036e-05
2.756000000000000000e+03 1.867210000000000034e-05 1.091160000000000070e-05
2.757000000000000000e+03 1.866869999999999966e-05 1.091339999999999956e-05
2.758000000000000000e+03 1.866529999999999898e-05 1.091509999999999990e-05
2.759000000000000000e+03 1.866180000000000147e-05 1.091690000000000046e-05
2.760000000000000000e+03 1.865840000000000079e-05 1.091869999999999932e-05
2.761000000000000000e+03 1.865489999999999989e-05 1.092039999999999966e-05
2.762000000000000000e+03 1.865149999999999922e-05 1.092220000000000022e-05
2.763000000000000000e+03 1.864809999999999854e-05 1.092400000000000078e-05
2.764000000000000000e+03 1.864460000000000103e-05 1.092579999999999965e-05
2.765000000000000000e+03 1.864120000000000035e-05 1.092749999999999998e-05
2.766000000000000000e+03 1.863769999999999945e-05 1.092930000000000054e-05
2.767000000000000000e+03 1.863429999999999877e-05 1.093109999999999941e-05
2.768000000000000000e+03 1.863090000000000148e-05 1.093289999999999997e-05
2.769000000000000000e+03 1.862740000000000058e-05 1.093470000000000053e-05
2.770000000000000000e+03 1.862399999999999990e-05 1.093649999999999939e-05
2.771000000000000000e+03 1.862059999999999922e-05 1.093819999999999973e-05
2.772000000000000000e+03 1.861709999999999833e-05 1.094000000000000029e-05
2.773000000000000000e+03 1.861370000000000103e-05 1.094179999999999915e-05
2.774000000000000000e+03 1.861030000000000036e-05 1.094359999999999971e-05
2.775000000000000000e+03 1.860689999999999968e-05 1.094540000000000027e-05
2.776000000000000000e+03 1.860339999999999878e-05 1.094720000000000083e-05
2.777000000000000000e+03 1.860000000000000149e-05 1.094899999999999969e-05
2.778000000000000000e+03 1.859660000000000081e-05 1.095080000000000025e-05
2.779000000000000000e+03 1.859309999999999991e-05 1.095260000000000081e-05
2.780000000000000000e+03 1.858969999999999923e-05 1.095439999999999968e-05
2.781000000000000000e+03 1.858629999999999855e-05 1.095630000000000045e-05
2.782000000000000000e+03 1.858290000000000126e-05 1.095809999999999932e-05
2.783000000000000000e+03 1.857940000000000036e-05 1.095989999999999988e-05
2.784000000000000000e+03 1.857599999999999968e-05 1.096170000000000044e-05
2.785000000000000000e+03 1.857259999999999901e-05 1.096349999999999930e-05
2.786000000000000000e+03 1.856919999999999833e-05 1.096529999999999986e-05
2.787000000000000000e+03 1.856570000000000082e-05 1.096710000000000042e-05
2.788000000000000000e+03 1.856230000000000014e-05 1.096899999999999950e-05
2.789000000000000000e+03 1.855889999999999946e-05 1.097080000000000006e-05
2.790000000000000000e+03 1.855549999999999878e-05 1.097260000000000062e-05
2.791000000000000000e+03 1.855210000000000149e-05 1.097439999999999948e-05
2.792000000000000000e+03 1.854860000000000059e-05 1.097630000000000026e-05
2.793000000000000000e+03 1.854540000000000035e-05 1.097810000000000082e-05
2.794000000000000000e+03 1.854240000000000055e-05 1.097989999999999969e-05
2.795000000000000000e+03 1.853930000000000053e-05 1.098180000000000046e-05
2.796000000000000000e+03 1.853630000000000073e-05 1.098359999999999933e-05
2.797000000000000000e+03 1.853320000000000070e-05 1.098550000000000011e-05
2.798000000000000000e+03 1.853020000000000090e-05 1.098730000000000067e-05
2.799000000000000000e+03 1.852710000000000088e-05 1.098909999999999953e-05
2.800000000000000000e+03 1.852410000000000108e-05 1.099100000000000031e-05
2.801000000000000000e+03 1.852100000000000106e-05 1.099279999999999917e-05
2.802000000000000000e+03 1.851800000000000126e-05 1.099469999999999995e-05
2.803000000000000000e+03 1.851500000000000145e-05 1.099650000000000051e-05
2.804000000000000000e+03 1.851190000000000143e-05 1.099839999999999959e-05
2.805000000000000000e+03 1.850890000000000163e-05 1.100030000000000037e-05
2.806000000000000000e+03 1.850580000000000161e-05 1.100209999999999924e-05
2.807000000000000000e+03 1.850279999999999842e-05 1.100400000000000001e-05
2.808000000000000000e+03 1.849979999999999862e-05 1.100580000000000057e-05
2.809000000000000000e+03 1.849669999999999860e-05 1.100769999999999966e-05
2.810000000000000000e+03 1.849369999999999880e-05 1.100960000000000044e-05
2.811000000000000000e+03 1.849059999999999877e-05 1.101139999999999930e-05
2.812000000000000000e+03 1.848759999999999897e-05 1.101330000000000008e-05
2.813000000000000000e+03 1.848459999999999917e-05 1.101519999999999916e-05
2.814000000000000000e+03 1.848149999999999915e-05 1.101709999999999994e-05
2.815000000000000000e+03 1.847849999999999935e-05 1.101890000000000050e-05
2.816000000000000000e+03 1.847549999999999955e-05 1.102079999999999958e-05
2.817000000000000000e+03 1.847239999999999952e-05 1.102270000000000036e-05
2.818000000000000000e+03 1.846939999999999972e-05 1.102459999999999944e-05
2.819000000000000000e+03 1.846629999999999970e-05 1.102650000000000022e-05
2.820000000000000000e+03 1.846329999999999990e-05 1.102830000000000078e-05
2.821000000000000000e+03 1.846030000000000010e-05 1.103019999999999987e-05
2.822000000000000000e+03 1.845720000000000008e-05 1.103210000000000064e-05
2.823000000000000000e+03 1.845420000000000027e-05 1.103399999999999973e-05
2.824000000000000000e+03 1.845120000000000047e-05 1.103590000000000051e-05
2.825000000000000000e+03 1.844810000000000045e-05 1.103779999999999959e-05
2.826000000000000000e+03 1.844510000000000065e-05 1.103970000000000037e-05
2.827000000000000000e+03 1.844210000000000085e-05 1.104159999999999945e-05
2.828000000000000000e+03 1.843910000000000105e-05 1.104350000000000023e-05
2.829000000000000000e+03 1.843600000000000102e-05 1.104539999999999931e-05
2.830000000000000000e+03 1.843300000000000122e-05 1.104730000000000009e-05
2.831000000000000000e+03 1.843000000000000142e-05 1.104919999999999918e-05
2.832000000000000000e+03 1.842690000000000140e-05 1.105109999999999995e-05
2.833000000000000000e+03 1.841860000000000014e-05 1.105300000000000073e-05
2.834000000000000000e+03 1.841029999999999888e-05 1.105489999999999982e-05
2.835000000000000000e+03 1.840210000000000123e-05 1.105690000000000081e-05
2.836000000000000000e+03 1.839379999999999997e-05 1.105879999999999990e-05
2.837000000000000000e+03 1.838549999999999871e-05 1.106070000000000067e-05
2.838000000000000000e+03 1.837720000000000084e-05 1.106259999999999976e-05
2.839000000000000000e+03 1.836889999999999958e-05 1.106450000000000054e-05
2.840000000000000000e+03 1.836069999999999854e-05 1.106649999999999984e-05
2.841000000000000000e+03 1.835240000000000067e-05 1.106840000000000062e-05
2.842000000000000000e+03 1.834409999999999941e-05 1.107029999999999970e-05
2.843000000000000000e+03 1.833589999999999838e-05 1.107220000000000048e-05
2.844000000000000000e+03 1.832760000000000050e-05 1.107419999999999978e-05
2.845000000000000000e+03 1.831929999999999925e-05 1.107610000000000056e-05
2.846000000000000000e+03 1.831110000000000159e-05 1.107809999999999986e-05
2.847000000000000000e+03 1.830280000000000034e-05 1.108000000000000064e-05
2.848000000000000000e+03 1.829459999999999930e-05 1.108189999999999973e-05
2.849000000000000000e+03 1.828640000000000164e-05 1.108390000000000072e-05
2.850000000000000000e+03 1.827810000000000039e-05 1.108579999999999981e-05
2.851000000000000000e+03 1.826989999999999935e-05 1.108780000000000080e-05
2.852000000000000000e+03 1.826169999999999831e-05 1.108969999999999989e-05
2.853000000000000000e+03 1.825340000000000044e-05 1.109169999999999919e-05
2.854000000000000000e+03 1.824519999999999940e-05 1.109359999999999997e-05
2.855000000000000000e+03 1.823699999999999836e-05 1.109559999999999927e-05
2.856000000000000000e+03 1.822880000000000070e-05 1.109750000000000005e-05
2.857000000000000000e+03 1.822059999999999967e-05 1.109949999999999935e-05
2.858000000000000000e+03 1.821239999999999863e-05 1.110140000000000013e-05
2.859000000000000000e+03 1.820420000000000097e-05 1.110339999999999944e-05
2.860000000000000000e+03 1.819599999999999993e-05 1.110540000000000043e-05
2.861000000000000000e+03 1.818779999999999890e-05 1.110729999999999952e-05
2.862000000000000000e+03 1.817960000000000124e-05 1.110930000000000051e-05
2.863000000000000000e+03 1.817140000000000020e-05 1.111129999999999982e-05
2.864000000000000000e+03 1.816319999999999916e-05 1.111330000000000081e-05
2.865000000000000000e+03 1.815500000000000151e-05 1.111519999999999990e-05
2.866000000000000000e+03 1.814680000000000047e-05 1.111719999999999920e-05
2.867000000000000000e+03 1.813869999999999965e-05 1.111920000000000020e-05
2.868000000000000000e+03 1.813049999999999861e-05 1.112119999999999950e-05
2.869000000000000000e+03 1.812230000000000096e-05 1.112310000000000028e-05
2.870000000000000000e+03 1.811420000000000014e-05 1.112509999999999958e-05
2.871000000000000000e+03 1.810599999999999910e-05 1.112710000000000058e-05
2.872000000000000000e+03 1.810230000000000115e-05 1.112909999999999988e-05
2.873000000000000000e+03 1.810299999999999930e-05 1.113109999999999919e-05
2.874000000000000000e+03 1.810360000000000062e-05 1.113310000000000018e-05
2.875000000000000000e+03 1.810429999999999876e-05 1.113509999999999949e-05
2.876000000000000000e+03 1.810500000000000030e-05 1.113710000000000049e-05
2.877000000000000000e+03 1.810569999999999844e-05 1.113909999999999979e-05
2.878000000000000000e+03 1.810639999999999998e-05 1.114110000000000079e-05
2.879000000000000000e+03 1.810700000000000130e-05 1.114310000000000009e-05
2.880000000000000000e+03 1.810769999999999944e-05 1.114509999999999939e-05
2.881000000000000000e+03 1.810840000000000098e-05 1.114710000000000039e-05
2.882000000000000000e+03 1.810909999999999912e-05 1.114909999999999969e-05
2.883000000000000000e+03 1.810980000000000066e-05 1.115110000000000069e-05
2.884000000000000000e+03 1.811039999999999859e-05 1.115309999999999999e-05
2.885000000000000000e+03 1.811110000000000012e-05 1.115509999999999930e-05
2.886000000000000000e+03 1.811180000000000166e-05 1.115710000000000029e-05
2.887000000000000000e+03 1.811249999999999980e-05 1.115909999999999960e-05
2.888000000000000000e+03 1.811320000000000134e-05 1.116120000000000081e-05
2.889000000000000000e+03 1.811379999999999926e-05 1.116320000000000012e-05
2.890000000000000000e+03 1.811450000000000080e-05 1.116519999999999942e-05
2.891000000000000000e+03 1.811519999999999895e-05 1.116720000000000042e-05
2.892000000000000000e+03 1.811590000000000048e-05 1.116929999999999994e-05
2.893000000000000000e+03 1.811659999999999863e-05 1.117129999999999924e-05
2.894000000000000000e+03 1.811730000000000016e-05 1.117330000000000024e-05
2.895000000000000000e+03 1.811790000000000148e-05 1.117539999999999976e-05
2.896000000000000000e+03 1.811859999999999963e-05 1.117740000000000076e-05
2.897000000000000000e+03 1.811930000000000116e-05 1.117940000000000006e-05
2.898000000000000000e+03 1.811999999999999931e-05 1.118149999999999959e-05
2.899000000000000000e+03 1.812070000000000084e-05 1.118350000000000058e-05
2.900000000000000000e+03 1.812129999999999877e-05 1.118560000000000011e-05
2.901000000000000000e+03 1.812200000000000030e-05 1.118759999999999941e-05
2.902000000000000000e+03 1.812269999999999845e-05 1.118960000000000041e-05
2.903000000000000000e+03 1.812339999999999999e-05 1.119169999999999993e-05
2.904000000000000000e+03 1.812410000000000152e-05 1.119369999999999923e-05
2.905000000000000000e+03 1.812469999999999945e-05 1.119580000000000045e-05
2.906000000000000000e+03 1.812540000000000098e-05 1.119779999999999975e-05
2.907000000000000000e+03 1.812609999999999913e-05 1.119989999999999927e-05
2.908000000000000000e+03 1.812680000000000067e-05 1.120200000000000049e-05
2.909000000000000000e+03 1.812749999999999881e-05 1.120399999999999979e-05
2.910000000000000000e+03 1.812820000000000035e-05 1.120609999999999932e-05
2.911000000000000000e+03 1.812880000000000166e-05 1.120810000000000031e-05
2.912000000000000000e+03 1.812309999999999933e-05 1.121019999999999984e-05
2.913000000000000000e+03 1.811099999999999990e-05 1.121229999999999936e-05
2.914000000000000000e+03 1.809880000000000026e-05 1.121440000000000058e-05
2.915000000000000000e+03 1.808670000000000083e-05 1.121639999999999988e-05
2.916000000000000000e+03 1.807460000000000140e-05 1.121849999999999940e-05
2.917000000000000000e+03 1.806239999999999837e-05 1.122060000000000062e-05
2.918000000000000000e+03 1.805029999999999894e-05 1.122270000000000014e-05
2.919000000000000000e+03 1.803819999999999951e-05 1.122469999999999944e-05
2.920000000000000000e+03 1.802610000000000009e-05 1.122680000000000066e-05
2.921000000000000000e+03 1.801410000000000088e-05 1.122890000000000018e-05
2.922000000000000000e+03 1.800200000000000145e-05 1.123099999999999970e-05
2.923000000000000000e+03 1.798989999999999864e-05 1.123309999999999923e-05
2.924000000000000000e+03 1.797789999999999943e-05 1.123520000000000044e-05
2.925000000000000000e+03 1.796580000000000000e-05 1.123729999999999997e-05
2.926000000000000000e+03 1.795380000000000080e-05 1.123929999999999927e-05
2.927000000000000000e+03 1.794170000000000137e-05 1.124140000000000049e-05
2.928000000000000000e+03 1.792969999999999877e-05 1.124350000000000001e-05
2.929000000000000000e+03 1.791769999999999957e-05 1.124559999999999953e-05
2.930000000000000000e+03 1.790570000000000036e-05 1.124770000000000075e-05
2.931000000000000000e+03 1.789370000000000115e-05 1.124980000000000027e-05
2.932000000000000000e+03 1.788169999999999856e-05 1.125200000000000001e-05
2.933000000000000000e+03 1.786969999999999935e-05 1.125409999999999953e-05
2.934000000000000000e+03 1.785770000000000014e-05 1.125620000000000075e-05
2.935000000000000000e+03 1.784580000000000115e-05 1.125830000000000027e-05
2.936000000000000000e+03 1.783379999999999856e-05 1.126039999999999980e-05
2.937000000000000000e+03 1.782179999999999935e-05 1.126249999999999932e-05
2.938000000000000000e+03 1.780990000000000036e-05 1.126460000000000053e-05
2.939000000000000000e+03 1.779800000000000137e-05 1.126670000000000006e-05
2.940000000000000000e+03 1.778599999999999878e-05 1.126889999999999980e-05
2.941000000000000000e+03 1.777409999999999979e-05 1.127099999999999932e-05
2.942000000000000000e+03 1.776220000000000080e-05 1.127310000000000054e-05
2.943000000000000000e+03 1.775029999999999843e-05 1.127520000000000006e-05
2.944000000000000000e+03 1.773839999999999944e-05 1.127739999999999980e-05
2.945000000000000000e+03 1.772650000000000045e-05 1.127949999999999932e-05
2.946000000000000000e+03 1.771460000000000146e-05 1.128160000000000054e-05
2.947000000000000000e+03 1.770269999999999908e-05 1.128380000000000028e-05
2.948000000000000000e+03 1.769090000000000032e-05 1.128589999999999981e-05
2.949000000000000000e+03 1.767900000000000133e-05 1.128799999999999933e-05
2.950000000000000000e+03 1.766719999999999917e-05 1.129020000000000076e-05
2.951000000000000000e+03 1.765530000000000018e-05 1.129230000000000029e-05
2.952000000000000000e+03 1.764719999999999936e-05 1.129450000000000003e-05
2.953000000000000000e+03 1.764279999999999988e-05 1.129659999999999955e-05
2.954000000000000000e+03 1.763840000000000039e-05 1.129879999999999929e-05
2.955000000000000000e+03 1.763410000000000113e-05 1.130090000000000051e-05
2.956000000000000000e+03 1.762970000000000165e-05 1.130310000000000025e-05
2.957000000000000000e+03 1.762529999999999877e-05 1.130519999999999977e-05
2.958000000000000000e+03 1.762089999999999929e-05 1.130739999999999952e-05
2.959000000000000000e+03 1.761649999999999981e-05 1.130950000000000073e-05
2.960000000000000000e+03 1.761210000000000032e-05 1.131170000000000047e-05
2.961000000000000000e+03 1.760780000000000106e-05 1.131390000000000022e-05
2.962000000000000000e+03 1.760340000000000158e-05 1.131599999999999974e-05
2.963000000000000000e+03 1.759899999999999870e-05 1.131819999999999948e-05
2.964000000000000000e+03 1.759459999999999922e-05 1.132039999999999922e-05
2.965000000000000000e+03 1.759029999999999996e-05 1.132250000000000044e-05
2.966000000000000000e+03 1.758590000000000047e-05 1.132470000000000018e-05
2.967000000000000000e+03 1.758150000000000099e-05 1.132689999999999992e-05
2.968000000000000000e+03 1.757719999999999834e-05 1.132909999999999966e-05
2.969000000000000000e+03 1.757279999999999885e-05 1.133119999999999919e-05
2.970000000000000000e+03 1.756839999999999937e-05 1.133340000000000062e-05
2.971000000000000000e+03 1.756399999999999989e-05 1.133560000000000036e-05
2.972000000000000000e+03 1.755970000000000062e-05 1.133780000000000011e-05
2.973000000000000000e+03 1.755530000000000114e-05 1.133999999999999985e-05
2.974000000000000000e+03 1.755090000000000166e-05 1.134209999999999937e-05
2.975000000000000000e+03 1.754659999999999900e-05 1.134430000000000081e-05
2.976000000000000000e+03 1.754219999999999952e-05 1.134650000000000055e-05
2.977000000000000000e+03 1.753790000000000026e-05 1.134870000000000029e-05
2.978000000000000000e+03 1.753350000000000077e-05 1.135090000000000003e-05
2.979000000000000000e+03 1.752910000000000129e-05 1.135309999999999977e-05
2.980000000000000000e+03 1.752479999999999864e-05 1.135529999999999951e-05
2.981000000000000000e+03 1.752039999999999915e-05 1.135749999999999926e-05
2.982000000000000000e+03 1.751609999999999989e-05 1.135970000000000069e-05
2.983000000000000000e+03 1.751170000000000040e-05 1.136190000000000043e-05
2.984000000000000000e+03 1.750740000000000114e-05 1.136410000000000018e-05
2.985000000000000000e+03 1.750300000000000166e-05 1.136629999999999992e-05
2.986000000000000000e+03 1.749869999999999900e-05 1.136859999999999988e-05
2.987000000000000000e+03 1.749429999999999952e-05 1.137079999999999962e-05
2.988000000000000000e+03 1.749000000000000026e-05 1.137299999999999936e-05
2.989000000000000000e+03 1.748560000000000077e-05 1.137520000000000080e-05
2.990000000000000000e+03 1.748130000000000151e-05 1.137740000000000054e-05
2.991000000000000000e+03 1.747689999999999864e-05 1.137960000000000028e-05
2.992000000000000000e+03 1.747399999999999905e-05 1.138190000000000024e-05
2.993000000000000000e+03 1.747249999999999915e-05 1.138409999999999998e-05
2.994000000000000000e+03 1.747109999999999947e-05 1.138629999999999973e-05
2.995000000000000000e+03 1.746959999999999957e-05 1.138849999999999947e-05
2.996000000000000000e+03 1.746809999999999967e-05 1.139079999999999943e-05
2.997000000000000000e+03 1.746669999999999999e-05 1.139299999999999917e-05
2.998000000000000000e+03 1.746520000000000009e-05 1.139520000000000061e-05
2.999000000000000000e+03 1.746370000000000019e-05 1.139750000000000057e-05
3.000000000000000000e+03 1.746230000000000051e-05 1.139970000000000031e-05
3.001000000000000000e+03 1.746080000000000060e-05 1.140200000000000027e-05
3.002000000000000000e+03 1.745930000000000070e-05 1.140420000000000001e-05
3.003000000000000000e+03 1.745790000000000102e-05 1.140639999999999975e-05
3.004000000000000000e+03 1.745640000000000112e-05 1.140869999999999971e-05
3.005000000000000000e+03 1.745490000000000122e-05 1.141089999999999946e-05
3.006000000000000000e+03 1.745350000000000154e-05 1.141319999999999942e-05
3.007000000000000000e+03 1.745200000000000164e-05 1.141539999999999916e-05
3.008000000000000000e+03 1.745049999999999835e-05 1.141770000000000081e-05
3.009000000000000000e+03 1.744909999999999867e-05 1.142000000000000077e-05
3.010000000000000000e+03 1.744759999999999877e-05 1.142220000000000052e-05
3.011000000000000000e+03 1.744609999999999886e-05 1.142450000000000048e-05
3.012000000000000000e+03 1.744469999999999918e-05 1.142670000000000022e-05
3.013000000000000000e+03 1.744319999999999928e-05 1.142900000000000018e-05
3.014000000000000000e+03 1.744179999999999960e-05 1.143130000000000014e-05
3.015000000000000000e+03 1.744029999999999970e-05 1.143349999999999988e-05
3.016000000000000000e+03 1.743879999999999980e-05 1.143579999999999984e-05
3.017000000000000000e+03 1.743740000000000012e-05 1.143809999999999981e-05
3.018000000000000000e+03 1.743590000000000022e-05 1.144039999999999977e-05
3.019000000000000000e+03 1.743440000000000031e-05 1.144259999999999951e-05
3.020000000000000000e+03 1.743300000000000063e-05 1.144489999999999947e-05
3.021000000000000000e+03 1.743150000000000073e-05 1.144719999999999943e-05
3.022000000000000000e+03 1.743000000000000083e-05 1.144949999999999939e-05
3.023000000000000000e+03 1.742860000000000115e-05 1.145179999999999935e-05
3.024000000000000000e+03 1.742710000000000125e-05 1.145400000000000079e-05
3.025000000000000000e+03 1.742560000000000135e-05 1.145630000000000075e-05
3.026000000000000000e+03 1.742420000000000167e-05 1.145860000000000071e-05
3.027000000000000000e+03 1.742269999999999838e-05 1.146090000000000067e-05
3.028000000000000000e+03 1.742129999999999870e-05 1.146320000000000063e-05
3.029000000000000000e+03 1.741979999999999879e-05 1.146550000000000059e-05
3.030000000000000000e+03 1.741829999999999889e-05 1.146780000000000055e-05
3.031000000000000000e+03 1.741689999999999921e-05 1.147010000000000052e-05
3.032000000000000000e+03 1.741539999999999931e-05 1.147240000000000048e-05
3.033000000000000000e+03 1.741399999999999963e-05 1.147470000000000044e-05
3.034000000000000000e+03 1.741249999999999973e-05 1.147700000000000040e-05
3.035000000000000000e+03 1.741099999999999983e-05 1.147930000000000036e-05
3.036000000000000000e+03 1.740960000000000015e-05 1.148160000000000032e-05
3.037000000000000000e+03 1.740810000000000024e-05 1.148390000000000028e-05
3.038000000000000000e+03 1.740670000000000056e-05 1.148630000000000046e-05
3.039000000000000000e+03 1.740520000000000066e-05 1.148860000000000042e-05
3.040000000000000000e+03 1.740380000000000098e-05 1.149090000000000038e-05
3.041000000000000000e+03 1.740230000000000108e-05 1.149320000000000035e-05
3.042000000000000000e+03 1.740090000000000140e-05 1.149550000000000031e-05
3.043000000000000000e+03 1.739940000000000150e-05 1.149790000000000049e-05
3.044000000000000000e+03 1.739799999999999843e-05 1.150020000000000045e-05
3.045000000000000000e+03 1.739649999999999853e-05 1.150250000000000041e-05
3.046000000000000000e+03 1.739509999999999884e-05 1.150480000000000037e-05
3.047000000000000000e+03 1.739359999999999894e-05 1.150720000000000055e-05
3.048000000000000000e+03 1.739219999999999926e-05 1.150950000000000051e-05
3.049000000000000000e+03 1.739069999999999936e-05 1.151180000000000047e-05
3.050000000000000000e+03 1.738919999999999946e-05 1.151420000000000065e-05
3.051000000000000000e+03 1.738779999999999978e-05 1.151650000000000061e-05
3.052000000000000000e+03 1.738629999999999988e-05 1.151890000000000079e-05
3.053000000000000000e+03 1.738490000000000020e-05 1.152120000000000075e-05
3.054000000000000000e+03 1.738340000000000029e-05 1.152350000000000072e-05
3.055000000000000000e+03 1.738200000000000061e-05 1.152589999999999920e-05
3.056000000000000000e+03 1.738050000000000071e-05 1.152819999999999916e-05
3.057000000000000000e+03 1.737910000000000103e-05 1.153059999999999934e-05
3.058000000000000000e+03 1.737760000000000113e-05 1.153289999999999930e-05
3.059000000000000000e+03 1.737620000000000145e-05 1.153529999999999948e-05
3.060000000000000000e+03 1.737470000000000155e-05 1.153769999999999966e-05
3.061000000000000000e+03 1.737329999999999848e-05 1.153999999999999963e-05
3.062000000000000000e+03 1.737179999999999858e-05 1.154239999999999981e-05
3.063000000000000000e+03 1.737039999999999889e-05 1.154469999999999977e-05
3.064000000000000000e+03 1.736889999999999899e-05 1.154709999999999995e-05
3.065000000000000000e+03 1.736749999999999931e-05 1.154950000000000013e-05
3.066000000000000000e+03 1.736599999999999941e-05 1.155180000000000009e-05
3.067000000000000000e+03 1.736459999999999973e-05 1.155420000000000027e-05
3.068000000000000000e+03 1.736309999999999983e-05 1.155660000000000045e-05
3.069000000000000000e+03 1.736170000000000015e-05 1.155900000000000063e-05
3.070000000000000000e+03 1.736020000000000025e-05 1.156130000000000059e-05
3.071000000000000000e+03 1.735880000000000056e-05 1.156370000000000077e-05
3.072000000000000000e+03 1.735189999999999899e-05 1.156609999999999926e-05
3.073000000000000000e+03 1.733969999999999934e-05 1.156849999999999944e-05
3.074000000000000000e+03 1.732749999999999970e-05 1.157089999999999962e-05
3.075000000000000000e+03 1.731530000000000005e-05 1.157319999999999958e-05
3.076000000000000000e+03 1.730310000000000040e-05 1.157559999999999976e-05
3.077000000000000000e+03 1.729090000000000076e-05 1.157799999999999994e-05
3.078000000000000000e+03 1.727880000000000133e-05 1.158040000000000012e-05
3.079000000000000000e+03 1.726660000000000168e-05 1.158280000000000030e-05
3.080000000000000000e+03 1.725439999999999865e-05 1.158520000000000048e-05
3.081000000000000000e+03 1.724229999999999922e-05 1.158760000000000066e-05
3.082000000000000000e+03 1.723009999999999958e-05 1.159000000000000084e-05
3.083000000000000000e+03 1.721800000000000015e-05 1.159239999999999933e-05
3.084000000000000000e+03 1.720590000000000072e-05 1.159479999999999951e-05
3.085000000000000000e+03 1.719370000000000108e-05 1.159719999999999969e-05
3.086000000000000000e+03 1.718160000000000165e-05 1.159959999999999987e-05
3.087000000000000000e+03 1.716949999999999884e-05 1.160200000000000005e-05
3.088000000000000000e+03 1.715739999999999941e-05 1.160450000000000045e-05
3.089000000000000000e+03 1.714540000000000020e-05 1.160690000000000063e-05
3.090000000000000000e+03 1.713330000000000078e-05 1.160930000000000081e-05
3.091000000000000000e+03 1.712120000000000135e-05 1.161169999999999930e-05
3.092000000000000000e+03 1.710919999999999875e-05 1.161409999999999948e-05
3.093000000000000000e+03 1.709709999999999933e-05 1.161649999999999966e-05
3.094000000000000000e+03 1.708510000000000012e-05 1.161900000000000006e-05
3.095000000000000000e+03 1.707300000000000069e-05 1.162140000000000024e-05
3.096000000000000000e+03 1.706100000000000148e-05 1.162380000000000042e-05
3.097000000000000000e+03 1.704899999999999889e-05 1.162630000000000082e-05
3.098000000000000000e+03 1.703699999999999968e-05 1.162869999999999930e-05
3.099000000000000000e+03 1.702500000000000047e-05 1.163109999999999948e-05
3.100000000000000000e+03 1.701300000000000127e-05 1.163359999999999988e-05
3.101000000000000000e+03 1.700099999999999867e-05 1.163600000000000006e-05
3.102000000000000000e+03 1.698909999999999968e-05 1.163840000000000024e-05
3.103000000000000000e+03 1.697710000000000047e-05 1.164090000000000064e-05
3.104000000000000000e+03 1.696510000000000127e-05 1.164330000000000082e-05
3.105000000000000000e+03 1.695319999999999889e-05 1.164579999999999953e-05
3.106000000000000000e+03 1.694119999999999968e-05 1.164819999999999971e-05
3.107000000000000000e+03 1.692930000000000070e-05 1.165070000000000011e-05
3.108000000000000000e+03 1.691739999999999832e-05 1.165310000000000029e-05
3.109000000000000000e+03 1.690549999999999933e-05 1.165560000000000069e-05
3.110000000000000000e+03 1.689360000000000034e-05 1.165799999999999917e-05
3.111000000000000000e+03 1.688170000000000135e-05 1.166049999999999957e-05
3.112000000000000000e+03 1.687789999999999980e-05 1.166299999999999997e-05
3.113000000000000000e+03 1.688209999999999884e-05 1.166540000000000015e-05
3.114000000000000000e+03 1.688640000000000150e-05 1.166790000000000055e-05
3.115000000000000000e+03 1.689070000000000076e-05 1.167030000000000073e-05
3.116000000000000000e+03 1.689500000000000002e-05 1.167279999999999944e-05
3.117000000000000000e+03 1.689919999999999907e-05 1.167529999999999984e-05
3.118000000000000000e+03 1.690349999999999833e-05 1.167780000000000024e-05
3.119000000000000000e+03 1.690780000000000099e-05 1.168020000000000042e-05
3.120000000000000000e+03 1.691210000000000025e-05 1.168270000000000082e-05
3.121000000000000000e+03 1.691639999999999951e-05 1.168519999999999952e-05
3.122000000000000000e+03 1.692059999999999856e-05 1.168769999999999992e-05
3.123000000000000000e+03 1.692490000000000121e-05 1.169010000000000010e-05
3.124000000000000000e+03 1.692920000000000048e-05 1.169260000000000050e-05
3.125000000000000000e+03 1.693349999999999974e-05 1.169509999999999921e-05
3.126000000000000000e+03 1.693779999999999900e-05 1.169759999999999961e-05
3.127000000000000000e+03 1.694210000000000166e-05 1.170010000000000001e-05
3.128000000000000000e+03 1.694640000000000092e-05 1.170260000000000041e-05
3.129000000000000000e+03 1.695070000000000019e-05 1.170510000000000081e-05
3.130000000000000000e+03 1.695499999999999945e-05 1.170759999999999951e-05
3.131000000000000000e+03 1.695919999999999849e-05 1.171009999999999991e-05
3.132000000000000000e+03 1.696350000000000115e-05 1.171260000000000031e-05
3.133000000000000000e+03 1.696780000000000041e-05 1.171510000000000071e-05
3.134000000000000000e+03 1.697209999999999968e-05 1.171759999999999942e-05
3.135000000000000000e+03 1.697639999999999894e-05 1.172009999999999982e-05
3.136000000000000000e+03 1.698070000000000159e-05 1.172260000000000022e-05
3.137000000000000000e+03 1.698500000000000086e-05 1.172510000000000062e-05
3.138000000000000000e+03 1.698930000000000012e-05 1.172759999999999932e-05
3.139000000000000000e+03 1.699359999999999939e-05 1.173009999999999972e-05
3.140000000000000000e+03 1.699789999999999865e-05 1.173260000000000012e-05
3.141000000000000000e+03 1.700220000000000130e-05 1.173520000000000074e-05
3.142000000000000000e+03 1.700650000000000057e-05 1.173769999999999944e-05
3.143000000000000000e+03 1.701079999999999983e-05 1.174019999999999984e-05
3.144000000000000000e+03 1.701519999999999931e-05 1.174270000000000024e-05
3.145000000000000000e+03 1.701949999999999858e-05 1.174520000000000064e-05
3.146000000000000000e+03 1.702380000000000123e-05 1.174779999999999957e-05
3.147000000000000000e+03 1.702810000000000049e-05 1.175029999999999997e-05
3.148000000000000000e+03 1.703239999999999976e-05 1.175280000000000037e-05
3.149000000000000000e+03 1.703669999999999902e-05 1.175539999999999929e-05
3.150000000000000000e+03 1.704100000000000168e-05 1.175789999999999969e-05
3.151000000000000000e+03 1.704530000000000094e-05 1.176040000000000009e-05
3.152000000000000000e+03 1.704550000000000138e-05 1.176300000000000071e-05
3.153000000000000000e+03 1.704159999999999960e-05 1.176549999999999942e-05
3.154000000000000000e+03 1.703770000000000122e-05 1.176810000000000003e-05
3.155000000000000000e+03 1.703379999999999944e-05 1.177060000000000043e-05
3.156000000000000000e+03 1.702990000000000105e-05 1.177319999999999936e-05
3.157000000000000000e+03 1.702599999999999928e-05 1.177569999999999976e-05
3.158000000000000000e+03 1.702210000000000089e-05 1.177830000000000038e-05
3.159000000000000000e+03 1.701819999999999912e-05 1.178080000000000078e-05
3.160000000000000000e+03 1.701430000000000073e-05 1.178339999999999970e-05
3.161000000000000000e+03 1.701039999999999895e-05 1.178590000000000010e-05
3.162000000000000000e+03 1.700650000000000057e-05 1.178850000000000072e-05
3.163000000000000000e+03 1.700259999999999879e-05 1.179109999999999964e-05
3.164000000000000000e+03 1.699870000000000040e-05 1.179360000000000004e-05
3.165000000000000000e+03 1.699479999999999863e-05 1.179620000000000066e-05
3.166000000000000000e+03 1.699090000000000024e-05 1.179869999999999937e-05
3.167000000000000000e+03 1.698699999999999847e-05 1.180129999999999999e-05
3.168000000000000000e+03 1.698310000000000008e-05 1.180390000000000061e-05
3.169000000000000000e+03 1.697920000000000169e-05 1.180649999999999953e-05
3.170000000000000000e+03 1.697529999999999992e-05 1.180899999999999993e-05
3.171000000000000000e+03 1.697140000000000153e-05 1.181160000000000055e-05
3.172000000000000000e+03 1.696749999999999975e-05 1.181419999999999947e-05
3.173000000000000000e+03 1.696360000000000137e-05 1.181680000000000009e-05
3.174000000000000000e+03 1.695979999999999981e-05 1.181940000000000071e-05
3.175000000000000000e+03 1.695590000000000142e-05 1.182189999999999942e-05
3.176000000000000000e+03 1.695199999999999965e-05 1.182450000000000004e-05
3.177000000000000000e+03 1.694810000000000126e-05 1.182710000000000065e-05
3.178000000000000000e+03 1.694419999999999949e-05 1.182969999999999958e-05
3.179000000000000000e+03 1.694030000000000110e-05 1.183230000000000020e-05
3.180000000000000000e+03 1.693639999999999932e-05 1.183490000000000082e-05
3.181000000000000000e+03 1.693250000000000094e-05 1.183749999999999974e-05
3.182000000000000000e+03 1.692869999999999938e-05 1.184010000000000036e-05
3.183000000000000000e+03 1.692480000000000099e-05 1.184269999999999929e-05
3.184000000000000000e+03 1.692089999999999922e-05 1.184529999999999990e-05
3.185000000000000000e+03 1.691700000000000083e-05 1.184790000000000052e-05
3.186000000000000000e+03 1.691309999999999905e-05 1.185049999999999945e-05
3.187000000000000000e+03 1.690930000000000089e-05 1.185310000000000007e-05
3.188000000000000000e+03 1.690539999999999911e-05 1.185570000000000069e-05
3.189000000000000000e+03 1.690150000000000072e-05 1.185839999999999983e-05
3.190000000000000000e+03 1.689759999999999895e-05 1.186100000000000045e-05
3.191000000000000000e+03 1.689380000000000078e-05 1.186359999999999937e-05
3.192000000000000000e+03 1.688969999999999857e-05 1.186619999999999999e-05
3.193000000000000000e+03 1.688539999999999930e-05 1.186880000000000061e-05
3.194000000000000000e+03 1.688120000000000026e-05 1.187149999999999976e-05
3.195000000000000000e+03 1.687690000000000099e-05 1.187410000000000037e-05
3.196000000000000000e+03 1.687269999999999856e-05 1.187669999999999930e-05
3.197000000000000000e+03 1.686839999999999930e-05 1.187929999999999992e-05
3.198000000000000000e+03 1.686410000000000003e-05 1.188200000000000076e-05
3.199000000000000000e+03 1.685990000000000099e-05 1.188459999999999968e-05
3.200000000000000000e+03 1.685559999999999833e-05 1.188720000000000030e-05
3.201000000000000000e+03 1.685139999999999929e-05 1.188989999999999944e-05
3.202000000000000000e+03 1.684710000000000003e-05 1.189250000000000006e-05
3.203000000000000000e+03 1.684290000000000098e-05 1.189519999999999921e-05
3.204000000000000000e+03 1.683859999999999833e-05 1.189779999999999983e-05
3.205000000000000000e+03 1.683439999999999928e-05 1.190040000000000044e-05
3.206000000000000000e+03 1.683010000000000002e-05 1.190309999999999959e-05
3.207000000000000000e+03 1.682590000000000097e-05 1.190570000000000021e-05
3.208000000000000000e+03 1.682159999999999832e-05 1.190839999999999935e-05
3.209000000000000000e+03 1.681739999999999928e-05 1.191110000000000019e-05
3.210000000000000000e+03 1.681320000000000023e-05 1.191370000000000081e-05
3.211000000000000000e+03 1.680890000000000097e-05 1.191639999999999995e-05
3.212000000000000000e+03 1.680469999999999853e-05 1.191900000000000057e-05
3.213000000000000000e+03 1.680039999999999927e-05 1.192169999999999972e-05
3.214000000000000000e+03 1.679620000000000022e-05 1.192440000000000055e-05
3.215000000000000000e+03 1.679200000000000118e-05 1.192699999999999948e-05
3.216000000000000000e+03 1.678769999999999853e-05 1.192970000000000032e-05
3.217000000000000000e+03 1.678349999999999948e-05 1.193239999999999946e-05
3.218000000000000000e+03 1.677920000000000022e-05 1.193500000000000008e-05
3.219000000000000000e+03 1.677500000000000117e-05 1.193769999999999922e-05
3.220000000000000000e+03 1.677079999999999874e-05 1.194040000000000006e-05
3.221000000000000000e+03 1.676649999999999948e-05 1.194309999999999921e-05
3.222000000000000000e+03 1.676230000000000043e-05 1.194569999999999982e-05
3.223000000000000000e+03 1.675810000000000139e-05 1.194840000000000066e-05
3.224000000000000000e+03 1.675389999999999895e-05 1.195109999999999981e-05
3.225000000000000000e+03 1.674959999999999969e-05 1.195380000000000064e-05
3.226000000000000000e+03 1.674540000000000064e-05 1.195649999999999979e-05
3.227000000000000000e+03 1.674120000000000160e-05 1.195920000000000063e-05
3.228000000000000000e+03 1.673699999999999917e-05 1.196189999999999977e-05
3.229000000000000000e+03 1.673269999999999990e-05 1.196460000000000061e-05
3.230000000000000000e+03 1.672850000000000086e-05 1.196719999999999953e-05
3.231000000000000000e+03 1.672429999999999842e-05 1.196990000000000037e-05
3.232000000000000000e+03 1.672230000000000081e-05 1.197259999999999952e-05
3.233000000000000000e+03 1.672029999999999982e-05 1.197530000000000035e-05
3.234000000000000000e+03 1.671819999999999860e-05 1.197809999999999972e-05
3.235000000000000000e+03 1.671620000000000099e-05 1.198080000000000056e-05
3.236000000000000000e+03 1.671419999999999999e-05 1.198349999999999970e-05
3.237000000000000000e+03 1.671219999999999900e-05 1.198620000000000054e-05
3.238000000000000000e+03 1.671020000000000139e-05 1.198889999999999968e-05
3.239000000000000000e+03 1.670820000000000039e-05 1.199160000000000052e-05
3.240000000000000000e+03 1.670609999999999917e-05 1.199429999999999966e-05
3.241000000000000000e+03 1.670410000000000156e-05 1.199700000000000050e-05
3.242000000000000000e+03 1.670210000000000057e-05 1.199979999999999987e-05
3.243000000000000000e+03 1.670009999999999957e-05 1.200250000000000070e-05
3.244000000000000000e+03 1.669809999999999857e-05 1.200519999999999985e-05
3.245000000000000000e+03 1.669610000000000096e-05 1.200790000000000069e-05
3.246000000000000000e+03 1.669409999999999997e-05 1.201070000000000005e-05
3.247000000000000000e+03 1.669199999999999875e-05 1.201339999999999919e-05
3.248000000000000000e+03 1.669000000000000114e-05 1.201610000000000003e-05
3.249000000000000000e+03 1.668800000000000014e-05 1.201889999999999939e-05
3.250000000000000000e+03 1.668599999999999915e-05 1.202160000000000023e-05
3.251000000000000000e+03 1.668400000000000154e-05 1.202429999999999938e-05
3.252000000000000000e+03 1.668200000000000054e-05 1.202710000000000043e-05
3.253000000000000000e+03 1.667999999999999954e-05 1.202979999999999958e-05
3.254000000000000000e+03 1.667799999999999854e-05 1.203260000000000064e-05
3.255000000000000000e+03 1.667590000000000072e-05 1.203529999999999978e-05
3.256000000000000000e+03 1.667389999999999972e-05 1.203810000000000084e-05
3.257000000000000000e+03 1.667189999999999872e-05 1.204079999999999998e-05
3.258000000000000000e+03 1.666990000000000111e-05 1.204359999999999934e-05
3.259000000000000000e+03 1.666790000000000011e-05 1.204630000000000018e-05
3.260000000000000000e+03 1.666589999999999912e-05 1.204909999999999955e-05
3.261000000000000000e+03 1.666390000000000151e-05 1.205180000000000038e-05
3.262000000000000000e+03 1.666190000000000051e-05 1.205459999999999975e-05
3.263000000000000000e+03 1.665989999999999951e-05 1.205740000000000080e-05
3.264000000000000000e+03 1.665780000000000169e-05 1.206009999999999995e-05
3.265000000000000000e+03 1.665580000000000069e-05 1.206289999999999931e-05
3.266000000000000000e+03 1.665379999999999969e-05 1.206570000000000037e-05
3.267000000000000000e+03 1.665179999999999869e-05 1.206839999999999951e-05
3.268000000000000000e+03 1.664980000000000108e-05 1.207120000000000057e-05
3.269000000000000000e+03 1.664780000000000009e-05 1.207399999999999993e-05
3.270000000000000000e+03 1.664579999999999909e-05 1.207679999999999930e-05
3.271000000000000000e+03 1.664589999999999931e-05 1.207950000000000014e-05
3.272000000000000000e+03 1.664810000000000074e-05 1.208229999999999950e-05
3.273000000000000000e+03 1.665029999999999879e-05 1.208510000000000056e-05
3.274000000000000000e+03 1.665260000000000045e-05 1.208789999999999992e-05
3.275000000000000000e+03 1.665479999999999850e-05 1.209069999999999928e-05
3.276000000000000000e+03 1.665699999999999993e-05 1.209350000000000034e-05
3.277000000000000000e+03 1.665920000000000137e-05 1.209629999999999970e-05
3.278000000000000000e+03 1.666149999999999963e-05 1.209900000000000054e-05
3.279000000000000000e+03 1.666370000000000107e-05 1.210179999999999991e-05
3.280000000000000000e+03 1.666589999999999912e-05 1.210459999999999927e-05
3.281000000000000000e+03 1.666810000000000055e-05 1.210740000000000033e-05
3.282000000000000000e+03 1.667029999999999860e-05 1.211019999999999969e-05
3.283000000000000000e+03 1.667260000000000026e-05 1.211300000000000075e-05
3.284000000000000000e+03 1.667480000000000169e-05 1.211590000000000033e-05
3.285000000000000000e+03 1.667699999999999974e-05 1.211869999999999969e-05
3.286000000000000000e+03 1.667920000000000118e-05 1.212150000000000075e-05
3.287000000000000000e+03 1.668149999999999944e-05 1.212430000000000011e-05
3.288000000000000000e+03 1.668370000000000088e-05 1.212709999999999948e-05
3.289000000000000000e+03 1.668589999999999893e-05 1.212990000000000053e-05
3.290000000000000000e+03 1.668820000000000058e-05 1.213269999999999990e-05
3.291000000000000000e+03 1.669039999999999863e-05 1.213549999999999926e-05
3.292000000000000000e+03 1.669260000000000006e-05 1.213840000000000054e-05
3.293000000000000000e+03 1.669480000000000150e-05 1.214119999999999990e-05
3.294000000000000000e+03 1.669709999999999977e-05 1.214399999999999926e-05
3.295000000000000000e+03 1.669930000000000120e-05 1.214680000000000032e-05
3.296000000000000000e+03 1.670149999999999925e-05 1.214969999999999990e-05
3.297000000000000000e+03 1.670370000000000069e-05 1.215249999999999927e-05
3.298000000000000000e+03 1.670599999999999895e-05 1.215530000000000032e-05
3.299000000000000000e+03 1.670820000000000039e-05 1.215819999999999991e-05
3.300000000000000000e+03 1.671039999999999844e-05 1.216099999999999927e-05
3.301000000000000000e+03 1.671270000000000009e-05 1.216390000000000055e-05
3.302000000000000000e+03 1.671490000000000153e-05 1.216669999999999991e-05
3.303000000000000000e+03 1.671709999999999958e-05 1.216949999999999927e-05
3.304000000000000000e+03 1.671940000000000123e-05 1.217240000000000055e-05
3.305000000000000000e+03 1.672159999999999928e-05 1.217519999999999991e-05
3.306000000000000000e+03 1.672380000000000071e-05 1.217809999999999950e-05
3.307000000000000000e+03 1.672609999999999898e-05 1.218090000000000055e-05
3.308000000000000000e+03 1.672830000000000042e-05 1.218380000000000014e-05
3.309000000000000000e+03 1.673049999999999847e-05 1.218669999999999972e-05
3.310000000000000000e+03 1.673280000000000012e-05 1.218950000000000078e-05
3.311000000000000000e+03 1.672919999999999900e-05 1.219240000000000036e-05
3.312000000000000000e+03 1.671969999999999850e-05 1.219519999999999972e-05
3.313000000000000000e+03 1.671030000000000161e-05 1.219809999999999931e-05
3.314000000000000000e+03 1.670090000000000132e-05 1.220100000000000058e-05
3.315000000000000000e+03 1.669150000000000104e-05 1.220379999999999995e-05
3.316000000000000000e+03 1.668210000000000076e-05 1.220669999999999953e-05
3.317000000000000000e+03 1.667270000000000048e-05 1.220960000000000080e-05
3.318000000000000000e+03 1.666340000000000041e-05 1.221250000000000039e-05
3.319000000000000000e+03 1.665400000000000013e-05 1.221529999999999975e-05
3.320000000000000000e+03 1.664459999999999985e-05 1.221819999999999933e-05
3.321000000000000000e+03 1.663519999999999956e-05 1.222110000000000061e-05
3.322000000000000000e+03 1.662589999999999950e-05 1.222400000000000019e-05
3.323000000000000000e+03 1.661649999999999922e-05 1.222689999999999977e-05
3.324000000000000000e+03 1.660719999999999915e-05 1.222979999999999936e-05
3.325000000000000000e+03 1.659779999999999887e-05 1.223260000000000041e-05
3.326000000000000000e+03 1.658849999999999881e-05 1.223550000000000000e-05
3.327000000000000000e+03 1.657909999999999853e-05 1.223839999999999958e-05
3.328000000000000000e+03 1.656979999999999846e-05 1.224129999999999916e-05
3.329000000000000000e+03 1.656049999999999840e-05 1.224420000000000044e-05
3.330000000000000000e+03 1.655119999999999834e-05 1.224710000000000002e-05
3.331000000000000000e+03 1.654190000000000166e-05 1.224999999999999960e-05
3.332000000000000000e+03 1.653250000000000138e-05 1.225289999999999919e-05
3.333000000000000000e+03 1.652320000000000131e-05 1.225580000000000046e-05
3.334000000000000000e+03 1.651390000000000125e-05 1.225870000000000005e-05
3.335000000000000000e+03 1.650460000000000119e-05 1.226169999999999985e-05
3.336000000000000000e+03 1.649540000000000134e-05 1.226459999999999943e-05
3.337000000000000000e+03 1.648610000000000128e-05 1.226750000000000071e-05
3.338000000000000000e+03 1.647680000000000122e-05 1.227040000000000029e-05
3.339000000000000000e+03 1.646750000000000115e-05 1.227329999999999987e-05
3.340000000000000000e+03 1.645830000000000131e-05 1.227619999999999946e-05
3.341000000000000000e+03 1.644900000000000125e-05 1.227919999999999926e-05
3.342000000000000000e+03 1.643970000000000118e-05 1.228210000000000053e-05
3.343000000000000000e+03 1.643050000000000134e-05 1.228500000000000012e-05
3.344000000000000000e+03 1.642120000000000127e-05 1.228789999999999970e-05
3.345000000000000000e+03 1.641200000000000143e-05 1.229089999999999950e-05
3.346000000000000000e+03 1.640280000000000159e-05 1.229380000000000078e-05
3.347000000000000000e+03 1.639350000000000152e-05 1.229670000000000036e-05
3.348000000000000000e+03 1.638430000000000168e-05 1.229970000000000016e-05
3.349000000000000000e+03 1.637509999999999845e-05 1.230259999999999974e-05
3.350000000000000000e+03 1.636589999999999860e-05 1.230559999999999955e-05
3.351000000000000000e+03 1.636360000000000033e-05 1.230850000000000082e-05
3.352000000000000000e+03 1.636820000000000026e-05 1.231140000000000041e-05
3.353000000000000000e+03 1.637290000000000040e-05 1.231440000000000021e-05
3.354000000000000000e+03 1.637750000000000032e-05 1.231729999999999979e-05
3.355000000000000000e+03 1.638220000000000046e-05 1.232029999999999959e-05
3.356000000000000000e+03 1.638680000000000038e-05 1.232319999999999917e-05
3.357000000000000000e+03 1.639140000000000031e-05 1.232620000000000067e-05
3.358000000000000000e+03 1.639610000000000045e-05 1.232920000000000047e-05
3.359000000000000000e+03 1.640070000000000037e-05 1.233210000000000006e-05
3.360000000000000000e+03 1.640540000000000051e-05 1.233509999999999986e-05
3.361000000000000000e+03 1.641010000000000065e-05 1.233799999999999944e-05
3.362000000000000000e+03 1.641470000000000057e-05 1.234099999999999924e-05
3.363000000000000000e+03 1.641940000000000072e-05 1.234400000000000074e-05
3.364000000000000000e+03 1.642400000000000064e-05 1.234690000000000032e-05
3.365000000000000000e+03 1.642870000000000078e-05 1.234990000000000012e-05
3.366000000000000000e+03 1.643330000000000070e-05 1.235289999999999992e-05
3.367000000000000000e+03 1.643800000000000084e-05 1.235589999999999973e-05
3.368000000000000000e+03 1.644270000000000098e-05 1.235879999999999931e-05
3.369000000000000000e+03 1.644730000000000091e-05 1.236180000000000080e-05
3.370000000000000000e+03 1.645200000000000105e-05 1.236480000000000061e-05
3.371000000000000000e+03 1.645670000000000119e-05 1.236780000000000041e-05
3.372000000000000000e+03 1.646130000000000111e-05 1.237080000000000021e-05
3.373000000000000000e+03 1.646600000000000125e-05 1.237380000000000001e-05
3.374000000000000000e+03 1.647070000000000139e-05 1.237679999999999981e-05
3.375000000000000000e+03 1.647530000000000132e-05 1.237969999999999940e-05
3.376000000000000000e+03 1.648000000000000146e-05 1.238269999999999920e-05
3.377000000000000000e+03 1.648470000000000160e-05 1.238570000000000069e-05
3.378000000000000000e+03 1.648939999999999835e-05 1.238870000000000050e-05
3.379000000000000000e+03 1.649400000000000166e-05 1.239170000000000030e-05
3.380000000000000000e+03 1.649869999999999841e-05 1.239470000000000010e-05
3.381000000000000000e+03 1.650339999999999856e-05 1.239780000000000012e-05
3.382000000000000000e+03 1.650809999999999870e-05 1.240079999999999992e-05
3.383000000000000000e+03 1.651279999999999884e-05 1.240379999999999972e-05
3.384000000000000000e+03 1.651739999999999876e-05 1.240679999999999953e-05
3.385000000000000000e+03 1.652209999999999890e-05 1.240979999999999933e-05
3.386000000000000000e+03 1.652679999999999904e-05 1.241280000000000082e-05
3.387000000000000000e+03 1.653149999999999918e-05 1.241580000000000063e-05
3.388000000000000000e+03 1.653619999999999933e-05 1.241880000000000043e-05
3.389000000000000000e+03 1.654089999999999947e-05 1.242190000000000045e-05
3.390000000000000000e+03 1.654559999999999961e-05 1.242490000000000025e-05
3.391000000000000000e+03 1.654580000000000005e-05 1.242790000000000005e-05
3.392000000000000000e+03 1.654160000000000100e-05 1.243089999999999985e-05
3.393000000000000000e+03 1.653739999999999857e-05 1.243399999999999988e-05
3.394000000000000000e+03 1.653329999999999974e-05 1.243699999999999968e-05
3.395000000000000000e+03 1.652910000000000070e-05 1.243999999999999948e-05
3.396000000000000000e+03 1.652490000000000165e-05 1.244309999999999950e-05
3.397000000000000000e+03 1.652069999999999922e-05 1.244609999999999930e-05
3.398000000000000000e+03 1.651650000000000018e-05 1.244919999999999932e-05
3.399000000000000000e+03 1.651230000000000113e-05 1.245220000000000082e-05
3.400000000000000000e+03 1.650819999999999892e-05 1.245520000000000062e-05
3.401000000000000000e+03 1.650399999999999987e-05 1.245830000000000064e-05
3.402000000000000000e+03 1.649980000000000083e-05 1.246130000000000044e-05
3.403000000000000000e+03 1.649559999999999839e-05 1.246440000000000047e-05
3.404000000000000000e+03 1.649139999999999935e-05 1.246740000000000027e-05
3.405000000000000000e+03 1.648730000000000052e-05 1.247050000000000029e-05
3.406000000000000000e+03 1.648310000000000148e-05 1.247360000000000031e-05
3.407000000000000000e+03 1.647889999999999904e-05 1.247660000000000011e-05
3.408000000000000000e+03 1.647470000000000000e-05 1.247970000000000013e-05
3.409000000000000000e+03 1.647060000000000117e-05 1.248269999999999993e-05
3.410000000000000000e+03 1.646639999999999874e-05 1.248579999999999996e-05
3.411000000000000000e+03 1.646219999999999970e-05 1.248889999999999998e-05
3.412000000000000000e+03 1.645810000000000087e-05 1.249189999999999978e-05
3.413000000000000000e+03 1.645389999999999844e-05 1.249499999999999980e-05
3.414000000000000000e+03 1.644969999999999939e-05 1.249809999999999982e-05
3.415000000000000000e+03 1.644560000000000057e-05 1.250119999999999984e-05
3.416000000000000000e+03 1.644140000000000152e-05 1.250419999999999964e-05
3.417000000000000000e+03 1.643719999999999909e-05 1.250729999999999967e-05
3.418000000000000000e+03 1.643310000000000026e-05 1.251039999999999969e-05
3.419000000000000000e+03 1.642890000000000122e-05 1.251349999999999971e-05
3.420000000000000000e+03 1.642469999999999878e-05 1.251659999999999973e-05
3.421000000000000000e+03 1.642059999999999996e-05 1.251969999999999975e-05
3.422000000000000000e+03 1.641640000000000091e-05 1.252279999999999977e-05
3.423000000000000000e+03 1.641229999999999870e-05 1.252589999999999979e-05
3.424000000000000000e+03 1.640809999999999965e-05 1.252889999999999959e-05
3.425000000000000000e+03 1.640400000000000083e-05 1.253199999999999962e-05
3.426000000000000000e+03 1.639979999999999840e-05 1.253509999999999964e-05
3.427000000000000000e+03 1.639559999999999935e-05 1.253819999999999966e-05
3.428000000000000000e+03 1.639150000000000053e-05 1.254129999999999968e-05
3.429000000000000000e+03 1.638730000000000148e-05 1.254449999999999992e-05
3.430000000000000000e+03 1.638319999999999927e-05 1.254759999999999994e-05
3.431000000000000000e+03 1.638189999999999980e-05 1.255069999999999996e-05
3.432000000000000000e+03 1.638360000000000014e-05 1.255379999999999998e-05
3.433000000000000000e+03 1.638520000000000026e-05 1.255690000000000000e-05
3.434000000000000000e+03 1.638680000000000038e-05 1.256000000000000002e-05
3.435000000000000000e+03 1.638840000000000050e-05 1.256310000000000005e-05
3.436000000000000000e+03 1.639000000000000062e-05 1.256630000000000029e-05
3.437000000000000000e+03 1.639170000000000096e-05 1.256940000000000031e-05
3.438000000000000000e+03 1.639330000000000108e-05 1.257250000000000033e-05
3.439000000000000000e+03 1.639490000000000120e-05 1.257560000000000035e-05
3.440000000000000000e+03 1.639650000000000132e-05 1.257880000000000059e-05
3.441000000000000000e+03 1.639810000000000144e-05 1.258190000000000061e-05
3.442000000000000000e+03 1.639979999999999840e-05 1.258500000000000063e-05
3.443000000000000000e+03 1.640139999999999852e-05 1.258819999999999918e-05
3.444000000000000000e+03 1.640299999999999864e-05 1.259129999999999920e-05
3.445000000000000000e+03 1.640459999999999876e-05 1.259439999999999922e-05
3.446000000000000000e+03 1.640619999999999888e-05 1.259759999999999946e-05
3.447000000000000000e+03 1.640789999999999922e-05 1.260069999999999948e-05
3.448000000000000000e+03 1.640949999999999934e-05 1.260389999999999972e-05
3.449000000000000000e+03 1.641109999999999946e-05 1.260699999999999974e-05
3.450000000000000000e+03 1.641269999999999958e-05 1.261019999999999998e-05
3.451000000000000000e+03 1.641439999999999992e-05 1.261330000000000001e-05
3.452000000000000000e+03 1.641600000000000004e-05 1.261650000000000025e-05
3.453000000000000000e+03 1.641760000000000016e-05 1.261960000000000027e-05
3.454000000000000000e+03 1.641920000000000028e-05 1.262280000000000051e-05
3.455000000000000000e+03 1.642090000000000062e-05 1.262590000000000053e-05
3.456000000000000000e+03 1.642250000000000074e-05 1.262910000000000077e-05
3.457000000000000000e+03 1.642410000000000086e-05 1.263229999999999932e-05
3.458000000000000000e+03 1.642570000000000098e-05 1.263539999999999934e-05
3.459000000000000000e+03 1.642740000000000132e-05 1.263859999999999958e-05
3.460000000000000000e+03 1.642900000000000144e-05 1.264179999999999982e-05
3.461000000000000000e+03 1.643060000000000156e-05 1.264489999999999984e-05
3.462000000000000000e+03 1.643220000000000168e-05 1.264810000000000008e-05
3.463000000000000000e+03 1.643389999999999863e-05 1.265130000000000032e-05
3.464000000000000000e+03 1.643549999999999875e-05 1.265450000000000056e-05
3.465000000000000000e+03 1.643709999999999887e-05 1.265770000000000080e-05
3.466000000000000000e+03 1.643869999999999899e-05 1.266080000000000082e-05
3.467000000000000000e+03 1.644039999999999933e-05 1.266399999999999937e-05
3.468000000000000000e+03 1.644199999999999945e-05 1.266719999999999961e-05
3.469000000000000000e+03 1.644359999999999957e-05 1.267039999999999985e-05
3.470000000000000000e+03 1.644519999999999969e-05 1.267360000000000009e-05
3.471000000000000000e+03 1.644400000000000045e-05 1.267680000000000033e-05
3.472000000000000000e+03 1.643990000000000162e-05 1.268000000000000057e-05
3.473000000000000000e+03 1.643569999999999919e-05 1.268320000000000081e-05
3.474000000000000000e+03 1.643160000000000036e-05 1.268639999999999936e-05
3.475000000000000000e+03 1.642750000000000154e-05 1.268959999999999960e-05
3.476000000000000000e+03 1.642339999999999932e-05 1.269279999999999984e-05
3.477000000000000000e+03 1.641930000000000050e-05 1.269600000000000008e-05
3.478000000000000000e+03 1.641520000000000167e-05 1.269920000000000032e-05
3.479000000000000000e+03 1.641099999999999924e-05 1.270240000000000056e-05
3.480000000000000000e+03 1.640690000000000041e-05 1.270560000000000080e-05
3.481000000000000000e+03 1.640280000000000159e-05 1.270879999999999935e-05
3.482000000000000000e+03 1.639869999999999937e-05 1.271209999999999980e-05
3.483000000000000000e+03 1.639460000000000055e-05 1.271530000000000005e-05
3.484000000000000000e+03 1.639049999999999833e-05 1.271850000000000029e-05
3.485000000000000000e+03 1.638639999999999951e-05 1.272170000000000053e-05
3.486000000000000000e+03 1.638230000000000068e-05 1.272499999999999929e-05
3.487000000000000000e+03 1.637819999999999847e-05 1.272819999999999953e-05
3.488000000000000000e+03 1.637409999999999964e-05 1.273139999999999977e-05
3.489000000000000000e+03 1.636990000000000060e-05 1.273460000000000001e-05
3.490000000000000000e+03 1.636579999999999838e-05 1.273790000000000047e-05
3.491000000000000000e+03 1.636169999999999956e-05 1.274110000000000071e-05
3.492000000000000000e+03 1.635760000000000073e-05 1.274439999999999948e-05
3.493000000000000000e+03 1.635349999999999852e-05 1.274759999999999972e-05
3.494000000000000000e+03 1.634939999999999969e-05 1.275079999999999996e-05
3.495000000000000000e+03 1.634530000000000087e-05 1.275410000000000042e-05
3.496000000000000000e+03 1.634119999999999865e-05 1.275730000000000066e-05
3.497000000000000000e+03 1.633709999999999983e-05 1.276059999999999943e-05
3.498000000000000000e+03 1.633310000000000122e-05 1.276379999999999967e-05
3.499000000000000000e+03 1.632899999999999901e-05 1.276710000000000013e-05
3.500000000000000000e+03 1.632490000000000018e-05 1.277030000000000037e-05
3.501000000000000000e+03 1.632080000000000135e-05 1.277360000000000083e-05
3.502000000000000000e+03 1.631669999999999914e-05 1.277689999999999959e-05
3.503000000000000000e+03 1.631260000000000031e-05 1.278009999999999983e-05
3.504000000000000000e+03 1.630850000000000149e-05 1.278340000000000029e-05
3.505000000000000000e+03 1.630439999999999928e-05 1.278670000000000075e-05
3.506000000000000000e+03 1.630030000000000045e-05 1.278989999999999930e-05
3.507000000000000000e+03 1.629620000000000162e-05 1.279319999999999976e-05
3.508000000000000000e+03 1.629219999999999963e-05 1.279650000000000022e-05
3.509000000000000000e+03 1.628810000000000080e-05 1.279970000000000046e-05
3.510000000000000000e+03 1.628399999999999859e-05 1.280299999999999922e-05
3.511000000000000000e+03 1.628170000000000032e-05 1.280629999999999968e-05
3.512000000000000000e+03 1.628129999999999945e-05 1.280960000000000014e-05
3.513000000000000000e+03 1.628079999999999835e-05 1.281290000000000060e-05
3.514000000000000000e+03 1.628040000000000086e-05 1.281619999999999937e-05
3.515000000000000000e+03 1.627999999999999998e-05 1.281939999999999961e-05
3.516000000000000000e+03 1.627949999999999889e-05 1.282270000000000007e-05
3.517000000000000000e+03 1.627910000000000140e-05 1.282600000000000053e-05
3.518000000000000000e+03 1.627860000000000030e-05 1.282929999999999929e-05
3.519000000000000000e+03 1.627819999999999942e-05 1.283259999999999975e-05
3.520000000000000000e+03 1.627779999999999855e-05 1.283590000000000021e-05
3.521000000000000000e+03 1.627730000000000084e-05 1.283920000000000067e-05
3.522000000000000000e+03 1.627689999999999996e-05 1.284249999999999944e-05
3.523000000000000000e+03 1.627639999999999887e-05 1.284579999999999990e-05
3.524000000000000000e+03 1.627600000000000138e-05 1.284910000000000036e-05
3.525000000000000000e+03 1.627550000000000028e-05 1.285240000000000082e-05
3.526000000000000000e+03 1.627509999999999940e-05 1.285569999999999958e-05
3.527000000000000000e+03 1.627469999999999853e-05 1.285910000000000026e-05
3.528000000000000000e+03 1.627420000000000082e-05 1.286240000000000072e-05
3.529000000000000000e+03 1.627379999999999994e-05 1.286569999999999949e-05
3.530000000000000000e+03 1.627329999999999884e-05 1.286899999999999995e-05
3.531000000000000000e+03 1.627290000000000136e-05 1.287230000000000041e-05
3.532000000000000000e+03 1.627240000000000026e-05 1.287569999999999939e-05
3.533000000000000000e+03 1.627199999999999938e-05 1.287899999999999985e-05
3.534000000000000000e+03 1.627159999999999851e-05 1.288230000000000031e-05
3.535000000000000000e+03 1.627110000000000080e-05 1.288560000000000077e-05
3.536000000000000000e+03 1.627069999999999992e-05 1.288899999999999975e-05
3.537000000000000000e+03 1.627019999999999882e-05 1.289230000000000021e-05
3.538000000000000000e+03 1.626980000000000133e-05 1.289569999999999920e-05
3.539000000000000000e+03 1.626940000000000046e-05 1.289899999999999966e-05
3.540000000000000000e+03 1.626889999999999936e-05 1.290230000000000012e-05
3.541000000000000000e+03 1.626849999999999848e-05 1.290570000000000080e-05
3.542000000000000000e+03 1.626800000000000078e-05 1.290899999999999956e-05
3.543000000000000000e+03 1.626759999999999990e-05 1.291240000000000024e-05
3.544000000000000000e+03 1.626709999999999880e-05 1.291570000000000070e-05
3.545000000000000000e+03 1.626670000000000131e-05 1.291909999999999969e-05
3.546000000000000000e+03 1.626630000000000044e-05 1.292240000000000015e-05
3.547000000000000000e+03 1.626579999999999934e-05 1.292580000000000083e-05
3.548000000000000000e+03 1.626539999999999846e-05 1.292909999999999959e-05
3.549000000000000000e+03 1.626490000000000075e-05 1.293250000000000027e-05
3.550000000000000000e+03 1.626449999999999988e-05 1.293589999999999925e-05
3.551000000000000000e+03 1.626340000000000085e-05 1.293919999999999971e-05
3.552000000000000000e+03 1.626160000000000029e-05 1.294260000000000039e-05
3.553000000000000000e+03 1.625979999999999974e-05 1.294599999999999938e-05
3.554000000000000000e+03 1.625799999999999918e-05 1.294929999999999984e-05
3.555000000000000000e+03 1.625619999999999862e-05 1.295270000000000052e-05
3.556000000000000000e+03 1.625440000000000145e-05 1.295609999999999950e-05
3.557000000000000000e+03 1.625270000000000111e-05 1.295950000000000018e-05
3.558000000000000000e+03 1.625090000000000055e-05 1.296289999999999917e-05
3.559000000000000000e+03 1.624909999999999999e-05 1.296619999999999963e-05
3.560000000000000000e+03 1.624729999999999943e-05 1.296960000000000030e-05
3.561000000000000000e+03 1.624549999999999887e-05 1.297299999999999929e-05
3.562000000000000000e+03 1.624369999999999831e-05 1.297639999999999997e-05
3.563000000000000000e+03 1.624190000000000114e-05 1.297980000000000065e-05
3.564000000000000000e+03 1.624020000000000080e-05 1.298319999999999963e-05
3.565000000000000000e+03 1.623840000000000025e-05 1.298660000000000031e-05
3.566000000000000000e+03 1.623659999999999969e-05 1.298999999999999930e-05
3.567000000000000000e+03 1.623479999999999913e-05 1.299339999999999997e-05
3.568000000000000000e+03 1.623299999999999857e-05 1.299680000000000065e-05
3.569000000000000000e+03 1.623120000000000140e-05 1.300019999999999964e-05
3.570000000000000000e+03 1.622950000000000106e-05 1.300360000000000032e-05
3.571000000000000000e+03 1.622770000000000050e-05 1.300699999999999930e-05
3.572000000000000000e+03 1.622589999999999994e-05 1.301039999999999998e-05
3.573000000000000000e+03 1.622409999999999938e-05 1.301380000000000066e-05
3.574000000000000000e+03 1.622229999999999882e-05 1.301719999999999965e-05
3.575000000000000000e+03 1.622050000000000165e-05 1.302070000000000054e-05
3.576000000000000000e+03 1.621880000000000131e-05 1.302409999999999953e-05
3.577000000000000000e+03 1.621700000000000076e-05 1.302750000000000021e-05
3.578000000000000000e+03 1.621520000000000020e-05 1.303089999999999919e-05
3.579000000000000000e+03 1.621339999999999964e-05 1.303440000000000009e-05
3.580000000000000000e+03 1.621159999999999908e-05 1.303780000000000077e-05
3.581000000000000000e+03 1.620989999999999874e-05 1.304119999999999975e-05
3.582000000000000000e+03 1.620810000000000157e-05 1.304460000000000043e-05
3.583000000000000000e+03 1.620630000000000101e-05 1.304809999999999964e-05
3.584000000000000000e+03 1.620450000000000045e-05 1.305150000000000032e-05
3.585000000000000000e+03 1.620269999999999989e-05 1.305499999999999952e-05
3.586000000000000000e+03 1.620099999999999955e-05 1.305840000000000020e-05
3.587000000000000000e+03 1.619919999999999900e-05 1.306179999999999918e-05
3.588000000000000000e+03 1.619739999999999844e-05 1.306530000000000008e-05
3.589000000000000000e+03 1.619560000000000127e-05 1.306870000000000076e-05
3.590000000000000000e+03 1.619380000000000071e-05 1.307219999999999997e-05
3.591000000000000000e+03 1.619169999999999949e-05 1.307560000000000064e-05
3.592000000000000000e+03 1.618910000000000057e-05 1.307909999999999985e-05
3.593000000000000000e+03 1.618659999999999847e-05 1.308250000000000053e-05
3.594000000000000000e+03 1.618399999999999955e-05 1.308599999999999973e-05
3.595000000000000000e+03 1.618150000000000084e-05 1.308950000000000063e-05
3.596000000000000000e+03 1.617889999999999853e-05 1.309289999999999961e-05
3.597000000000000000e+03 1.617639999999999982e-05 1.309640000000000051e-05
3.598000000000000000e+03 1.617380000000000090e-05 1.309989999999999972e-05
3.599000000000000000e+03 1.617119999999999859e-05 1.310330000000000040e-05
3.600000000000000000e+03 1.616869999999999988e-05 1.310679999999999960e-05
3.601000000000000000e+03 1.616610000000000096e-05 1.311030000000000050e-05
3.602000000000000000e+03 1.616359999999999886e-05 1.311379999999999970e-05
3.603000000000000000e+03 1.616099999999999994e-05 1.311720000000000038e-05
3.604000000000000000e+03 1.615850000000000123e-05 1.312069999999999959e-05
3.605000000000000000e+03 1.615589999999999892e-05 1.312420000000000048e-05
3.606000000000000000e+03 1.615340000000000021e-05 1.312769999999999969e-05
3.607000000000000000e+03 1.615090000000000151e-05 1.313120000000000059e-05
3.608000000000000000e+03 1.614829999999999919e-05 1.313469999999999979e-05
3.609000000000000000e+03 1.614580000000000049e-05 1.313820000000000069e-05
3.610000000000000000e+03 1.614320000000000156e-05 1.314169999999999989e-05
3.611000000000000000e+03 1.614069999999999947e-05 1.314510000000000057e-05
3.612000000000000000e+03 1.613810000000000055e-05 1.314859999999999978e-05
3.613000000000000000e+03 1.613559999999999845e-05 1.315210000000000067e-05
3.614000000000000000e+03 1.613299999999999953e-05 1.315570000000000010e-05
3.615000000000000000e+03 1.613050000000000082e-05 1.315919999999999930e-05
3.616000000000000000e+03 1.612789999999999851e-05 1.316270000000000020e-05
3.617000000000000000e+03 1.612539999999999980e-05 1.316619999999999940e-05
3.618000000000000000e+03 1.612280000000000088e-05 1.316970000000000030e-05
3.619000000000000000e+03 1.612029999999999878e-05 1.317319999999999951e-05
3.620000000000000000e+03 1.611780000000000008e-05 1.317670000000000041e-05
3.621000000000000000e+03 1.611520000000000115e-05 1.318019999999999961e-05
3.622000000000000000e+03 1.611269999999999906e-05 1.318380000000000073e-05
3.623000000000000000e+03 1.611010000000000014e-05 1.318729999999999993e-05
3.624000000000000000e+03 1.610760000000000143e-05 1.319080000000000083e-05
3.625000000000000000e+03 1.610509999999999934e-05 1.319430000000000003e-05
3.626000000000000000e+03 1.610250000000000041e-05 1.319789999999999946e-05
3.627000000000000000e+03 1.609999999999999832e-05 1.320140000000000035e-05
3.628000000000000000e+03 1.609739999999999939e-05 1.320489999999999956e-05
3.629000000000000000e+03 1.609490000000000069e-05 1.320850000000000068e-05
3.630000000000000000e+03 1.609239999999999859e-05 1.321199999999999988e-05
3.631000000000000000e+03 1.609350000000000101e-05 1.321550000000000078e-05
3.632000000000000000e+03 1.609460000000000003e-05 1.321910000000000020e-05
3.633000000000000000e+03 1.609569999999999905e-05 1.322259999999999941e-05
3.634000000000000000e+03 1.609680000000000147e-05 1.322620000000000052e-05
3.635000000000000000e+03 1.609800000000000071e-05 1.322969999999999973e-05
3.636000000000000000e+03 1.609909999999999973e-05 1.323330000000000085e-05
3.637000000000000000e+03 1.610019999999999876e-05 1.323680000000000005e-05
3.638000000000000000e+03 1.610130000000000117e-05 1.324039999999999947e-05
3.639000000000000000e+03 1.610250000000000041e-05 1.324390000000000037e-05
3.640000000000000000e+03 1.610359999999999944e-05 1.324749999999999979e-05
3.641000000000000000e+03 1.610469999999999846e-05 1.325109999999999922e-05
3.642000000000000000e+03 1.610580000000000087e-05 1.325460000000000012e-05
3.643000000000000000e+03 1.610689999999999990e-05 1.325819999999999954e-05
3.644000000000000000e+03 1.610809999999999914e-05 1.326180000000000066e-05
3.645000000000000000e+03 1.610920000000000155e-05 1.326529999999999986e-05
3.646000000000000000e+03 1.611030000000000057e-05 1.326889999999999929e-05
3.647000000000000000e+03 1.611139999999999960e-05 1.327250000000000040e-05
3.648000000000000000e+03 1.611259999999999884e-05 1.327609999999999983e-05
3.649000000000000000e+03 1.611370000000000125e-05 1.327960000000000072e-05
3.650000000000000000e+03 1.611480000000000028e-05 1.328320000000000015e-05
3.651000000000000000e+03 1.611589999999999930e-05 1.328679999999999957e-05
3.652000000000000000e+03 1.611699999999999833e-05 1.329040000000000069e-05
3.653000000000000000e+03 1.611820000000000096e-05 1.329400000000000011e-05
3.654000000000000000e+03 1.611929999999999998e-05 1.329759999999999954e-05
3.655000000000000000e+03 1.612039999999999900e-05 1.330120000000000065e-05
3.656000000000000000e+03 1.612150000000000142e-05 1.330480000000000008e-05
3.657000000000000000e+03 1.612270000000000066e-05 1.330839999999999950e-05
3.658000000000000000e+03 1.612379999999999968e-05 1.331200000000000062e-05
3.659000000000000000e+03 1.612489999999999871e-05 1.331560000000000004e-05
3.660000000000000000e+03 1.612600000000000112e-05 1.331919999999999946e-05
3.661000000000000000e+03 1.612720000000000036e-05 1.332280000000000058e-05
3.662000000000000000e+03 1.612829999999999939e-05 1.332640000000000001e-05
3.663000000000000000e+03 1.612939999999999841e-05 1.332999999999999943e-05
3.664000000000000000e+03 1.613050000000000082e-05 1.333360000000000055e-05
3.665000000000000000e+03 1.613170000000000006e-05 1.333719999999999997e-05
3.666000000000000000e+03 1.613279999999999909e-05 1.334079999999999939e-05
3.667000000000000000e+03 1.613390000000000150e-05 1.334450000000000073e-05
3.668000000000000000e+03 1.613500000000000052e-05 1.334810000000000015e-05
3.669000000000000000e+03 1.613609999999999955e-05 1.335169999999999958e-05
3.670000000000000000e+03 1.613739999999999901e-05 1.335530000000000069e-05
3.671000000000000000e+03 1.613869999999999847e-05 1.335900000000000034e-05
3.672000000000000000e+03 1.614000000000000132e-05 1.336259999999999976e-05
3.673000000000000000e+03 1.614130000000000079e-05 1.336619999999999918e-05
3.674000000000000000e+03 1.614260000000000025e-05 1.336990000000000052e-05
3.675000000000000000e+03 1.614389999999999971e-05 1.337349999999999994e-05
3.676000000000000000e+03 1.614519999999999917e-05 1.337719999999999959e-05
3.677000000000000000e+03 1.614649999999999864e-05 1.338080000000000070e-05
3.678000000000000000e+03 1.614780000000000149e-05 1.338440000000000013e-05
3.679000000000000000e+03 1.614910000000000095e-05 1.338809999999999977e-05
3.680000000000000000e+03 1.615040000000000041e-05 1.339169999999999919e-05
3.681000000000000000e+03 1.615169999999999987e-05 1.339540000000000053e-05
3.682000000000000000e+03 1.615299999999999934e-05 1.339899999999999995e-05
3.683000000000000000e+03 1.615429999999999880e-05 1.340269999999999960e-05
3.684000000000000000e+03 1.615560000000000165e-05 1.340639999999999924e-05
3.685000000000000000e+03 1.615690000000000111e-05 1.341000000000000036e-05
3.686000000000000000e+03 1.615820000000000057e-05 1.341370000000000000e-05
3.687000000000000000e+03 1.615950000000000004e-05 1.341729999999999942e-05
3.688000000000000000e+03 1.616079999999999950e-05 1.342100000000000076e-05
3.689000000000000000e+03 1.616209999999999896e-05 1.342470000000000040e-05
3.690000000000000000e+03 1.616339999999999842e-05 1.342840000000000004e-05
3.691000000000000000e+03 1.616470000000000127e-05 1.343199999999999947e-05
3.692000000000000000e+03 1.616600000000000074e-05 1.343570000000000081e-05
3.693000000000000000e+03 1.616730000000000020e-05 1.343940000000000045e-05
3.694000000000000000e+03 1.616859999999999966e-05 1.344310000000000009e-05
3.695000000000000000e+03 1.616989999999999912e-05 1.344679999999999973e-05
3.696000000000000000e+03 1.617119999999999859e-05 1.345039999999999916e-05
3.697000000000000000e+03 1.617250000000000144e-05 1.345410000000000049e-05
3.698000000000000000e+03 1.617380000000000090e-05 1.345780000000000014e-05
3.699000000000000000e+03 1.617510000000000036e-05 1.346149999999999978e-05
3.700000000000000000e+03 1.617639999999999982e-05 1.346519999999999942e-05
3.701000000000000000e+03 1.617769999999999929e-05 1.346890000000000076e-05
3.702000000000000000e+03 1.617899999999999875e-05 1.347260000000000040e-05
3.703000000000000000e+03 1.618030000000000160e-05 1.347630000000000004e-05
3.704000000000000000e+03 1.618160000000000106e-05 1.347999999999999969e-05
3.705000000000000000e+03 1.618290000000000052e-05 1.348369999999999933e-05
3.706000000000000000e+03 1.618419999999999999e-05 1.348740000000000067e-05
3.707000000000000000e+03 1.618549999999999945e-05 1.349110000000000031e-05
3.708000000000000000e+03 1.618679999999999891e-05 1.349479999999999995e-05
3.709000000000000000e+03 1.618809999999999837e-05 1.349859999999999981e-05
3.710000000000000000e+03 1.618669999999999869e-05 1.350229999999999946e-05
3.711000000000000000e+03 1.618259999999999987e-05 1.350600000000000079e-05
3.712000000000000000e+03 1.617850000000000104e-05 1.350970000000000044e-05
3.713000000000000000e+03 1.617439999999999883e-05 1.351340000000000008e-05
3.714000000000000000e+03 1.617030000000000000e-05 1.351719999999999994e-05
3.715000000000000000e+03 1.616620000000000117e-05 1.352089999999999958e-05
3.716000000000000000e+03 1.616209999999999896e-05 1.352459999999999923e-05
3.717000000000000000e+03 1.615800000000000013e-05 1.352840000000000078e-05
3.718000000000000000e+03 1.615400000000000153e-05 1.353210000000000042e-05
3.719000000000000000e+03 1.614989999999999931e-05 1.353580000000000007e-05
3.720000000000000000e+03 1.614580000000000049e-05 1.353959999999999993e-05
3.721000000000000000e+03 1.614170000000000166e-05 1.354329999999999957e-05
3.722000000000000000e+03 1.613759999999999945e-05 1.354699999999999921e-05
3.723000000000000000e+03 1.613350000000000062e-05 1.355080000000000077e-05
3.724000000000000000e+03 1.612939999999999841e-05 1.355450000000000041e-05
3.725000000000000000e+03 1.612529999999999958e-05 1.355830000000000028e-05
3.726000000000000000e+03 1.612120000000000076e-05 1.356199999999999992e-05
3.727000000000000000e+03 1.611719999999999876e-05 1.356579999999999978e-05
3.728000000000000000e+03 1.611309999999999994e-05 1.356959999999999964e-05
3.729000000000000000e+03 1.610900000000000111e-05 1.357329999999999928e-05
3.730000000000000000e+03 1.610489999999999890e-05 1.357710000000000084e-05
3.731000000000000000e+03 1.610080000000000007e-05 1.358080000000000048e-05
3.732000000000000000e+03 1.609670000000000125e-05 1.358460000000000035e-05
3.733000000000000000e+03 1.609269999999999925e-05 1.358840000000000021e-05
3.734000000000000000e+03 1.608860000000000043e-05 1.359220000000000007e-05
3.735000000000000000e+03 1.608450000000000160e-05 1.359589999999999971e-05
3.736000000000000000e+03 1.608039999999999939e-05 1.359969999999999957e-05
3.737000000000000000e+03 1.607640000000000078e-05 1.360349999999999944e-05
3.738000000000000000e+03 1.607229999999999857e-05 1.360729999999999930e-05
3.739000000000000000e+03 1.606819999999999974e-05 1.361100000000000063e-05
3.740000000000000000e+03 1.606420000000000113e-05 1.361480000000000050e-05
3.741000000000000000e+03 1.606009999999999892e-05 1.361860000000000036e-05
3.742000000000000000e+03 1.605600000000000010e-05 1.362240000000000022e-05
3.743000000000000000e+03 1.605190000000000127e-05 1.362620000000000008e-05
3.744000000000000000e+03 1.604789999999999927e-05 1.362999999999999994e-05
3.745000000000000000e+03 1.604380000000000045e-05 1.363379999999999981e-05
3.746000000000000000e+03 1.603970000000000162e-05 1.363759999999999967e-05
3.747000000000000000e+03 1.603569999999999963e-05 1.364139999999999953e-05
3.748000000000000000e+03 1.603160000000000080e-05 1.364519999999999939e-05
3.749000000000000000e+03 1.602759999999999881e-05 1.364899999999999925e-05
3.750000000000000000e+03 1.602670000000000022e-05 1.365280000000000081e-05
3.751000000000000000e+03 1.602919999999999893e-05 1.365660000000000067e-05
3.752000000000000000e+03 1.603160000000000080e-05 1.366040000000000053e-05
3.753000000000000000e+03 1.603399999999999929e-05 1.366420000000000040e-05
3.754000000000000000e+03 1.603640000000000116e-05 1.366810000000000048e-05
3.755000000000000000e+03 1.603889999999999987e-05 1.367190000000000034e-05
3.756000000000000000e+03 1.604129999999999836e-05 1.367570000000000020e-05
3.757000000000000000e+03 1.604370000000000023e-05 1.367950000000000006e-05
3.758000000000000000e+03 1.604619999999999894e-05 1.368340000000000014e-05
3.759000000000000000e+03 1.604860000000000081e-05 1.368720000000000001e-05
3.760000000000000000e+03 1.605099999999999930e-05 1.369099999999999987e-05
3.761000000000000000e+03 1.605340000000000117e-05 1.369479999999999973e-05
3.762000000000000000e+03 1.605589999999999988e-05 1.369869999999999981e-05
3.763000000000000000e+03 1.605829999999999836e-05 1.370249999999999967e-05
3.764000000000000000e+03 1.606070000000000024e-05 1.370639999999999975e-05
3.765000000000000000e+03 1.606319999999999894e-05 1.371019999999999962e-05
3.766000000000000000e+03 1.606560000000000082e-05 1.371399999999999948e-05
3.767000000000000000e+03 1.606799999999999930e-05 1.371789999999999956e-05
3.768000000000000000e+03 1.607050000000000140e-05 1.372169999999999942e-05
3.769000000000000000e+03 1.607289999999999988e-05 1.372559999999999950e-05
3.770000000000000000e+03 1.607529999999999837e-05 1.372949999999999958e-05
3.771000000000000000e+03 1.607780000000000046e-05 1.373329999999999945e-05
3.772000000000000000e+03 1.608019999999999895e-05 1.373719999999999953e-05
3.773000000000000000e+03 1.608260000000000082e-05 1.374099999999999939e-05
3.774000000000000000e+03 1.608509999999999953e-05 1.374489999999999947e-05
3.775000000000000000e+03 1.608750000000000140e-05 1.374879999999999955e-05
3.776000000000000000e+03 1.608989999999999989e-05 1.375259999999999941e-05
3.777000000000000000e+03 1.609239999999999859e-05 1.375649999999999950e-05
3.778000000000000000e+03 1.609480000000000047e-05 1.376039999999999958e-05
3.779000000000000000e+03 1.609719999999999896e-05 1.376419999999999944e-05
3.780000000000000000e+03 1.609970000000000105e-05 1.376809999999999952e-05
3.781000000000000000e+03 1.610209999999999954e-05 1.377199999999999960e-05
3.782000000000000000e+03 1.610450000000000141e-05 1.377589999999999968e-05
3.783000000000000000e+03 1.610700000000000011e-05 1.377979999999999976e-05
3.784000000000000000e+03 1.610939999999999860e-05 1.378359999999999963e-05
3.785000000000000000e+03 1.611190000000000069e-05 1.378749999999999971e-05
3.786000000000000000e+03 1.611429999999999918e-05 1.379139999999999979e-05
3.787000000000000000e+03 1.611670000000000106e-05 1.379529999999999987e-05
3.788000000000000000e+03 1.611919999999999976e-05 1.379919999999999995e-05
3.789000000000000000e+03 1.612160000000000164e-05 1.380310000000000003e-05
3.790000000000000000e+03 1.612120000000000076e-05 1.380700000000000011e-05
3.791000000000000000e+03 1.611800000000000052e-05 1.381090000000000019e-05
3.792000000000000000e+03 1.611480000000000028e-05 1.381480000000000028e-05
3.793000000000000000e+03 1.611170000000000026e-05 1.381870000000000036e-05
3.794000000000000000e+03 1.610850000000000002e-05 1.382260000000000044e-05
3.795000000000000000e+03 1.610529999999999978e-05 1.382650000000000052e-05
3.796000000000000000e+03 1.610209999999999954e-05 1.383050000000000082e-05
3.797000000000000000e+03 1.609889999999999929e-05 1.383439999999999921e-05
3.798000000000000000e+03 1.609569999999999905e-05 1.383829999999999929e-05
3.799000000000000000e+03 1.609249999999999881e-05 1.384219999999999937e-05
3.800000000000000000e+03 1.608929999999999857e-05 1.384609999999999945e-05
3.801000000000000000e+03 1.608609999999999833e-05 1.385009999999999975e-05
3.802000000000000000e+03 1.608299999999999831e-05 1.385399999999999983e-05
3.803000000000000000e+03 1.607980000000000146e-05 1.385789999999999991e-05
3.804000000000000000e+03 1.607660000000000122e-05 1.386190000000000021e-05
3.805000000000000000e+03 1.607340000000000098e-05 1.386580000000000030e-05
3.806000000000000000e+03 1.607020000000000074e-05 1.386970000000000038e-05
3.807000000000000000e+03 1.606700000000000050e-05 1.387370000000000068e-05
3.808000000000000000e+03 1.606380000000000026e-05 1.387760000000000076e-05
3.809000000000000000e+03 1.606070000000000024e-05 1.388159999999999937e-05
3.810000000000000000e+03 1.605750000000000000e-05 1.388549999999999945e-05
3.811000000000000000e+03 1.605429999999999976e-05 1.388939999999999953e-05
3.812000000000000000e+03 1.605109999999999952e-05 1.389339999999999983e-05
3.813000000000000000e+03 1.604789999999999927e-05 1.389740000000000013e-05
3.814000000000000000e+03 1.604479999999999925e-05 1.390130000000000021e-05
3.815000000000000000e+03 1.604159999999999901e-05 1.390530000000000051e-05
3.816000000000000000e+03 1.603839999999999877e-05 1.390920000000000059e-05
3.817000000000000000e+03 1.603519999999999853e-05 1.391319999999999920e-05
3.818000000000000000e+03 1.603200000000000168e-05 1.391719999999999950e-05
3.819000000000000000e+03 1.602890000000000166e-05 1.392109999999999958e-05
3.820000000000000000e+03 1.602570000000000142e-05 1.392509999999999988e-05
3.821000000000000000e+03 1.602250000000000118e-05 1.392910000000000018e-05
3.822000000000000000e+03 1.601930000000000094e-05 1.393300000000000026e-05
3.823000000000000000e+03 1.601620000000000092e-05 1.393700000000000056e-05
3.824000000000000000e+03 1.601300000000000068e-05 1.394099999999999917e-05
3.825000000000000000e+03 1.600980000000000044e-05 1.394499999999999947e-05
3.826000000000000000e+03 1.600670000000000041e-05 1.394899999999999977e-05
3.827000000000000000e+03 1.600350000000000017e-05 1.395289999999999985e-05
3.828000000000000000e+03 1.600029999999999993e-05 1.395690000000000015e-05
3.829000000000000000e+03 1.599709999999999969e-05 1.396090000000000045e-05
3.830000000000000000e+03 1.599709999999999969e-05 1.396490000000000075e-05
3.831000000000000000e+03 1.600019999999999971e-05 1.396889999999999936e-05
3.832000000000000000e+03 1.600329999999999974e-05 1.397289999999999966e-05
3.833000000000000000e+03 1.600639999999999976e-05 1.397689999999999996e-05
3.834000000000000000e+03 1.600949999999999978e-05 1.398090000000000026e-05
3.835000000000000000e+03 1.601259999999999980e-05 1.398490000000000056e-05
3.836000000000000000e+03 1.601569999999999982e-05 1.398889999999999917e-05
3.837000000000000000e+03 1.601879999999999984e-05 1.399289999999999947e-05
3.838000000000000000e+03 1.602189999999999986e-05 1.399689999999999977e-05
3.839000000000000000e+03 1.602499999999999988e-05 1.400100000000000029e-05
3.840000000000000000e+03 1.602809999999999990e-05 1.400500000000000059e-05
3.841000000000000000e+03 1.603119999999999993e-05 1.400899999999999920e-05
3.842000000000000000e+03 1.603429999999999995e-05 1.401299999999999950e-05
3.843000000000000000e+03 1.603739999999999997e-05 1.401699999999999980e-05
3.844000000000000000e+03 1.604049999999999999e-05 1.402110000000000032e-05
3.845000000000000000e+03 1.604360000000000001e-05 1.402510000000000062e-05
3.846000000000000000e+03 1.604670000000000003e-05 1.402909999999999922e-05
3.847000000000000000e+03 1.604980000000000005e-05 1.403319999999999974e-05
3.848000000000000000e+03 1.605290000000000007e-05 1.403720000000000004e-05
3.849000000000000000e+03 1.605600000000000010e-05 1.404120000000000034e-05
3.850000000000000000e+03 1.605910000000000012e-05 1.404529999999999917e-05
3.851000000000000000e+03 1.606220000000000014e-05 1.404929999999999947e-05
3.852000000000000000e+03 1.606530000000000016e-05 1.405339999999999999e-05
3.853000000000000000e+03 1.606840000000000018e-05 1.405740000000000029e-05
3.854000000000000000e+03 1.607150000000000020e-05 1.406150000000000081e-05
3.855000000000000000e+03 1.607460000000000022e-05 1.406549999999999942e-05
3.856000000000000000e+03 1.607770000000000024e-05 1.406959999999999994e-05
3.857000000000000000e+03 1.608080000000000026e-05 1.407360000000000024e-05
3.858000000000000000e+03 1.608400000000000050e-05 1.407770000000000076e-05
3.859000000000000000e+03 1.608710000000000053e-05 1.408169999999999936e-05
3.860000000000000000e+03 1.609020000000000055e-05 1.408579999999999988e-05
3.861000000000000000e+03 1.609330000000000057e-05 1.408990000000000040e-05
3.862000000000000000e+03 1.609640000000000059e-05 1.409390000000000070e-05
3.863000000000000000e+03 1.609950000000000061e-05 1.409799999999999953e-05
3.864000000000000000e+03 1.610260000000000063e-05 1.410210000000000005e-05
3.865000000000000000e+03 1.610570000000000065e-05 1.410620000000000057e-05
3.866000000000000000e+03 1.610890000000000089e-05 1.411019999999999918e-05
3.867000000000000000e+03 1.611200000000000091e-05 1.411429999999999970e-05
3.868000000000000000e+03 1.611510000000000094e-05 1.411840000000000021e-05
3.869000000000000000e+03 1.611820000000000096e-05 1.412250000000000073e-05
3.870000000000000000e+03 1.612009999999999835e-05 1.412659999999999956e-05
3.871000000000000000e+03 1.612059999999999944e-05 1.413070000000000008e-05
3.872000000000000000e+03 1.612120000000000076e-05 1.413480000000000060e-05
3.873000000000000000e+03 1.612179999999999869e-05 1.413879999999999921e-05
3.874000000000000000e+03 1.612240000000000000e-05 1.414289999999999973e-05
3.875000000000000000e+03 1.612300000000000132e-05 1.414700000000000025e-05
3.876000000000000000e+03 1.612359999999999924e-05 1.415110000000000077e-05
3.877000000000000000e+03 1.612420000000000056e-05 1.415519999999999959e-05
3.878000000000000000e+03 1.612479999999999849e-05 1.415940000000000033e-05
3.879000000000000000e+03 1.612539999999999980e-05 1.416349999999999916e-05
3.880000000000000000e+03 1.612590000000000090e-05 1.416759999999999968e-05
3.881000000000000000e+03 1.612649999999999883e-05 1.417170000000000020e-05
3.882000000000000000e+03 1.612710000000000014e-05 1.417580000000000072e-05
3.883000000000000000e+03 1.612770000000000146e-05 1.417989999999999954e-05
3.884000000000000000e+03 1.612829999999999939e-05 1.418400000000000006e-05
3.885000000000000000e+03 1.612890000000000070e-05 1.418820000000000080e-05
3.886000000000000000e+03 1.612949999999999863e-05 1.419229999999999963e-05
3.887000000000000000e+03 1.613009999999999994e-05 1.419640000000000015e-05
3.888000000000000000e+03 1.613070000000000126e-05 1.420059999999999919e-05
3.889000000000000000e+03 1.613119999999999897e-05 1.420469999999999971e-05
3.890000000000000000e+03 1.613180000000000028e-05 1.420880000000000023e-05
3.891000000000000000e+03 1.613240000000000160e-05 1.421299999999999928e-05
3.892000000000000000e+03 1.613299999999999953e-05 1.421709999999999980e-05
3.893000000000000000e+03 1.613360000000000084e-05 1.422120000000000031e-05
3.894000000000000000e+03 1.613419999999999877e-05 1.422539999999999936e-05
3.895000000000000000e+03 1.613480000000000009e-05 1.422949999999999988e-05
3.896000000000000000e+03 1.613540000000000140e-05 1.423370000000000062e-05
3.897000000000000000e+03 1.613599999999999933e-05 1.423779999999999944e-05
3.898000000000000000e+03 1.613650000000000043e-05 1.424200000000000018e-05
3.899000000000000000e+03 1.613709999999999835e-05 1.424610000000000070e-05
3.900000000000000000e+03 1.613769999999999967e-05 1.425029999999999975e-05
3.901000000000000000e+03 1.613830000000000098e-05 1.425450000000000049e-05
3.902000000000000000e+03 1.613889999999999891e-05 1.425859999999999931e-05
3.903000000000000000e+03 1.613950000000000023e-05 1.426280000000000005e-05
3.904000000000000000e+03 1.614010000000000154e-05 1.426700000000000079e-05
3.905000000000000000e+03 1.614069999999999947e-05 1.427109999999999962e-05
3.906000000000000000e+03 1.614130000000000079e-05 1.427530000000000036e-05
3.907000000000000000e+03 1.614179999999999849e-05 1.427949999999999940e-05
3.908000000000000000e+03 1.614239999999999981e-05 1.428370000000000014e-05
3.909000000000000000e+03 1.614300000000000113e-05 1.428780000000000066e-05
3.910000000000000000e+03 1.614379999999999949e-05 1.429199999999999970e-05
3.911000000000000000e+03 1.614480000000000168e-05 1.429620000000000044e-05
3.912000000000000000e+03 1.614580000000000049e-05 1.430039999999999949e-05
3.913000000000000000e+03 1.614669999999999907e-05 1.430460000000000023e-05
3.914000000000000000e+03 1.614770000000000127e-05 1.430879999999999927e-05
3.915000000000000000e+03 1.614870000000000007e-05 1.431300000000000001e-05
3.916000000000000000e+03 1.614969999999999888e-05 1.431720000000000075e-05
3.917000000000000000e+03 1.615070000000000107e-05 1.432139999999999980e-05
3.918000000000000000e+03 1.615159999999999965e-05 1.432560000000000054e-05
3.919000000000000000e+03 1.615259999999999846e-05 1.432979999999999958e-05
3.920000000000000000e+03 1.615360000000000065e-05 1.433400000000000032e-05
3.921000000000000000e+03 1.615459999999999946e-05 1.433819999999999936e-05
3.922000000000000000e+03 1.615550000000000143e-05 1.434240000000000010e-05
3.923000000000000000e+03 1.615650000000000023e-05 1.434660000000000084e-05
3.924000000000000000e+03 1.615749999999999904e-05 1.435079999999999989e-05
3.925000000000000000e+03 1.615850000000000123e-05 1.435510000000000085e-05
3.926000000000000000e+03 1.615950000000000004e-05 1.435929999999999989e-05
3.927000000000000000e+03 1.616039999999999862e-05 1.436350000000000063e-05
3.928000000000000000e+03 1.616140000000000081e-05 1.436769999999999967e-05
3.929000000000000000e+03 1.616239999999999962e-05 1.437200000000000063e-05
3.930000000000000000e+03 1.616339999999999842e-05 1.437619999999999968e-05
3.931000000000000000e+03 1.616430000000000040e-05 1.438040000000000042e-05
3.932000000000000000e+03 1.616529999999999920e-05 1.438469999999999968e-05
3.933000000000000000e+03 1.616630000000000139e-05 1.438890000000000042e-05
3.934000000000000000e+03 1.616730000000000020e-05 1.439309999999999947e-05
3.935000000000000000e+03 1.616829999999999900e-05 1.439740000000000042e-05
3.936000000000000000e+03 1.616920000000000098e-05 1.440159999999999947e-05
3.937000000000000000e+03 1.617019999999999978e-05 1.440590000000000043e-05
3.938000000000000000e+03 1.617119999999999859e-05 1.441009999999999947e-05
3.939000000000000000e+03 1.617220000000000078e-05 1.441440000000000043e-05
3.940000000000000000e+03 1.617319999999999958e-05 1.441859999999999948e-05
3.941000000000000000e+03 1.617410000000000156e-05 1.442290000000000043e-05
3.942000000000000000e+03 1.617510000000000036e-05 1.442709999999999948e-05
3.943000000000000000e+03 1.617609999999999917e-05 1.443140000000000044e-05
3.944000000000000000e+03 1.617710000000000136e-05 1.443569999999999970e-05
3.945000000000000000e+03 1.617810000000000016e-05 1.443990000000000044e-05
3.946000000000000000e+03 1.617899999999999875e-05 1.444419999999999970e-05
3.947000000000000000e+03 1.618000000000000094e-05 1.444850000000000066e-05
3.948000000000000000e+03 1.618099999999999975e-05 1.445279999999999993e-05
3.949000000000000000e+03 1.618199999999999855e-05 1.445700000000000067e-05
3.950000000000000000e+03 1.618349999999999845e-05 1.446129999999999993e-05
3.951000000000000000e+03 1.618549999999999945e-05 1.446559999999999919e-05
3.952000000000000000e+03 1.618750000000000045e-05 1.446990000000000015e-05
3.953000000000000000e+03 1.618950000000000144e-05 1.447419999999999942e-05
3.954000000000000000e+03 1.619149999999999905e-05 1.447850000000000038e-05
3.955000000000000000e+03 1.619350000000000005e-05 1.448279999999999964e-05
3.956000000000000000e+03 1.619550000000000105e-05 1.448700000000000038e-05
3.957000000000000000e+03 1.619749999999999866e-05 1.449129999999999964e-05
3.958000000000000000e+03 1.619949999999999965e-05 1.449560000000000060e-05
3.959000000000000000e+03 1.620150000000000065e-05 1.449989999999999987e-05
3.960000000000000000e+03 1.620350000000000165e-05 1.450420000000000082e-05
3.961000000000000000e+03 1.620559999999999948e-05 1.450860000000000031e-05
3.962000000000000000e+03 1.620760000000000047e-05 1.451289999999999957e-05
3.963000000000000000e+03 1.620960000000000147e-05 1.451720000000000053e-05
3.964000000000000000e+03 1.621159999999999908e-05 1.452149999999999979e-05
3.965000000000000000e+03 1.621360000000000008e-05 1.452580000000000075e-05
3.966000000000000000e+03 1.621560000000000107e-05 1.453010000000000002e-05
3.967000000000000000e+03 1.621759999999999868e-05 1.453439999999999928e-05
3.968000000000000000e+03 1.621959999999999968e-05 1.453880000000000046e-05
3.969000000000000000e+03 1.622160000000000068e-05 1.454309999999999972e-05
3.970000000000000000e+03 1.622369999999999851e-05 1.454740000000000068e-05
3.971000000000000000e+03 1.622569999999999950e-05 1.455180000000000017e-05
3.972000000000000000e+03 1.622770000000000050e-05 1.455609999999999943e-05
3.973000000000000000e+03 1.622970000000000150e-05 1.456040000000000039e-05
3.974000000000000000e+03 1.623169999999999911e-05 1.456479999999999987e-05
3.975000000000000000e+03 1.623370000000000010e-05 1.456910000000000083e-05
3.976000000000000000e+03 1.623570000000000110e-05 1.457340000000000009e-05
3.977000000000000000e+03 1.623769999999999871e-05 1.457779999999999958e-05
3.978000000000000000e+03 1.623979999999999993e-05 1.458210000000000054e-05
3.979000000000000000e+03 1.624180000000000093e-05 1.458650000000000002e-05
3.980000000000000000e+03 1.624379999999999853e-05 1.459079999999999928e-05
3.981000000000000000e+03 1.624579999999999953e-05 1.459520000000000046e-05
3.982000000000000000e+03 1.624780000000000053e-05 1.459959999999999994e-05
3.983000000000000000e+03 1.624980000000000153e-05 1.460389999999999921e-05
3.984000000000000000e+03 1.625179999999999914e-05 1.460830000000000039e-05
3.985000000000000000e+03 1.625390000000000035e-05 1.461259999999999965e-05
3.986000000000000000e+03 1.625590000000000135e-05 1.461700000000000083e-05
3.987000000000000000e+03 1.625789999999999896e-05 1.462140000000000031e-05
3.988000000000000000e+03 1.625989999999999996e-05 1.462579999999999980e-05
3.989000000000000000e+03 1.626190000000000095e-05 1.463010000000000075e-05
3.990000000000000000e+03 1.626249999999999888e-05 1.463450000000000024e-05
3.991000000000000000e+03 1.626150000000000008e-05 1.463889999999999972e-05
3.992000000000000000e+03 1.626060000000000149e-05 1.464329999999999920e-05
3.993000000000000000e+03 1.625959999999999930e-05 1.464770000000000038e-05
3.994000000000000000e+03 1.625870000000000071e-05 1.465199999999999965e-05
3.995000000000000000e+03 1.625779999999999874e-05 1.465640000000000082e-05
3.996000000000000000e+03 1.625679999999999993e-05 1.466080000000000031e-05
3.997000000000000000e+03 1.625590000000000135e-05 1.466519999999999979e-05
3.998000000000000000e+03 1.625489999999999916e-05 1.466959999999999927e-05
3.999000000000000000e+03 1.625400000000000057e-05 1.467400000000000045e-05
4.000000000000000000e+03 1.625309999999999860e-05 1.467839999999999994e-05
4.001000000000000000e+03 1.625209999999999979e-05 1.468279999999999942e-05
4.002000000000000000e+03 1.625120000000000121e-05 1.468720000000000060e-05
4.003000000000000000e+03 1.625019999999999901e-05 1.469160000000000008e-05
4.004000000000000000e+03 1.624930000000000043e-05 1.469609999999999978e-05
4.005000000000000000e+03 1.624830000000000163e-05 1.470049999999999927e-05
4.006000000000000000e+03 1.624739999999999965e-05 1.470490000000000044e-05
4.007000000000000000e+03 1.624650000000000107e-05 1.470929999999999993e-05
4.008000000000000000e+03 1.624549999999999887e-05 1.471369999999999941e-05
4.009000000000000000e+03 1.624460000000000029e-05 1.471810000000000059e-05
4.010000000000000000e+03 1.624360000000000148e-05 1.472260000000000029e-05
4.011000000000000000e+03 1.624269999999999951e-05 1.472699999999999978e-05
4.012000000000000000e+03 1.624180000000000093e-05 1.473139999999999926e-05
4.013000000000000000e+03 1.624079999999999873e-05 1.473590000000000066e-05
4.014000000000000000e+03 1.623990000000000015e-05 1.474030000000000014e-05
4.015000000000000000e+03 1.623890000000000134e-05 1.474469999999999962e-05
4.016000000000000000e+03 1.623799999999999937e-05 1.474919999999999933e-05
4.017000000000000000e+03 1.623710000000000078e-05 1.475360000000000050e-05
4.018000000000000000e+03 1.623609999999999859e-05 1.475810000000000021e-05
4.019000000000000000e+03 1.623520000000000001e-05 1.476249999999999969e-05
4.020000000000000000e+03 1.623420000000000120e-05 1.476699999999999939e-05
4.021000000000000000e+03 1.623329999999999923e-05 1.477140000000000057e-05
4.022000000000000000e+03 1.623240000000000064e-05 1.477590000000000027e-05
4.023000000000000000e+03 1.623139999999999845e-05 1.478039999999999998e-05
4.024000000000000000e+03 1.623049999999999986e-05 1.478479999999999946e-05
4.025000000000000000e+03 1.622950000000000106e-05 1.478929999999999916e-05
4.026000000000000000e+03 1.622859999999999909e-05 1.479370000000000034e-05
4.027000000000000000e+03 1.622770000000000050e-05 1.479820000000000004e-05
4.028000000000000000e+03 1.622669999999999831e-05 1.480269999999999974e-05
4.029000000000000000e+03 1.622579999999999972e-05 1.480719999999999945e-05
4.030000000000000000e+03 1.622780000000000072e-05 1.481160000000000063e-05
4.031000000000000000e+03 1.622989999999999855e-05 1.481610000000000033e-05
4.032000000000000000e+03 1.623189999999999955e-05 1.482060000000000003e-05
4.033000000000000000e+03 1.623400000000000076e-05 1.482509999999999973e-05
4.034000000000000000e+03 1.623599999999999837e-05 1.482959999999999944e-05
4.035000000000000000e+03 1.623809999999999959e-05 1.483410000000000083e-05
4.036000000000000000e+03 1.624020000000000080e-05 1.483860000000000054e-05
4.037000000000000000e+03 1.624219999999999841e-05 1.484300000000000002e-05
4.038000000000000000e+03 1.624429999999999963e-05 1.484749999999999972e-05
4.039000000000000000e+03 1.624630000000000063e-05 1.485199999999999943e-05
4.040000000000000000e+03 1.624839999999999846e-05 1.485650000000000082e-05
4.041000000000000000e+03 1.625039999999999945e-05 1.486100000000000053e-05
4.042000000000000000e+03 1.625250000000000067e-05 1.486560000000000045e-05
4.043000000000000000e+03 1.625450000000000167e-05 1.487010000000000015e-05
4.044000000000000000e+03 1.625659999999999950e-05 1.487459999999999985e-05
4.045000000000000000e+03 1.625860000000000049e-05 1.487909999999999956e-05
4.046000000000000000e+03 1.626069999999999832e-05 1.488359999999999926e-05
4.047000000000000000e+03 1.626279999999999954e-05 1.488810000000000066e-05
4.048000000000000000e+03 1.626480000000000054e-05 1.489270000000000058e-05
4.049000000000000000e+03 1.626689999999999836e-05 1.489720000000000028e-05
4.050000000000000000e+03 1.626889999999999936e-05 1.490169999999999998e-05
4.051000000000000000e+03 1.627100000000000058e-05 1.490619999999999969e-05
4.052000000000000000e+03 1.627300000000000157e-05 1.491079999999999961e-05
4.053000000000000000e+03 1.627509999999999940e-05 1.491529999999999931e-05
4.054000000000000000e+03 1.627720000000000062e-05 1.491980000000000071e-05
4.055000000000000000e+03 1.627920000000000162e-05 1.492440000000000063e-05
4.056000000000000000e+03 1.628129999999999945e-05 1.492890000000000033e-05
4.057000000000000000e+03 1.628330000000000044e-05 1.493350000000000025e-05
4.058000000000000000e+03 1.628540000000000166e-05 1.493799999999999996e-05
4.059000000000000000e+03 1.628749999999999949e-05 1.494259999999999988e-05
4.060000000000000000e+03 1.628950000000000049e-05 1.494709999999999958e-05
4.061000000000000000e+03 1.629159999999999831e-05 1.495169999999999950e-05
4.062000000000000000e+03 1.629359999999999931e-05 1.495619999999999921e-05
4.063000000000000000e+03 1.629570000000000053e-05 1.496080000000000082e-05
4.064000000000000000e+03 1.629779999999999836e-05 1.496530000000000053e-05
4.065000000000000000e+03 1.629979999999999935e-05 1.496990000000000045e-05
4.066000000000000000e+03 1.630190000000000057e-05 1.497450000000000037e-05
4.067000000000000000e+03 1.630390000000000157e-05 1.497900000000000007e-05
4.068000000000000000e+03 1.630599999999999940e-05 1.498359999999999999e-05
4.069000000000000000e+03 1.630680000000000115e-05 1.498819999999999992e-05
4.070000000000000000e+03 1.630619999999999983e-05 1.499279999999999984e-05
4.071000000000000000e+03 1.630569999999999874e-05 1.499729999999999954e-05
4.072000000000000000e+03 1.630520000000000103e-05 1.500189999999999946e-05
4.073000000000000000e+03 1.630459999999999971e-05 1.500649999999999939e-05
4.074000000000000000e+03 1.630409999999999862e-05 1.501109999999999931e-05
4.075000000000000000e+03 1.630360000000000091e-05 1.501569999999999923e-05
4.076000000000000000e+03 1.630309999999999981e-05 1.502030000000000085e-05
4.077000000000000000e+03 1.630249999999999850e-05 1.502490000000000077e-05
4.078000000000000000e+03 1.630200000000000079e-05 1.502950000000000069e-05
4.079000000000000000e+03 1.630149999999999969e-05 1.503410000000000061e-05
4.080000000000000000e+03 1.630089999999999838e-05 1.503870000000000053e-05
4.081000000000000000e+03 1.630040000000000067e-05 1.504330000000000046e-05
4.082000000000000000e+03 1.629989999999999957e-05 1.504790000000000038e-05
4.083000000000000000e+03 1.629930000000000165e-05 1.505250000000000030e-05
4.084000000000000000e+03 1.629880000000000055e-05 1.505710000000000022e-05
4.085000000000000000e+03 1.629829999999999945e-05 1.506170000000000015e-05
4.086000000000000000e+03 1.629770000000000152e-05 1.506640000000000029e-05
4.087000000000000000e+03 1.629720000000000043e-05 1.507100000000000021e-05
4.088000000000000000e+03 1.629669999999999933e-05 1.507560000000000013e-05
4.089000000000000000e+03 1.629610000000000140e-05 1.508020000000000005e-05
4.090000000000000000e+03 1.629560000000000031e-05 1.508490000000000019e-05
4.091000000000000000e+03 1.629509999999999921e-05 1.508950000000000012e-05
4.092000000000000000e+03 1.629450000000000128e-05 1.509410000000000004e-05
4.093000000000000000e+03 1.629400000000000019e-05 1.509869999999999996e-05
4.094000000000000000e+03 1.629349999999999909e-05 1.510340000000000010e-05
4.095000000000000000e+03 1.629300000000000138e-05 1.510800000000000002e-05
4.096000000000000000e+03 1.629240000000000007e-05 1.511270000000000016e-05
4.097000000000000000e+03 1.629189999999999897e-05 1.511730000000000009e-05
4.098000000000000000e+03 1.629140000000000126e-05 1.512200000000000023e-05
4.099000000000000000e+03 1.629079999999999995e-05 1.512660000000000015e-05
4.100000000000000000e+03 1.629029999999999885e-05 1.513130000000000029e-05
4.101000000000000000e+03 1.628980000000000114e-05 1.513590000000000021e-05
4.102000000000000000e+03 1.628919999999999983e-05 1.514060000000000036e-05
4.103000000000000000e+03 1.628869999999999873e-05 1.514520000000000028e-05
4.104000000000000000e+03 1.628820000000000102e-05 1.514990000000000042e-05
4.105000000000000000e+03 1.628759999999999971e-05 1.515460000000000056e-05
4.106000000000000000e+03 1.628709999999999861e-05 1.515920000000000048e-05
4.107000000000000000e+03 1.628660000000000090e-05 1.516390000000000062e-05
4.108000000000000000e+03 1.628609999999999981e-05 1.516860000000000076e-05
4.109000000000000000e+03 1.628630000000000024e-05 1.517329999999999921e-05
4.110000000000000000e+03 1.628729999999999905e-05 1.517790000000000083e-05
4.111000000000000000e+03 1.628830000000000124e-05 1.518259999999999928e-05
4.112000000000000000e+03 1.628940000000000027e-05 1.518729999999999942e-05
4.113000000000000000e+03 1.629039999999999907e-05 1.519199999999999956e-05
4.114000000000000000e+03 1.629140000000000126e-05 1.519669999999999970e-05
4.115000000000000000e+03 1.629240000000000007e-05 1.520139999999999984e-05
4.116000000000000000e+03 1.629349999999999909e-05 1.520609999999999998e-05
4.117000000000000000e+03 1.629450000000000128e-05 1.521080000000000012e-05
4.118000000000000000e+03 1.629550000000000009e-05 1.521550000000000026e-05
4.119000000000000000e+03 1.629649999999999889e-05 1.522020000000000041e-05
4.120000000000000000e+03 1.629760000000000131e-05 1.522490000000000055e-05
4.121000000000000000e+03 1.629860000000000011e-05 1.522960000000000069e-05
4.122000000000000000e+03 1.629959999999999891e-05 1.523430000000000083e-05
4.123000000000000000e+03 1.630060000000000111e-05 1.523899999999999928e-05
4.124000000000000000e+03 1.630170000000000013e-05 1.524369999999999942e-05
4.125000000000000000e+03 1.630269999999999894e-05 1.524839999999999956e-05
4.126000000000000000e+03 1.630370000000000113e-05 1.525319999999999992e-05
4.127000000000000000e+03 1.630469999999999993e-05 1.525790000000000006e-05
4.128000000000000000e+03 1.630579999999999896e-05 1.526259999999999851e-05
4.129000000000000000e+03 1.630680000000000115e-05 1.526729999999999865e-05
4.130000000000000000e+03 1.630779999999999995e-05 1.527209999999999901e-05
4.131000000000000000e+03 1.630889999999999898e-05 1.527679999999999915e-05
4.132000000000000000e+03 1.630990000000000117e-05 1.528149999999999929e-05
4.133000000000000000e+03 1.631089999999999998e-05 1.528629999999999965e-05
4.134000000000000000e+03 1.631189999999999878e-05 1.529099999999999980e-05
4.135000000000000000e+03 1.631300000000000119e-05 1.529580000000000016e-05
4.136000000000000000e+03 1.631400000000000000e-05 1.530050000000000030e-05
4.137000000000000000e+03 1.631499999999999880e-05 1.530530000000000066e-05
4.138000000000000000e+03 1.631600000000000099e-05 1.531000000000000080e-05
4.139000000000000000e+03 1.631710000000000002e-05 1.531480000000000116e-05
4.140000000000000000e+03 1.631809999999999882e-05 1.531950000000000130e-05
4.141000000000000000e+03 1.631910000000000101e-05 1.532430000000000166e-05
4.142000000000000000e+03 1.632009999999999982e-05 1.532899999999999842e-05
4.143000000000000000e+03 1.632119999999999884e-05 1.533379999999999878e-05
4.144000000000000000e+03 1.632220000000000104e-05 1.533859999999999914e-05
4.145000000000000000e+03 1.632319999999999984e-05 1.534329999999999928e-05
4.146000000000000000e+03 1.632429999999999886e-05 1.534809999999999964e-05
4.147000000000000000e+03 1.632530000000000106e-05 1.535290000000000000e-05
4.148000000000000000e+03 1.632629999999999986e-05 1.535770000000000036e-05
4.149000000000000000e+03 1.632830000000000086e-05 1.536250000000000072e-05
4.150000000000000000e+03 1.633120000000000044e-05 1.536720000000000086e-05
4.151000000000000000e+03 1.633420000000000024e-05 1.537200000000000122e-05
4.152000000000000000e+03 1.633709999999999983e-05 1.537680000000000158e-05
4.153000000000000000e+03 1.634009999999999963e-05 1.538159999999999856e-05
4.154000000000000000e+03 1.634299999999999921e-05 1.538639999999999892e-05
4.155000000000000000e+03 1.634599999999999901e-05 1.539119999999999928e-05
4.156000000000000000e+03 1.634889999999999860e-05 1.539599999999999964e-05
4.157000000000000000e+03 1.635180000000000157e-05 1.540080000000000000e-05
4.158000000000000000e+03 1.635480000000000137e-05 1.540560000000000036e-05
4.159000000000000000e+03 1.635770000000000095e-05 1.541040000000000072e-05
4.160000000000000000e+03 1.636070000000000075e-05 1.541520000000000108e-05
4.161000000000000000e+03 1.636360000000000033e-05 1.542000000000000144e-05
4.162000000000000000e+03 1.636660000000000014e-05 1.542479999999999841e-05
4.163000000000000000e+03 1.636949999999999972e-05 1.542959999999999877e-05
4.164000000000000000e+03 1.637249999999999952e-05 1.543449999999999935e-05
4.165000000000000000e+03 1.637539999999999910e-05 1.543929999999999971e-05
4.166000000000000000e+03 1.637839999999999891e-05 1.544410000000000008e-05
4.167000000000000000e+03 1.638129999999999849e-05 1.544890000000000044e-05
4.168000000000000000e+03 1.638430000000000168e-05 1.545380000000000102e-05
4.169000000000000000e+03 1.638720000000000126e-05 1.545860000000000138e-05
4.170000000000000000e+03 1.639020000000000106e-05 1.546339999999999835e-05
4.171000000000000000e+03 1.639320000000000086e-05 1.546829999999999893e-05
4.172000000000000000e+03 1.639610000000000045e-05 1.547309999999999929e-05
4.173000000000000000e+03 1.639910000000000025e-05 1.547799999999999987e-05
4.174000000000000000e+03 1.640199999999999983e-05 1.548280000000000023e-05
4.175000000000000000e+03 1.640499999999999963e-05 1.548760000000000059e-05
4.176000000000000000e+03 1.640789999999999922e-05 1.549250000000000117e-05
4.177000000000000000e+03 1.641089999999999902e-05 1.549739999999999836e-05
4.178000000000000000e+03 1.641389999999999882e-05 1.550219999999999872e-05
4.179000000000000000e+03 1.641679999999999840e-05 1.550709999999999930e-05
4.180000000000000000e+03 1.641980000000000159e-05 1.551189999999999966e-05
4.181000000000000000e+03 1.642270000000000118e-05 1.551680000000000024e-05
4.182000000000000000e+03 1.642570000000000098e-05 1.552170000000000082e-05
4.183000000000000000e+03 1.642860000000000056e-05 1.552650000000000118e-05
4.184000000000000000e+03 1.643160000000000036e-05 1.553139999999999838e-05
4.185000000000000000e+03 1.643460000000000016e-05 1.553629999999999896e-05
4.186000000000000000e+03 1.643749999999999975e-05 1.554109999999999932e-05
4.187000000000000000e+03 1.644049999999999955e-05 1.554599999999999990e-05
4.188000000000000000e+03 1.644349999999999935e-05 1.555090000000000048e-05
4.189000000000000000e+03 1.644400000000000045e-05 1.555580000000000106e-05
4.190000000000000000e+03 1.644209999999999967e-05 1.556070000000000164e-05
4.191000000000000000e+03 1.644029999999999911e-05 1.556559999999999883e-05
4.192000000000000000e+03 1.643839999999999833e-05 1.557049999999999941e-05
4.193000000000000000e+03 1.643650000000000094e-05 1.557539999999999999e-05
4.194000000000000000e+03 1.643470000000000038e-05 1.558030000000000057e-05
4.195000000000000000e+03 1.643279999999999960e-05 1.558520000000000115e-05
4.196000000000000000e+03 1.643089999999999883e-05 1.559009999999999834e-05
4.197000000000000000e+03 1.642900000000000144e-05 1.559499999999999892e-05
4.198000000000000000e+03 1.642720000000000088e-05 1.559989999999999950e-05
4.199000000000000000e+03 1.642530000000000010e-05 1.560480000000000008e-05
4.200000000000000000e+03 1.642339999999999932e-05 1.560970000000000066e-05
4.201000000000000000e+03 1.642159999999999876e-05 1.561460000000000124e-05
4.202000000000000000e+03 1.641970000000000137e-05 1.561949999999999843e-05
4.203000000000000000e+03 1.641780000000000060e-05 1.562449999999999923e-05
4.204000000000000000e+03 1.641600000000000004e-05 1.562939999999999981e-05
4.205000000000000000e+03 1.641409999999999926e-05 1.563430000000000039e-05
4.206000000000000000e+03 1.641219999999999848e-05 1.563920000000000097e-05
4.207000000000000000e+03 1.641040000000000131e-05 1.564419999999999838e-05
4.208000000000000000e+03 1.640850000000000053e-05 1.564909999999999896e-05
4.209000000000000000e+03 1.640659999999999975e-05 1.565399999999999954e-05
4.210000000000000000e+03 1.640479999999999919e-05 1.565900000000000034e-05
4.211000000000000000e+03 1.640289999999999842e-05 1.566390000000000092e-05
4.212000000000000000e+03 1.640100000000000103e-05 1.566889999999999833e-05
4.213000000000000000e+03 1.639920000000000047e-05 1.567379999999999891e-05
4.214000000000000000e+03 1.639729999999999969e-05 1.567879999999999971e-05
4.215000000000000000e+03 1.639539999999999891e-05 1.568370000000000029e-05
4.216000000000000000e+03 1.639359999999999835e-05 1.568870000000000109e-05
4.217000000000000000e+03 1.639170000000000096e-05 1.569360000000000167e-05
4.218000000000000000e+03 1.638990000000000040e-05 1.569859999999999908e-05
4.219000000000000000e+03 1.638799999999999963e-05 1.570359999999999988e-05
4.220000000000000000e+03 1.638609999999999885e-05 1.570850000000000046e-05
4.221000000000000000e+03 1.638430000000000168e-05 1.571350000000000126e-05
4.222000000000000000e+03 1.638240000000000090e-05 1.571849999999999867e-05
4.223000000000000000e+03 1.638050000000000012e-05 1.572339999999999925e-05
4.224000000000000000e+03 1.637869999999999956e-05 1.572840000000000005e-05
4.225000000000000000e+03 1.637679999999999879e-05 1.573340000000000085e-05
4.226000000000000000e+03 1.637490000000000140e-05 1.573840000000000165e-05
4.227000000000000000e+03 1.637310000000000084e-05 1.574339999999999906e-05
4.228000000000000000e+03 1.637120000000000006e-05 1.574839999999999986e-05
4.229000000000000000e+03 1.637109999999999984e-05 1.575330000000000044e-05
4.230000000000000000e+03 1.637269999999999996e-05 1.575830000000000123e-05
4.231000000000000000e+03 1.637430000000000008e-05 1.576329999999999865e-05
4.232000000000000000e+03 1.637590000000000020e-05 1.576829999999999944e-05
4.233000000000000000e+03 1.637750000000000032e-05 1.577330000000000024e-05
4.234000000000000000e+03 1.637920000000000066e-05 1.577830000000000104e-05
4.235000000000000000e+03 1.638080000000000078e-05 1.578339999999999867e-05
4.236000000000000000e+03 1.638240000000000090e-05 1.578839999999999947e-05
4.237000000000000000e+03 1.638400000000000102e-05 1.579340000000000027e-05
4.238000000000000000e+03 1.638560000000000114e-05 1.579840000000000107e-05
4.239000000000000000e+03 1.638720000000000126e-05 1.580339999999999848e-05
4.240000000000000000e+03 1.638880000000000138e-05 1.580839999999999928e-05
4.241000000000000000e+03 1.639049999999999833e-05 1.581340000000000008e-05
4.242000000000000000e+03 1.639209999999999845e-05 1.581850000000000110e-05
4.243000000000000000e+03 1.639369999999999857e-05 1.582349999999999851e-05
4.244000000000000000e+03 1.639529999999999869e-05 1.582849999999999931e-05
4.245000000000000000e+03 1.639689999999999881e-05 1.583360000000000033e-05
4.246000000000000000e+03 1.639849999999999893e-05 1.583860000000000113e-05
4.247000000000000000e+03 1.640009999999999905e-05 1.584359999999999854e-05
4.248000000000000000e+03 1.640179999999999939e-05 1.584869999999999956e-05
4.249000000000000000e+03 1.640339999999999951e-05 1.585370000000000035e-05
4.250000000000000000e+03 1.640499999999999963e-05 1.585880000000000137e-05
4.251000000000000000e+03 1.640659999999999975e-05 1.586379999999999878e-05
4.252000000000000000e+03 1.640819999999999987e-05 1.586889999999999980e-05
4.253000000000000000e+03 1.640979999999999999e-05 1.587390000000000060e-05
4.254000000000000000e+03 1.641150000000000033e-05 1.587900000000000162e-05
4.255000000000000000e+03 1.641310000000000045e-05 1.588409999999999925e-05
4.256000000000000000e+03 1.641470000000000057e-05 1.588910000000000005e-05
4.257000000000000000e+03 1.641630000000000069e-05 1.589420000000000107e-05
4.258000000000000000e+03 1.641790000000000081e-05 1.589919999999999848e-05
4.259000000000000000e+03 1.641950000000000093e-05 1.590429999999999950e-05
4.260000000000000000e+03 1.642120000000000127e-05 1.590940000000000052e-05
4.261000000000000000e+03 1.642280000000000139e-05 1.591450000000000153e-05
4.262000000000000000e+03 1.642440000000000151e-05 1.591949999999999895e-05
4.263000000000000000e+03 1.642600000000000163e-05 1.592459999999999996e-05
4.264000000000000000e+03 1.642759999999999837e-05 1.592970000000000098e-05
4.265000000000000000e+03 1.642919999999999849e-05 1.593479999999999861e-05
4.266000000000000000e+03 1.643089999999999883e-05 1.593989999999999963e-05
4.267000000000000000e+03 1.643249999999999895e-05 1.594500000000000065e-05
4.268000000000000000e+03 1.643409999999999907e-05 1.595010000000000167e-05
4.269000000000000000e+03 1.643759999999999997e-05 1.595519999999999930e-05
4.270000000000000000e+03 1.644309999999999847e-05 1.596030000000000032e-05
4.271000000000000000e+03 1.644860000000000037e-05 1.596540000000000134e-05
4.272000000000000000e+03 1.645409999999999888e-05 1.597049999999999897e-05
4.273000000000000000e+03 1.645960000000000077e-05 1.597559999999999998e-05
4.274000000000000000e+03 1.646509999999999928e-05 1.598070000000000100e-05
4.275000000000000000e+03 1.647050000000000095e-05 1.598579999999999863e-05
4.276000000000000000e+03 1.647599999999999946e-05 1.599089999999999965e-05
4.277000000000000000e+03 1.648150000000000136e-05 1.599610000000000089e-05
4.278000000000000000e+03 1.648699999999999986e-05 1.600119999999999852e-05
4.279000000000000000e+03 1.649249999999999837e-05 1.600629999999999954e-05
4.280000000000000000e+03 1.649800000000000027e-05 1.601140000000000056e-05
4.281000000000000000e+03 1.650349999999999878e-05 1.601659999999999841e-05
4.282000000000000000e+03 1.650900000000000067e-05 1.602169999999999942e-05
4.283000000000000000e+03 1.651449999999999918e-05 1.602680000000000044e-05
4.284000000000000000e+03 1.652000000000000107e-05 1.603200000000000168e-05
4.285000000000000000e+03 1.652549999999999958e-05 1.603709999999999931e-05
4.286000000000000000e+03 1.653100000000000148e-05 1.604230000000000055e-05
4.287000000000000000e+03 1.653660000000000020e-05 1.604740000000000157e-05
4.288000000000000000e+03 1.654209999999999871e-05 1.605259999999999942e-05
4.289000000000000000e+03 1.654760000000000061e-05 1.605770000000000043e-05
4.290000000000000000e+03 1.655309999999999911e-05 1.606290000000000167e-05
4.291000000000000000e+03 1.655860000000000101e-05 1.606799999999999930e-05
4.292000000000000000e+03 1.656409999999999952e-05 1.607320000000000054e-05
4.293000000000000000e+03 1.656970000000000163e-05 1.607839999999999839e-05
4.294000000000000000e+03 1.657520000000000014e-05 1.608349999999999941e-05
4.295000000000000000e+03 1.658069999999999865e-05 1.608870000000000065e-05
4.296000000000000000e+03 1.658620000000000054e-05 1.609389999999999850e-05
4.297000000000000000e+03 1.659179999999999927e-05 1.609899999999999951e-05
4.298000000000000000e+03 1.659730000000000116e-05 1.610420000000000075e-05
4.299000000000000000e+03 1.660279999999999967e-05 1.610939999999999860e-05
4.300000000000000000e+03 1.660839999999999840e-05 1.611459999999999984e-05
4.301000000000000000e+03 1.661390000000000029e-05 1.611980000000000108e-05
4.302000000000000000e+03 1.661939999999999880e-05 1.612499999999999893e-05
4.303000000000000000e+03 1.662500000000000092e-05 1.613009999999999994e-05
4.304000000000000000e+03 1.663049999999999942e-05 1.613530000000000118e-05
4.305000000000000000e+03 1.663610000000000154e-05 1.614049999999999903e-05
4.306000000000000000e+03 1.664160000000000004e-05 1.614570000000000027e-05
4.307000000000000000e+03 1.664709999999999855e-05 1.615090000000000151e-05
4.308000000000000000e+03 1.665270000000000067e-05 1.615609999999999936e-05
4.309000000000000000e+03 1.665610000000000135e-05 1.616130000000000059e-05
4.310000000000000000e+03 1.665750000000000103e-05 1.616659999999999866e-05
4.311000000000000000e+03 1.665880000000000049e-05 1.617179999999999990e-05
4.312000000000000000e+03 1.666020000000000017e-05 1.617700000000000114e-05
4.313000000000000000e+03 1.666149999999999963e-05 1.618219999999999899e-05
4.314000000000000000e+03 1.666279999999999910e-05 1.618740000000000023e-05
4.315000000000000000e+03 1.666419999999999878e-05 1.619260000000000146e-05
4.316000000000000000e+03 1.666550000000000163e-05 1.619789999999999953e-05
4.317000000000000000e+03 1.666680000000000109e-05 1.620310000000000077e-05
4.318000000000000000e+03 1.666820000000000077e-05 1.620829999999999862e-05
4.319000000000000000e+03 1.666950000000000024e-05 1.621360000000000008e-05
4.320000000000000000e+03 1.667089999999999992e-05 1.621880000000000131e-05
4.321000000000000000e+03 1.667219999999999938e-05 1.622409999999999938e-05
4.322000000000000000e+03 1.667349999999999884e-05 1.622930000000000062e-05
4.323000000000000000e+03 1.667489999999999852e-05 1.623449999999999847e-05
4.324000000000000000e+03 1.667620000000000137e-05 1.623979999999999993e-05
4.325000000000000000e+03 1.667750000000000084e-05 1.624500000000000117e-05
4.326000000000000000e+03 1.667890000000000052e-05 1.625029999999999923e-05
4.327000000000000000e+03 1.668019999999999998e-05 1.625560000000000069e-05
4.328000000000000000e+03 1.668159999999999966e-05 1.626079999999999854e-05
4.329000000000000000e+03 1.668289999999999912e-05 1.626610000000000000e-05
4.330000000000000000e+03 1.668419999999999859e-05 1.627130000000000124e-05
4.331000000000000000e+03 1.668560000000000166e-05 1.627659999999999930e-05
4.332000000000000000e+03 1.668690000000000112e-05 1.628190000000000076e-05
4.333000000000000000e+03 1.668830000000000080e-05 1.628719999999999883e-05
4.334000000000000000e+03 1.668960000000000026e-05 1.629240000000000007e-05
4.335000000000000000e+03 1.669089999999999973e-05 1.629770000000000152e-05
4.336000000000000000e+03 1.669229999999999941e-05 1.630299999999999959e-05
4.337000000000000000e+03 1.669359999999999887e-05 1.630830000000000105e-05
4.338000000000000000e+03 1.669499999999999855e-05 1.631359999999999912e-05
4.339000000000000000e+03 1.669630000000000140e-05 1.631890000000000058e-05
4.340000000000000000e+03 1.669760000000000086e-05 1.632409999999999843e-05
4.341000000000000000e+03 1.669900000000000055e-05 1.632939999999999988e-05
4.342000000000000000e+03 1.670030000000000001e-05 1.633470000000000134e-05
4.343000000000000000e+03 1.670169999999999969e-05 1.633999999999999941e-05
4.344000000000000000e+03 1.670299999999999915e-05 1.634530000000000087e-05
4.345000000000000000e+03 1.670429999999999861e-05 1.635069999999999915e-05
4.346000000000000000e+03 1.670570000000000168e-05 1.635600000000000061e-05
4.347000000000000000e+03 1.670700000000000115e-05 1.636129999999999868e-05
4.348000000000000000e+03 1.670840000000000083e-05 1.636660000000000014e-05
4.349000000000000000e+03 1.670779999999999951e-05 1.637190000000000159e-05
4.350000000000000000e+03 1.670530000000000081e-05 1.637719999999999966e-05
4.351000000000000000e+03 1.670289999999999893e-05 1.638260000000000134e-05
4.352000000000000000e+03 1.670040000000000023e-05 1.638789999999999941e-05
4.353000000000000000e+03 1.669790000000000152e-05 1.639320000000000086e-05
4.354000000000000000e+03 1.669549999999999965e-05 1.639849999999999893e-05
4.355000000000000000e+03 1.669300000000000094e-05 1.640390000000000061e-05
4.356000000000000000e+03 1.669049999999999885e-05 1.640919999999999868e-05
4.357000000000000000e+03 1.668810000000000036e-05 1.641460000000000035e-05
4.358000000000000000e+03 1.668560000000000166e-05 1.641989999999999842e-05
4.359000000000000000e+03 1.668309999999999956e-05 1.642519999999999988e-05
4.360000000000000000e+03 1.668070000000000108e-05 1.643060000000000156e-05
4.361000000000000000e+03 1.667819999999999898e-05 1.643589999999999963e-05
4.362000000000000000e+03 1.667570000000000028e-05 1.644130000000000130e-05
4.363000000000000000e+03 1.667329999999999840e-05 1.644669999999999959e-05
4.364000000000000000e+03 1.667079999999999970e-05 1.645200000000000105e-05
4.365000000000000000e+03 1.666840000000000121e-05 1.645739999999999934e-05
4.366000000000000000e+03 1.666589999999999912e-05 1.646270000000000079e-05
4.367000000000000000e+03 1.666340000000000041e-05 1.646809999999999908e-05
4.368000000000000000e+03 1.666099999999999854e-05 1.647350000000000076e-05
4.369000000000000000e+03 1.665849999999999983e-05 1.647889999999999904e-05
4.370000000000000000e+03 1.665600000000000113e-05 1.648420000000000050e-05
4.371000000000000000e+03 1.665359999999999925e-05 1.648959999999999879e-05
4.372000000000000000e+03 1.665110000000000055e-05 1.649500000000000047e-05
4.373000000000000000e+03 1.664869999999999867e-05 1.650039999999999875e-05
4.374000000000000000e+03 1.664619999999999997e-05 1.650580000000000043e-05
4.375000000000000000e+03 1.664380000000000148e-05 1.651119999999999872e-05
4.376000000000000000e+03 1.664129999999999939e-05 1.651660000000000039e-05
4.377000000000000000e+03 1.663880000000000068e-05 1.652189999999999846e-05
4.378000000000000000e+03 1.663639999999999881e-05 1.652730000000000014e-05
4.379000000000000000e+03 1.663390000000000010e-05 1.653269999999999843e-05
4.380000000000000000e+03 1.663150000000000162e-05 1.653820000000000032e-05
4.381000000000000000e+03 1.662899999999999952e-05 1.654359999999999861e-05
4.382000000000000000e+03 1.662650000000000082e-05 1.654900000000000029e-05
4.383000000000000000e+03 1.662409999999999894e-05 1.655439999999999858e-05
4.384000000000000000e+03 1.662160000000000024e-05 1.655980000000000025e-05
4.385000000000000000e+03 1.661919999999999836e-05 1.656519999999999854e-05
4.386000000000000000e+03 1.661669999999999966e-05 1.657060000000000022e-05
4.387000000000000000e+03 1.661430000000000117e-05 1.657609999999999872e-05
4.388000000000000000e+03 1.661179999999999908e-05 1.658150000000000040e-05
4.389000000000000000e+03 1.661209999999999973e-05 1.658689999999999869e-05
4.390000000000000000e+03 1.661519999999999976e-05 1.659240000000000058e-05
4.391000000000000000e+03 1.661819999999999956e-05 1.659779999999999887e-05
4.392000000000000000e+03 1.662129999999999958e-05 1.660320000000000055e-05
4.393000000000000000e+03 1.662439999999999960e-05 1.660869999999999906e-05
4.394000000000000000e+03 1.662739999999999940e-05 1.661410000000000073e-05
4.395000000000000000e+03 1.663049999999999942e-05 1.661959999999999924e-05
4.396000000000000000e+03 1.663359999999999944e-05 1.662500000000000092e-05
4.397000000000000000e+03 1.663659999999999925e-05 1.663049999999999942e-05
4.398000000000000000e+03 1.663969999999999927e-05 1.663590000000000110e-05
4.399000000000000000e+03 1.664279999999999929e-05 1.664139999999999961e-05
4.400000000000000000e+03 1.664579999999999909e-05 1.664680000000000128e-05
4.401000000000000000e+03 1.664889999999999911e-05 1.665229999999999979e-05
4.402000000000000000e+03 1.665199999999999913e-05 1.665780000000000169e-05
4.403000000000000000e+03 1.665499999999999893e-05 1.666319999999999997e-05
4.404000000000000000e+03 1.665809999999999896e-05 1.666869999999999848e-05
4.405000000000000000e+03 1.666119999999999898e-05 1.667420000000000038e-05
4.406000000000000000e+03 1.666419999999999878e-05 1.667969999999999888e-05
4.407000000000000000e+03 1.666729999999999880e-05 1.668520000000000078e-05
4.408000000000000000e+03 1.667039999999999882e-05 1.669059999999999907e-05
4.409000000000000000e+03 1.667349999999999884e-05 1.669610000000000096e-05
4.410000000000000000e+03 1.667649999999999864e-05 1.670159999999999947e-05
4.411000000000000000e+03 1.667959999999999866e-05 1.670710000000000137e-05
4.412000000000000000e+03 1.668269999999999869e-05 1.671259999999999987e-05
4.413000000000000000e+03 1.668579999999999871e-05 1.671809999999999838e-05
4.414000000000000000e+03 1.668879999999999851e-05 1.672360000000000028e-05
4.415000000000000000e+03 1.669189999999999853e-05 1.672909999999999878e-05
4.416000000000000000e+03 1.669499999999999855e-05 1.673460000000000068e-05
4.417000000000000000e+03 1.669809999999999857e-05 1.674009999999999919e-05
4.418000000000000000e+03 1.670109999999999837e-05 1.674560000000000108e-05
4.419000000000000000e+03 1.670419999999999840e-05 1.675119999999999981e-05
4.420000000000000000e+03 1.670729999999999842e-05 1.675669999999999832e-05
4.421000000000000000e+03 1.671039999999999844e-05 1.676220000000000021e-05
4.422000000000000000e+03 1.671349999999999846e-05 1.676769999999999872e-05
4.423000000000000000e+03 1.671650000000000165e-05 1.677320000000000061e-05
4.424000000000000000e+03 1.671960000000000167e-05 1.677879999999999934e-05
4.425000000000000000e+03 1.672270000000000169e-05 1.678430000000000124e-05
4.426000000000000000e+03 1.672579999999999832e-05 1.678979999999999974e-05
4.427000000000000000e+03 1.672889999999999835e-05 1.679539999999999847e-05
4.428000000000000000e+03 1.673190000000000154e-05 1.680090000000000037e-05
4.429000000000000000e+03 1.673430000000000002e-05 1.680649999999999909e-05
4.430000000000000000e+03 1.673660000000000168e-05 1.681200000000000099e-05
4.431000000000000000e+03 1.673889999999999994e-05 1.681759999999999972e-05
4.432000000000000000e+03 1.674120000000000160e-05 1.682310000000000161e-05
4.433000000000000000e+03 1.674360000000000008e-05 1.682870000000000034e-05
4.434000000000000000e+03 1.674589999999999835e-05 1.683419999999999884e-05
4.435000000000000000e+03 1.674820000000000001e-05 1.683980000000000096e-05
4.436000000000000000e+03 1.675050000000000166e-05 1.684539999999999969e-05
4.437000000000000000e+03 1.675290000000000015e-05 1.685090000000000158e-05
4.438000000000000000e+03 1.675519999999999842e-05 1.685650000000000031e-05
4.439000000000000000e+03 1.675750000000000007e-05 1.686209999999999903e-05
4.440000000000000000e+03 1.675979999999999834e-05 1.686760000000000093e-05
4.441000000000000000e+03 1.676209999999999999e-05 1.687319999999999966e-05
4.442000000000000000e+03 1.676449999999999848e-05 1.687879999999999838e-05
4.443000000000000000e+03 1.676680000000000013e-05 1.688440000000000050e-05
4.444000000000000000e+03 1.676909999999999840e-05 1.688999999999999923e-05
4.445000000000000000e+03 1.677150000000000027e-05 1.689560000000000134e-05
4.446000000000000000e+03 1.677379999999999854e-05 1.690120000000000007e-05
4.447000000000000000e+03 1.677610000000000020e-05 1.690669999999999857e-05
4.448000000000000000e+03 1.677839999999999846e-05 1.691230000000000069e-05
4.449000000000000000e+03 1.678080000000000034e-05 1.691789999999999942e-05
4.450000000000000000e+03 1.678309999999999861e-05 1.692359999999999836e-05
4.451000000000000000e+03 1.678540000000000026e-05 1.692920000000000048e-05
4.452000000000000000e+03 1.678779999999999875e-05 1.693479999999999920e-05
4.453000000000000000e+03 1.679010000000000040e-05 1.694040000000000132e-05
4.454000000000000000e+03 1.679239999999999867e-05 1.694600000000000004e-05
4.455000000000000000e+03 1.679470000000000032e-05 1.695159999999999877e-05
4.456000000000000000e+03 1.679709999999999881e-05 1.695720000000000089e-05
4.457000000000000000e+03 1.679940000000000047e-05 1.696289999999999983e-05
4.458000000000000000e+03 1.680169999999999873e-05 1.696849999999999856e-05
4.459000000000000000e+03 1.680410000000000061e-05 1.697410000000000067e-05
4.460000000000000000e+03 1.680639999999999887e-05 1.697979999999999962e-05
4.461000000000000000e+03 1.680870000000000053e-05 1.698539999999999835e-05
4.462000000000000000e+03 1.681109999999999901e-05 1.699100000000000046e-05
4.463000000000000000e+03 1.681340000000000067e-05 1.699669999999999941e-05
4.464000000000000000e+03 1.681569999999999894e-05 1.700230000000000152e-05
4.465000000000000000e+03 1.681810000000000081e-05 1.700800000000000047e-05
4.466000000000000000e+03 1.682039999999999908e-05 1.701359999999999919e-05
4.467000000000000000e+03 1.682270000000000073e-05 1.701930000000000153e-05
4.468000000000000000e+03 1.682460000000000151e-05 1.702490000000000025e-05
4.469000000000000000e+03 1.682600000000000119e-05 1.703059999999999920e-05
4.470000000000000000e+03 1.682740000000000087e-05 1.703620000000000132e-05
4.471000000000000000e+03 1.682880000000000056e-05 1.704190000000000026e-05
4.472000000000000000e+03 1.683030000000000046e-05 1.704759999999999921e-05
4.473000000000000000e+03 1.683170000000000014e-05 1.705330000000000154e-05
4.474000000000000000e+03 1.683309999999999982e-05 1.705890000000000027e-05
4.475000000000000000e+03 1.683449999999999950e-05 1.706459999999999921e-05
4.476000000000000000e+03 1.683589999999999918e-05 1.707030000000000155e-05
4.477000000000000000e+03 1.683729999999999887e-05 1.707600000000000049e-05
4.478000000000000000e+03 1.683869999999999855e-05 1.708169999999999944e-05
4.479000000000000000e+03 1.684010000000000162e-05 1.708730000000000155e-05
4.480000000000000000e+03 1.684160000000000152e-05 1.709300000000000050e-05
4.481000000000000000e+03 1.684300000000000120e-05 1.709869999999999945e-05
4.482000000000000000e+03 1.684440000000000088e-05 1.710439999999999839e-05
4.483000000000000000e+03 1.684580000000000056e-05 1.711010000000000073e-05
4.484000000000000000e+03 1.684720000000000024e-05 1.711579999999999967e-05
4.485000000000000000e+03 1.684859999999999993e-05 1.712149999999999862e-05
4.486000000000000000e+03 1.685009999999999983e-05 1.712720000000000095e-05
4.487000000000000000e+03 1.685149999999999951e-05 1.713300000000000012e-05
4.488000000000000000e+03 1.685289999999999919e-05 1.713869999999999906e-05
4.489000000000000000e+03 1.685429999999999887e-05 1.714440000000000140e-05
4.490000000000000000e+03 1.685569999999999855e-05 1.715010000000000034e-05
4.491000000000000000e+03 1.685710000000000162e-05 1.715579999999999929e-05
4.492000000000000000e+03 1.685850000000000131e-05 1.716159999999999845e-05
4.493000000000000000e+03 1.686000000000000121e-05 1.716730000000000079e-05
4.494000000000000000e+03 1.686140000000000089e-05 1.717299999999999973e-05
4.495000000000000000e+03 1.686280000000000057e-05 1.717879999999999890e-05
4.496000000000000000e+03 1.686420000000000025e-05 1.718450000000000123e-05
4.497000000000000000e+03 1.686559999999999993e-05 1.719020000000000018e-05
4.498000000000000000e+03 1.686699999999999961e-05 1.719599999999999934e-05
4.499000000000000000e+03 1.686849999999999952e-05 1.720170000000000168e-05
4.500000000000000000e+03 1.686989999999999920e-05 1.720750000000000084e-05
4.501000000000000000e+03 1.687129999999999888e-05 1.721319999999999979e-05
4.502000000000000000e+03 1.687269999999999856e-05 1.721899999999999896e-05
4.503000000000000000e+03 1.687410000000000163e-05 1.722470000000000129e-05
4.504000000000000000e+03 1.687560000000000153e-05 1.723050000000000045e-05
4.505000000000000000e+03 1.687700000000000121e-05 1.723629999999999962e-05
4.506000000000000000e+03 1.687840000000000089e-05 1.724199999999999857e-05
4.507000000000000000e+03 1.687980000000000058e-05 1.724780000000000112e-05
4.508000000000000000e+03 1.688219999999999906e-05 1.725360000000000028e-05
4.509000000000000000e+03 1.688559999999999974e-05 1.725939999999999945e-05
4.510000000000000000e+03 1.688900000000000042e-05 1.726509999999999840e-05
4.511000000000000000e+03 1.689230000000000088e-05 1.727090000000000095e-05
4.512000000000000000e+03 1.689570000000000156e-05 1.727670000000000011e-05
4.513000000000000000e+03 1.689909999999999885e-05 1.728249999999999928e-05
4.514000000000000000e+03 1.690249999999999953e-05 1.728829999999999844e-05
4.515000000000000000e+03 1.690590000000000021e-05 1.729410000000000100e-05
4.516000000000000000e+03 1.690920000000000067e-05 1.729990000000000016e-05
4.517000000000000000e+03 1.691260000000000135e-05 1.730569999999999933e-05
4.518000000000000000e+03 1.691599999999999864e-05 1.731149999999999849e-05
4.519000000000000000e+03 1.691939999999999932e-05 1.731730000000000105e-05
4.520000000000000000e+03 1.692280000000000000e-05 1.732310000000000021e-05
4.521000000000000000e+03 1.692620000000000067e-05 1.732889999999999938e-05
4.522000000000000000e+03 1.692950000000000113e-05 1.733469999999999854e-05
4.523000000000000000e+03 1.693289999999999842e-05 1.734050000000000110e-05
4.524000000000000000e+03 1.693629999999999910e-05 1.734640000000000048e-05
4.525000000000000000e+03 1.693969999999999978e-05 1.735219999999999964e-05
4.526000000000000000e+03 1.694310000000000046e-05 1.735799999999999881e-05
4.527000000000000000e+03 1.694650000000000114e-05 1.736380000000000136e-05
4.528000000000000000e+03 1.694989999999999843e-05 1.736970000000000075e-05
4.529000000000000000e+03 1.695329999999999911e-05 1.737549999999999991e-05
4.530000000000000000e+03 1.695669999999999979e-05 1.738139999999999930e-05
4.531000000000000000e+03 1.696010000000000047e-05 1.738719999999999846e-05
4.532000000000000000e+03 1.696340000000000093e-05 1.739300000000000102e-05
4.533000000000000000e+03 1.696680000000000161e-05 1.739890000000000040e-05
4.534000000000000000e+03 1.697019999999999890e-05 1.740469999999999957e-05
4.535000000000000000e+03 1.697359999999999958e-05 1.741059999999999895e-05
4.536000000000000000e+03 1.697700000000000026e-05 1.741640000000000150e-05
4.537000000000000000e+03 1.698040000000000093e-05 1.742230000000000089e-05
4.538000000000000000e+03 1.698380000000000161e-05 1.742820000000000027e-05
4.539000000000000000e+03 1.698719999999999890e-05 1.743399999999999944e-05
4.540000000000000000e+03 1.699059999999999958e-05 1.743989999999999882e-05
4.541000000000000000e+03 1.699400000000000026e-05 1.744580000000000159e-05
4.542000000000000000e+03 1.699740000000000094e-05 1.745160000000000076e-05
4.543000000000000000e+03 1.700080000000000162e-05 1.745750000000000014e-05
4.544000000000000000e+03 1.700419999999999891e-05 1.746339999999999953e-05
4.545000000000000000e+03 1.700759999999999959e-05 1.746929999999999891e-05
4.546000000000000000e+03 1.701100000000000027e-05 1.747520000000000169e-05
4.547000000000000000e+03 1.701440000000000095e-05 1.748110000000000107e-05
4.548000000000000000e+03 1.701699999999999987e-05 1.748700000000000045e-05
4.549000000000000000e+03 1.701859999999999999e-05 1.749289999999999984e-05
4.550000000000000000e+03 1.702030000000000033e-05 1.749879999999999922e-05
4.551000000000000000e+03 1.702200000000000067e-05 1.750469999999999861e-05
4.552000000000000000e+03 1.702370000000000101e-05 1.751060000000000138e-05
4.553000000000000000e+03 1.702540000000000135e-05 1.751650000000000077e-05
4.554000000000000000e+03 1.702710000000000169e-05 1.752240000000000015e-05
4.555000000000000000e+03 1.702869999999999842e-05 1.752829999999999953e-05
4.556000000000000000e+03 1.703039999999999876e-05 1.753419999999999892e-05
4.557000000000000000e+03 1.703209999999999910e-05 1.754010000000000169e-05
4.558000000000000000e+03 1.703379999999999944e-05 1.754600000000000108e-05
4.559000000000000000e+03 1.703549999999999978e-05 1.755200000000000068e-05
4.560000000000000000e+03 1.703709999999999990e-05 1.755790000000000006e-05
4.561000000000000000e+03 1.703880000000000024e-05 1.756379999999999945e-05
4.562000000000000000e+03 1.704050000000000058e-05 1.756979999999999905e-05
4.563000000000000000e+03 1.704220000000000092e-05 1.757569999999999844e-05
4.564000000000000000e+03 1.704390000000000126e-05 1.758160000000000121e-05
4.565000000000000000e+03 1.704560000000000160e-05 1.758760000000000081e-05
4.566000000000000000e+03 1.704719999999999833e-05 1.759350000000000020e-05
4.567000000000000000e+03 1.704889999999999867e-05 1.759949999999999980e-05
4.568000000000000000e+03 1.705059999999999901e-05 1.760539999999999919e-05
4.569000000000000000e+03 1.705229999999999935e-05 1.761139999999999879e-05
4.570000000000000000e+03 1.705399999999999969e-05 1.761730000000000156e-05
4.571000000000000000e+03 1.705570000000000003e-05 1.762330000000000117e-05
4.572000000000000000e+03 1.705730000000000015e-05 1.762930000000000077e-05
4.573000000000000000e+03 1.705900000000000049e-05 1.763520000000000015e-05
4.574000000000000000e+03 1.706070000000000083e-05 1.764119999999999976e-05
4.575000000000000000e+03 1.706240000000000117e-05 1.764719999999999936e-05
4.576000000000000000e+03 1.706410000000000151e-05 1.765319999999999897e-05
4.577000000000000000e+03 1.706579999999999846e-05 1.765909999999999835e-05
4.578000000000000000e+03 1.706739999999999858e-05 1.766510000000000134e-05
4.579000000000000000e+03 1.706909999999999892e-05 1.767110000000000095e-05
4.580000000000000000e+03 1.707079999999999926e-05 1.767710000000000055e-05
4.581000000000000000e+03 1.707249999999999960e-05 1.768310000000000015e-05
4.582000000000000000e+03 1.707419999999999993e-05 1.768909999999999976e-05
4.583000000000000000e+03 1.707590000000000027e-05 1.769509999999999936e-05
4.584000000000000000e+03 1.707760000000000061e-05 1.770109999999999896e-05
4.585000000000000000e+03 1.707920000000000073e-05 1.770709999999999857e-05
4.586000000000000000e+03 1.708090000000000107e-05 1.771310000000000156e-05
4.587000000000000000e+03 1.708260000000000141e-05 1.771910000000000116e-05
4.588000000000000000e+03 1.708469999999999924e-05 1.772510000000000077e-05
4.589000000000000000e+03 1.708700000000000090e-05 1.773110000000000037e-05
4.590000000000000000e+03 1.708939999999999938e-05 1.773720000000000019e-05
4.591000000000000000e+03 1.709180000000000126e-05 1.774319999999999980e-05
4.592000000000000000e+03 1.709419999999999974e-05 1.774919999999999940e-05
4.593000000000000000e+03 1.709660000000000162e-05 1.775519999999999901e-05
4.594000000000000000e+03 1.709900000000000010e-05 1.776129999999999883e-05
4.595000000000000000e+03 1.710139999999999859e-05 1.776729999999999843e-05
4.596000000000000000e+03 1.710380000000000046e-05 1.777330000000000142e-05
4.597000000000000000e+03 1.710609999999999873e-05 1.777940000000000125e-05
4.598000000000000000e+03 1.710850000000000061e-05 1.778540000000000085e-05
4.599000000000000000e+03 1.711089999999999909e-05 1.779150000000000067e-05
4.600000000000000000e+03 1.711330000000000097e-05 1.779750000000000028e-05
4.601000000000000000e+03 1.711569999999999945e-05 1.780360000000000010e-05
4.602000000000000000e+03 1.711810000000000133e-05 1.780959999999999970e-05
4.603000000000000000e+03 1.712049999999999981e-05 1.781569999999999953e-05
4.604000000000000000e+03 1.712290000000000169e-05 1.782169999999999913e-05
4.605000000000000000e+03 1.712530000000000017e-05 1.782779999999999895e-05
4.606000000000000000e+03 1.712769999999999866e-05 1.783389999999999878e-05
4.607000000000000000e+03 1.713010000000000053e-05 1.783989999999999838e-05
4.608000000000000000e+03 1.713239999999999880e-05 1.784600000000000159e-05
4.609000000000000000e+03 1.713480000000000068e-05 1.785210000000000141e-05
4.610000000000000000e+03 1.713719999999999916e-05 1.785820000000000124e-05
4.611000000000000000e+03 1.713960000000000104e-05 1.786420000000000084e-05
4.612000000000000000e+03 1.714199999999999952e-05 1.787030000000000066e-05
4.613000000000000000e+03 1.714440000000000140e-05 1.787640000000000049e-05
4.614000000000000000e+03 1.714679999999999988e-05 1.788250000000000031e-05
4.615000000000000000e+03 1.714919999999999837e-05 1.788860000000000013e-05
4.616000000000000000e+03 1.715160000000000024e-05 1.789469999999999996e-05
4.617000000000000000e+03 1.715399999999999873e-05 1.790079999999999978e-05
4.618000000000000000e+03 1.715640000000000060e-05 1.790689999999999960e-05
4.619000000000000000e+03 1.715879999999999909e-05 1.791299999999999943e-05
4.620000000000000000e+03 1.716120000000000097e-05 1.791909999999999925e-05
4.621000000000000000e+03 1.716359999999999945e-05 1.792519999999999907e-05
4.622000000000000000e+03 1.716600000000000133e-05 1.793139999999999911e-05
4.623000000000000000e+03 1.716839999999999981e-05 1.793749999999999894e-05
4.624000000000000000e+03 1.717080000000000169e-05 1.794359999999999876e-05
4.625000000000000000e+03 1.717320000000000017e-05 1.794969999999999858e-05
4.626000000000000000e+03 1.717559999999999866e-05 1.795589999999999863e-05
4.627000000000000000e+03 1.717800000000000053e-05 1.796199999999999845e-05
4.628000000000000000e+03 1.718199999999999914e-05 1.796810000000000166e-05
4.629000000000000000e+03 1.718770000000000147e-05 1.797429999999999831e-05
4.630000000000000000e+03 1.719350000000000064e-05 1.798040000000000152e-05
4.631000000000000000e+03 1.719919999999999959e-05 1.798660000000000157e-05
4.632000000000000000e+03 1.720489999999999853e-05 1.799270000000000139e-05
4.633000000000000000e+03 1.721060000000000087e-05 1.799880000000000121e-05
4.634000000000000000e+03 1.721629999999999981e-05 1.800500000000000126e-05
4.635000000000000000e+03 1.722209999999999898e-05 1.801120000000000130e-05
4.636000000000000000e+03 1.722780000000000131e-05 1.801730000000000112e-05
4.637000000000000000e+03 1.723350000000000026e-05 1.802350000000000116e-05
4.638000000000000000e+03 1.723929999999999942e-05 1.802960000000000099e-05
4.639000000000000000e+03 1.724499999999999837e-05 1.803580000000000103e-05
4.640000000000000000e+03 1.725070000000000070e-05 1.804200000000000107e-05
4.641000000000000000e+03 1.725649999999999987e-05 1.804820000000000111e-05
4.642000000000000000e+03 1.726219999999999881e-05 1.805430000000000094e-05
4.643000000000000000e+03 1.726800000000000137e-05 1.806050000000000098e-05
4.644000000000000000e+03 1.727370000000000031e-05 1.806670000000000102e-05
4.645000000000000000e+03 1.727939999999999926e-05 1.807290000000000106e-05
4.646000000000000000e+03 1.728519999999999842e-05 1.807910000000000110e-05
4.647000000000000000e+03 1.729090000000000076e-05 1.808530000000000115e-05
4.648000000000000000e+03 1.729669999999999992e-05 1.809150000000000119e-05
4.649000000000000000e+03 1.730249999999999909e-05 1.809770000000000123e-05
4.650000000000000000e+03 1.730820000000000142e-05 1.810390000000000127e-05
4.651000000000000000e+03 1.731400000000000059e-05 1.811010000000000132e-05
4.652000000000000000e+03 1.731969999999999953e-05 1.811630000000000136e-05
4.653000000000000000e+03 1.732549999999999870e-05 1.812250000000000140e-05
4.654000000000000000e+03 1.733120000000000103e-05 1.812870000000000144e-05
4.655000000000000000e+03 1.733700000000000020e-05 1.813490000000000149e-05
4.656000000000000000e+03 1.734279999999999936e-05 1.814119999999999836e-05
4.657000000000000000e+03 1.734849999999999831e-05 1.814739999999999840e-05
4.658000000000000000e+03 1.735430000000000086e-05 1.815359999999999844e-05
4.659000000000000000e+03 1.736010000000000003e-05 1.815979999999999849e-05
4.660000000000000000e+03 1.736589999999999919e-05 1.816609999999999875e-05
4.661000000000000000e+03 1.737160000000000153e-05 1.817229999999999879e-05
4.662000000000000000e+03 1.737740000000000069e-05 1.817859999999999905e-05
4.663000000000000000e+03 1.738319999999999986e-05 1.818479999999999909e-05
4.664000000000000000e+03 1.738899999999999902e-05 1.819099999999999914e-05
4.665000000000000000e+03 1.739480000000000157e-05 1.819729999999999940e-05
4.666000000000000000e+03 1.740060000000000074e-05 1.820349999999999944e-05
4.667000000000000000e+03 1.740629999999999969e-05 1.820979999999999970e-05
4.668000000000000000e+03 1.741059999999999895e-05 1.821609999999999996e-05
4.669000000000000000e+03 1.741339999999999831e-05 1.822230000000000000e-05
4.670000000000000000e+03 1.741620000000000106e-05 1.822860000000000027e-05
4.671000000000000000e+03 1.741890000000000021e-05 1.823490000000000053e-05
4.672000000000000000e+03 1.742169999999999957e-05 1.824110000000000057e-05
4.673000000000000000e+03 1.742449999999999894e-05 1.824740000000000083e-05
4.674000000000000000e+03 1.742720000000000147e-05 1.825370000000000109e-05
4.675000000000000000e+03 1.743000000000000083e-05 1.826000000000000135e-05
4.676000000000000000e+03 1.743280000000000019e-05 1.826620000000000140e-05
4.677000000000000000e+03 1.743549999999999934e-05 1.827250000000000166e-05
4.678000000000000000e+03 1.743829999999999870e-05 1.827879999999999853e-05
4.679000000000000000e+03 1.744110000000000145e-05 1.828509999999999879e-05
4.680000000000000000e+03 1.744390000000000082e-05 1.829139999999999906e-05
4.681000000000000000e+03 1.744659999999999996e-05 1.829769999999999932e-05
4.682000000000000000e+03 1.744939999999999932e-05 1.830399999999999958e-05
4.683000000000000000e+03 1.745219999999999869e-05 1.831029999999999984e-05
4.684000000000000000e+03 1.745500000000000144e-05 1.831660000000000010e-05
4.685000000000000000e+03 1.745770000000000058e-05 1.832290000000000036e-05
4.686000000000000000e+03 1.746049999999999995e-05 1.832930000000000084e-05
4.687000000000000000e+03 1.746329999999999931e-05 1.833560000000000111e-05
4.688000000000000000e+03 1.746609999999999867e-05 1.834190000000000137e-05
4.689000000000000000e+03 1.746880000000000121e-05 1.834820000000000163e-05
4.690000000000000000e+03 1.747160000000000057e-05 1.835459999999999872e-05
4.691000000000000000e+03 1.747439999999999993e-05 1.836089999999999898e-05
4.692000000000000000e+03 1.747719999999999930e-05 1.836719999999999924e-05
4.693000000000000000e+03 1.747989999999999844e-05 1.837359999999999973e-05
4.694000000000000000e+03 1.748270000000000119e-05 1.837989999999999999e-05
4.695000000000000000e+03 1.748550000000000055e-05 1.838620000000000025e-05
4.696000000000000000e+03 1.748829999999999992e-05 1.839260000000000073e-05
4.697000000000000000e+03 1.749109999999999928e-05 1.839890000000000099e-05
4.698000000000000000e+03 1.749379999999999842e-05 1.840530000000000147e-05
4.699000000000000000e+03 1.749660000000000118e-05 1.841159999999999834e-05
4.700000000000000000e+03 1.749940000000000054e-05 1.841799999999999883e-05
4.701000000000000000e+03 1.750219999999999990e-05 1.842439999999999931e-05
4.702000000000000000e+03 1.750499999999999927e-05 1.843069999999999957e-05
4.703000000000000000e+03 1.750769999999999841e-05 1.843710000000000005e-05
4.704000000000000000e+03 1.751050000000000116e-05 1.844350000000000053e-05
4.705000000000000000e+03 1.751330000000000052e-05 1.844990000000000101e-05
4.706000000000000000e+03 1.751609999999999989e-05 1.845620000000000127e-05
4.707000000000000000e+03 1.751889999999999925e-05 1.846259999999999836e-05
4.708000000000000000e+03 1.752130000000000113e-05 1.846899999999999885e-05
4.709000000000000000e+03 1.752329999999999874e-05 1.847539999999999933e-05
4.710000000000000000e+03 1.752529999999999973e-05 1.848179999999999981e-05
4.711000000000000000e+03 1.752730000000000073e-05 1.848820000000000029e-05
4.712000000000000000e+03 1.752929999999999834e-05 1.849460000000000077e-05
4.713000000000000000e+03 1.753129999999999934e-05 1.850100000000000125e-05
4.714000000000000000e+03 1.753330000000000033e-05 1.850739999999999834e-05
4.715000000000000000e+03 1.753530000000000133e-05 1.851379999999999882e-05
4.716000000000000000e+03 1.753729999999999894e-05 1.852019999999999930e-05
4.717000000000000000e+03 1.753929999999999994e-05 1.852659999999999978e-05
4.718000000000000000e+03 1.754130000000000093e-05 1.853300000000000027e-05
4.719000000000000000e+03 1.754339999999999876e-05 1.853940000000000075e-05
4.720000000000000000e+03 1.754539999999999976e-05 1.854590000000000145e-05
4.721000000000000000e+03 1.754740000000000076e-05 1.855229999999999854e-05
4.722000000000000000e+03 1.754939999999999837e-05 1.855869999999999902e-05
4.723000000000000000e+03 1.755139999999999936e-05 1.856509999999999950e-05
4.724000000000000000e+03 1.755340000000000036e-05 1.857160000000000020e-05
4.725000000000000000e+03 1.755540000000000136e-05 1.857800000000000068e-05
4.726000000000000000e+03 1.755739999999999897e-05 1.858450000000000138e-05
4.727000000000000000e+03 1.755939999999999996e-05 1.859089999999999847e-05
4.728000000000000000e+03 1.756140000000000096e-05 1.859739999999999917e-05
4.729000000000000000e+03 1.756349999999999879e-05 1.860379999999999966e-05
4.730000000000000000e+03 1.756549999999999979e-05 1.861030000000000036e-05
4.731000000000000000e+03 1.756750000000000079e-05 1.861670000000000084e-05
4.732000000000000000e+03 1.756949999999999839e-05 1.862320000000000154e-05
4.733000000000000000e+03 1.757149999999999939e-05 1.862959999999999863e-05
4.734000000000000000e+03 1.757350000000000039e-05 1.863609999999999933e-05
4.735000000000000000e+03 1.757550000000000139e-05 1.864260000000000003e-05
4.736000000000000000e+03 1.757749999999999900e-05 1.864910000000000073e-05
4.737000000000000000e+03 1.757960000000000021e-05 1.865550000000000121e-05
4.738000000000000000e+03 1.758160000000000121e-05 1.866199999999999852e-05
4.739000000000000000e+03 1.758359999999999882e-05 1.866849999999999922e-05
4.740000000000000000e+03 1.758559999999999982e-05 1.867499999999999992e-05
4.741000000000000000e+03 1.758760000000000081e-05 1.868150000000000062e-05
4.742000000000000000e+03 1.758959999999999842e-05 1.868800000000000132e-05
4.743000000000000000e+03 1.759159999999999942e-05 1.869449999999999863e-05
4.744000000000000000e+03 1.759370000000000064e-05 1.870099999999999933e-05
4.745000000000000000e+03 1.759570000000000163e-05 1.870750000000000003e-05
4.746000000000000000e+03 1.759769999999999924e-05 1.871400000000000073e-05
4.747000000000000000e+03 1.759970000000000024e-05 1.872050000000000144e-05
4.748000000000000000e+03 1.760219999999999895e-05 1.872699999999999875e-05
4.749000000000000000e+03 1.760519999999999875e-05 1.873349999999999945e-05
4.750000000000000000e+03 1.760809999999999833e-05 1.874000000000000015e-05
4.751000000000000000e+03 1.761110000000000152e-05 1.874660000000000107e-05
4.752000000000000000e+03 1.761410000000000132e-05 1.875309999999999838e-05
4.753000000000000000e+03 1.761700000000000090e-05 1.875959999999999908e-05
4.754000000000000000e+03 1.762000000000000071e-05 1.876609999999999978e-05
4.755000000000000000e+03 1.762300000000000051e-05 1.877270000000000070e-05
4.756000000000000000e+03 1.762590000000000009e-05 1.877920000000000140e-05
4.757000000000000000e+03 1.762889999999999989e-05 1.878579999999999893e-05
4.758000000000000000e+03 1.763189999999999969e-05 1.879229999999999963e-05
4.759000000000000000e+03 1.763479999999999928e-05 1.879880000000000033e-05
4.760000000000000000e+03 1.763779999999999908e-05 1.880540000000000125e-05
4.761000000000000000e+03 1.764079999999999888e-05 1.881199999999999878e-05
4.762000000000000000e+03 1.764379999999999868e-05 1.881849999999999948e-05
4.763000000000000000e+03 1.764670000000000165e-05 1.882510000000000040e-05
4.764000000000000000e+03 1.764970000000000146e-05 1.883160000000000110e-05
4.765000000000000000e+03 1.765270000000000126e-05 1.883819999999999863e-05
4.766000000000000000e+03 1.765570000000000106e-05 1.884479999999999955e-05
4.767000000000000000e+03 1.765860000000000064e-05 1.885130000000000025e-05
4.768000000000000000e+03 1.766160000000000044e-05 1.885790000000000117e-05
4.769000000000000000e+03 1.766460000000000025e-05 1.886449999999999870e-05
4.770000000000000000e+03 1.766760000000000005e-05 1.887109999999999962e-05
4.771000000000000000e+03 1.767049999999999963e-05 1.887770000000000054e-05
4.772000000000000000e+03 1.767349999999999943e-05 1.888430000000000146e-05
4.773000000000000000e+03 1.767649999999999923e-05 1.889089999999999899e-05
4.774000000000000000e+03 1.767949999999999904e-05 1.889749999999999991e-05
4.775000000000000000e+03 1.768239999999999862e-05 1.890410000000000083e-05
4.776000000000000000e+03 1.768539999999999842e-05 1.891069999999999836e-05
4.777000000000000000e+03 1.768840000000000161e-05 1.891729999999999928e-05
4.778000000000000000e+03 1.769140000000000141e-05 1.892390000000000020e-05
4.779000000000000000e+03 1.769440000000000121e-05 1.893050000000000112e-05
4.780000000000000000e+03 1.769740000000000102e-05 1.893709999999999865e-05
4.781000000000000000e+03 1.770030000000000060e-05 1.894369999999999957e-05
4.782000000000000000e+03 1.770330000000000040e-05 1.895030000000000049e-05
4.783000000000000000e+03 1.770630000000000020e-05 1.895700000000000163e-05
4.784000000000000000e+03 1.770930000000000000e-05 1.896359999999999916e-05
4.785000000000000000e+03 1.771229999999999981e-05 1.897020000000000008e-05
4.786000000000000000e+03 1.771529999999999961e-05 1.897690000000000122e-05
4.787000000000000000e+03 1.771819999999999919e-05 1.898349999999999875e-05
4.788000000000000000e+03 1.772099999999999855e-05 1.899009999999999967e-05
4.789000000000000000e+03 1.772350000000000065e-05 1.899680000000000081e-05
4.790000000000000000e+03 1.772599999999999935e-05 1.900339999999999834e-05
4.791000000000000000e+03 1.772850000000000145e-05 1.901009999999999948e-05
4.792000000000000000e+03 1.773110000000000037e-05 1.901670000000000039e-05
4.793000000000000000e+03 1.773359999999999908e-05 1.902340000000000153e-05
4.794000000000000000e+03 1.773610000000000117e-05 1.903009999999999928e-05
4.795000000000000000e+03 1.773859999999999988e-05 1.903670000000000020e-05
4.796000000000000000e+03 1.774109999999999858e-05 1.904340000000000134e-05
4.797000000000000000e+03 1.774360000000000067e-05 1.905009999999999909e-05
4.798000000000000000e+03 1.774619999999999960e-05 1.905670000000000001e-05
4.799000000000000000e+03 1.774870000000000169e-05 1.906340000000000115e-05
4.800000000000000000e+03 1.775120000000000040e-05 1.907009999999999890e-05
4.801000000000000000e+03 1.775369999999999910e-05 1.907680000000000004e-05
4.802000000000000000e+03 1.775620000000000120e-05 1.908350000000000118e-05
4.803000000000000000e+03 1.775880000000000012e-05 1.909019999999999893e-05
4.804000000000000000e+03 1.776129999999999883e-05 1.909690000000000007e-05
4.805000000000000000e+03 1.776380000000000092e-05 1.910360000000000121e-05
4.806000000000000000e+03 1.776629999999999963e-05 1.911029999999999896e-05
4.807000000000000000e+03 1.776889999999999855e-05 1.911700000000000010e-05
4.808000000000000000e+03 1.777140000000000065e-05 1.912370000000000123e-05
4.809000000000000000e+03 1.777389999999999935e-05 1.913039999999999898e-05
4.810000000000000000e+03 1.777640000000000144e-05 1.913710000000000012e-05
4.811000000000000000e+03 1.777890000000000015e-05 1.914380000000000126e-05
4.812000000000000000e+03 1.778149999999999908e-05 1.915049999999999901e-05
4.813000000000000000e+03 1.778400000000000117e-05 1.915730000000000037e-05
4.814000000000000000e+03 1.778649999999999987e-05 1.916400000000000151e-05
4.815000000000000000e+03 1.778899999999999858e-05 1.917069999999999926e-05
4.816000000000000000e+03 1.779160000000000089e-05 1.917750000000000062e-05
4.817000000000000000e+03 1.779409999999999960e-05 1.918419999999999837e-05
4.818000000000000000e+03 1.779660000000000169e-05 1.919089999999999951e-05
4.819000000000000000e+03 1.779920000000000062e-05 1.919770000000000086e-05
4.820000000000000000e+03 1.780169999999999932e-05 1.920439999999999861e-05
4.821000000000000000e+03 1.780420000000000142e-05 1.921119999999999997e-05
4.822000000000000000e+03 1.780670000000000012e-05 1.921790000000000111e-05
4.823000000000000000e+03 1.780929999999999905e-05 1.922469999999999908e-05
4.824000000000000000e+03 1.781180000000000114e-05 1.923140000000000022e-05
4.825000000000000000e+03 1.781429999999999985e-05 1.923820000000000158e-05
4.826000000000000000e+03 1.781689999999999877e-05 1.924499999999999955e-05
4.827000000000000000e+03 1.781940000000000086e-05 1.925170000000000069e-05
4.828000000000000000e+03 1.782390000000000057e-05 1.925849999999999866e-05
4.829000000000000000e+03 1.782840000000000027e-05 1.926530000000000001e-05
4.830000000000000000e+03 1.783289999999999997e-05 1.927210000000000137e-05
4.831000000000000000e+03 1.783739999999999967e-05 1.927889999999999934e-05
4.832000000000000000e+03 1.784189999999999938e-05 1.928560000000000048e-05
4.833000000000000000e+03 1.784639999999999908e-05 1.929239999999999845e-05
4.834000000000000000e+03 1.785089999999999878e-05 1.929919999999999981e-05
4.835000000000000000e+03 1.785539999999999849e-05 1.930600000000000117e-05
4.836000000000000000e+03 1.785990000000000158e-05 1.931279999999999914e-05
4.837000000000000000e+03 1.786440000000000128e-05 1.931960000000000049e-05
4.838000000000000000e+03 1.786890000000000098e-05 1.932639999999999846e-05
4.839000000000000000e+03 1.787340000000000069e-05 1.933319999999999982e-05
4.840000000000000000e+03 1.787790000000000039e-05 1.934010000000000140e-05
4.841000000000000000e+03 1.788250000000000031e-05 1.934689999999999937e-05
4.842000000000000000e+03 1.788700000000000001e-05 1.935370000000000073e-05
4.843000000000000000e+03 1.789149999999999972e-05 1.936049999999999870e-05
4.844000000000000000e+03 1.789599999999999942e-05 1.936730000000000005e-05
4.845000000000000000e+03 1.790049999999999912e-05 1.937420000000000163e-05
4.846000000000000000e+03 1.790499999999999882e-05 1.938099999999999960e-05
4.847000000000000000e+03 1.790959999999999875e-05 1.938780000000000096e-05
4.848000000000000000e+03 1.791409999999999845e-05 1.939469999999999915e-05
4.849000000000000000e+03 1.791860000000000154e-05 1.940150000000000051e-05
4.850000000000000000e+03 1.792310000000000124e-05 1.940839999999999869e-05
4.851000000000000000e+03 1.792770000000000117e-05 1.941520000000000005e-05
4.852000000000000000e+03 1.793220000000000087e-05 1.942210000000000163e-05
4.853000000000000000e+03 1.793670000000000057e-05 1.942889999999999960e-05
4.854000000000000000e+03 1.794120000000000027e-05 1.943580000000000118e-05
4.855000000000000000e+03 1.794580000000000020e-05 1.944269999999999937e-05
4.856000000000000000e+03 1.795029999999999990e-05 1.944950000000000072e-05
4.857000000000000000e+03 1.795479999999999960e-05 1.945639999999999891e-05
4.858000000000000000e+03 1.795939999999999952e-05 1.946330000000000049e-05
4.859000000000000000e+03 1.796389999999999923e-05 1.947009999999999846e-05
4.860000000000000000e+03 1.796839999999999893e-05 1.947700000000000004e-05
4.861000000000000000e+03 1.797299999999999885e-05 1.948390000000000161e-05
4.862000000000000000e+03 1.797749999999999855e-05 1.949079999999999980e-05
4.863000000000000000e+03 1.798200000000000164e-05 1.949770000000000138e-05
4.864000000000000000e+03 1.798660000000000157e-05 1.950459999999999957e-05
4.865000000000000000e+03 1.799110000000000127e-05 1.951150000000000115e-05
4.866000000000000000e+03 1.799570000000000119e-05 1.951839999999999934e-05
4.867000000000000000e+03 1.799980000000000002e-05 1.952530000000000091e-05
4.868000000000000000e+03 1.800360000000000157e-05 1.953219999999999910e-05
4.869000000000000000e+03 1.800729999999999952e-05 1.953910000000000068e-05
4.870000000000000000e+03 1.801110000000000108e-05 1.954599999999999887e-05
4.871000000000000000e+03 1.801489999999999925e-05 1.955290000000000044e-05
4.872000000000000000e+03 1.801860000000000058e-05 1.955979999999999863e-05
4.873000000000000000e+03 1.802239999999999875e-05 1.956680000000000043e-05
4.874000000000000000e+03 1.802620000000000031e-05 1.957369999999999862e-05
4.875000000000000000e+03 1.802999999999999847e-05 1.958060000000000020e-05
4.876000000000000000e+03 1.803369999999999981e-05 1.958759999999999860e-05
4.877000000000000000e+03 1.803750000000000137e-05 1.959450000000000018e-05
4.878000000000000000e+03 1.804129999999999954e-05 1.960139999999999837e-05
4.879000000000000000e+03 1.804500000000000087e-05 1.960840000000000017e-05
4.880000000000000000e+03 1.804879999999999904e-05 1.961529999999999836e-05
4.881000000000000000e+03 1.805260000000000060e-05 1.962230000000000015e-05
4.882000000000000000e+03 1.805639999999999876e-05 1.962919999999999834e-05
4.883000000000000000e+03 1.806010000000000010e-05 1.963620000000000014e-05
4.884000000000000000e+03 1.806390000000000166e-05 1.964319999999999855e-05
4.885000000000000000e+03 1.806769999999999982e-05 1.965010000000000012e-05
4.886000000000000000e+03 1.807150000000000138e-05 1.965709999999999853e-05
4.887000000000000000e+03 1.807529999999999955e-05 1.966410000000000033e-05
4.888000000000000000e+03 1.807900000000000089e-05 1.967099999999999852e-05
4.889000000000000000e+03 1.808279999999999905e-05 1.967800000000000031e-05
4.890000000000000000e+03 1.808660000000000061e-05 1.968499999999999872e-05
4.891000000000000000e+03 1.809039999999999878e-05 1.969200000000000052e-05
4.892000000000000000e+03 1.809420000000000033e-05 1.969899999999999893e-05
4.893000000000000000e+03 1.809799999999999850e-05 1.970600000000000072e-05
4.894000000000000000e+03 1.810169999999999984e-05 1.971289999999999891e-05
4.895000000000000000e+03 1.810550000000000139e-05 1.971990000000000071e-05
4.896000000000000000e+03 1.810929999999999956e-05 1.972689999999999912e-05
4.897000000000000000e+03 1.811310000000000112e-05 1.973400000000000113e-05
4.898000000000000000e+03 1.811689999999999929e-05 1.974099999999999954e-05
4.899000000000000000e+03 1.812070000000000084e-05 1.974800000000000134e-05
4.900000000000000000e+03 1.812449999999999901e-05 1.975499999999999975e-05
4.901000000000000000e+03 1.812830000000000057e-05 1.976200000000000154e-05
4.902000000000000000e+03 1.813199999999999851e-05 1.976899999999999995e-05
4.903000000000000000e+03 1.813580000000000007e-05 1.977609999999999858e-05
4.904000000000000000e+03 1.813960000000000163e-05 1.978310000000000038e-05
4.905000000000000000e+03 1.814339999999999979e-05 1.979009999999999878e-05
4.906000000000000000e+03 1.814720000000000135e-05 1.979710000000000058e-05
4.907000000000000000e+03 1.815030000000000137e-05 1.980419999999999921e-05
4.908000000000000000e+03 1.815280000000000008e-05 1.981120000000000100e-05
4.909000000000000000e+03 1.815529999999999878e-05 1.981829999999999963e-05
4.910000000000000000e+03 1.815770000000000066e-05 1.982530000000000143e-05
4.911000000000000000e+03 1.816019999999999936e-05 1.983240000000000006e-05
4.912000000000000000e+03 1.816260000000000124e-05 1.983939999999999846e-05
4.913000000000000000e+03 1.816509999999999994e-05 1.984650000000000048e-05
4.914000000000000000e+03 1.816759999999999865e-05 1.985359999999999911e-05
4.915000000000000000e+03 1.817000000000000052e-05 1.986060000000000090e-05
4.916000000000000000e+03 1.817249999999999923e-05 1.986769999999999953e-05
4.917000000000000000e+03 1.817490000000000110e-05 1.987480000000000155e-05
4.918000000000000000e+03 1.817739999999999981e-05 1.988179999999999996e-05
4.919000000000000000e+03 1.817989999999999851e-05 1.988889999999999858e-05
4.920000000000000000e+03 1.818230000000000039e-05 1.989600000000000060e-05
4.921000000000000000e+03 1.818479999999999909e-05 1.990309999999999923e-05
4.922000000000000000e+03 1.818720000000000097e-05 1.991020000000000124e-05
4.923000000000000000e+03 1.818969999999999967e-05 1.991729999999999987e-05
4.924000000000000000e+03 1.819219999999999838e-05 1.992439999999999850e-05
4.925000000000000000e+03 1.819460000000000025e-05 1.993150000000000051e-05
4.926000000000000000e+03 1.819709999999999896e-05 1.993859999999999914e-05
4.927000000000000000e+03 1.819960000000000105e-05 1.994570000000000116e-05
4.928000000000000000e+03 1.820199999999999954e-05 1.995279999999999978e-05
4.929000000000000000e+03 1.820450000000000163e-05 1.995989999999999841e-05
4.930000000000000000e+03 1.820690000000000012e-05 1.996700000000000043e-05
4.931000000000000000e+03 1.820939999999999882e-05 1.997409999999999905e-05
4.932000000000000000e+03 1.821190000000000092e-05 1.998130000000000129e-05
4.933000000000000000e+03 1.821429999999999940e-05 1.998839999999999992e-05
4.934000000000000000e+03 1.821680000000000150e-05 1.999549999999999855e-05
4.935000000000000000e+03 1.821930000000000020e-05 2.000270000000000078e-05
4.936000000000000000e+03 1.822169999999999869e-05 2.000979999999999941e-05
4.937000000000000000e+03 1.822420000000000078e-05 2.001690000000000142e-05
4.938000000000000000e+03 1.822669999999999949e-05 2.002410000000000027e-05
4.939000000000000000e+03 1.822910000000000136e-05 2.003119999999999890e-05
4.940000000000000000e+03 1.823160000000000007e-05 2.003840000000000113e-05
4.941000000000000000e+03 1.823409999999999877e-05 2.004549999999999976e-05
4.942000000000000000e+03 1.823650000000000065e-05 2.005269999999999861e-05
4.943000000000000000e+03 1.823899999999999935e-05 2.005990000000000084e-05
4.944000000000000000e+03 1.824150000000000145e-05 2.006699999999999947e-05
4.945000000000000000e+03 1.824400000000000015e-05 2.007419999999999832e-05
4.946000000000000000e+03 1.824639999999999864e-05 2.008140000000000055e-05
4.947000000000000000e+03 1.825009999999999998e-05 2.008859999999999940e-05
4.948000000000000000e+03 1.825490000000000034e-05 2.009570000000000141e-05
4.949000000000000000e+03 1.825970000000000070e-05 2.010290000000000026e-05
4.950000000000000000e+03 1.826460000000000128e-05 2.011009999999999911e-05
4.951000000000000000e+03 1.826940000000000164e-05 2.011730000000000134e-05
4.952000000000000000e+03 1.827429999999999883e-05 2.012450000000000019e-05
4.953000000000000000e+03 1.827909999999999919e-05 2.013169999999999904e-05
4.954000000000000000e+03 1.828399999999999977e-05 2.013890000000000127e-05
4.955000000000000000e+03 1.828880000000000013e-05 2.014610000000000012e-05
4.956000000000000000e+03 1.829360000000000049e-05 2.015329999999999897e-05
4.957000000000000000e+03 1.829850000000000107e-05 2.016050000000000120e-05
4.958000000000000000e+03 1.830330000000000143e-05 2.016770000000000005e-05
4.959000000000000000e+03 1.830819999999999862e-05 2.017489999999999889e-05
4.960000000000000000e+03 1.831299999999999898e-05 2.018220000000000135e-05
4.961000000000000000e+03 1.831789999999999956e-05 2.018940000000000020e-05
4.962000000000000000e+03 1.832269999999999992e-05 2.019659999999999904e-05
4.963000000000000000e+03 1.832760000000000050e-05 2.020380000000000128e-05
4.964000000000000000e+03 1.833250000000000108e-05 2.021110000000000034e-05
4.965000000000000000e+03 1.833730000000000144e-05 2.021829999999999919e-05
4.966000000000000000e+03 1.834219999999999864e-05 2.022560000000000164e-05
4.967000000000000000e+03 1.834699999999999900e-05 2.023280000000000049e-05
4.968000000000000000e+03 1.835189999999999958e-05 2.024009999999999956e-05
4.969000000000000000e+03 1.835680000000000016e-05 2.024729999999999840e-05
4.970000000000000000e+03 1.836160000000000052e-05 2.025460000000000086e-05
4.971000000000000000e+03 1.836650000000000110e-05 2.026179999999999971e-05
4.972000000000000000e+03 1.837140000000000168e-05 2.026909999999999877e-05
4.973000000000000000e+03 1.837619999999999865e-05 2.027640000000000123e-05
4.974000000000000000e+03 1.838109999999999923e-05 2.028360000000000007e-05
4.975000000000000000e+03 1.838599999999999981e-05 2.029089999999999914e-05
4.976000000000000000e+03 1.839080000000000017e-05 2.029820000000000159e-05
4.977000000000000000e+03 1.839570000000000075e-05 2.030550000000000066e-05
4.978000000000000000e+03 1.840060000000000133e-05 2.031269999999999951e-05
4.979000000000000000e+03 1.840549999999999852e-05 2.031999999999999857e-05
4.980000000000000000e+03 1.841029999999999888e-05 2.032730000000000103e-05
4.981000000000000000e+03 1.841519999999999946e-05 2.033460000000000009e-05
4.982000000000000000e+03 1.842010000000000004e-05 2.034189999999999916e-05
4.983000000000000000e+03 1.842500000000000062e-05 2.034920000000000161e-05
4.984000000000000000e+03 1.842990000000000120e-05 2.035650000000000068e-05
4.985000000000000000e+03 1.843470000000000156e-05 2.036379999999999975e-05
4.986000000000000000e+03 1.843959999999999875e-05 2.037109999999999881e-05
4.987000000000000000e+03 1.844429999999999890e-05 2.037850000000000148e-05
4.988000000000000000e+03 1.844869999999999838e-05 2.038580000000000055e-05
4.989000000000000000e+03 1.845320000000000147e-05 2.039309999999999962e-05
4.990000000000000000e+03 1.845760000000000095e-05 2.040039999999999868e-05
4.991000000000000000e+03 1.846210000000000066e-05 2.040770000000000114e-05
4.992000000000000000e+03 1.846650000000000014e-05 2.041510000000000042e-05
4.993000000000000000e+03 1.847099999999999984e-05 2.042239999999999949e-05
4.994000000000000000e+03 1.847539999999999933e-05 2.042979999999999877e-05
4.995000000000000000e+03 1.847989999999999903e-05 2.043710000000000123e-05
4.996000000000000000e+03 1.848429999999999851e-05 2.044450000000000051e-05
4.997000000000000000e+03 1.848880000000000160e-05 2.045179999999999958e-05
4.998000000000000000e+03 1.849330000000000131e-05 2.045919999999999887e-05
4.999000000000000000e+03 1.849770000000000079e-05 2.046650000000000132e-05
5.000000000000000000e+03 1.850220000000000049e-05 2.047390000000000061e-05
5.001000000000000000e+03 1.850659999999999998e-05 2.048119999999999967e-05
5.002000000000000000e+03 1.851109999999999968e-05 2.048859999999999896e-05
5.003000000000000000e+03 1.851559999999999938e-05 2.049600000000000163e-05
5.004000000000000000e+03 1.851999999999999887e-05 2.050340000000000092e-05
5.005000000000000000e+03 1.852449999999999857e-05 2.051069999999999998e-05
5.006000000000000000e+03 1.852890000000000144e-05 2.051809999999999927e-05
5.007000000000000000e+03 1.853340000000000114e-05 2.052549999999999855e-05
5.008000000000000000e+03 1.853790000000000085e-05 2.053290000000000123e-05
5.009000000000000000e+03 1.854230000000000033e-05 2.054030000000000051e-05
5.010000000000000000e+03 1.854680000000000003e-05 2.054769999999999980e-05
5.011000000000000000e+03 1.855129999999999973e-05 2.055509999999999908e-05
5.012000000000000000e+03 1.855579999999999944e-05 2.056249999999999837e-05
5.013000000000000000e+03 1.856019999999999892e-05 2.056990000000000104e-05
5.014000000000000000e+03 1.856469999999999862e-05 2.057730000000000033e-05
5.015000000000000000e+03 1.856919999999999833e-05 2.058469999999999961e-05
5.016000000000000000e+03 1.857370000000000142e-05 2.059209999999999890e-05
5.017000000000000000e+03 1.857810000000000090e-05 2.059959999999999840e-05
5.018000000000000000e+03 1.858260000000000060e-05 2.060700000000000108e-05
5.019000000000000000e+03 1.858710000000000031e-05 2.061440000000000036e-05
5.020000000000000000e+03 1.859160000000000001e-05 2.062179999999999965e-05
5.021000000000000000e+03 1.859609999999999971e-05 2.062929999999999915e-05
5.022000000000000000e+03 1.860049999999999920e-05 2.063669999999999844e-05
5.023000000000000000e+03 1.860499999999999890e-05 2.064420000000000133e-05
5.024000000000000000e+03 1.860949999999999860e-05 2.065160000000000062e-05
5.025000000000000000e+03 1.861400000000000169e-05 2.065910000000000012e-05
5.026000000000000000e+03 1.861850000000000140e-05 2.066649999999999941e-05
5.027000000000000000e+03 1.862179999999999847e-05 2.067399999999999891e-05
5.028000000000000000e+03 1.862389999999999968e-05 2.068140000000000158e-05
5.029000000000000000e+03 1.862610000000000112e-05 2.068890000000000109e-05
5.030000000000000000e+03 1.862819999999999895e-05 2.069640000000000059e-05
5.031000000000000000e+03 1.863030000000000016e-05 2.070379999999999988e-05
5.032000000000000000e+03 1.863250000000000160e-05 2.071129999999999938e-05
5.033000000000000000e+03 1.863459999999999943e-05 2.071879999999999889e-05
5.034000000000000000e+03 1.863670000000000064e-05 2.072629999999999839e-05
5.035000000000000000e+03 1.863889999999999869e-05 2.073380000000000129e-05
5.036000000000000000e+03 1.864099999999999991e-05 2.074120000000000057e-05
5.037000000000000000e+03 1.864310000000000113e-05 2.074870000000000008e-05
5.038000000000000000e+03 1.864529999999999917e-05 2.075619999999999958e-05
5.039000000000000000e+03 1.864740000000000039e-05 2.076369999999999908e-05
5.040000000000000000e+03 1.864950000000000161e-05 2.077119999999999859e-05
5.041000000000000000e+03 1.865169999999999965e-05 2.077870000000000148e-05
5.042000000000000000e+03 1.865380000000000087e-05 2.078630000000000121e-05
5.043000000000000000e+03 1.865589999999999870e-05 2.079380000000000071e-05
5.044000000000000000e+03 1.865810000000000014e-05 2.080130000000000022e-05
5.045000000000000000e+03 1.866020000000000135e-05 2.080879999999999972e-05
5.046000000000000000e+03 1.866229999999999918e-05 2.081629999999999922e-05
5.047000000000000000e+03 1.866450000000000062e-05 2.082389999999999895e-05
5.048000000000000000e+03 1.866659999999999844e-05 2.083139999999999845e-05
5.049000000000000000e+03 1.866869999999999966e-05 2.083890000000000135e-05
5.050000000000000000e+03 1.867090000000000110e-05 2.084650000000000107e-05
5.051000000000000000e+03 1.867299999999999893e-05 2.085400000000000057e-05
5.052000000000000000e+03 1.867520000000000036e-05 2.086160000000000030e-05
5.053000000000000000e+03 1.867730000000000158e-05 2.086909999999999980e-05
5.054000000000000000e+03 1.867939999999999941e-05 2.087669999999999953e-05
5.055000000000000000e+03 1.868160000000000084e-05 2.088419999999999903e-05
5.056000000000000000e+03 1.868369999999999867e-05 2.089179999999999876e-05
5.057000000000000000e+03 1.868579999999999989e-05 2.089930000000000165e-05
5.058000000000000000e+03 1.868800000000000132e-05 2.090690000000000137e-05
5.059000000000000000e+03 1.869009999999999915e-05 2.091450000000000110e-05
5.060000000000000000e+03 1.869230000000000059e-05 2.092210000000000082e-05
5.061000000000000000e+03 1.869439999999999842e-05 2.092960000000000033e-05
5.062000000000000000e+03 1.869649999999999963e-05 2.093720000000000005e-05
5.063000000000000000e+03 1.869870000000000107e-05 2.094479999999999977e-05
5.064000000000000000e+03 1.870079999999999890e-05 2.095239999999999950e-05
5.065000000000000000e+03 1.870300000000000033e-05 2.095999999999999922e-05
5.066000000000000000e+03 1.870510000000000155e-05 2.096759999999999894e-05
5.067000000000000000e+03 1.870839999999999862e-05 2.097519999999999867e-05
5.068000000000000000e+03 1.871289999999999832e-05 2.098279999999999839e-05
5.069000000000000000e+03 1.871740000000000141e-05 2.099040000000000150e-05
5.070000000000000000e+03 1.872190000000000112e-05 2.099800000000000123e-05
5.071000000000000000e+03 1.872640000000000082e-05 2.100560000000000095e-05
5.072000000000000000e+03 1.873090000000000052e-05 2.101330000000000090e-05
5.073000000000000000e+03 1.873540000000000023e-05 2.102090000000000062e-05
5.074000000000000000e+03 1.873989999999999993e-05 2.102850000000000034e-05
5.075000000000000000e+03 1.874439999999999963e-05 2.103610000000000007e-05
5.076000000000000000e+03 1.874889999999999933e-05 2.104380000000000001e-05
5.077000000000000000e+03 1.875339999999999904e-05 2.105139999999999973e-05
5.078000000000000000e+03 1.875799999999999896e-05 2.105899999999999946e-05
5.079000000000000000e+03 1.876249999999999866e-05 2.106669999999999940e-05
5.080000000000000000e+03 1.876699999999999836e-05 2.107429999999999913e-05
5.081000000000000000e+03 1.877150000000000146e-05 2.108199999999999907e-05
5.082000000000000000e+03 1.877600000000000116e-05 2.108959999999999879e-05
5.083000000000000000e+03 1.878050000000000086e-05 2.109729999999999874e-05
5.084000000000000000e+03 1.878500000000000056e-05 2.110499999999999868e-05
5.085000000000000000e+03 1.878950000000000027e-05 2.111259999999999840e-05
5.086000000000000000e+03 1.879410000000000019e-05 2.112029999999999835e-05
5.087000000000000000e+03 1.879859999999999989e-05 2.112800000000000168e-05
5.088000000000000000e+03 1.880309999999999959e-05 2.113560000000000140e-05
5.089000000000000000e+03 1.880759999999999930e-05 2.114330000000000135e-05
5.090000000000000000e+03 1.881209999999999900e-05 2.115100000000000129e-05
5.091000000000000000e+03 1.881669999999999892e-05 2.115870000000000123e-05
5.092000000000000000e+03 1.882119999999999862e-05 2.116640000000000118e-05
5.093000000000000000e+03 1.882569999999999833e-05 2.117410000000000112e-05
5.094000000000000000e+03 1.883020000000000142e-05 2.118180000000000106e-05
5.095000000000000000e+03 1.883480000000000134e-05 2.118950000000000100e-05
5.096000000000000000e+03 1.883930000000000104e-05 2.119720000000000095e-05
5.097000000000000000e+03 1.884380000000000075e-05 2.120490000000000089e-05
5.098000000000000000e+03 1.884840000000000067e-05 2.121260000000000083e-05
5.099000000000000000e+03 1.885290000000000037e-05 2.122030000000000078e-05
5.100000000000000000e+03 1.885740000000000007e-05 2.122810000000000094e-05
5.101000000000000000e+03 1.886200000000000000e-05 2.123580000000000088e-05
5.102000000000000000e+03 1.886649999999999970e-05 2.124350000000000083e-05
5.103000000000000000e+03 1.887099999999999940e-05 2.125120000000000077e-05
5.104000000000000000e+03 1.887559999999999932e-05 2.125900000000000093e-05
5.105000000000000000e+03 1.888009999999999903e-05 2.126670000000000088e-05
5.106000000000000000e+03 1.888459999999999873e-05 2.127450000000000104e-05
5.107000000000000000e+03 1.888880000000000116e-05 2.128220000000000098e-05
5.108000000000000000e+03 1.889259999999999933e-05 2.129000000000000114e-05
5.109000000000000000e+03 1.889650000000000111e-05 2.129770000000000109e-05
5.110000000000000000e+03 1.890029999999999927e-05 2.130550000000000125e-05
5.111000000000000000e+03 1.890410000000000083e-05 2.131320000000000119e-05
5.112000000000000000e+03 1.890789999999999900e-05 2.132100000000000135e-05
5.113000000000000000e+03 1.891170000000000055e-05 2.132880000000000152e-05
5.114000000000000000e+03 1.891549999999999872e-05 2.133650000000000146e-05
5.115000000000000000e+03 1.891940000000000050e-05 2.134430000000000162e-05
5.116000000000000000e+03 1.892319999999999866e-05 2.135209999999999840e-05
5.117000000000000000e+03 1.892700000000000022e-05 2.135989999999999856e-05
5.118000000000000000e+03 1.893079999999999839e-05 2.136769999999999872e-05
5.119000000000000000e+03 1.893470000000000016e-05 2.137549999999999889e-05
5.120000000000000000e+03 1.893849999999999833e-05 2.138319999999999883e-05
5.121000000000000000e+03 1.894229999999999989e-05 2.139099999999999899e-05
5.122000000000000000e+03 1.894610000000000144e-05 2.139879999999999915e-05
5.123000000000000000e+03 1.894999999999999983e-05 2.140669999999999953e-05
5.124000000000000000e+03 1.895380000000000139e-05 2.141449999999999970e-05
5.125000000000000000e+03 1.895759999999999955e-05 2.142229999999999986e-05
5.126000000000000000e+03 1.896150000000000133e-05 2.143010000000000002e-05
5.127000000000000000e+03 1.896529999999999950e-05 2.143790000000000018e-05
5.128000000000000000e+03 1.896910000000000105e-05 2.144570000000000035e-05
5.129000000000000000e+03 1.897289999999999922e-05 2.145360000000000073e-05
5.130000000000000000e+03 1.897680000000000100e-05 2.146140000000000089e-05
5.131000000000000000e+03 1.898059999999999917e-05 2.146920000000000105e-05
5.132000000000000000e+03 1.898440000000000072e-05 2.147710000000000144e-05
5.133000000000000000e+03 1.898829999999999911e-05 2.148490000000000160e-05
5.134000000000000000e+03 1.899210000000000066e-05 2.149279999999999859e-05
5.135000000000000000e+03 1.899599999999999905e-05 2.150059999999999875e-05
5.136000000000000000e+03 1.899980000000000061e-05 2.150849999999999914e-05
5.137000000000000000e+03 1.900359999999999878e-05 2.151629999999999930e-05
5.138000000000000000e+03 1.900750000000000055e-05 2.152419999999999968e-05
5.139000000000000000e+03 1.901129999999999872e-05 2.153199999999999984e-05
5.140000000000000000e+03 1.901520000000000049e-05 2.153990000000000022e-05
5.141000000000000000e+03 1.901899999999999866e-05 2.154780000000000061e-05
5.142000000000000000e+03 1.902280000000000022e-05 2.155570000000000099e-05
5.143000000000000000e+03 1.902669999999999861e-05 2.156350000000000115e-05
5.144000000000000000e+03 1.903050000000000016e-05 2.157140000000000153e-05
5.145000000000000000e+03 1.903439999999999855e-05 2.157929999999999853e-05
5.146000000000000000e+03 1.903820000000000010e-05 2.158719999999999891e-05
5.147000000000000000e+03 1.904200000000000166e-05 2.159509999999999929e-05
5.148000000000000000e+03 1.904559999999999939e-05 2.160299999999999967e-05
5.149000000000000000e+03 1.904920000000000051e-05 2.161090000000000005e-05
5.150000000000000000e+03 1.905280000000000162e-05 2.161880000000000043e-05
5.151000000000000000e+03 1.905649999999999957e-05 2.162670000000000082e-05
5.152000000000000000e+03 1.906010000000000069e-05 2.163460000000000120e-05
5.153000000000000000e+03 1.906369999999999842e-05 2.164250000000000158e-05
5.154000000000000000e+03 1.906739999999999976e-05 2.165049999999999879e-05
5.155000000000000000e+03 1.907100000000000087e-05 2.165839999999999917e-05
5.156000000000000000e+03 1.907469999999999882e-05 2.166629999999999956e-05
5.157000000000000000e+03 1.907829999999999994e-05 2.167419999999999994e-05
5.158000000000000000e+03 1.908190000000000106e-05 2.168220000000000054e-05
5.159000000000000000e+03 1.908559999999999901e-05 2.169010000000000092e-05
5.160000000000000000e+03 1.908920000000000012e-05 2.169810000000000152e-05
5.161000000000000000e+03 1.909280000000000124e-05 2.170599999999999852e-05
5.162000000000000000e+03 1.909649999999999919e-05 2.171399999999999912e-05
5.163000000000000000e+03 1.910010000000000031e-05 2.172189999999999950e-05
5.164000000000000000e+03 1.910380000000000164e-05 2.172990000000000010e-05
5.165000000000000000e+03 1.910739999999999937e-05 2.173780000000000048e-05
5.166000000000000000e+03 1.911110000000000071e-05 2.174580000000000108e-05
5.167000000000000000e+03 1.911469999999999844e-05 2.175380000000000168e-05
5.168000000000000000e+03 1.911829999999999956e-05 2.176169999999999868e-05
5.169000000000000000e+03 1.912200000000000089e-05 2.176969999999999928e-05
5.170000000000000000e+03 1.912559999999999862e-05 2.177769999999999988e-05
5.171000000000000000e+03 1.912929999999999996e-05 2.178570000000000048e-05
5.172000000000000000e+03 1.913290000000000108e-05 2.179370000000000108e-05
5.173000000000000000e+03 1.913659999999999903e-05 2.180170000000000168e-05
5.174000000000000000e+03 1.914020000000000014e-05 2.180969999999999890e-05
5.175000000000000000e+03 1.914390000000000148e-05 2.181769999999999950e-05
5.176000000000000000e+03 1.914749999999999921e-05 2.182570000000000010e-05
5.177000000000000000e+03 1.915120000000000055e-05 2.183370000000000070e-05
5.178000000000000000e+03 1.915480000000000166e-05 2.184170000000000130e-05
5.179000000000000000e+03 1.915849999999999961e-05 2.184969999999999851e-05
5.180000000000000000e+03 1.916210000000000073e-05 2.185769999999999911e-05
5.181000000000000000e+03 1.916579999999999868e-05 2.186569999999999971e-05
5.182000000000000000e+03 1.916939999999999980e-05 2.187380000000000053e-05
5.183000000000000000e+03 1.917310000000000113e-05 2.188180000000000114e-05
5.184000000000000000e+03 1.917679999999999908e-05 2.188979999999999835e-05
5.185000000000000000e+03 1.918040000000000020e-05 2.189789999999999917e-05
5.186000000000000000e+03 1.918410000000000154e-05 2.190589999999999977e-05
5.187000000000000000e+03 1.918769999999999927e-05 2.191400000000000059e-05
5.188000000000000000e+03 1.919120000000000016e-05 2.192200000000000119e-05
5.189000000000000000e+03 1.919470000000000106e-05 2.193009999999999862e-05
5.190000000000000000e+03 1.919819999999999857e-05 2.193809999999999922e-05
5.191000000000000000e+03 1.920169999999999947e-05 2.194620000000000004e-05
5.192000000000000000e+03 1.920520000000000037e-05 2.195420000000000065e-05
5.193000000000000000e+03 1.920870000000000127e-05 2.196230000000000147e-05
5.194000000000000000e+03 1.921219999999999878e-05 2.197039999999999890e-05
5.195000000000000000e+03 1.921569999999999968e-05 2.197839999999999950e-05
5.196000000000000000e+03 1.921930000000000079e-05 2.198650000000000032e-05
5.197000000000000000e+03 1.922280000000000169e-05 2.199460000000000114e-05
5.198000000000000000e+03 1.922629999999999920e-05 2.200269999999999857e-05
5.199000000000000000e+03 1.922980000000000010e-05 2.201079999999999939e-05
5.200000000000000000e+03 1.923330000000000100e-05 2.201890000000000021e-05
5.201000000000000000e+03 1.923679999999999851e-05 2.202700000000000103e-05
5.202000000000000000e+03 1.924039999999999963e-05 2.203509999999999847e-05
5.203000000000000000e+03 1.924390000000000052e-05 2.204319999999999929e-05
5.204000000000000000e+03 1.924740000000000142e-05 2.205130000000000011e-05
5.205000000000000000e+03 1.925089999999999893e-05 2.205940000000000093e-05
5.206000000000000000e+03 1.925439999999999983e-05 2.206749999999999836e-05
5.207000000000000000e+03 1.925800000000000095e-05 2.207559999999999918e-05
5.208000000000000000e+03 1.926149999999999846e-05 2.208380000000000022e-05
5.209000000000000000e+03 1.926499999999999936e-05 2.209190000000000104e-05
5.210000000000000000e+03 1.926850000000000025e-05 2.209999999999999847e-05
5.211000000000000000e+03 1.927200000000000115e-05 2.210819999999999951e-05
5.212000000000000000e+03 1.927559999999999888e-05 2.211630000000000033e-05
5.213000000000000000e+03 1.927909999999999978e-05 2.212440000000000115e-05
5.214000000000000000e+03 1.928260000000000068e-05 2.213259999999999880e-05
5.215000000000000000e+03 1.928610000000000158e-05 2.214069999999999962e-05
5.216000000000000000e+03 1.928969999999999931e-05 2.214890000000000066e-05
5.217000000000000000e+03 1.929320000000000020e-05 2.215709999999999831e-05
5.218000000000000000e+03 1.929670000000000110e-05 2.216519999999999913e-05
5.219000000000000000e+03 1.930029999999999883e-05 2.217340000000000017e-05
5.220000000000000000e+03 1.930379999999999973e-05 2.218160000000000121e-05
5.221000000000000000e+03 1.930730000000000063e-05 2.218969999999999865e-05
5.222000000000000000e+03 1.931089999999999836e-05 2.219789999999999968e-05
5.223000000000000000e+03 1.931439999999999926e-05 2.220610000000000072e-05
5.224000000000000000e+03 1.931790000000000015e-05 2.221429999999999838e-05
5.225000000000000000e+03 1.932140000000000105e-05 2.222249999999999942e-05
5.226000000000000000e+03 1.932499999999999878e-05 2.223070000000000045e-05
5.227000000000000000e+03 1.933240000000000145e-05 2.223890000000000149e-05
5.228000000000000000e+03 1.933970000000000052e-05 2.224709999999999915e-05
5.229000000000000000e+03 1.934709999999999981e-05 2.225530000000000019e-05
5.230000000000000000e+03 1.935449999999999909e-05 2.226350000000000122e-05
5.231000000000000000e+03 1.936189999999999838e-05 2.227169999999999888e-05
5.232000000000000000e+03 1.936920000000000083e-05 2.227989999999999992e-05
5.233000000000000000e+03 1.937660000000000012e-05 2.228810000000000096e-05
5.234000000000000000e+03 1.938399999999999940e-05 2.229629999999999861e-05
5.235000000000000000e+03 1.939139999999999869e-05 2.230459999999999987e-05
5.236000000000000000e+03 1.939880000000000136e-05 2.231280000000000091e-05
5.237000000000000000e+03 1.940620000000000065e-05 2.232099999999999856e-05
5.238000000000000000e+03 1.941359999999999993e-05 2.232929999999999982e-05
5.239000000000000000e+03 1.942099999999999922e-05 2.233750000000000086e-05
5.240000000000000000e+03 1.942839999999999850e-05 2.234579999999999873e-05
5.241000000000000000e+03 1.943580000000000118e-05 2.235399999999999977e-05
5.242000000000000000e+03 1.944320000000000046e-05 2.236230000000000102e-05
5.243000000000000000e+03 1.945059999999999975e-05 2.237049999999999868e-05
5.244000000000000000e+03 1.945809999999999925e-05 2.237879999999999993e-05
5.245000000000000000e+03 1.946549999999999854e-05 2.238710000000000119e-05
5.246000000000000000e+03 1.947290000000000121e-05 2.239529999999999885e-05
5.247000000000000000e+03 1.948030000000000050e-05 2.240360000000000010e-05
5.248000000000000000e+03 1.948780000000000000e-05 2.241190000000000136e-05
5.249000000000000000e+03 1.949519999999999929e-05 2.242019999999999923e-05
5.250000000000000000e+03 1.950259999999999857e-05 2.242850000000000049e-05
5.251000000000000000e+03 1.951010000000000146e-05 2.243679999999999836e-05
5.252000000000000000e+03 1.951750000000000075e-05 2.244499999999999940e-05
5.253000000000000000e+03 1.952500000000000025e-05 2.245330000000000066e-05
5.254000000000000000e+03 1.953239999999999954e-05 2.246159999999999853e-05
5.255000000000000000e+03 1.953979999999999883e-05 2.246989999999999979e-05
5.256000000000000000e+03 1.954729999999999833e-05 2.247830000000000127e-05
5.257000000000000000e+03 1.955480000000000122e-05 2.248659999999999914e-05
5.258000000000000000e+03 1.956220000000000051e-05 2.249490000000000040e-05
5.259000000000000000e+03 1.956970000000000001e-05 2.250320000000000166e-05
5.260000000000000000e+03 1.957709999999999930e-05 2.251149999999999953e-05
5.261000000000000000e+03 1.958459999999999880e-05 2.251990000000000101e-05
5.262000000000000000e+03 1.959209999999999831e-05 2.252819999999999888e-05
5.263000000000000000e+03 1.959950000000000098e-05 2.253650000000000014e-05
5.264000000000000000e+03 1.960700000000000049e-05 2.254490000000000161e-05
5.265000000000000000e+03 1.961449999999999999e-05 2.255319999999999948e-05
5.266000000000000000e+03 1.962070000000000003e-05 2.256160000000000096e-05
5.267000000000000000e+03 1.962570000000000083e-05 2.256989999999999883e-05
5.268000000000000000e+03 1.963060000000000141e-05 2.257830000000000031e-05
5.269000000000000000e+03 1.963559999999999882e-05 2.258660000000000157e-05
5.270000000000000000e+03 1.964049999999999940e-05 2.259499999999999966e-05
5.271000000000000000e+03 1.964550000000000020e-05 2.260340000000000114e-05
5.272000000000000000e+03 1.965050000000000100e-05 2.261169999999999901e-05
5.273000000000000000e+03 1.965540000000000158e-05 2.262010000000000049e-05
5.274000000000000000e+03 1.966039999999999899e-05 2.262849999999999858e-05
5.275000000000000000e+03 1.966539999999999979e-05 2.263690000000000006e-05
5.276000000000000000e+03 1.967030000000000037e-05 2.264530000000000153e-05
5.277000000000000000e+03 1.967530000000000117e-05 2.265369999999999962e-05
5.278000000000000000e+03 1.968029999999999858e-05 2.266200000000000088e-05
5.279000000000000000e+03 1.968519999999999916e-05 2.267039999999999897e-05
5.280000000000000000e+03 1.969019999999999996e-05 2.267880000000000045e-05
5.281000000000000000e+03 1.969520000000000076e-05 2.268729999999999876e-05
5.282000000000000000e+03 1.970010000000000134e-05 2.269570000000000024e-05
5.283000000000000000e+03 1.970509999999999875e-05 2.270409999999999833e-05
5.284000000000000000e+03 1.971009999999999955e-05 2.271249999999999981e-05
5.285000000000000000e+03 1.971510000000000035e-05 2.272090000000000128e-05
5.286000000000000000e+03 1.972010000000000115e-05 2.272929999999999937e-05
5.287000000000000000e+03 1.972499999999999834e-05 2.273780000000000107e-05
5.288000000000000000e+03 1.972999999999999914e-05 2.274619999999999916e-05
5.289000000000000000e+03 1.973499999999999994e-05 2.275470000000000086e-05
5.290000000000000000e+03 1.974000000000000074e-05 2.276309999999999895e-05
5.291000000000000000e+03 1.974500000000000154e-05 2.277150000000000043e-05
5.292000000000000000e+03 1.974999999999999895e-05 2.277999999999999874e-05
5.293000000000000000e+03 1.975499999999999975e-05 2.278840000000000021e-05
5.294000000000000000e+03 1.975990000000000033e-05 2.279689999999999852e-05
5.295000000000000000e+03 1.976490000000000113e-05 2.280540000000000022e-05
5.296000000000000000e+03 1.976989999999999854e-05 2.281379999999999831e-05
5.297000000000000000e+03 1.977489999999999934e-05 2.282230000000000001e-05
5.298000000000000000e+03 1.977990000000000014e-05 2.283079999999999832e-05
5.299000000000000000e+03 1.978490000000000093e-05 2.283930000000000001e-05
5.300000000000000000e+03 1.978989999999999835e-05 2.284770000000000149e-05
5.301000000000000000e+03 1.979489999999999914e-05 2.285619999999999980e-05
5.302000000000000000e+03 1.979989999999999994e-05 2.286470000000000150e-05
5.303000000000000000e+03 1.980490000000000074e-05 2.287319999999999981e-05
5.304000000000000000e+03 1.980990000000000154e-05 2.288170000000000151e-05
5.305000000000000000e+03 1.981489999999999895e-05 2.289019999999999982e-05
5.306000000000000000e+03 1.981979999999999953e-05 2.289870000000000151e-05
5.307000000000000000e+03 1.982459999999999989e-05 2.290719999999999982e-05
5.308000000000000000e+03 1.982930000000000003e-05 2.291570000000000152e-05
5.309000000000000000e+03 1.983410000000000040e-05 2.292419999999999983e-05
5.310000000000000000e+03 1.983890000000000076e-05 2.293279999999999836e-05
5.311000000000000000e+03 1.984360000000000090e-05 2.294130000000000005e-05
5.312000000000000000e+03 1.984840000000000126e-05 2.294979999999999836e-05
5.313000000000000000e+03 1.985320000000000162e-05 2.295840000000000028e-05
5.314000000000000000e+03 1.985789999999999837e-05 2.296689999999999859e-05
5.315000000000000000e+03 1.986269999999999873e-05 2.297540000000000029e-05
5.316000000000000000e+03 1.986749999999999909e-05 2.298399999999999882e-05
5.317000000000000000e+03 1.987229999999999945e-05 2.299250000000000051e-05
5.318000000000000000e+03 1.987699999999999959e-05 2.300109999999999904e-05
5.319000000000000000e+03 1.988179999999999996e-05 2.300960000000000074e-05
5.320000000000000000e+03 1.988660000000000032e-05 2.301819999999999927e-05
5.321000000000000000e+03 1.989140000000000068e-05 2.302680000000000118e-05
5.322000000000000000e+03 1.989620000000000104e-05 2.303529999999999949e-05
5.323000000000000000e+03 1.990090000000000118e-05 2.304390000000000141e-05
5.324000000000000000e+03 1.990570000000000154e-05 2.305249999999999994e-05
5.325000000000000000e+03 1.991049999999999851e-05 2.306109999999999847e-05
5.326000000000000000e+03 1.991529999999999887e-05 2.306960000000000016e-05
5.327000000000000000e+03 1.992009999999999923e-05 2.307819999999999869e-05
5.328000000000000000e+03 1.992489999999999959e-05 2.308680000000000061e-05
5.329000000000000000e+03 1.992959999999999974e-05 2.309539999999999914e-05
5.330000000000000000e+03 1.993440000000000010e-05 2.310400000000000106e-05
5.331000000000000000e+03 1.993920000000000046e-05 2.311259999999999958e-05
5.332000000000000000e+03 1.994400000000000082e-05 2.312120000000000150e-05
5.333000000000000000e+03 1.994880000000000118e-05 2.312980000000000003e-05
5.334000000000000000e+03 1.995360000000000154e-05 2.313849999999999878e-05
5.335000000000000000e+03 1.995839999999999851e-05 2.314710000000000069e-05
5.336000000000000000e+03 1.996319999999999887e-05 2.315569999999999922e-05
5.337000000000000000e+03 1.996799999999999923e-05 2.316430000000000114e-05
5.338000000000000000e+03 1.997279999999999959e-05 2.317299999999999989e-05
5.339000000000000000e+03 1.997759999999999995e-05 2.318159999999999841e-05
5.340000000000000000e+03 1.998240000000000031e-05 2.319030000000000055e-05
5.341000000000000000e+03 1.998720000000000067e-05 2.319889999999999908e-05
5.342000000000000000e+03 1.999200000000000104e-05 2.320750000000000100e-05
5.343000000000000000e+03 1.999680000000000140e-05 2.321619999999999974e-05
5.344000000000000000e+03 2.000159999999999837e-05 2.322489999999999849e-05
5.345000000000000000e+03 2.000639999999999873e-05 2.323350000000000041e-05
5.346000000000000000e+03 2.001149999999999975e-05 2.324219999999999916e-05
5.347000000000000000e+03 2.001680000000000120e-05 2.325080000000000107e-05
5.348000000000000000e+03 2.002209999999999927e-05 2.325949999999999982e-05
5.349000000000000000e+03 2.002740000000000073e-05 2.326819999999999857e-05
5.350000000000000000e+03 2.003279999999999902e-05 2.327690000000000070e-05
5.351000000000000000e+03 2.003810000000000048e-05 2.328559999999999945e-05
5.352000000000000000e+03 2.004339999999999854e-05 2.329430000000000159e-05
5.353000000000000000e+03 2.004870000000000000e-05 2.330290000000000012e-05
5.354000000000000000e+03 2.005410000000000168e-05 2.331159999999999886e-05
5.355000000000000000e+03 2.005939999999999975e-05 2.332030000000000100e-05
5.356000000000000000e+03 2.006470000000000120e-05 2.332899999999999975e-05
5.357000000000000000e+03 2.006999999999999927e-05 2.333779999999999872e-05
5.358000000000000000e+03 2.007540000000000095e-05 2.334650000000000085e-05
5.359000000000000000e+03 2.008069999999999902e-05 2.335519999999999960e-05
5.360000000000000000e+03 2.008600000000000047e-05 2.336389999999999835e-05
5.361000000000000000e+03 2.009139999999999876e-05 2.337260000000000048e-05
5.362000000000000000e+03 2.009670000000000022e-05 2.338139999999999945e-05
5.363000000000000000e+03 2.010200000000000168e-05 2.339010000000000159e-05
5.364000000000000000e+03 2.010739999999999996e-05 2.339880000000000033e-05
5.365000000000000000e+03 2.011270000000000142e-05 2.340759999999999930e-05
5.366000000000000000e+03 2.011809999999999971e-05 2.341630000000000144e-05
5.367000000000000000e+03 2.012340000000000117e-05 2.342510000000000040e-05
5.368000000000000000e+03 2.012879999999999945e-05 2.343379999999999915e-05
5.369000000000000000e+03 2.013410000000000091e-05 2.344260000000000151e-05
5.370000000000000000e+03 2.013949999999999920e-05 2.345130000000000025e-05
5.371000000000000000e+03 2.014480000000000066e-05 2.346009999999999922e-05
5.372000000000000000e+03 2.015019999999999894e-05 2.346890000000000158e-05
5.373000000000000000e+03 2.015550000000000040e-05 2.347770000000000054e-05
5.374000000000000000e+03 2.016089999999999869e-05 2.348639999999999929e-05
5.375000000000000000e+03 2.016620000000000015e-05 2.349520000000000165e-05
5.376000000000000000e+03 2.017159999999999843e-05 2.350400000000000061e-05
5.377000000000000000e+03 2.017689999999999989e-05 2.351279999999999958e-05
5.378000000000000000e+03 2.018230000000000157e-05 2.352159999999999855e-05
5.379000000000000000e+03 2.018769999999999986e-05 2.353040000000000090e-05
5.380000000000000000e+03 2.019300000000000131e-05 2.353919999999999987e-05
5.381000000000000000e+03 2.019839999999999960e-05 2.354799999999999884e-05
5.382000000000000000e+03 2.020370000000000106e-05 2.355680000000000119e-05
5.383000000000000000e+03 2.020909999999999935e-05 2.356560000000000016e-05
5.384000000000000000e+03 2.021450000000000102e-05 2.357439999999999913e-05
5.385000000000000000e+03 2.021979999999999909e-05 2.358329999999999831e-05
5.386000000000000000e+03 2.022520000000000077e-05 2.359210000000000067e-05
5.387000000000000000e+03 2.023059999999999906e-05 2.360089999999999963e-05
5.388000000000000000e+03 2.023590000000000051e-05 2.360969999999999860e-05
5.389000000000000000e+03 2.024129999999999880e-05 2.361860000000000118e-05
5.390000000000000000e+03 2.024660000000000026e-05 2.362740000000000014e-05
5.391000000000000000e+03 2.025199999999999855e-05 2.363629999999999933e-05
5.392000000000000000e+03 2.025740000000000022e-05 2.364510000000000169e-05
5.393000000000000000e+03 2.026270000000000168e-05 2.365400000000000087e-05
5.394000000000000000e+03 2.026809999999999997e-05 2.366279999999999984e-05
5.395000000000000000e+03 2.027350000000000164e-05 2.367169999999999902e-05
5.396000000000000000e+03 2.027879999999999971e-05 2.368060000000000160e-05
5.397000000000000000e+03 2.028420000000000139e-05 2.368940000000000057e-05
5.398000000000000000e+03 2.028959999999999968e-05 2.369829999999999975e-05
5.399000000000000000e+03 2.029490000000000113e-05 2.370719999999999894e-05
5.400000000000000000e+03 2.030029999999999942e-05 2.371610000000000151e-05
5.401000000000000000e+03 2.030570000000000110e-05 2.372500000000000070e-05
5.402000000000000000e+03 2.031109999999999939e-05 2.373389999999999989e-05
5.403000000000000000e+03 2.031650000000000106e-05 2.374279999999999907e-05
5.404000000000000000e+03 2.032179999999999913e-05 2.375170000000000165e-05
5.405000000000000000e+03 2.032720000000000081e-05 2.376060000000000083e-05
5.406000000000000000e+03 2.033259999999999910e-05 2.376950000000000002e-05
5.407000000000000000e+03 2.033800000000000077e-05 2.377839999999999921e-05
5.408000000000000000e+03 2.034339999999999906e-05 2.378729999999999839e-05
5.409000000000000000e+03 2.034880000000000074e-05 2.379620000000000097e-05
5.410000000000000000e+03 2.035409999999999880e-05 2.380520000000000037e-05
5.411000000000000000e+03 2.035950000000000048e-05 2.381409999999999956e-05
5.412000000000000000e+03 2.036489999999999877e-05 2.382299999999999875e-05
5.413000000000000000e+03 2.037030000000000045e-05 2.383200000000000154e-05
5.414000000000000000e+03 2.037569999999999873e-05 2.384090000000000073e-05
5.415000000000000000e+03 2.038110000000000041e-05 2.384979999999999991e-05
5.416000000000000000e+03 2.038649999999999870e-05 2.385879999999999932e-05
5.417000000000000000e+03 2.039190000000000037e-05 2.386769999999999850e-05
5.418000000000000000e+03 2.039729999999999866e-05 2.387670000000000130e-05
5.419000000000000000e+03 2.040270000000000034e-05 2.388570000000000070e-05
5.420000000000000000e+03 2.040809999999999863e-05 2.389459999999999989e-05
5.421000000000000000e+03 2.041350000000000030e-05 2.390359999999999929e-05
5.422000000000000000e+03 2.041889999999999859e-05 2.391259999999999870e-05
5.423000000000000000e+03 2.042430000000000027e-05 2.392160000000000149e-05
5.424000000000000000e+03 2.042969999999999856e-05 2.393050000000000068e-05
5.425000000000000000e+03 2.043510000000000023e-05 2.393950000000000009e-05
5.426000000000000000e+03 2.044089999999999940e-05 2.394849999999999949e-05
5.427000000000000000e+03 2.044689999999999900e-05 2.395749999999999890e-05
5.428000000000000000e+03 2.045299999999999882e-05 2.396650000000000169e-05
5.429000000000000000e+03 2.045909999999999865e-05 2.397550000000000110e-05
5.430000000000000000e+03 2.046510000000000164e-05 2.398450000000000050e-05
5.431000000000000000e+03 2.047120000000000146e-05 2.399349999999999991e-05
5.432000000000000000e+03 2.047730000000000128e-05 2.400259999999999953e-05
5.433000000000000000e+03 2.048330000000000089e-05 2.401159999999999894e-05
5.434000000000000000e+03 2.048940000000000071e-05 2.402059999999999834e-05
5.435000000000000000e+03 2.049550000000000053e-05 2.402960000000000114e-05
5.436000000000000000e+03 2.050160000000000036e-05 2.403870000000000076e-05
5.437000000000000000e+03 2.050770000000000018e-05 2.404770000000000017e-05
5.438000000000000000e+03 2.051369999999999978e-05 2.405669999999999957e-05
5.439000000000000000e+03 2.051979999999999961e-05 2.406579999999999920e-05
5.440000000000000000e+03 2.052589999999999943e-05 2.407479999999999860e-05
5.441000000000000000e+03 2.053199999999999925e-05 2.408390000000000162e-05
5.442000000000000000e+03 2.053809999999999908e-05 2.409290000000000102e-05
5.443000000000000000e+03 2.054419999999999890e-05 2.410200000000000065e-05
5.444000000000000000e+03 2.055029999999999872e-05 2.411110000000000027e-05
5.445000000000000000e+03 2.055639999999999855e-05 2.412009999999999968e-05
5.446000000000000000e+03 2.056249999999999837e-05 2.412919999999999930e-05
5.447000000000000000e+03 2.056860000000000158e-05 2.413829999999999893e-05
5.448000000000000000e+03 2.057470000000000140e-05 2.414739999999999855e-05
5.449000000000000000e+03 2.058080000000000123e-05 2.415650000000000157e-05
5.450000000000000000e+03 2.058690000000000105e-05 2.416560000000000119e-05
5.451000000000000000e+03 2.059300000000000087e-05 2.417460000000000060e-05
5.452000000000000000e+03 2.059910000000000069e-05 2.418370000000000022e-05
5.453000000000000000e+03 2.060520000000000052e-05 2.419279999999999985e-05
5.454000000000000000e+03 2.061130000000000034e-05 2.420199999999999969e-05
5.455000000000000000e+03 2.061740000000000016e-05 2.421109999999999932e-05
5.456000000000000000e+03 2.062349999999999999e-05 2.422019999999999894e-05
5.457000000000000000e+03 2.062959999999999981e-05 2.422929999999999857e-05
5.458000000000000000e+03 2.063569999999999963e-05 2.423840000000000158e-05
5.459000000000000000e+03 2.064189999999999967e-05 2.424760000000000142e-05
5.460000000000000000e+03 2.064799999999999950e-05 2.425670000000000105e-05
5.461000000000000000e+03 2.065409999999999932e-05 2.426580000000000067e-05
5.462000000000000000e+03 2.066019999999999914e-05 2.427500000000000052e-05
5.463000000000000000e+03 2.066639999999999919e-05 2.428410000000000014e-05
5.464000000000000000e+03 2.067249999999999901e-05 2.429329999999999999e-05
5.465000000000000000e+03 2.067859999999999883e-05 2.430239999999999961e-05
5.466000000000000000e+03 2.068430000000000117e-05 2.431159999999999945e-05
5.467000000000000000e+03 2.068949999999999902e-05 2.432069999999999908e-05
5.468000000000000000e+03 2.069470000000000025e-05 2.432989999999999892e-05
5.469000000000000000e+03 2.069990000000000149e-05 2.433909999999999877e-05
5.470000000000000000e+03 2.070509999999999934e-05 2.434829999999999861e-05
5.471000000000000000e+03 2.071030000000000058e-05 2.435740000000000162e-05
5.472000000000000000e+03 2.071549999999999843e-05 2.436660000000000147e-05
5.473000000000000000e+03 2.072069999999999967e-05 2.437580000000000131e-05
5.474000000000000000e+03 2.072590000000000090e-05 2.438500000000000116e-05
5.475000000000000000e+03 2.073109999999999875e-05 2.439420000000000100e-05
5.476000000000000000e+03 2.073629999999999999e-05 2.440340000000000085e-05
5.477000000000000000e+03 2.074150000000000123e-05 2.441260000000000069e-05
5.478000000000000000e+03 2.074669999999999908e-05 2.442180000000000053e-05
5.479000000000000000e+03 2.075190000000000032e-05 2.443100000000000038e-05
5.480000000000000000e+03 2.075710000000000155e-05 2.444020000000000022e-05
5.481000000000000000e+03 2.076229999999999940e-05 2.444950000000000029e-05
5.482000000000000000e+03 2.076750000000000064e-05 2.445870000000000013e-05
5.483000000000000000e+03 2.077269999999999849e-05 2.446789999999999997e-05
5.484000000000000000e+03 2.077789999999999973e-05 2.447709999999999982e-05
5.485000000000000000e+03 2.078320000000000118e-05 2.448639999999999988e-05
5.486000000000000000e+03 2.078839999999999903e-05 2.449559999999999973e-05
5.487000000000000000e+03 2.079360000000000027e-05 2.450489999999999979e-05
5.488000000000000000e+03 2.079880000000000151e-05 2.451409999999999963e-05
5.489000000000000000e+03 2.080399999999999936e-05 2.452339999999999970e-05
5.490000000000000000e+03 2.080930000000000082e-05 2.453259999999999954e-05
5.491000000000000000e+03 2.081449999999999867e-05 2.454189999999999960e-05
5.492000000000000000e+03 2.081969999999999990e-05 2.455119999999999967e-05
5.493000000000000000e+03 2.082490000000000114e-05 2.456039999999999951e-05
5.494000000000000000e+03 2.083019999999999921e-05 2.456969999999999958e-05
5.495000000000000000e+03 2.083540000000000045e-05 2.457899999999999964e-05
5.496000000000000000e+03 2.084060000000000169e-05 2.458829999999999970e-05
5.497000000000000000e+03 2.084589999999999975e-05 2.459759999999999977e-05
5.498000000000000000e+03 2.085110000000000099e-05 2.460689999999999983e-05
5.499000000000000000e+03 2.085629999999999884e-05 2.461619999999999989e-05
5.500000000000000000e+03 2.086160000000000030e-05 2.462549999999999996e-05
5.501000000000000000e+03 2.086680000000000154e-05 2.463480000000000002e-05
5.502000000000000000e+03 2.087199999999999939e-05 2.464410000000000008e-05
5.503000000000000000e+03 2.087730000000000084e-05 2.465340000000000015e-05
5.504000000000000000e+03 2.088249999999999869e-05 2.466270000000000021e-05
5.505000000000000000e+03 2.088780000000000015e-05 2.467200000000000027e-05
5.506000000000000000e+03 2.089319999999999844e-05 2.468140000000000056e-05
5.507000000000000000e+03 2.089880000000000055e-05 2.469070000000000062e-05
5.508000000000000000e+03 2.090439999999999928e-05 2.470000000000000068e-05
5.509000000000000000e+03 2.091010000000000161e-05 2.470940000000000096e-05
5.510000000000000000e+03 2.091570000000000034e-05 2.471870000000000103e-05
5.511000000000000000e+03 2.092129999999999907e-05 2.472810000000000131e-05
5.512000000000000000e+03 2.092690000000000118e-05 2.473740000000000137e-05
5.513000000000000000e+03 2.093260000000000013e-05 2.474680000000000166e-05
5.514000000000000000e+03 2.093819999999999885e-05 2.475609999999999833e-05
5.515000000000000000e+03 2.094380000000000097e-05 2.476549999999999862e-05
5.516000000000000000e+03 2.094949999999999991e-05 2.477489999999999890e-05
5.517000000000000000e+03 2.095509999999999864e-05 2.478429999999999918e-05
5.518000000000000000e+03 2.096070000000000076e-05 2.479359999999999924e-05
5.519000000000000000e+03 2.096639999999999970e-05 2.480299999999999953e-05
5.520000000000000000e+03 2.097199999999999843e-05 2.481239999999999981e-05
5.521000000000000000e+03 2.097770000000000076e-05 2.482180000000000009e-05
5.522000000000000000e+03 2.098329999999999949e-05 2.483120000000000037e-05
5.523000000000000000e+03 2.098890000000000160e-05 2.484060000000000066e-05
5.524000000000000000e+03 2.099460000000000055e-05 2.485000000000000094e-05
5.525000000000000000e+03 2.100019999999999928e-05 2.485940000000000122e-05
5.526000000000000000e+03 2.100590000000000161e-05 2.486880000000000151e-05
5.527000000000000000e+03 2.101150000000000034e-05 2.487819999999999840e-05
5.528000000000000000e+03 2.101719999999999928e-05 2.488769999999999890e-05
5.529000000000000000e+03 2.102280000000000140e-05 2.489709999999999918e-05
5.530000000000000000e+03 2.102850000000000034e-05 2.490649999999999947e-05
5.531000000000000000e+03 2.103419999999999929e-05 2.491599999999999997e-05
5.532000000000000000e+03 2.103980000000000140e-05 2.492540000000000025e-05
5.533000000000000000e+03 2.104550000000000035e-05 2.493480000000000053e-05
5.534000000000000000e+03 2.105109999999999908e-05 2.494430000000000104e-05
5.535000000000000000e+03 2.105680000000000141e-05 2.495370000000000132e-05
5.536000000000000000e+03 2.106250000000000036e-05 2.496319999999999843e-05
5.537000000000000000e+03 2.106809999999999908e-05 2.497269999999999894e-05
5.538000000000000000e+03 2.107380000000000142e-05 2.498209999999999922e-05
5.539000000000000000e+03 2.107950000000000036e-05 2.499159999999999972e-05
5.540000000000000000e+03 2.108509999999999909e-05 2.500110000000000022e-05
5.541000000000000000e+03 2.109080000000000142e-05 2.501050000000000050e-05
5.542000000000000000e+03 2.109650000000000037e-05 2.502000000000000101e-05
5.543000000000000000e+03 2.110219999999999932e-05 2.502950000000000151e-05
5.544000000000000000e+03 2.110780000000000143e-05 2.503899999999999862e-05
5.545000000000000000e+03 2.111350000000000038e-05 2.504849999999999912e-05
5.546000000000000000e+03 2.111909999999999910e-05 2.505799999999999963e-05
5.547000000000000000e+03 2.112460000000000100e-05 2.506750000000000013e-05
5.548000000000000000e+03 2.113009999999999951e-05 2.507700000000000063e-05
5.549000000000000000e+03 2.113560000000000140e-05 2.508650000000000113e-05
5.550000000000000000e+03 2.114109999999999991e-05 2.509600000000000163e-05
5.551000000000000000e+03 2.114659999999999842e-05 2.510559999999999897e-05
5.552000000000000000e+03 2.115210000000000031e-05 2.511509999999999947e-05
5.553000000000000000e+03 2.115759999999999882e-05 2.512459999999999997e-05
5.554000000000000000e+03 2.116310000000000072e-05 2.513420000000000069e-05
5.555000000000000000e+03 2.116859999999999922e-05 2.514370000000000119e-05
5.556000000000000000e+03 2.117410000000000112e-05 2.515319999999999831e-05
5.557000000000000000e+03 2.117959999999999963e-05 2.516279999999999903e-05
5.558000000000000000e+03 2.118510000000000152e-05 2.517229999999999953e-05
5.559000000000000000e+03 2.119060000000000003e-05 2.518190000000000025e-05
5.560000000000000000e+03 2.119609999999999854e-05 2.519150000000000097e-05
5.561000000000000000e+03 2.120160000000000043e-05 2.520100000000000148e-05
5.562000000000000000e+03 2.120709999999999894e-05 2.521059999999999881e-05
5.563000000000000000e+03 2.121270000000000105e-05 2.522019999999999953e-05
5.564000000000000000e+03 2.121819999999999956e-05 2.522970000000000003e-05
5.565000000000000000e+03 2.122370000000000146e-05 2.523930000000000075e-05
5.566000000000000000e+03 2.122919999999999996e-05 2.524890000000000147e-05
5.567000000000000000e+03 2.123469999999999847e-05 2.525849999999999881e-05
5.568000000000000000e+03 2.124030000000000059e-05 2.526809999999999953e-05
5.569000000000000000e+03 2.124579999999999909e-05 2.527770000000000025e-05
5.570000000000000000e+03 2.125130000000000099e-05 2.528730000000000097e-05
5.571000000000000000e+03 2.125679999999999950e-05 2.529690000000000169e-05
5.572000000000000000e+03 2.126240000000000161e-05 2.530649999999999903e-05
5.573000000000000000e+03 2.126790000000000012e-05 2.531609999999999975e-05
5.574000000000000000e+03 2.127339999999999863e-05 2.532580000000000069e-05
5.575000000000000000e+03 2.127890000000000052e-05 2.533540000000000141e-05
5.576000000000000000e+03 2.128449999999999925e-05 2.534499999999999874e-05
5.577000000000000000e+03 2.129000000000000114e-05 2.535469999999999968e-05
5.578000000000000000e+03 2.129559999999999987e-05 2.536430000000000040e-05
5.579000000000000000e+03 2.130109999999999838e-05 2.537390000000000112e-05
5.580000000000000000e+03 2.130660000000000027e-05 2.538359999999999868e-05
5.581000000000000000e+03 2.131219999999999900e-05 2.539319999999999940e-05
5.582000000000000000e+03 2.131770000000000090e-05 2.540290000000000034e-05
5.583000000000000000e+03 2.132329999999999962e-05 2.541260000000000128e-05
5.584000000000000000e+03 2.132880000000000152e-05 2.542219999999999861e-05
5.585000000000000000e+03 2.133440000000000024e-05 2.543189999999999955e-05
5.586000000000000000e+03 2.134070000000000051e-05 2.544160000000000049e-05
5.587000000000000000e+03 2.134789999999999935e-05 2.545120000000000121e-05
5.588000000000000000e+03 2.135510000000000159e-05 2.546089999999999877e-05
5.589000000000000000e+03 2.136230000000000043e-05 2.547059999999999971e-05
5.590000000000000000e+03 2.136939999999999906e-05 2.548030000000000065e-05
5.591000000000000000e+03 2.137660000000000130e-05 2.549000000000000159e-05
5.592000000000000000e+03 2.138380000000000014e-05 2.549969999999999914e-05
5.593000000000000000e+03 2.139099999999999899e-05 2.550940000000000008e-05
5.594000000000000000e+03 2.139820000000000123e-05 2.551910000000000102e-05
5.595000000000000000e+03 2.140540000000000007e-05 2.552879999999999857e-05
5.596000000000000000e+03 2.141259999999999892e-05 2.553859999999999973e-05
5.597000000000000000e+03 2.141980000000000115e-05 2.554830000000000067e-05
5.598000000000000000e+03 2.142700000000000000e-05 2.555800000000000162e-05
5.599000000000000000e+03 2.143419999999999885e-05 2.556769999999999917e-05
5.600000000000000000e+03 2.144140000000000108e-05 2.557750000000000033e-05
5.601000000000000000e+03 2.144870000000000015e-05 2.558720000000000127e-05
5.602000000000000000e+03 2.145589999999999900e-05 2.559699999999999904e-05
5.603000000000000000e+03 2.146310000000000123e-05 2.560669999999999998e-05
5.604000000000000000e+03 2.147030000000000008e-05 2.561650000000000114e-05
5.605000000000000000e+03 2.147749999999999892e-05 2.562619999999999869e-05
5.606000000000000000e+03 2.148480000000000138e-05 2.563599999999999985e-05
5.607000000000000000e+03 2.149200000000000023e-05 2.564580000000000101e-05
5.608000000000000000e+03 2.149919999999999907e-05 2.565549999999999856e-05
5.609000000000000000e+03 2.150650000000000153e-05 2.566529999999999972e-05
5.610000000000000000e+03 2.151370000000000037e-05 2.567510000000000088e-05
5.611000000000000000e+03 2.152089999999999922e-05 2.568489999999999866e-05
5.612000000000000000e+03 2.152820000000000168e-05 2.569469999999999982e-05
5.613000000000000000e+03 2.153540000000000052e-05 2.570450000000000098e-05
5.614000000000000000e+03 2.154269999999999959e-05 2.571419999999999853e-05
5.615000000000000000e+03 2.154989999999999843e-05 2.572409999999999991e-05
5.616000000000000000e+03 2.155710000000000067e-05 2.573390000000000107e-05
5.617000000000000000e+03 2.156439999999999974e-05 2.574369999999999884e-05
5.618000000000000000e+03 2.157169999999999880e-05 2.575350000000000000e-05
5.619000000000000000e+03 2.157890000000000104e-05 2.576330000000000116e-05
5.620000000000000000e+03 2.158620000000000010e-05 2.577309999999999893e-05
5.621000000000000000e+03 2.159339999999999895e-05 2.578300000000000031e-05
5.622000000000000000e+03 2.160070000000000140e-05 2.579280000000000147e-05
5.623000000000000000e+03 2.160800000000000047e-05 2.580259999999999924e-05
5.624000000000000000e+03 2.161519999999999932e-05 2.581250000000000062e-05
5.625000000000000000e+03 2.162249999999999838e-05 2.582229999999999839e-05
5.626000000000000000e+03 2.162889999999999886e-05 2.583219999999999977e-05
5.627000000000000000e+03 2.163529999999999935e-05 2.584200000000000093e-05
5.628000000000000000e+03 2.164169999999999983e-05 2.585189999999999892e-05
5.629000000000000000e+03 2.164810000000000031e-05 2.586180000000000030e-05
5.630000000000000000e+03 2.165450000000000079e-05 2.587160000000000146e-05
5.631000000000000000e+03 2.166090000000000127e-05 2.588149999999999945e-05
5.632000000000000000e+03 2.166729999999999836e-05 2.589140000000000083e-05
5.633000000000000000e+03 2.167369999999999884e-05 2.590129999999999882e-05
5.634000000000000000e+03 2.168009999999999932e-05 2.591120000000000020e-05
5.635000000000000000e+03 2.168649999999999980e-05 2.592110000000000158e-05
5.636000000000000000e+03 2.169290000000000028e-05 2.593089999999999935e-05
5.637000000000000000e+03 2.169930000000000077e-05 2.594090000000000095e-05
5.638000000000000000e+03 2.170580000000000147e-05 2.595079999999999894e-05
5.639000000000000000e+03 2.171219999999999856e-05 2.596070000000000032e-05
5.640000000000000000e+03 2.171859999999999904e-05 2.597059999999999831e-05
5.641000000000000000e+03 2.172499999999999952e-05 2.598049999999999969e-05
5.642000000000000000e+03 2.173140000000000000e-05 2.599040000000000107e-05
5.643000000000000000e+03 2.173790000000000070e-05 2.600039999999999928e-05
5.644000000000000000e+03 2.174430000000000118e-05 2.601030000000000066e-05
5.645000000000000000e+03 2.175070000000000166e-05 2.602019999999999865e-05
5.646000000000000000e+03 2.175719999999999897e-05 2.603020000000000025e-05
5.647000000000000000e+03 2.176359999999999946e-05 2.604010000000000162e-05
5.648000000000000000e+03 2.176999999999999994e-05 2.605009999999999983e-05
5.649000000000000000e+03 2.177650000000000064e-05 2.606000000000000121e-05
5.650000000000000000e+03 2.178290000000000112e-05 2.606999999999999942e-05
5.651000000000000000e+03 2.178930000000000160e-05 2.607990000000000080e-05
5.652000000000000000e+03 2.179579999999999891e-05 2.608989999999999901e-05
5.653000000000000000e+03 2.180219999999999939e-05 2.609990000000000061e-05
5.654000000000000000e+03 2.180870000000000009e-05 2.610989999999999882e-05
5.655000000000000000e+03 2.181510000000000057e-05 2.611980000000000020e-05
5.656000000000000000e+03 2.182160000000000127e-05 2.612979999999999841e-05
5.657000000000000000e+03 2.182799999999999836e-05 2.613980000000000001e-05
5.658000000000000000e+03 2.183449999999999906e-05 2.614980000000000161e-05
5.659000000000000000e+03 2.184089999999999955e-05 2.615979999999999982e-05
5.660000000000000000e+03 2.184740000000000025e-05 2.616980000000000142e-05
5.661000000000000000e+03 2.185390000000000095e-05 2.617979999999999963e-05
5.662000000000000000e+03 2.186030000000000143e-05 2.618990000000000144e-05
5.663000000000000000e+03 2.186679999999999874e-05 2.619989999999999965e-05
5.664000000000000000e+03 2.187319999999999922e-05 2.620990000000000125e-05
5.665000000000000000e+03 2.187899999999999838e-05 2.621989999999999946e-05
5.666000000000000000e+03 2.188399999999999918e-05 2.623000000000000128e-05
5.667000000000000000e+03 2.188899999999999998e-05 2.623999999999999949e-05
5.668000000000000000e+03 2.189400000000000078e-05 2.625000000000000109e-05
5.669000000000000000e+03 2.189900000000000158e-05 2.626009999999999952e-05
5.670000000000000000e+03 2.190399999999999899e-05 2.627010000000000112e-05
5.671000000000000000e+03 2.190899999999999979e-05 2.628019999999999955e-05
5.672000000000000000e+03 2.191410000000000081e-05 2.629020000000000114e-05
5.673000000000000000e+03 2.191910000000000161e-05 2.630029999999999957e-05
5.674000000000000000e+03 2.192409999999999902e-05 2.631040000000000139e-05
5.675000000000000000e+03 2.192909999999999982e-05 2.632049999999999982e-05
5.676000000000000000e+03 2.193410000000000062e-05 2.633050000000000142e-05
5.677000000000000000e+03 2.193920000000000164e-05 2.634059999999999985e-05
5.678000000000000000e+03 2.194419999999999905e-05 2.635070000000000167e-05
5.679000000000000000e+03 2.194919999999999985e-05 2.636080000000000010e-05
5.680000000000000000e+03 2.195420000000000065e-05 2.637089999999999852e-05
5.681000000000000000e+03 2.195920000000000144e-05 2.638100000000000034e-05
5.682000000000000000e+03 2.196429999999999908e-05 2.639109999999999877e-05
5.683000000000000000e+03 2.196929999999999987e-05 2.640120000000000059e-05
5.684000000000000000e+03 2.197430000000000067e-05 2.641129999999999902e-05
5.685000000000000000e+03 2.197940000000000169e-05 2.642140000000000084e-05
5.686000000000000000e+03 2.198439999999999910e-05 2.643159999999999949e-05
5.687000000000000000e+03 2.198939999999999990e-05 2.644170000000000130e-05
5.688000000000000000e+03 2.199450000000000092e-05 2.645179999999999973e-05
5.689000000000000000e+03 2.199949999999999833e-05 2.646199999999999838e-05
5.690000000000000000e+03 2.200449999999999913e-05 2.647210000000000020e-05
5.691000000000000000e+03 2.200960000000000015e-05 2.648219999999999863e-05
5.692000000000000000e+03 2.201460000000000095e-05 2.649240000000000067e-05
5.693000000000000000e+03 2.201959999999999836e-05 2.650259999999999931e-05
5.694000000000000000e+03 2.202469999999999938e-05 2.651270000000000113e-05
5.695000000000000000e+03 2.202970000000000018e-05 2.652289999999999978e-05
5.696000000000000000e+03 2.203480000000000120e-05 2.653300000000000160e-05
5.697000000000000000e+03 2.203979999999999861e-05 2.654320000000000025e-05
5.698000000000000000e+03 2.204489999999999962e-05 2.655339999999999890e-05
5.699000000000000000e+03 2.204990000000000042e-05 2.656360000000000093e-05
5.700000000000000000e+03 2.205490000000000122e-05 2.657379999999999958e-05
5.701000000000000000e+03 2.205999999999999885e-05 2.658400000000000162e-05
5.702000000000000000e+03 2.206499999999999965e-05 2.659420000000000027e-05
5.703000000000000000e+03 2.207010000000000067e-05 2.660439999999999892e-05
5.704000000000000000e+03 2.207510000000000147e-05 2.661460000000000095e-05
5.705000000000000000e+03 2.208179999999999922e-05 2.662479999999999960e-05
5.706000000000000000e+03 2.209000000000000026e-05 2.663500000000000164e-05
5.707000000000000000e+03 2.209820000000000130e-05 2.664520000000000029e-05
5.708000000000000000e+03 2.210639999999999895e-05 2.665539999999999894e-05
5.709000000000000000e+03 2.211459999999999999e-05 2.666570000000000119e-05
5.710000000000000000e+03 2.212290000000000125e-05 2.667589999999999984e-05
5.711000000000000000e+03 2.213109999999999890e-05 2.668609999999999849e-05
5.712000000000000000e+03 2.213929999999999994e-05 2.669640000000000074e-05
5.713000000000000000e+03 2.214760000000000120e-05 2.670659999999999939e-05
5.714000000000000000e+03 2.215579999999999885e-05 2.671690000000000165e-05
5.715000000000000000e+03 2.216399999999999989e-05 2.672710000000000030e-05
5.716000000000000000e+03 2.217230000000000115e-05 2.673739999999999917e-05
5.717000000000000000e+03 2.218049999999999880e-05 2.674770000000000142e-05
5.718000000000000000e+03 2.218880000000000006e-05 2.675790000000000007e-05
5.719000000000000000e+03 2.219700000000000110e-05 2.676819999999999894e-05
5.720000000000000000e+03 2.220529999999999897e-05 2.677850000000000120e-05
5.721000000000000000e+03 2.221350000000000001e-05 2.678880000000000006e-05
5.722000000000000000e+03 2.222180000000000127e-05 2.679909999999999893e-05
5.723000000000000000e+03 2.223009999999999914e-05 2.680940000000000119e-05
5.724000000000000000e+03 2.223830000000000018e-05 2.681970000000000006e-05
5.725000000000000000e+03 2.224660000000000144e-05 2.682999999999999892e-05
5.726000000000000000e+03 2.225489999999999931e-05 2.684030000000000118e-05
5.727000000000000000e+03 2.226310000000000035e-05 2.685060000000000005e-05
5.728000000000000000e+03 2.227140000000000161e-05 2.686089999999999892e-05
5.729000000000000000e+03 2.227969999999999948e-05 2.687120000000000117e-05
5.730000000000000000e+03 2.228800000000000074e-05 2.688160000000000026e-05
5.731000000000000000e+03 2.229629999999999861e-05 2.689189999999999913e-05
5.732000000000000000e+03 2.230459999999999987e-05 2.690220000000000138e-05
5.733000000000000000e+03 2.231290000000000112e-05 2.691260000000000047e-05
5.734000000000000000e+03 2.232119999999999900e-05 2.692289999999999934e-05
5.735000000000000000e+03 2.232950000000000025e-05 2.693329999999999843e-05
5.736000000000000000e+03 2.233780000000000151e-05 2.694360000000000068e-05
5.737000000000000000e+03 2.234609999999999938e-05 2.695399999999999977e-05
5.738000000000000000e+03 2.235440000000000064e-05 2.696429999999999864e-05
5.739000000000000000e+03 2.236269999999999851e-05 2.697470000000000111e-05
5.740000000000000000e+03 2.237099999999999977e-05 2.698510000000000020e-05
5.741000000000000000e+03 2.237930000000000103e-05 2.699549999999999929e-05
5.742000000000000000e+03 2.238759999999999890e-05 2.700580000000000154e-05
5.743000000000000000e+03 2.239600000000000038e-05 2.701620000000000063e-05
5.744000000000000000e+03 2.240430000000000164e-05 2.702659999999999972e-05
5.745000000000000000e+03 2.241140000000000027e-05 2.703699999999999881e-05
5.746000000000000000e+03 2.241729999999999965e-05 2.704740000000000128e-05
5.747000000000000000e+03 2.242319999999999904e-05 2.705780000000000037e-05
5.748000000000000000e+03 2.242909999999999842e-05 2.706819999999999946e-05
5.749000000000000000e+03 2.243500000000000119e-05 2.707869999999999876e-05
5.750000000000000000e+03 2.244090000000000058e-05 2.708910000000000124e-05
5.751000000000000000e+03 2.244679999999999996e-05 2.709950000000000032e-05
5.752000000000000000e+03 2.245269999999999935e-05 2.710989999999999941e-05
5.753000000000000000e+03 2.245859999999999873e-05 2.712039999999999872e-05
5.754000000000000000e+03 2.246450000000000150e-05 2.713080000000000119e-05
5.755000000000000000e+03 2.247040000000000089e-05 2.714120000000000028e-05
5.756000000000000000e+03 2.247640000000000049e-05 2.715169999999999959e-05
5.757000000000000000e+03 2.248229999999999988e-05 2.716209999999999867e-05
5.758000000000000000e+03 2.248819999999999926e-05 2.717260000000000137e-05
5.759000000000000000e+03 2.249409999999999864e-05 2.718310000000000068e-05
5.760000000000000000e+03 2.250000000000000142e-05 2.719349999999999976e-05
5.761000000000000000e+03 2.250590000000000080e-05 2.720399999999999907e-05
5.762000000000000000e+03 2.251190000000000041e-05 2.721449999999999838e-05
5.763000000000000000e+03 2.251779999999999979e-05 2.722500000000000107e-05
5.764000000000000000e+03 2.252369999999999917e-05 2.723550000000000038e-05
5.765000000000000000e+03 2.252959999999999856e-05 2.724589999999999946e-05
5.766000000000000000e+03 2.253560000000000155e-05 2.725639999999999877e-05
5.767000000000000000e+03 2.254150000000000094e-05 2.726690000000000147e-05
5.768000000000000000e+03 2.254740000000000032e-05 2.727740000000000077e-05
5.769000000000000000e+03 2.255329999999999970e-05 2.728800000000000030e-05
5.770000000000000000e+03 2.255929999999999931e-05 2.729849999999999960e-05
5.771000000000000000e+03 2.256519999999999869e-05 2.730899999999999891e-05
5.772000000000000000e+03 2.257120000000000168e-05 2.731950000000000161e-05
5.773000000000000000e+03 2.257710000000000107e-05 2.733000000000000091e-05
5.774000000000000000e+03 2.258300000000000045e-05 2.734060000000000044e-05
5.775000000000000000e+03 2.258900000000000006e-05 2.735109999999999974e-05
5.776000000000000000e+03 2.259489999999999944e-05 2.736169999999999927e-05
5.777000000000000000e+03 2.260089999999999904e-05 2.737219999999999858e-05
5.778000000000000000e+03 2.260679999999999843e-05 2.738280000000000149e-05
5.779000000000000000e+03 2.261280000000000142e-05 2.739330000000000080e-05
5.780000000000000000e+03 2.261870000000000081e-05 2.740390000000000032e-05
5.781000000000000000e+03 2.262470000000000041e-05 2.741439999999999963e-05
5.782000000000000000e+03 2.263059999999999979e-05 2.742499999999999916e-05
5.783000000000000000e+03 2.263659999999999940e-05 2.743559999999999868e-05
5.784000000000000000e+03 2.264249999999999878e-05 2.744620000000000160e-05
5.785000000000000000e+03 2.264919999999999992e-05 2.745680000000000112e-05
5.786000000000000000e+03 2.265649999999999899e-05 2.746730000000000043e-05
5.787000000000000000e+03 2.266390000000000166e-05 2.747789999999999995e-05
5.788000000000000000e+03 2.267130000000000095e-05 2.748849999999999948e-05
5.789000000000000000e+03 2.267860000000000001e-05 2.749909999999999901e-05
5.790000000000000000e+03 2.268599999999999930e-05 2.750979999999999875e-05
5.791000000000000000e+03 2.269339999999999858e-05 2.752040000000000166e-05
5.792000000000000000e+03 2.270070000000000104e-05 2.753100000000000119e-05
5.793000000000000000e+03 2.270810000000000032e-05 2.754160000000000072e-05
5.794000000000000000e+03 2.271549999999999961e-05 2.755220000000000024e-05
5.795000000000000000e+03 2.272289999999999889e-05 2.756289999999999999e-05
5.796000000000000000e+03 2.273030000000000157e-05 2.757349999999999951e-05
5.797000000000000000e+03 2.273770000000000085e-05 2.758419999999999926e-05
5.798000000000000000e+03 2.274510000000000014e-05 2.759479999999999878e-05
5.799000000000000000e+03 2.275239999999999920e-05 2.760549999999999853e-05
5.800000000000000000e+03 2.275979999999999849e-05 2.761610000000000144e-05
5.801000000000000000e+03 2.276720000000000116e-05 2.762680000000000119e-05
5.802000000000000000e+03 2.277460000000000045e-05 2.763740000000000071e-05
5.803000000000000000e+03 2.278199999999999973e-05 2.764810000000000046e-05
5.804000000000000000e+03 2.278939999999999902e-05 2.765880000000000020e-05
5.805000000000000000e+03 2.279680000000000169e-05 2.766949999999999995e-05
5.806000000000000000e+03 2.280430000000000120e-05 2.768019999999999969e-05
5.807000000000000000e+03 2.281170000000000048e-05 2.769079999999999922e-05
5.808000000000000000e+03 2.281909999999999977e-05 2.770149999999999897e-05
5.809000000000000000e+03 2.282649999999999905e-05 2.771219999999999871e-05
5.810000000000000000e+03 2.283389999999999834e-05 2.772299999999999867e-05
5.811000000000000000e+03 2.284130000000000101e-05 2.773369999999999842e-05
5.812000000000000000e+03 2.284880000000000052e-05 2.774440000000000155e-05
5.813000000000000000e+03 2.285619999999999980e-05 2.775510000000000130e-05
5.814000000000000000e+03 2.286359999999999909e-05 2.776580000000000104e-05
5.815000000000000000e+03 2.287099999999999837e-05 2.777650000000000079e-05
5.816000000000000000e+03 2.287850000000000127e-05 2.778730000000000075e-05
5.817000000000000000e+03 2.288590000000000055e-05 2.779800000000000050e-05
5.818000000000000000e+03 2.289340000000000006e-05 2.780880000000000046e-05
5.819000000000000000e+03 2.290079999999999934e-05 2.781950000000000021e-05
5.820000000000000000e+03 2.290819999999999863e-05 2.783030000000000017e-05
5.821000000000000000e+03 2.291570000000000152e-05 2.784099999999999992e-05
5.822000000000000000e+03 2.292310000000000081e-05 2.785179999999999988e-05
5.823000000000000000e+03 2.293060000000000031e-05 2.786259999999999985e-05
5.824000000000000000e+03 2.293799999999999960e-05 2.787329999999999959e-05
5.825000000000000000e+03 2.294500000000000139e-05 2.788409999999999955e-05
5.826000000000000000e+03 2.295159999999999892e-05 2.789489999999999952e-05
5.827000000000000000e+03 2.295819999999999984e-05 2.790569999999999948e-05
5.828000000000000000e+03 2.296480000000000076e-05 2.791649999999999945e-05
5.829000000000000000e+03 2.297130000000000146e-05 2.792729999999999941e-05
5.830000000000000000e+03 2.297789999999999899e-05 2.793809999999999938e-05
5.831000000000000000e+03 2.298449999999999991e-05 2.794889999999999934e-05
5.832000000000000000e+03 2.299110000000000083e-05 2.795969999999999931e-05
5.833000000000000000e+03 2.299760000000000153e-05 2.797049999999999927e-05
5.834000000000000000e+03 2.300419999999999906e-05 2.798129999999999923e-05
5.835000000000000000e+03 2.301079999999999998e-05 2.799209999999999920e-05
5.836000000000000000e+03 2.301740000000000090e-05 2.800299999999999938e-05
5.837000000000000000e+03 2.302399999999999843e-05 2.801379999999999935e-05
5.838000000000000000e+03 2.303059999999999935e-05 2.802469999999999953e-05
5.839000000000000000e+03 2.303720000000000027e-05 2.803549999999999949e-05
5.840000000000000000e+03 2.304380000000000119e-05 2.804639999999999968e-05
5.841000000000000000e+03 2.305039999999999872e-05 2.805719999999999964e-05
5.842000000000000000e+03 2.305699999999999964e-05 2.806809999999999983e-05
5.843000000000000000e+03 2.306360000000000056e-05 2.807889999999999979e-05
5.844000000000000000e+03 2.307020000000000148e-05 2.808979999999999997e-05
5.845000000000000000e+03 2.307679999999999901e-05 2.810070000000000016e-05
5.846000000000000000e+03 2.308339999999999993e-05 2.811160000000000034e-05
5.847000000000000000e+03 2.309000000000000085e-05 2.812240000000000031e-05
5.848000000000000000e+03 2.309659999999999838e-05 2.813330000000000049e-05
5.849000000000000000e+03 2.310319999999999930e-05 2.814420000000000067e-05
5.850000000000000000e+03 2.310980000000000022e-05 2.815510000000000086e-05
5.851000000000000000e+03 2.311640000000000114e-05 2.816600000000000104e-05
5.852000000000000000e+03 2.312309999999999889e-05 2.817690000000000122e-05
5.853000000000000000e+03 2.312969999999999981e-05 2.818780000000000141e-05
5.854000000000000000e+03 2.313630000000000073e-05 2.819879999999999842e-05
5.855000000000000000e+03 2.314290000000000165e-05 2.820969999999999861e-05
5.856000000000000000e+03 2.314959999999999940e-05 2.822059999999999879e-05
5.857000000000000000e+03 2.315620000000000032e-05 2.823149999999999897e-05
5.858000000000000000e+03 2.316280000000000124e-05 2.824249999999999938e-05
5.859000000000000000e+03 2.316939999999999877e-05 2.825339999999999956e-05
5.860000000000000000e+03 2.317609999999999991e-05 2.826439999999999996e-05
5.861000000000000000e+03 2.318270000000000083e-05 2.827530000000000015e-05
5.862000000000000000e+03 2.318929999999999836e-05 2.828630000000000055e-05
5.863000000000000000e+03 2.319599999999999950e-05 2.829730000000000095e-05
5.864000000000000000e+03 2.320260000000000042e-05 2.830820000000000114e-05
5.865000000000000000e+03 2.320969999999999904e-05 2.831920000000000154e-05
5.866000000000000000e+03 2.321709999999999833e-05 2.833019999999999855e-05
5.867000000000000000e+03 2.322450000000000100e-05 2.834119999999999896e-05
5.868000000000000000e+03 2.323200000000000051e-05 2.835209999999999914e-05
5.869000000000000000e+03 2.323939999999999979e-05 2.836309999999999954e-05
5.870000000000000000e+03 2.324689999999999930e-05 2.837409999999999995e-05
5.871000000000000000e+03 2.325429999999999858e-05 2.838510000000000035e-05
5.872000000000000000e+03 2.326180000000000148e-05 2.839610000000000075e-05
5.873000000000000000e+03 2.326930000000000098e-05 2.840710000000000115e-05
5.874000000000000000e+03 2.327670000000000027e-05 2.841819999999999839e-05
5.875000000000000000e+03 2.328419999999999977e-05 2.842919999999999879e-05
5.876000000000000000e+03 2.329159999999999906e-05 2.844019999999999919e-05
5.877000000000000000e+03 2.329909999999999856e-05 2.845119999999999960e-05
5.878000000000000000e+03 2.330660000000000145e-05 2.846230000000000022e-05
5.879000000000000000e+03 2.331410000000000096e-05 2.847330000000000062e-05
5.880000000000000000e+03 2.332150000000000024e-05 2.848440000000000124e-05
5.881000000000000000e+03 2.332899999999999975e-05 2.849540000000000165e-05
5.882000000000000000e+03 2.333649999999999925e-05 2.850649999999999888e-05
5.883000000000000000e+03 2.334399999999999876e-05 2.851749999999999928e-05
5.884000000000000000e+03 2.335140000000000143e-05 2.852859999999999991e-05
5.885000000000000000e+03 2.335890000000000094e-05 2.853970000000000053e-05
5.886000000000000000e+03 2.336640000000000044e-05 2.855070000000000093e-05
5.887000000000000000e+03 2.337389999999999994e-05 2.856180000000000155e-05
5.888000000000000000e+03 2.338139999999999945e-05 2.857289999999999879e-05
5.889000000000000000e+03 2.338889999999999895e-05 2.858399999999999941e-05
5.890000000000000000e+03 2.339639999999999846e-05 2.859510000000000003e-05
5.891000000000000000e+03 2.340390000000000135e-05 2.860620000000000065e-05
5.892000000000000000e+03 2.341140000000000086e-05 2.861730000000000128e-05
5.893000000000000000e+03 2.341890000000000036e-05 2.862839999999999851e-05
5.894000000000000000e+03 2.342639999999999987e-05 2.863949999999999913e-05
5.895000000000000000e+03 2.343389999999999937e-05 2.865069999999999997e-05
5.896000000000000000e+03 2.344139999999999888e-05 2.866180000000000060e-05
5.897000000000000000e+03 2.344899999999999860e-05 2.867290000000000122e-05
5.898000000000000000e+03 2.345650000000000149e-05 2.868399999999999845e-05
5.899000000000000000e+03 2.346400000000000100e-05 2.869519999999999929e-05
5.900000000000000000e+03 2.347150000000000050e-05 2.870629999999999992e-05
5.901000000000000000e+03 2.347900000000000001e-05 2.871750000000000076e-05
5.902000000000000000e+03 2.348659999999999973e-05 2.872860000000000138e-05
5.903000000000000000e+03 2.349409999999999923e-05 2.873979999999999883e-05
5.904000000000000000e+03 2.350159999999999874e-05 2.875099999999999967e-05
5.905000000000000000e+03 2.350900000000000141e-05 2.876210000000000030e-05
5.906000000000000000e+03 2.351630000000000048e-05 2.877330000000000114e-05
5.907000000000000000e+03 2.352349999999999933e-05 2.878449999999999859e-05
5.908000000000000000e+03 2.353079999999999839e-05 2.879569999999999943e-05
5.909000000000000000e+03 2.353810000000000085e-05 2.880690000000000027e-05
5.910000000000000000e+03 2.354529999999999969e-05 2.881810000000000112e-05
5.911000000000000000e+03 2.355259999999999876e-05 2.882929999999999857e-05
5.912000000000000000e+03 2.355990000000000121e-05 2.884049999999999941e-05
5.913000000000000000e+03 2.356720000000000028e-05 2.885170000000000025e-05
5.914000000000000000e+03 2.357439999999999913e-05 2.886290000000000109e-05
5.915000000000000000e+03 2.358170000000000158e-05 2.887409999999999855e-05
5.916000000000000000e+03 2.358900000000000065e-05 2.888529999999999939e-05
5.917000000000000000e+03 2.359629999999999971e-05 2.889660000000000045e-05
5.918000000000000000e+03 2.360359999999999878e-05 2.890780000000000129e-05
5.919000000000000000e+03 2.361090000000000123e-05 2.891899999999999874e-05
5.920000000000000000e+03 2.361820000000000030e-05 2.893029999999999980e-05
5.921000000000000000e+03 2.362539999999999915e-05 2.894150000000000065e-05
5.922000000000000000e+03 2.363270000000000160e-05 2.895279999999999832e-05
5.923000000000000000e+03 2.364000000000000067e-05 2.896409999999999938e-05
5.924000000000000000e+03 2.364729999999999973e-05 2.897530000000000022e-05
5.925000000000000000e+03 2.365459999999999880e-05 2.898660000000000128e-05
5.926000000000000000e+03 2.366190000000000125e-05 2.899789999999999895e-05
5.927000000000000000e+03 2.366930000000000054e-05 2.900909999999999979e-05
5.928000000000000000e+03 2.367659999999999960e-05 2.902040000000000086e-05
5.929000000000000000e+03 2.368389999999999867e-05 2.903169999999999853e-05
5.930000000000000000e+03 2.369120000000000113e-05 2.904299999999999959e-05
5.931000000000000000e+03 2.369850000000000019e-05 2.905430000000000065e-05
5.932000000000000000e+03 2.370579999999999926e-05 2.906559999999999832e-05
5.933000000000000000e+03 2.371309999999999832e-05 2.907689999999999938e-05
5.934000000000000000e+03 2.372050000000000100e-05 2.908820000000000044e-05
5.935000000000000000e+03 2.372780000000000006e-05 2.909959999999999834e-05
5.936000000000000000e+03 2.373509999999999913e-05 2.911089999999999940e-05
5.937000000000000000e+03 2.374249999999999841e-05 2.912220000000000046e-05
5.938000000000000000e+03 2.374980000000000087e-05 2.913359999999999835e-05
5.939000000000000000e+03 2.375709999999999994e-05 2.914489999999999941e-05
5.940000000000000000e+03 2.376449999999999922e-05 2.915620000000000047e-05
5.941000000000000000e+03 2.377180000000000167e-05 2.916759999999999836e-05
5.942000000000000000e+03 2.377910000000000074e-05 2.917899999999999964e-05
5.943000000000000000e+03 2.378650000000000003e-05 2.919030000000000070e-05
5.944000000000000000e+03 2.379379999999999909e-05 2.920169999999999859e-05
5.945000000000000000e+03 2.380110000000000155e-05 2.921309999999999987e-05
5.946000000000000000e+03 2.380820000000000017e-05 2.922440000000000094e-05
5.947000000000000000e+03 2.381539999999999902e-05 2.923579999999999883e-05
5.948000000000000000e+03 2.382250000000000104e-05 2.924720000000000011e-05
5.949000000000000000e+03 2.382969999999999988e-05 2.925860000000000139e-05
5.950000000000000000e+03 2.383679999999999851e-05 2.926999999999999928e-05
5.951000000000000000e+03 2.384400000000000075e-05 2.928140000000000056e-05
5.952000000000000000e+03 2.385109999999999937e-05 2.929279999999999845e-05
5.953000000000000000e+03 2.385830000000000161e-05 2.930419999999999973e-05
5.954000000000000000e+03 2.386540000000000024e-05 2.931560000000000101e-05
5.955000000000000000e+03 2.387259999999999908e-05 2.932699999999999890e-05
5.956000000000000000e+03 2.387980000000000132e-05 2.933850000000000040e-05
5.957000000000000000e+03 2.388689999999999995e-05 2.934990000000000168e-05
5.958000000000000000e+03 2.389409999999999879e-05 2.936129999999999957e-05
5.959000000000000000e+03 2.390130000000000103e-05 2.937280000000000107e-05
5.960000000000000000e+03 2.390849999999999987e-05 2.938419999999999896e-05
5.961000000000000000e+03 2.391559999999999850e-05 2.939570000000000046e-05
5.962000000000000000e+03 2.392280000000000074e-05 2.940709999999999836e-05
5.963000000000000000e+03 2.392999999999999958e-05 2.941859999999999986e-05
5.964000000000000000e+03 2.393719999999999843e-05 2.943010000000000135e-05
5.965000000000000000e+03 2.394440000000000067e-05 2.944149999999999925e-05
5.966000000000000000e+03 2.395149999999999929e-05 2.945300000000000075e-05
5.967000000000000000e+03 2.395870000000000153e-05 2.946449999999999886e-05
5.968000000000000000e+03 2.396590000000000038e-05 2.947600000000000036e-05
5.969000000000000000e+03 2.397309999999999922e-05 2.948749999999999847e-05
5.970000000000000000e+03 2.398030000000000146e-05 2.949899999999999997e-05
5.971000000000000000e+03 2.398750000000000030e-05 2.951050000000000147e-05
5.972000000000000000e+03 2.399469999999999915e-05 2.952199999999999958e-05
5.973000000000000000e+03 2.400190000000000139e-05 2.953350000000000108e-05
5.974000000000000000e+03 2.400910000000000023e-05 2.954499999999999919e-05
5.975000000000000000e+03 2.401629999999999908e-05 2.955660000000000091e-05
5.976000000000000000e+03 2.402350000000000131e-05 2.956809999999999902e-05
5.977000000000000000e+03 2.403070000000000016e-05 2.957960000000000052e-05
5.978000000000000000e+03 2.403799999999999923e-05 2.959119999999999885e-05
5.979000000000000000e+03 2.404520000000000146e-05 2.960270000000000035e-05
5.980000000000000000e+03 2.405240000000000031e-05 2.961429999999999868e-05
5.981000000000000000e+03 2.405959999999999916e-05 2.962580000000000018e-05
5.982000000000000000e+03 2.406680000000000139e-05 2.963739999999999851e-05
5.983000000000000000e+03 2.407410000000000046e-05 2.964890000000000001e-05
5.984000000000000000e+03 2.408129999999999930e-05 2.966049999999999834e-05
5.985000000000000000e+03 2.408940000000000012e-05 2.967210000000000005e-05
5.986000000000000000e+03 2.409849999999999975e-05 2.968369999999999838e-05
5.987000000000000000e+03 2.410759999999999937e-05 2.969530000000000010e-05
5.988000000000000000e+03 2.411669999999999900e-05 2.970680000000000160e-05
5.989000000000000000e+03 2.412579999999999862e-05 2.971839999999999993e-05
5.990000000000000000e+03 2.413490000000000164e-05 2.973000000000000165e-05
5.991000000000000000e+03 2.414400000000000126e-05 2.974170000000000020e-05
5.992000000000000000e+03 2.415310000000000089e-05 2.975329999999999853e-05
5.993000000000000000e+03 2.416220000000000051e-05 2.976490000000000025e-05
5.994000000000000000e+03 2.417140000000000036e-05 2.977649999999999858e-05
5.995000000000000000e+03 2.418049999999999998e-05 2.978810000000000030e-05
5.996000000000000000e+03 2.418959999999999961e-05 2.979979999999999885e-05
5.997000000000000000e+03 2.419869999999999923e-05 2.981140000000000057e-05
5.998000000000000000e+03 2.420779999999999886e-05 2.982299999999999890e-05
5.999000000000000000e+03 2.421699999999999870e-05 2.983470000000000083e-05
6.000000000000000000e+03 2.422609999999999832e-05 2.984629999999999917e-05
6.001000000000000000e+03 2.423530000000000156e-05 2.985800000000000110e-05
6.002000000000000000e+03 2.424440000000000118e-05 2.986969999999999965e-05
6.003000000000000000e+03 2.425350000000000081e-05 2.988130000000000137e-05
6.004000000000000000e+03 2.426270000000000065e-05 2.989299999999999992e-05
6.005000000000000000e+03 2.427180000000000028e-05 2.990469999999999847e-05
6.006000000000000000e+03 2.428100000000000012e-05 2.991640000000000041e-05
6.007000000000000000e+03 2.429019999999999996e-05 2.992809999999999896e-05
6.008000000000000000e+03 2.429929999999999959e-05 2.993980000000000090e-05
6.009000000000000000e+03 2.430849999999999943e-05 2.995149999999999945e-05
6.010000000000000000e+03 2.431769999999999928e-05 2.996320000000000138e-05
6.011000000000000000e+03 2.432679999999999890e-05 2.997489999999999993e-05
6.012000000000000000e+03 2.433599999999999875e-05 2.998659999999999848e-05
6.013000000000000000e+03 2.434519999999999859e-05 2.999830000000000042e-05
6.014000000000000000e+03 2.435439999999999843e-05 3.000999999999999897e-05
6.015000000000000000e+03 2.436360000000000167e-05 3.002180000000000113e-05
6.016000000000000000e+03 2.437280000000000151e-05 3.003349999999999968e-05
6.017000000000000000e+03 2.438200000000000136e-05 3.004520000000000161e-05
6.018000000000000000e+03 2.439110000000000098e-05 3.005700000000000038e-05
6.019000000000000000e+03 2.440040000000000104e-05 3.006869999999999893e-05
6.020000000000000000e+03 2.440960000000000089e-05 3.008050000000000109e-05
6.021000000000000000e+03 2.441880000000000073e-05 3.009229999999999986e-05
6.022000000000000000e+03 2.442800000000000058e-05 3.010399999999999841e-05
6.023000000000000000e+03 2.443720000000000042e-05 3.011580000000000057e-05
6.024000000000000000e+03 2.444640000000000026e-05 3.012759999999999934e-05
6.025000000000000000e+03 2.445359999999999911e-05 3.013940000000000149e-05
6.026000000000000000e+03 2.446080000000000135e-05 3.015110000000000004e-05
6.027000000000000000e+03 2.446800000000000019e-05 3.016289999999999881e-05
6.028000000000000000e+03 2.447519999999999904e-05 3.017470000000000097e-05
6.029000000000000000e+03 2.448240000000000127e-05 3.018649999999999974e-05
6.030000000000000000e+03 2.448960000000000012e-05 3.019839999999999872e-05
6.031000000000000000e+03 2.449679999999999897e-05 3.021020000000000088e-05
6.032000000000000000e+03 2.450400000000000120e-05 3.022199999999999965e-05
6.033000000000000000e+03 2.451120000000000005e-05 3.023379999999999842e-05
6.034000000000000000e+03 2.451839999999999890e-05 3.024560000000000058e-05
6.035000000000000000e+03 2.452560000000000113e-05 3.025749999999999957e-05
6.036000000000000000e+03 2.453279999999999998e-05 3.026929999999999833e-05
6.037000000000000000e+03 2.453999999999999883e-05 3.028120000000000071e-05
6.038000000000000000e+03 2.454720000000000106e-05 3.029299999999999948e-05
6.039000000000000000e+03 2.455439999999999991e-05 3.030489999999999847e-05
6.040000000000000000e+03 2.456159999999999875e-05 3.031670000000000062e-05
6.041000000000000000e+03 2.456890000000000121e-05 3.032859999999999961e-05
6.042000000000000000e+03 2.457610000000000006e-05 3.034049999999999860e-05
6.043000000000000000e+03 2.458329999999999890e-05 3.035240000000000098e-05
6.044000000000000000e+03 2.459050000000000114e-05 3.036419999999999975e-05
6.045000000000000000e+03 2.459780000000000020e-05 3.037609999999999873e-05
6.046000000000000000e+03 2.460499999999999905e-05 3.038800000000000111e-05
6.047000000000000000e+03 2.461220000000000129e-05 3.039990000000000010e-05
6.048000000000000000e+03 2.461950000000000035e-05 3.041179999999999909e-05
6.049000000000000000e+03 2.462669999999999920e-05 3.042370000000000146e-05
6.050000000000000000e+03 2.463390000000000143e-05 3.043560000000000045e-05
6.051000000000000000e+03 2.464120000000000050e-05 3.044759999999999966e-05
6.052000000000000000e+03 2.464839999999999935e-05 3.045949999999999865e-05
6.053000000000000000e+03 2.465569999999999841e-05 3.047140000000000102e-05
6.054000000000000000e+03 2.466290000000000065e-05 3.048340000000000023e-05
6.055000000000000000e+03 2.467019999999999971e-05 3.049529999999999922e-05
6.056000000000000000e+03 2.467739999999999856e-05 3.050720000000000160e-05
6.057000000000000000e+03 2.468470000000000102e-05 3.051919999999999742e-05
6.058000000000000000e+03 2.469189999999999986e-05 3.053119999999999662e-05
6.059000000000000000e+03 2.469919999999999893e-05 3.054310000000000239e-05
6.060000000000000000e+03 2.470640000000000116e-05 3.055510000000000159e-05
6.061000000000000000e+03 2.471370000000000023e-05 3.056710000000000080e-05
6.062000000000000000e+03 2.472099999999999930e-05 3.057899999999999979e-05
6.063000000000000000e+03 2.472820000000000153e-05 3.059099999999999900e-05
6.064000000000000000e+03 2.473619999999999874e-05 3.060299999999999821e-05
6.065000000000000000e+03 2.474470000000000044e-05 3.061499999999999741e-05
6.066000000000000000e+03 2.475329999999999897e-05 3.062699999999999662e-05
6.067000000000000000e+03 2.476190000000000089e-05 3.063900000000000260e-05
6.068000000000000000e+03 2.477049999999999941e-05 3.065100000000000181e-05
6.069000000000000000e+03 2.477910000000000133e-05 3.066300000000000102e-05
6.070000000000000000e+03 2.478769999999999986e-05 3.067510000000000045e-05
6.071000000000000000e+03 2.479629999999999839e-05 3.068709999999999965e-05
6.072000000000000000e+03 2.480480000000000009e-05 3.069909999999999886e-05
6.073000000000000000e+03 2.481339999999999861e-05 3.071109999999999807e-05
6.074000000000000000e+03 2.482200000000000053e-05 3.072319999999999750e-05
6.075000000000000000e+03 2.483069999999999928e-05 3.073519999999999670e-05
6.076000000000000000e+03 2.483930000000000120e-05 3.074730000000000291e-05
6.077000000000000000e+03 2.484789999999999972e-05 3.075930000000000211e-05
6.078000000000000000e+03 2.485650000000000164e-05 3.077140000000000154e-05
6.079000000000000000e+03 2.486510000000000017e-05 3.078350000000000097e-05
6.080000000000000000e+03 2.487369999999999870e-05 3.079560000000000039e-05
6.081000000000000000e+03 2.488230000000000061e-05 3.080759999999999960e-05
6.082000000000000000e+03 2.489099999999999936e-05 3.081969999999999903e-05
6.083000000000000000e+03 2.489960000000000128e-05 3.083179999999999845e-05
6.084000000000000000e+03 2.490819999999999981e-05 3.084389999999999788e-05
6.085000000000000000e+03 2.491689999999999855e-05 3.085599999999999731e-05
6.086000000000000000e+03 2.492550000000000047e-05 3.086809999999999673e-05
6.087000000000000000e+03 2.493409999999999900e-05 3.088020000000000294e-05
6.088000000000000000e+03 2.494280000000000114e-05 3.089230000000000236e-05
6.089000000000000000e+03 2.495139999999999966e-05 3.090450000000000201e-05
6.090000000000000000e+03 2.496009999999999841e-05 3.091660000000000144e-05
6.091000000000000000e+03 2.496870000000000033e-05 3.092870000000000086e-05
6.092000000000000000e+03 2.497739999999999908e-05 3.094090000000000051e-05
6.093000000000000000e+03 2.498610000000000121e-05 3.095299999999999994e-05
6.094000000000000000e+03 2.499469999999999974e-05 3.096519999999999958e-05
6.095000000000000000e+03 2.500339999999999849e-05 3.097729999999999901e-05
6.096000000000000000e+03 2.501210000000000062e-05 3.098949999999999866e-05
6.097000000000000000e+03 2.502069999999999915e-05 3.100159999999999808e-05
6.098000000000000000e+03 2.502940000000000129e-05 3.101379999999999773e-05
6.099000000000000000e+03 2.503810000000000004e-05 3.102599999999999737e-05
6.100000000000000000e+03 2.504679999999999878e-05 3.103819999999999702e-05
6.101000000000000000e+03 2.505540000000000070e-05 3.105039999999999667e-05
6.102000000000000000e+03 2.506409999999999945e-05 3.106250000000000287e-05
6.103000000000000000e+03 2.507280000000000159e-05 3.107470000000000252e-05
6.104000000000000000e+03 2.508010000000000065e-05 3.108690000000000216e-05
6.105000000000000000e+03 2.508600000000000004e-05 3.109920000000000203e-05
6.106000000000000000e+03 2.509179999999999920e-05 3.111140000000000167e-05
6.107000000000000000e+03 2.509769999999999859e-05 3.112360000000000132e-05
6.108000000000000000e+03 2.510360000000000136e-05 3.113580000000000096e-05
6.109000000000000000e+03 2.510940000000000052e-05 3.114800000000000061e-05
6.110000000000000000e+03 2.511529999999999991e-05 3.116030000000000048e-05
6.111000000000000000e+03 2.512119999999999929e-05 3.117250000000000012e-05
6.112000000000000000e+03 2.512699999999999846e-05 3.118479999999999999e-05
6.113000000000000000e+03 2.513290000000000123e-05 3.119699999999999963e-05
6.114000000000000000e+03 2.513880000000000061e-05 3.120929999999999950e-05
6.115000000000000000e+03 2.514470000000000000e-05 3.122149999999999914e-05
6.116000000000000000e+03 2.515049999999999916e-05 3.123379999999999901e-05
6.117000000000000000e+03 2.515639999999999855e-05 3.124609999999999888e-05
6.118000000000000000e+03 2.516230000000000132e-05 3.125839999999999874e-05
6.119000000000000000e+03 2.516820000000000071e-05 3.127059999999999839e-05
6.120000000000000000e+03 2.517410000000000009e-05 3.128289999999999825e-05
6.121000000000000000e+03 2.517999999999999947e-05 3.129519999999999812e-05
6.122000000000000000e+03 2.518589999999999886e-05 3.130749999999999798e-05
6.123000000000000000e+03 2.519170000000000141e-05 3.131979999999999785e-05
6.124000000000000000e+03 2.519760000000000080e-05 3.133209999999999771e-05
6.125000000000000000e+03 2.520350000000000018e-05 3.134449999999999780e-05
6.126000000000000000e+03 2.520939999999999957e-05 3.135679999999999766e-05
6.127000000000000000e+03 2.521529999999999895e-05 3.136909999999999753e-05
6.128000000000000000e+03 2.522119999999999833e-05 3.138139999999999739e-05
6.129000000000000000e+03 2.522710000000000111e-05 3.139379999999999748e-05
6.130000000000000000e+03 2.523300000000000049e-05 3.140609999999999734e-05
6.131000000000000000e+03 2.523889999999999988e-05 3.141849999999999743e-05
6.132000000000000000e+03 2.524479999999999926e-05 3.143079999999999729e-05
6.133000000000000000e+03 2.525069999999999865e-05 3.144319999999999738e-05
6.134000000000000000e+03 2.525660000000000142e-05 3.145559999999999746e-05
6.135000000000000000e+03 2.526250000000000080e-05 3.146789999999999733e-05
6.136000000000000000e+03 2.526840000000000019e-05 3.148029999999999741e-05
6.137000000000000000e+03 2.527429999999999957e-05 3.149269999999999750e-05
6.138000000000000000e+03 2.528019999999999896e-05 3.150509999999999758e-05
6.139000000000000000e+03 2.528609999999999834e-05 3.151749999999999767e-05
6.140000000000000000e+03 2.529210000000000133e-05 3.152989999999999775e-05
6.141000000000000000e+03 2.529800000000000072e-05 3.154229999999999783e-05
6.142000000000000000e+03 2.530390000000000010e-05 3.155469999999999792e-05
6.143000000000000000e+03 2.530979999999999949e-05 3.156709999999999800e-05
6.144000000000000000e+03 2.531780000000000009e-05 3.157949999999999809e-05
6.145000000000000000e+03 2.532780000000000168e-05 3.159199999999999839e-05
6.146000000000000000e+03 2.533779999999999990e-05 3.160439999999999848e-05
6.147000000000000000e+03 2.534780000000000149e-05 3.161679999999999856e-05
6.148000000000000000e+03 2.535779999999999970e-05 3.162929999999999887e-05
6.149000000000000000e+03 2.536780000000000130e-05 3.164169999999999895e-05
6.150000000000000000e+03 2.537789999999999973e-05 3.165419999999999925e-05
6.151000000000000000e+03 2.538790000000000133e-05 3.166659999999999934e-05
6.152000000000000000e+03 2.539789999999999954e-05 3.167909999999999964e-05
6.153000000000000000e+03 2.540800000000000136e-05 3.169159999999999995e-05
6.154000000000000000e+03 2.541799999999999957e-05 3.170400000000000003e-05
6.155000000000000000e+03 2.542800000000000117e-05 3.171650000000000033e-05
6.156000000000000000e+03 2.543809999999999960e-05 3.172900000000000064e-05
6.157000000000000000e+03 2.544810000000000119e-05 3.174150000000000094e-05
6.158000000000000000e+03 2.545819999999999962e-05 3.175400000000000125e-05
6.159000000000000000e+03 2.546830000000000144e-05 3.176650000000000155e-05
6.160000000000000000e+03 2.547829999999999965e-05 3.177900000000000185e-05
6.161000000000000000e+03 2.548840000000000147e-05 3.179150000000000216e-05
6.162000000000000000e+03 2.549849999999999990e-05 3.180400000000000246e-05
6.163000000000000000e+03 2.550850000000000150e-05 3.181660000000000298e-05
6.164000000000000000e+03 2.551859999999999993e-05 3.182910000000000329e-05
6.165000000000000000e+03 2.552869999999999836e-05 3.184159999999999682e-05
6.166000000000000000e+03 2.553880000000000017e-05 3.185419999999999734e-05
6.167000000000000000e+03 2.554889999999999860e-05 3.186669999999999764e-05
6.168000000000000000e+03 2.555900000000000042e-05 3.187929999999999817e-05
6.169000000000000000e+03 2.556909999999999885e-05 3.189179999999999847e-05
6.170000000000000000e+03 2.557920000000000067e-05 3.190439999999999899e-05
6.171000000000000000e+03 2.558929999999999910e-05 3.191699999999999952e-05
6.172000000000000000e+03 2.559940000000000091e-05 3.192949999999999982e-05
6.173000000000000000e+03 2.560949999999999934e-05 3.194210000000000034e-05
6.174000000000000000e+03 2.561960000000000116e-05 3.195470000000000087e-05
6.175000000000000000e+03 2.562979999999999981e-05 3.196730000000000139e-05
6.176000000000000000e+03 2.563990000000000163e-05 3.197990000000000191e-05
6.177000000000000000e+03 2.565000000000000006e-05 3.199250000000000244e-05
6.178000000000000000e+03 2.566019999999999871e-05 3.200510000000000296e-05
6.179000000000000000e+03 2.567030000000000052e-05 3.201769999999999671e-05
6.180000000000000000e+03 2.568049999999999917e-05 3.203029999999999723e-05
6.181000000000000000e+03 2.569060000000000099e-05 3.204299999999999797e-05
6.182000000000000000e+03 2.570079999999999964e-05 3.205559999999999849e-05
6.183000000000000000e+03 2.571090000000000146e-05 3.206819999999999902e-05
6.184000000000000000e+03 2.572089999999999967e-05 3.208089999999999976e-05
6.185000000000000000e+03 2.573060000000000061e-05 3.209350000000000028e-05
6.186000000000000000e+03 2.574039999999999838e-05 3.210620000000000102e-05
6.187000000000000000e+03 2.575009999999999932e-05 3.211880000000000155e-05
6.188000000000000000e+03 2.575990000000000048e-05 3.213150000000000229e-05
6.189000000000000000e+03 2.576970000000000164e-05 3.214420000000000303e-05
6.190000000000000000e+03 2.577949999999999941e-05 3.215689999999999700e-05
6.191000000000000000e+03 2.578920000000000035e-05 3.216949999999999752e-05
6.192000000000000000e+03 2.579900000000000151e-05 3.218219999999999826e-05
6.193000000000000000e+03 2.580879999999999928e-05 3.219489999999999901e-05
6.194000000000000000e+03 2.581860000000000044e-05 3.220759999999999975e-05
6.195000000000000000e+03 2.582840000000000160e-05 3.222030000000000049e-05
6.196000000000000000e+03 2.583819999999999937e-05 3.223300000000000123e-05
6.197000000000000000e+03 2.584800000000000053e-05 3.224570000000000198e-05
6.198000000000000000e+03 2.585780000000000169e-05 3.225850000000000294e-05
6.199000000000000000e+03 2.586759999999999946e-05 3.227119999999999690e-05
6.200000000000000000e+03 2.587740000000000062e-05 3.228389999999999765e-05
6.201000000000000000e+03 2.588719999999999840e-05 3.229669999999999861e-05
6.202000000000000000e+03 2.589709999999999977e-05 3.230939999999999935e-05
6.203000000000000000e+03 2.590690000000000093e-05 3.232210000000000009e-05
6.204000000000000000e+03 2.591669999999999871e-05 3.233490000000000105e-05
6.205000000000000000e+03 2.592649999999999987e-05 3.234770000000000202e-05
6.206000000000000000e+03 2.593640000000000125e-05 3.236040000000000276e-05
6.207000000000000000e+03 2.594619999999999902e-05 3.237319999999999694e-05
6.208000000000000000e+03 2.595610000000000040e-05 3.238599999999999791e-05
6.209000000000000000e+03 2.596590000000000156e-05 3.239879999999999887e-05
6.210000000000000000e+03 2.597579999999999955e-05 3.241149999999999961e-05
6.211000000000000000e+03 2.598560000000000071e-05 3.242430000000000057e-05
6.212000000000000000e+03 2.599549999999999870e-05 3.243710000000000153e-05
6.213000000000000000e+03 2.600529999999999986e-05 3.244990000000000249e-05
6.214000000000000000e+03 2.601520000000000124e-05 3.246279999999999690e-05
6.215000000000000000e+03 2.602509999999999923e-05 3.247559999999999786e-05
6.216000000000000000e+03 2.603490000000000039e-05 3.248839999999999882e-05
6.217000000000000000e+03 2.604479999999999838e-05 3.250119999999999978e-05
6.218000000000000000e+03 2.605469999999999976e-05 3.251410000000000097e-05
6.219000000000000000e+03 2.606460000000000114e-05 3.252690000000000193e-05
6.220000000000000000e+03 2.607449999999999913e-05 3.253970000000000289e-05
6.221000000000000000e+03 2.608440000000000051e-05 3.255259999999999729e-05
6.222000000000000000e+03 2.609429999999999850e-05 3.256539999999999825e-05
6.223000000000000000e+03 2.610419999999999988e-05 3.257829999999999944e-05
6.224000000000000000e+03 2.611430000000000169e-05 3.259120000000000062e-05
6.225000000000000000e+03 2.612460000000000056e-05 3.260400000000000158e-05
6.226000000000000000e+03 2.613489999999999943e-05 3.261690000000000276e-05
6.227000000000000000e+03 2.614529999999999852e-05 3.262979999999999716e-05
6.228000000000000000e+03 2.615560000000000077e-05 3.264269999999999834e-05
6.229000000000000000e+03 2.616599999999999986e-05 3.265559999999999953e-05
6.230000000000000000e+03 2.617629999999999873e-05 3.266850000000000071e-05
6.231000000000000000e+03 2.618670000000000120e-05 3.268140000000000189e-05
6.232000000000000000e+03 2.619700000000000007e-05 3.269430000000000307e-05
6.233000000000000000e+03 2.620739999999999916e-05 3.270719999999999747e-05
6.234000000000000000e+03 2.621780000000000163e-05 3.272019999999999887e-05
6.235000000000000000e+03 2.622810000000000050e-05 3.273310000000000005e-05
6.236000000000000000e+03 2.623849999999999959e-05 3.274600000000000124e-05
6.237000000000000000e+03 2.624889999999999868e-05 3.275900000000000264e-05
6.238000000000000000e+03 2.625930000000000115e-05 3.277189999999999704e-05
6.239000000000000000e+03 2.626970000000000024e-05 3.278489999999999844e-05
6.240000000000000000e+03 2.628009999999999933e-05 3.279779999999999962e-05
6.241000000000000000e+03 2.629049999999999841e-05 3.281080000000000102e-05
6.242000000000000000e+03 2.630090000000000089e-05 3.282370000000000220e-05
6.243000000000000000e+03 2.631129999999999998e-05 3.283669999999999683e-05
6.244000000000000000e+03 2.632169999999999906e-05 3.284969999999999823e-05
6.245000000000000000e+03 2.633210000000000154e-05 3.286269999999999963e-05
6.246000000000000000e+03 2.634250000000000063e-05 3.287570000000000103e-05
6.247000000000000000e+03 2.635289999999999971e-05 3.288870000000000243e-05
6.248000000000000000e+03 2.636339999999999902e-05 3.290169999999999705e-05
6.249000000000000000e+03 2.637380000000000150e-05 3.291469999999999845e-05
6.250000000000000000e+03 2.638420000000000058e-05 3.292769999999999985e-05
6.251000000000000000e+03 2.639469999999999989e-05 3.294070000000000125e-05
6.252000000000000000e+03 2.640509999999999898e-05 3.295380000000000287e-05
6.253000000000000000e+03 2.641550000000000145e-05 3.296679999999999749e-05
6.254000000000000000e+03 2.642600000000000076e-05 3.297979999999999889e-05
6.255000000000000000e+03 2.643639999999999985e-05 3.299290000000000051e-05
6.256000000000000000e+03 2.644689999999999915e-05 3.300590000000000191e-05
6.257000000000000000e+03 2.645739999999999846e-05 3.301899999999999676e-05
6.258000000000000000e+03 2.646780000000000093e-05 3.303199999999999816e-05
6.259000000000000000e+03 2.647830000000000024e-05 3.304509999999999978e-05
6.260000000000000000e+03 2.648879999999999955e-05 3.305820000000000140e-05
6.261000000000000000e+03 2.649929999999999885e-05 3.307130000000000302e-05
6.262000000000000000e+03 2.650970000000000133e-05 3.308429999999999764e-05
6.263000000000000000e+03 2.652020000000000064e-05 3.309739999999999926e-05
6.264000000000000000e+03 2.652950000000000070e-05 3.311050000000000088e-05
6.265000000000000000e+03 2.653750000000000130e-05 3.312360000000000250e-05
6.266000000000000000e+03 2.654559999999999873e-05 3.313669999999999734e-05
6.267000000000000000e+03 2.655359999999999933e-05 3.314979999999999896e-05
6.268000000000000000e+03 2.656170000000000015e-05 3.316300000000000080e-05
6.269000000000000000e+03 2.656980000000000097e-05 3.317610000000000242e-05
6.270000000000000000e+03 2.657780000000000158e-05 3.318919999999999726e-05
6.271000000000000000e+03 2.658589999999999901e-05 3.320239999999999910e-05
6.272000000000000000e+03 2.659389999999999961e-05 3.321550000000000072e-05
6.273000000000000000e+03 2.660200000000000043e-05 3.322860000000000234e-05
6.274000000000000000e+03 2.661010000000000125e-05 3.324179999999999740e-05
6.275000000000000000e+03 2.661809999999999846e-05 3.325499999999999924e-05
6.276000000000000000e+03 2.662619999999999928e-05 3.326810000000000086e-05
6.277000000000000000e+03 2.663430000000000010e-05 3.328130000000000270e-05
6.278000000000000000e+03 2.664240000000000092e-05 3.329449999999999776e-05
6.279000000000000000e+03 2.665049999999999836e-05 3.330769999999999960e-05
6.280000000000000000e+03 2.665849999999999896e-05 3.332080000000000122e-05
6.281000000000000000e+03 2.666659999999999978e-05 3.333400000000000306e-05
6.282000000000000000e+03 2.667470000000000060e-05 3.334719999999999812e-05
6.283000000000000000e+03 2.668280000000000142e-05 3.336039999999999996e-05
6.284000000000000000e+03 2.669089999999999885e-05 3.337370000000000202e-05
6.285000000000000000e+03 2.669899999999999967e-05 3.338689999999999708e-05
6.286000000000000000e+03 2.670710000000000049e-05 3.340009999999999892e-05
6.287000000000000000e+03 2.671520000000000131e-05 3.341330000000000076e-05
6.288000000000000000e+03 2.672329999999999874e-05 3.342660000000000282e-05
6.289000000000000000e+03 2.673139999999999956e-05 3.343979999999999788e-05
6.290000000000000000e+03 2.673950000000000038e-05 3.345299999999999972e-05
6.291000000000000000e+03 2.674760000000000120e-05 3.346630000000000178e-05
6.292000000000000000e+03 2.675569999999999864e-05 3.347959999999999706e-05
6.293000000000000000e+03 2.676379999999999946e-05 3.349279999999999890e-05
6.294000000000000000e+03 2.677200000000000050e-05 3.350610000000000095e-05
6.295000000000000000e+03 2.678010000000000132e-05 3.351940000000000301e-05
6.296000000000000000e+03 2.678819999999999875e-05 3.353259999999999807e-05
6.297000000000000000e+03 2.679629999999999957e-05 3.354590000000000013e-05
6.298000000000000000e+03 2.680450000000000061e-05 3.355920000000000219e-05
6.299000000000000000e+03 2.681260000000000143e-05 3.357249999999999747e-05
6.300000000000000000e+03 2.682069999999999886e-05 3.358579999999999953e-05
6.301000000000000000e+03 2.682889999999999990e-05 3.359910000000000159e-05
6.302000000000000000e+03 2.683700000000000072e-05 3.361249999999999709e-05
6.303000000000000000e+03 2.684510000000000154e-05 3.362579999999999915e-05
6.304000000000000000e+03 2.685309999999999875e-05 3.363910000000000121e-05
6.305000000000000000e+03 2.686079999999999870e-05 3.365240000000000326e-05
6.306000000000000000e+03 2.686859999999999886e-05 3.366579999999999876e-05
6.307000000000000000e+03 2.687629999999999880e-05 3.367910000000000082e-05
6.308000000000000000e+03 2.688409999999999896e-05 3.369250000000000310e-05
6.309000000000000000e+03 2.689179999999999891e-05 3.370579999999999838e-05
6.310000000000000000e+03 2.689959999999999907e-05 3.371920000000000066e-05
6.311000000000000000e+03 2.690729999999999901e-05 3.373260000000000294e-05
6.312000000000000000e+03 2.691509999999999918e-05 3.374589999999999822e-05
6.313000000000000000e+03 2.692289999999999934e-05 3.375930000000000049e-05
6.314000000000000000e+03 2.693059999999999928e-05 3.377270000000000277e-05
6.315000000000000000e+03 2.693839999999999944e-05 3.378609999999999827e-05
6.316000000000000000e+03 2.694619999999999961e-05 3.379950000000000055e-05
6.317000000000000000e+03 2.695389999999999955e-05 3.381290000000000283e-05
6.318000000000000000e+03 2.696169999999999971e-05 3.382629999999999833e-05
6.319000000000000000e+03 2.696949999999999987e-05 3.383970000000000061e-05
6.320000000000000000e+03 2.697730000000000004e-05 3.385320000000000310e-05
6.321000000000000000e+03 2.698499999999999998e-05 3.386659999999999860e-05
6.322000000000000000e+03 2.699280000000000014e-05 3.388000000000000088e-05
6.323000000000000000e+03 2.700060000000000031e-05 3.389350000000000338e-05
6.324000000000000000e+03 2.700840000000000047e-05 3.390689999999999888e-05
6.325000000000000000e+03 2.701620000000000063e-05 3.392040000000000138e-05
6.326000000000000000e+03 2.702400000000000079e-05 3.393379999999999688e-05
6.327000000000000000e+03 2.703180000000000096e-05 3.394729999999999937e-05
6.328000000000000000e+03 2.703960000000000112e-05 3.396070000000000165e-05
6.329000000000000000e+03 2.704740000000000128e-05 3.397419999999999737e-05
6.330000000000000000e+03 2.705520000000000144e-05 3.398769999999999987e-05
6.331000000000000000e+03 2.706300000000000161e-05 3.400120000000000236e-05
6.332000000000000000e+03 2.707079999999999838e-05 3.401469999999999808e-05
6.333000000000000000e+03 2.707859999999999854e-05 3.402820000000000058e-05
6.334000000000000000e+03 2.708639999999999870e-05 3.404170000000000308e-05
6.335000000000000000e+03 2.709419999999999887e-05 3.405519999999999880e-05
6.336000000000000000e+03 2.710199999999999903e-05 3.406870000000000129e-05
6.337000000000000000e+03 2.710979999999999919e-05 3.408219999999999701e-05
6.338000000000000000e+03 2.711769999999999957e-05 3.409579999999999973e-05
6.339000000000000000e+03 2.712549999999999974e-05 3.410930000000000223e-05
6.340000000000000000e+03 2.713329999999999990e-05 3.412279999999999795e-05
6.341000000000000000e+03 2.714110000000000006e-05 3.413640000000000066e-05
6.342000000000000000e+03 2.714900000000000044e-05 3.414990000000000316e-05
6.343000000000000000e+03 2.715680000000000061e-05 3.416349999999999910e-05
6.344000000000000000e+03 2.716549999999999935e-05 3.417710000000000181e-05
6.345000000000000000e+03 2.717499999999999986e-05 3.419059999999999753e-05
6.346000000000000000e+03 2.718460000000000058e-05 3.420420000000000025e-05
6.347000000000000000e+03 2.719420000000000130e-05 3.421780000000000297e-05
6.348000000000000000e+03 2.720369999999999841e-05 3.423139999999999891e-05
6.349000000000000000e+03 2.721329999999999913e-05 3.424500000000000162e-05
6.350000000000000000e+03 2.722289999999999985e-05 3.425859999999999756e-05
6.351000000000000000e+03 2.723240000000000036e-05 3.427220000000000028e-05
6.352000000000000000e+03 2.724200000000000108e-05 3.428580000000000299e-05
6.353000000000000000e+03 2.725159999999999841e-05 3.429939999999999893e-05
6.354000000000000000e+03 2.726119999999999913e-05 3.431300000000000165e-05
6.355000000000000000e+03 2.727079999999999985e-05 3.432669999999999781e-05
6.356000000000000000e+03 2.728040000000000057e-05 3.434030000000000052e-05
6.357000000000000000e+03 2.729000000000000130e-05 3.435390000000000324e-05
6.358000000000000000e+03 2.729959999999999863e-05 3.436759999999999940e-05
6.359000000000000000e+03 2.730919999999999935e-05 3.438120000000000211e-05
6.360000000000000000e+03 2.731880000000000007e-05 3.439489999999999827e-05
6.361000000000000000e+03 2.732840000000000079e-05 3.440860000000000121e-05
6.362000000000000000e+03 2.733800000000000151e-05 3.442219999999999715e-05
6.363000000000000000e+03 2.734759999999999885e-05 3.443590000000000008e-05
6.364000000000000000e+03 2.735719999999999957e-05 3.444960000000000302e-05
6.365000000000000000e+03 2.736680000000000029e-05 3.446329999999999918e-05
6.366000000000000000e+03 2.737650000000000123e-05 3.447700000000000211e-05
6.367000000000000000e+03 2.738609999999999856e-05 3.449069999999999827e-05
6.368000000000000000e+03 2.739569999999999928e-05 3.450440000000000120e-05
6.369000000000000000e+03 2.740540000000000022e-05 3.451809999999999736e-05
6.370000000000000000e+03 2.741500000000000095e-05 3.453180000000000030e-05
6.371000000000000000e+03 2.742460000000000167e-05 3.454559999999999668e-05
6.372000000000000000e+03 2.743429999999999922e-05 3.455929999999999961e-05
6.373000000000000000e+03 2.744389999999999994e-05 3.457300000000000255e-05
6.374000000000000000e+03 2.745360000000000088e-05 3.458679999999999892e-05
6.375000000000000000e+03 2.746320000000000160e-05 3.460050000000000186e-05
6.376000000000000000e+03 2.747289999999999915e-05 3.461429999999999824e-05
6.377000000000000000e+03 2.748260000000000010e-05 3.462800000000000117e-05
6.378000000000000000e+03 2.749220000000000082e-05 3.464179999999999755e-05
6.379000000000000000e+03 2.750189999999999837e-05 3.465560000000000071e-05
6.380000000000000000e+03 2.751159999999999931e-05 3.466939999999999708e-05
6.381000000000000000e+03 2.752120000000000003e-05 3.468310000000000002e-05
6.382000000000000000e+03 2.753090000000000097e-05 3.469690000000000317e-05
6.383000000000000000e+03 2.754059999999999852e-05 3.471069999999999955e-05
6.384000000000000000e+03 2.755009999999999903e-05 3.472450000000000271e-05
6.385000000000000000e+03 2.755929999999999887e-05 3.473829999999999908e-05
6.386000000000000000e+03 2.756849999999999871e-05 3.475220000000000246e-05
6.387000000000000000e+03 2.757769999999999856e-05 3.476599999999999884e-05
6.388000000000000000e+03 2.758689999999999840e-05 3.477980000000000199e-05
6.389000000000000000e+03 2.759619999999999847e-05 3.479369999999999859e-05
6.390000000000000000e+03 2.760539999999999831e-05 3.480750000000000174e-05
6.391000000000000000e+03 2.761460000000000154e-05 3.482129999999999812e-05
6.392000000000000000e+03 2.762390000000000161e-05 3.483520000000000149e-05
6.393000000000000000e+03 2.763310000000000145e-05 3.484909999999999809e-05
6.394000000000000000e+03 2.764240000000000151e-05 3.486290000000000125e-05
6.395000000000000000e+03 2.765160000000000136e-05 3.487679999999999784e-05
6.396000000000000000e+03 2.766090000000000142e-05 3.489070000000000122e-05
6.397000000000000000e+03 2.767010000000000126e-05 3.490449999999999759e-05
6.398000000000000000e+03 2.767940000000000133e-05 3.491840000000000097e-05
6.399000000000000000e+03 2.768860000000000117e-05 3.493229999999999757e-05
6.400000000000000000e+03 2.769790000000000124e-05 3.494620000000000094e-05
6.401000000000000000e+03 2.770720000000000130e-05 3.496009999999999754e-05
6.402000000000000000e+03 2.771640000000000114e-05 3.497410000000000113e-05
6.403000000000000000e+03 2.772570000000000121e-05 3.498799999999999773e-05
6.404000000000000000e+03 2.773500000000000127e-05 3.500190000000000110e-05
6.405000000000000000e+03 2.774420000000000111e-05 3.501579999999999770e-05
6.406000000000000000e+03 2.775350000000000118e-05 3.502980000000000129e-05
6.407000000000000000e+03 2.776280000000000124e-05 3.504369999999999789e-05
6.408000000000000000e+03 2.777210000000000130e-05 3.505770000000000148e-05
6.409000000000000000e+03 2.778140000000000137e-05 3.507159999999999808e-05
6.410000000000000000e+03 2.779070000000000143e-05 3.508560000000000167e-05
6.411000000000000000e+03 2.780000000000000149e-05 3.509959999999999849e-05
6.412000000000000000e+03 2.780930000000000156e-05 3.511350000000000186e-05
6.413000000000000000e+03 2.781860000000000162e-05 3.512749999999999868e-05
6.414000000000000000e+03 2.782790000000000169e-05 3.514150000000000227e-05
6.415000000000000000e+03 2.783719999999999836e-05 3.515549999999999909e-05
6.416000000000000000e+03 2.784649999999999842e-05 3.516950000000000268e-05
6.417000000000000000e+03 2.785579999999999849e-05 3.518349999999999950e-05
6.418000000000000000e+03 2.786509999999999855e-05 3.519750000000000309e-05
6.419000000000000000e+03 2.787449999999999883e-05 3.521149999999999991e-05
6.420000000000000000e+03 2.788379999999999890e-05 3.522559999999999694e-05
6.421000000000000000e+03 2.789309999999999896e-05 3.523960000000000054e-05
6.422000000000000000e+03 2.790239999999999902e-05 3.525359999999999735e-05
6.423000000000000000e+03 2.791179999999999931e-05 3.526770000000000116e-05
6.424000000000000000e+03 2.792129999999999981e-05 3.528169999999999798e-05
6.425000000000000000e+03 2.793080000000000031e-05 3.529580000000000179e-05
6.426000000000000000e+03 2.794030000000000081e-05 3.530979999999999861e-05
6.427000000000000000e+03 2.794980000000000131e-05 3.532390000000000242e-05
6.428000000000000000e+03 2.795929999999999843e-05 3.533799999999999946e-05
6.429000000000000000e+03 2.796879999999999893e-05 3.535200000000000305e-05
6.430000000000000000e+03 2.797829999999999943e-05 3.536610000000000009e-05
6.431000000000000000e+03 2.798790000000000015e-05 3.538019999999999712e-05
6.432000000000000000e+03 2.799740000000000066e-05 3.539430000000000093e-05
6.433000000000000000e+03 2.800690000000000116e-05 3.540839999999999797e-05
6.434000000000000000e+03 2.801640000000000166e-05 3.542250000000000178e-05
6.435000000000000000e+03 2.802599999999999899e-05 3.543669999999999904e-05
6.436000000000000000e+03 2.803549999999999949e-05 3.545080000000000285e-05
6.437000000000000000e+03 2.804510000000000022e-05 3.546489999999999989e-05
6.438000000000000000e+03 2.805460000000000072e-05 3.547899999999999692e-05
6.439000000000000000e+03 2.806410000000000122e-05 3.549320000000000095e-05
6.440000000000000000e+03 2.807369999999999855e-05 3.550729999999999799e-05
6.441000000000000000e+03 2.808329999999999927e-05 3.552150000000000202e-05
6.442000000000000000e+03 2.809279999999999978e-05 3.553559999999999906e-05
6.443000000000000000e+03 2.810240000000000050e-05 3.554980000000000309e-05
6.444000000000000000e+03 2.811190000000000100e-05 3.556400000000000034e-05
6.445000000000000000e+03 2.812149999999999833e-05 3.557819999999999760e-05
6.446000000000000000e+03 2.813109999999999905e-05 3.559230000000000141e-05
6.447000000000000000e+03 2.814059999999999956e-05 3.560649999999999867e-05
6.448000000000000000e+03 2.815020000000000028e-05 3.562070000000000270e-05
6.449000000000000000e+03 2.815980000000000100e-05 3.563489999999999995e-05
6.450000000000000000e+03 2.816939999999999833e-05 3.564909999999999721e-05
6.451000000000000000e+03 2.817899999999999905e-05 3.566340000000000146e-05
6.452000000000000000e+03 2.818859999999999977e-05 3.567759999999999871e-05
6.453000000000000000e+03 2.819820000000000049e-05 3.569180000000000274e-05
6.454000000000000000e+03 2.820770000000000100e-05 3.570600000000000000e-05
6.455000000000000000e+03 2.821729999999999833e-05 3.572029999999999747e-05
6.456000000000000000e+03 2.822699999999999927e-05 3.573450000000000151e-05
6.457000000000000000e+03 2.823659999999999999e-05 3.574879999999999898e-05
6.458000000000000000e+03 2.824620000000000071e-05 3.576300000000000301e-05
6.459000000000000000e+03 2.825580000000000143e-05 3.577730000000000049e-05
6.460000000000000000e+03 2.826539999999999877e-05 3.579159999999999796e-05
6.461000000000000000e+03 2.827499999999999949e-05 3.580590000000000221e-05
6.462000000000000000e+03 2.828460000000000021e-05 3.582009999999999947e-05
6.463000000000000000e+03 2.829540000000000017e-05 3.583439999999999694e-05
6.464000000000000000e+03 2.830739999999999938e-05 3.584870000000000119e-05
6.465000000000000000e+03 2.831939999999999859e-05 3.586299999999999867e-05
6.466000000000000000e+03 2.833140000000000118e-05 3.587730000000000292e-05
6.467000000000000000e+03 2.834340000000000039e-05 3.589170000000000061e-05
6.468000000000000000e+03 2.835539999999999960e-05 3.590599999999999809e-05
6.469000000000000000e+03 2.836739999999999881e-05 3.592030000000000234e-05
6.470000000000000000e+03 2.837940000000000140e-05 3.593459999999999981e-05
6.471000000000000000e+03 2.839140000000000061e-05 3.594899999999999750e-05
6.472000000000000000e+03 2.840339999999999982e-05 3.596330000000000175e-05
6.473000000000000000e+03 2.841539999999999902e-05 3.597769999999999945e-05
6.474000000000000000e+03 2.842740000000000162e-05 3.599199999999999692e-05
6.475000000000000000e+03 2.843950000000000105e-05 3.600640000000000139e-05
6.476000000000000000e+03 2.845150000000000025e-05 3.602079999999999909e-05
6.477000000000000000e+03 2.846349999999999946e-05 3.603519999999999678e-05
6.478000000000000000e+03 2.847559999999999889e-05 3.604950000000000103e-05
6.479000000000000000e+03 2.848760000000000148e-05 3.606389999999999872e-05
6.480000000000000000e+03 2.849970000000000091e-05 3.607830000000000319e-05
6.481000000000000000e+03 2.851180000000000034e-05 3.609270000000000089e-05
6.482000000000000000e+03 2.852379999999999955e-05 3.610709999999999858e-05
6.483000000000000000e+03 2.853589999999999897e-05 3.612160000000000327e-05
6.484000000000000000e+03 2.854799999999999840e-05 3.613600000000000097e-05
6.485000000000000000e+03 2.856010000000000121e-05 3.615039999999999866e-05
6.486000000000000000e+03 2.857210000000000042e-05 3.616490000000000335e-05
6.487000000000000000e+03 2.858419999999999985e-05 3.617930000000000104e-05
6.488000000000000000e+03 2.859629999999999927e-05 3.619369999999999874e-05
6.489000000000000000e+03 2.860839999999999870e-05 3.620819999999999665e-05
6.490000000000000000e+03 2.862050000000000152e-05 3.622270000000000134e-05
6.491000000000000000e+03 2.863270000000000116e-05 3.623709999999999903e-05
6.492000000000000000e+03 2.864480000000000059e-05 3.625159999999999694e-05
6.493000000000000000e+03 2.865690000000000002e-05 3.626610000000000163e-05
6.494000000000000000e+03 2.866899999999999944e-05 3.628059999999999955e-05
6.495000000000000000e+03 2.868119999999999909e-05 3.629509999999999746e-05
6.496000000000000000e+03 2.869329999999999852e-05 3.630960000000000215e-05
6.497000000000000000e+03 2.870540000000000133e-05 3.632410000000000006e-05
6.498000000000000000e+03 2.871760000000000098e-05 3.633859999999999798e-05
6.499000000000000000e+03 2.872970000000000040e-05 3.635310000000000266e-05
6.500000000000000000e+03 2.874190000000000005e-05 3.636760000000000058e-05
6.501000000000000000e+03 2.875409999999999970e-05 3.638209999999999849e-05
6.502000000000000000e+03 2.876619999999999912e-05 3.639669999999999662e-05
6.503000000000000000e+03 2.877770000000000062e-05 3.641120000000000131e-05
6.504000000000000000e+03 2.878860000000000080e-05 3.642579999999999944e-05
6.505000000000000000e+03 2.879940000000000077e-05 3.644029999999999736e-05
6.506000000000000000e+03 2.881030000000000095e-05 3.645490000000000227e-05
6.507000000000000000e+03 2.882110000000000092e-05 3.646950000000000040e-05
6.508000000000000000e+03 2.883200000000000110e-05 3.648399999999999831e-05
6.509000000000000000e+03 2.884280000000000107e-05 3.649860000000000322e-05
6.510000000000000000e+03 2.885370000000000125e-05 3.651320000000000135e-05
6.511000000000000000e+03 2.886450000000000121e-05 3.652779999999999948e-05
6.512000000000000000e+03 2.887540000000000140e-05 3.654239999999999762e-05
6.513000000000000000e+03 2.888630000000000158e-05 3.655700000000000252e-05
6.514000000000000000e+03 2.889710000000000154e-05 3.657160000000000066e-05
6.515000000000000000e+03 2.890799999999999834e-05 3.658619999999999879e-05
6.516000000000000000e+03 2.891889999999999852e-05 3.660089999999999714e-05
6.517000000000000000e+03 2.892979999999999871e-05 3.661550000000000205e-05
6.518000000000000000e+03 2.894069999999999889e-05 3.663010000000000018e-05
6.519000000000000000e+03 2.895159999999999907e-05 3.664479999999999853e-05
6.520000000000000000e+03 2.896249999999999926e-05 3.665939999999999667e-05
6.521000000000000000e+03 2.897339999999999944e-05 3.667410000000000179e-05
6.522000000000000000e+03 2.898429999999999963e-05 3.668869999999999993e-05
6.523000000000000000e+03 2.899519999999999981e-05 3.670339999999999828e-05
6.524000000000000000e+03 2.900609999999999999e-05 3.671809999999999663e-05
6.525000000000000000e+03 2.901700000000000018e-05 3.673280000000000176e-05
6.526000000000000000e+03 2.902800000000000058e-05 3.674750000000000011e-05
6.527000000000000000e+03 2.903890000000000076e-05 3.676219999999999846e-05
6.528000000000000000e+03 2.904980000000000095e-05 3.677689999999999681e-05
6.529000000000000000e+03 2.906080000000000135e-05 3.679160000000000194e-05
6.530000000000000000e+03 2.907170000000000153e-05 3.680630000000000029e-05
6.531000000000000000e+03 2.908269999999999855e-05 3.682099999999999864e-05
6.532000000000000000e+03 2.909359999999999873e-05 3.683569999999999699e-05
6.533000000000000000e+03 2.910459999999999913e-05 3.685050000000000234e-05
6.534000000000000000e+03 2.911549999999999932e-05 3.686520000000000069e-05
6.535000000000000000e+03 2.912649999999999972e-05 3.687999999999999926e-05
6.536000000000000000e+03 2.913739999999999990e-05 3.689469999999999761e-05
6.537000000000000000e+03 2.914840000000000031e-05 3.690950000000000296e-05
6.538000000000000000e+03 2.915940000000000071e-05 3.692430000000000153e-05
6.539000000000000000e+03 2.917040000000000111e-05 3.693899999999999988e-05
6.540000000000000000e+03 2.918140000000000152e-05 3.695379999999999845e-05
6.541000000000000000e+03 2.919229999999999831e-05 3.696859999999999703e-05
6.542000000000000000e+03 2.920329999999999871e-05 3.698340000000000237e-05
6.543000000000000000e+03 2.921360000000000097e-05 3.699820000000000094e-05
6.544000000000000000e+03 2.922310000000000147e-05 3.701299999999999951e-05
6.545000000000000000e+03 2.923259999999999859e-05 3.702779999999999808e-05
6.546000000000000000e+03 2.924209999999999909e-05 3.704259999999999666e-05
6.547000000000000000e+03 2.925159999999999959e-05 3.705740000000000200e-05
6.548000000000000000e+03 2.926110000000000009e-05 3.707230000000000079e-05
6.549000000000000000e+03 2.927060000000000059e-05 3.708709999999999936e-05
6.550000000000000000e+03 2.928010000000000110e-05 3.710199999999999815e-05
6.551000000000000000e+03 2.928960000000000160e-05 3.711679999999999672e-05
6.552000000000000000e+03 2.929919999999999893e-05 3.713170000000000229e-05
6.553000000000000000e+03 2.930869999999999943e-05 3.714650000000000086e-05
6.554000000000000000e+03 2.931819999999999994e-05 3.716139999999999965e-05
6.555000000000000000e+03 2.932780000000000066e-05 3.717629999999999844e-05
6.556000000000000000e+03 2.933730000000000116e-05 3.719119999999999723e-05
6.557000000000000000e+03 2.934680000000000166e-05 3.720610000000000280e-05
6.558000000000000000e+03 2.935639999999999899e-05 3.722100000000000159e-05
6.559000000000000000e+03 2.936589999999999950e-05 3.723590000000000038e-05
6.560000000000000000e+03 2.937550000000000022e-05 3.725079999999999917e-05
6.561000000000000000e+03 2.938500000000000072e-05 3.726569999999999796e-05
6.562000000000000000e+03 2.939460000000000144e-05 3.728059999999999675e-05
6.563000000000000000e+03 2.940409999999999855e-05 3.729550000000000232e-05
6.564000000000000000e+03 2.941369999999999928e-05 3.731050000000000132e-05
6.565000000000000000e+03 2.942319999999999978e-05 3.732540000000000011e-05
6.566000000000000000e+03 2.943280000000000050e-05 3.734039999999999912e-05
6.567000000000000000e+03 2.944240000000000122e-05 3.735529999999999791e-05
6.568000000000000000e+03 2.945189999999999833e-05 3.737029999999999692e-05
6.569000000000000000e+03 2.946149999999999905e-05 3.738530000000000271e-05
6.570000000000000000e+03 2.947109999999999978e-05 3.740020000000000150e-05
6.571000000000000000e+03 2.948070000000000050e-05 3.741520000000000051e-05
6.572000000000000000e+03 2.949030000000000122e-05 3.743019999999999952e-05
6.573000000000000000e+03 2.949989999999999855e-05 3.744519999999999853e-05
6.574000000000000000e+03 2.950939999999999905e-05 3.746019999999999754e-05
6.575000000000000000e+03 2.951899999999999977e-05 3.747520000000000332e-05
6.576000000000000000e+03 2.952860000000000050e-05 3.749020000000000233e-05
6.577000000000000000e+03 2.953820000000000122e-05 3.750520000000000134e-05
6.578000000000000000e+03 2.954779999999999855e-05 3.752030000000000057e-05
6.579000000000000000e+03 2.955749999999999949e-05 3.753529999999999958e-05
6.580000000000000000e+03 2.956710000000000021e-05 3.755029999999999859e-05
6.581000000000000000e+03 2.957670000000000093e-05 3.756539999999999782e-05
6.582000000000000000e+03 2.958630000000000165e-05 3.758039999999999683e-05
6.583000000000000000e+03 2.959680000000000096e-05 3.759550000000000283e-05
6.584000000000000000e+03 2.960829999999999907e-05 3.761060000000000206e-05
6.585000000000000000e+03 2.961980000000000057e-05 3.762560000000000107e-05
6.586000000000000000e+03 2.963129999999999868e-05 3.764070000000000030e-05
6.587000000000000000e+03 2.964280000000000018e-05 3.765579999999999953e-05
6.588000000000000000e+03 2.965430000000000168e-05 3.767089999999999875e-05
6.589000000000000000e+03 2.966590000000000001e-05 3.768599999999999798e-05
6.590000000000000000e+03 2.967740000000000151e-05 3.770109999999999721e-05
6.591000000000000000e+03 2.968889999999999962e-05 3.771620000000000322e-05
6.592000000000000000e+03 2.970040000000000112e-05 3.773140000000000266e-05
6.593000000000000000e+03 2.971199999999999945e-05 3.774650000000000189e-05
6.594000000000000000e+03 2.972350000000000095e-05 3.776160000000000112e-05
6.595000000000000000e+03 2.973499999999999906e-05 3.777680000000000057e-05
6.596000000000000000e+03 2.974660000000000078e-05 3.779189999999999980e-05
6.597000000000000000e+03 2.975809999999999889e-05 3.780709999999999925e-05
6.598000000000000000e+03 2.976970000000000061e-05 3.782219999999999848e-05
6.599000000000000000e+03 2.978119999999999872e-05 3.783739999999999792e-05
6.600000000000000000e+03 2.979280000000000044e-05 3.785249999999999715e-05
6.601000000000000000e+03 2.980439999999999877e-05 3.786770000000000338e-05
6.602000000000000000e+03 2.981590000000000027e-05 3.788290000000000282e-05
6.603000000000000000e+03 2.982749999999999860e-05 3.789810000000000227e-05
6.604000000000000000e+03 2.983910000000000032e-05 3.791330000000000172e-05
6.605000000000000000e+03 2.985069999999999865e-05 3.792850000000000117e-05
6.606000000000000000e+03 2.986230000000000037e-05 3.794370000000000062e-05
6.607000000000000000e+03 2.987389999999999870e-05 3.795890000000000006e-05
6.608000000000000000e+03 2.988550000000000042e-05 3.797419999999999973e-05
6.609000000000000000e+03 2.989709999999999875e-05 3.798939999999999918e-05
6.610000000000000000e+03 2.990870000000000047e-05 3.800459999999999863e-05
6.611000000000000000e+03 2.992029999999999880e-05 3.801989999999999829e-05
6.612000000000000000e+03 2.993190000000000051e-05 3.803509999999999774e-05
6.613000000000000000e+03 2.994349999999999884e-05 3.805039999999999741e-05
6.614000000000000000e+03 2.995520000000000078e-05 3.806569999999999708e-05
6.615000000000000000e+03 2.996679999999999911e-05 3.808090000000000330e-05
6.616000000000000000e+03 2.997840000000000083e-05 3.809620000000000297e-05
6.617000000000000000e+03 2.999009999999999938e-05 3.811150000000000263e-05
6.618000000000000000e+03 3.000170000000000110e-05 3.812680000000000230e-05
6.619000000000000000e+03 3.001339999999999965e-05 3.814210000000000197e-05
6.620000000000000000e+03 3.002500000000000137e-05 3.815740000000000164e-05
6.621000000000000000e+03 3.003669999999999992e-05 3.817270000000000130e-05
6.622000000000000000e+03 3.004830000000000164e-05 3.818800000000000097e-05
6.623000000000000000e+03 3.005860000000000050e-05 3.820340000000000086e-05
6.624000000000000000e+03 3.006749999999999969e-05 3.821870000000000052e-05
6.625000000000000000e+03 3.007639999999999888e-05 3.823400000000000019e-05
6.626000000000000000e+03 3.008520000000000123e-05 3.824940000000000008e-05
6.627000000000000000e+03 3.009410000000000042e-05 3.826469999999999974e-05
6.628000000000000000e+03 3.010299999999999960e-05 3.828009999999999963e-05
6.629000000000000000e+03 3.011189999999999879e-05 3.829549999999999952e-05
6.630000000000000000e+03 3.012080000000000137e-05 3.831079999999999918e-05
6.631000000000000000e+03 3.012970000000000055e-05 3.832619999999999907e-05
6.632000000000000000e+03 3.013859999999999974e-05 3.834159999999999896e-05
6.633000000000000000e+03 3.014749999999999892e-05 3.835699999999999884e-05
6.634000000000000000e+03 3.015640000000000150e-05 3.837239999999999873e-05
6.635000000000000000e+03 3.016530000000000069e-05 3.838779999999999862e-05
6.636000000000000000e+03 3.017419999999999987e-05 3.840319999999999850e-05
6.637000000000000000e+03 3.018309999999999906e-05 3.841859999999999839e-05
6.638000000000000000e+03 3.019200000000000163e-05 3.843409999999999849e-05
6.639000000000000000e+03 3.020090000000000082e-05 3.844949999999999838e-05
6.640000000000000000e+03 3.020990000000000022e-05 3.846489999999999827e-05
6.641000000000000000e+03 3.021879999999999941e-05 3.848039999999999837e-05
6.642000000000000000e+03 3.022769999999999860e-05 3.849579999999999826e-05
6.643000000000000000e+03 3.023660000000000117e-05 3.851129999999999837e-05
6.644000000000000000e+03 3.024560000000000058e-05 3.852679999999999847e-05
6.645000000000000000e+03 3.025449999999999976e-05 3.854219999999999836e-05
6.646000000000000000e+03 3.026339999999999895e-05 3.855769999999999846e-05
6.647000000000000000e+03 3.027239999999999836e-05 3.857319999999999857e-05
6.648000000000000000e+03 3.028130000000000093e-05 3.858869999999999867e-05
6.649000000000000000e+03 3.029030000000000034e-05 3.860419999999999878e-05
6.650000000000000000e+03 3.029919999999999952e-05 3.861969999999999889e-05
6.651000000000000000e+03 3.030819999999999893e-05 3.863519999999999899e-05
6.652000000000000000e+03 3.031710000000000150e-05 3.865069999999999910e-05
6.653000000000000000e+03 3.032610000000000091e-05 3.866629999999999942e-05
6.654000000000000000e+03 3.033500000000000009e-05 3.868179999999999953e-05
6.655000000000000000e+03 3.034399999999999950e-05 3.869739999999999985e-05
6.656000000000000000e+03 3.035289999999999869e-05 3.871289999999999996e-05
6.657000000000000000e+03 3.036190000000000148e-05 3.872850000000000028e-05
6.658000000000000000e+03 3.037090000000000089e-05 3.874400000000000039e-05
6.659000000000000000e+03 3.037980000000000007e-05 3.875960000000000071e-05
6.660000000000000000e+03 3.038879999999999948e-05 3.877520000000000104e-05
6.661000000000000000e+03 3.039779999999999888e-05 3.879070000000000115e-05
6.662000000000000000e+03 3.040680000000000168e-05 3.880630000000000147e-05
6.663000000000000000e+03 3.041669999999999967e-05 3.882190000000000180e-05
6.664000000000000000e+03 3.042770000000000007e-05 3.883750000000000212e-05
6.665000000000000000e+03 3.043880000000000069e-05 3.885310000000000245e-05
6.666000000000000000e+03 3.044980000000000110e-05 3.886880000000000299e-05
6.667000000000000000e+03 3.046080000000000150e-05 3.888440000000000331e-05
6.668000000000000000e+03 3.047179999999999851e-05 3.889999999999999686e-05
6.669000000000000000e+03 3.048279999999999892e-05 3.891559999999999719e-05
6.670000000000000000e+03 3.049389999999999954e-05 3.893129999999999773e-05
6.671000000000000000e+03 3.050489999999999994e-05 3.894689999999999806e-05
6.672000000000000000e+03 3.051590000000000034e-05 3.896259999999999860e-05
6.673000000000000000e+03 3.052700000000000097e-05 3.897829999999999915e-05
6.674000000000000000e+03 3.053799999999999798e-05 3.899389999999999947e-05
6.675000000000000000e+03 3.054900000000000177e-05 3.900960000000000002e-05
6.676000000000000000e+03 3.056009999999999901e-05 3.902530000000000056e-05
6.677000000000000000e+03 3.057120000000000302e-05 3.904100000000000110e-05
6.678000000000000000e+03 3.058220000000000003e-05 3.905670000000000165e-05
6.679000000000000000e+03 3.059329999999999726e-05 3.907240000000000219e-05
6.680000000000000000e+03 3.060430000000000106e-05 3.908810000000000274e-05
6.681000000000000000e+03 3.061539999999999829e-05 3.910380000000000328e-05
6.682000000000000000e+03 3.062650000000000230e-05 3.911959999999999727e-05
6.683000000000000000e+03 3.063759999999999953e-05 3.913529999999999781e-05
6.684000000000000000e+03 3.064869999999999677e-05 3.915099999999999836e-05
6.685000000000000000e+03 3.065970000000000056e-05 3.916679999999999912e-05
6.686000000000000000e+03 3.067079999999999779e-05 3.918249999999999966e-05
6.687000000000000000e+03 3.068190000000000180e-05 3.919830000000000043e-05
6.688000000000000000e+03 3.069299999999999904e-05 3.921410000000000119e-05
6.689000000000000000e+03 3.070410000000000305e-05 3.922980000000000174e-05
6.690000000000000000e+03 3.071520000000000028e-05 3.924560000000000250e-05
6.691000000000000000e+03 3.072629999999999752e-05 3.926140000000000326e-05
6.692000000000000000e+03 3.073750000000000175e-05 3.927719999999999725e-05
6.693000000000000000e+03 3.074859999999999898e-05 3.929299999999999801e-05
6.694000000000000000e+03 3.075970000000000299e-05 3.930879999999999878e-05
6.695000000000000000e+03 3.077080000000000022e-05 3.932459999999999954e-05
6.696000000000000000e+03 3.078199999999999768e-05 3.934040000000000030e-05
6.697000000000000000e+03 3.079310000000000169e-05 3.935630000000000129e-05
6.698000000000000000e+03 3.080419999999999892e-05 3.937210000000000205e-05
6.699000000000000000e+03 3.081540000000000315e-05 3.938790000000000281e-05
6.700000000000000000e+03 3.082650000000000039e-05 3.940379999999999702e-05
6.701000000000000000e+03 3.083769999999999784e-05 3.941969999999999800e-05
6.702000000000000000e+03 3.084880000000000185e-05 3.943549999999999877e-05
6.703000000000000000e+03 3.086019999999999974e-05 3.945139999999999975e-05
6.704000000000000000e+03 3.087189999999999829e-05 3.946730000000000073e-05
6.705000000000000000e+03 3.088359999999999684e-05 3.948320000000000171e-05
6.706000000000000000e+03 3.089520000000000195e-05 3.949900000000000248e-05
6.707000000000000000e+03 3.090690000000000050e-05 3.951489999999999668e-05
6.708000000000000000e+03 3.091859999999999905e-05 3.953089999999999789e-05
6.709000000000000000e+03 3.093029999999999760e-05 3.954679999999999887e-05
6.710000000000000000e+03 3.094200000000000292e-05 3.956269999999999985e-05
6.711000000000000000e+03 3.095370000000000147e-05 3.957860000000000084e-05
6.712000000000000000e+03 3.096540000000000002e-05 3.959450000000000182e-05
6.713000000000000000e+03 3.097709999999999857e-05 3.961050000000000302e-05
6.714000000000000000e+03 3.098879999999999712e-05 3.962639999999999723e-05
6.715000000000000000e+03 3.100050000000000245e-05 3.964239999999999843e-05
6.716000000000000000e+03 3.101220000000000100e-05 3.965829999999999941e-05
6.717000000000000000e+03 3.102389999999999955e-05 3.967430000000000061e-05
6.718000000000000000e+03 3.103559999999999810e-05 3.969030000000000182e-05
6.719000000000000000e+03 3.104739999999999686e-05 3.970630000000000302e-05
6.720000000000000000e+03 3.105910000000000219e-05 3.972229999999999744e-05
6.721000000000000000e+03 3.107080000000000074e-05 3.973829999999999865e-05
6.722000000000000000e+03 3.108259999999999951e-05 3.975429999999999985e-05
6.723000000000000000e+03 3.109429999999999806e-05 3.977030000000000105e-05
6.724000000000000000e+03 3.110609999999999683e-05 3.978630000000000225e-05
6.725000000000000000e+03 3.111780000000000215e-05 3.980229999999999668e-05
6.726000000000000000e+03 3.112960000000000092e-05 3.981829999999999788e-05
6.727000000000000000e+03 3.114139999999999969e-05 3.983439999999999930e-05
6.728000000000000000e+03 3.115309999999999824e-05 3.985040000000000050e-05
6.729000000000000000e+03 3.116489999999999701e-05 3.986650000000000192e-05
6.730000000000000000e+03 3.117670000000000256e-05 3.988250000000000313e-05
6.731000000000000000e+03 3.118840000000000110e-05 3.989859999999999777e-05
6.732000000000000000e+03 3.120019999999999987e-05 3.991469999999999919e-05
6.733000000000000000e+03 3.121199999999999864e-05 3.993080000000000061e-05
6.734000000000000000e+03 3.122379999999999741e-05 3.994680000000000182e-05
6.735000000000000000e+03 3.123560000000000296e-05 3.996290000000000324e-05
6.736000000000000000e+03 3.124740000000000173e-05 3.997899999999999788e-05
6.737000000000000000e+03 3.125920000000000049e-05 3.999509999999999930e-05
6.738000000000000000e+03 3.127099999999999926e-05 4.001130000000000094e-05
6.739000000000000000e+03 3.128289999999999825e-05 4.002740000000000237e-05
6.740000000000000000e+03 3.129469999999999702e-05 4.004349999999999701e-05
6.741000000000000000e+03 3.130650000000000257e-05 4.005959999999999843e-05
6.742000000000000000e+03 3.131830000000000133e-05 4.007580000000000007e-05
6.743000000000000000e+03 3.132949999999999879e-05 4.009190000000000149e-05
6.744000000000000000e+03 3.134010000000000170e-05 4.010810000000000313e-05
6.745000000000000000e+03 3.135059999999999762e-05 4.012429999999999800e-05
6.746000000000000000e+03 3.136120000000000053e-05 4.014039999999999942e-05
6.747000000000000000e+03 3.137170000000000323e-05 4.015660000000000106e-05
6.748000000000000000e+03 3.138229999999999937e-05 4.017280000000000270e-05
6.749000000000000000e+03 3.139280000000000206e-05 4.018899999999999757e-05
6.750000000000000000e+03 3.140339999999999820e-05 4.020519999999999921e-05
6.751000000000000000e+03 3.141390000000000089e-05 4.022140000000000085e-05
6.752000000000000000e+03 3.142449999999999703e-05 4.023760000000000249e-05
6.753000000000000000e+03 3.143509999999999995e-05 4.025379999999999735e-05
6.754000000000000000e+03 3.144570000000000286e-05 4.027009999999999921e-05
6.755000000000000000e+03 3.145619999999999878e-05 4.028630000000000085e-05
6.756000000000000000e+03 3.146680000000000169e-05 4.030250000000000249e-05
6.757000000000000000e+03 3.147739999999999783e-05 4.031879999999999758e-05
6.758000000000000000e+03 3.148800000000000074e-05 4.033499999999999922e-05
6.759000000000000000e+03 3.149859999999999688e-05 4.035130000000000108e-05
6.760000000000000000e+03 3.150919999999999980e-05 4.036760000000000294e-05
6.761000000000000000e+03 3.151980000000000271e-05 4.038389999999999802e-05
6.762000000000000000e+03 3.153039999999999885e-05 4.040009999999999966e-05
6.763000000000000000e+03 3.154100000000000176e-05 4.041640000000000152e-05
6.764000000000000000e+03 3.155159999999999790e-05 4.043270000000000338e-05
6.765000000000000000e+03 3.156220000000000081e-05 4.044899999999999847e-05
6.766000000000000000e+03 3.157279999999999695e-05 4.046530000000000032e-05
6.767000000000000000e+03 3.158350000000000008e-05 4.048170000000000240e-05
6.768000000000000000e+03 3.159410000000000300e-05 4.049799999999999749e-05
6.769000000000000000e+03 3.160469999999999913e-05 4.051429999999999935e-05
6.770000000000000000e+03 3.161540000000000227e-05 4.053070000000000143e-05
6.771000000000000000e+03 3.162599999999999841e-05 4.054700000000000329e-05
6.772000000000000000e+03 3.163660000000000132e-05 4.056339999999999859e-05
6.773000000000000000e+03 3.164729999999999768e-05 4.057970000000000045e-05
6.774000000000000000e+03 3.165790000000000059e-05 4.059610000000000253e-05
6.775000000000000000e+03 3.166859999999999695e-05 4.061249999999999783e-05
6.776000000000000000e+03 3.167919999999999986e-05 4.062889999999999991e-05
6.777000000000000000e+03 3.168990000000000299e-05 4.064530000000000199e-05
6.778000000000000000e+03 3.170049999999999913e-05 4.066169999999999729e-05
6.779000000000000000e+03 3.171120000000000227e-05 4.067809999999999937e-05
6.780000000000000000e+03 3.172189999999999862e-05 4.069450000000000145e-05
6.781000000000000000e+03 3.173250000000000154e-05 4.071089999999999675e-05
6.782000000000000000e+03 3.174319999999999789e-05 4.072729999999999883e-05
6.783000000000000000e+03 3.175559999999999798e-05 4.074380000000000113e-05
6.784000000000000000e+03 3.176980000000000201e-05 4.076020000000000321e-05
6.785000000000000000e+03 3.178399999999999926e-05 4.077669999999999873e-05
6.786000000000000000e+03 3.179810000000000308e-05 4.079310000000000081e-05
6.787000000000000000e+03 3.181230000000000033e-05 4.080960000000000311e-05
6.788000000000000000e+03 3.182649999999999759e-05 4.082599999999999841e-05
6.789000000000000000e+03 3.184070000000000162e-05 4.084250000000000071e-05
6.790000000000000000e+03 3.185489999999999887e-05 4.085900000000000301e-05
6.791000000000000000e+03 3.186910000000000291e-05 4.087549999999999853e-05
6.792000000000000000e+03 3.188330000000000016e-05 4.089200000000000083e-05
6.793000000000000000e+03 3.189749999999999742e-05 4.090850000000000313e-05
6.794000000000000000e+03 3.191170000000000145e-05 4.092499999999999865e-05
6.795000000000000000e+03 3.192599999999999892e-05 4.094150000000000095e-05
6.796000000000000000e+03 3.194020000000000295e-05 4.095809999999999669e-05
6.797000000000000000e+03 3.195440000000000021e-05 4.097459999999999899e-05
6.798000000000000000e+03 3.196869999999999768e-05 4.099110000000000129e-05
6.799000000000000000e+03 3.198290000000000171e-05 4.100769999999999703e-05
6.800000000000000000e+03 3.199719999999999919e-05 4.102429999999999955e-05
6.801000000000000000e+03 3.201149999999999666e-05 4.104080000000000185e-05
6.802000000000000000e+03 3.202570000000000069e-05 4.105739999999999759e-05
6.803000000000000000e+03 3.203999999999999817e-05 4.107400000000000010e-05
6.804000000000000000e+03 3.205430000000000242e-05 4.109060000000000262e-05
6.805000000000000000e+03 3.206859999999999989e-05 4.110709999999999814e-05
6.806000000000000000e+03 3.208289999999999737e-05 4.112370000000000066e-05
6.807000000000000000e+03 3.209720000000000162e-05 4.114039999999999662e-05
6.808000000000000000e+03 3.211149999999999909e-05 4.115699999999999914e-05
6.809000000000000000e+03 3.212580000000000334e-05 4.117360000000000166e-05
6.810000000000000000e+03 3.214020000000000104e-05 4.119019999999999740e-05
6.811000000000000000e+03 3.215449999999999851e-05 4.120690000000000014e-05
6.812000000000000000e+03 3.216880000000000276e-05 4.122350000000000265e-05
6.813000000000000000e+03 3.218320000000000046e-05 4.124019999999999861e-05
6.814000000000000000e+03 3.219749999999999793e-05 4.125680000000000113e-05
6.815000000000000000e+03 3.221190000000000240e-05 4.127349999999999709e-05
6.816000000000000000e+03 3.222619999999999988e-05 4.129019999999999983e-05
6.817000000000000000e+03 3.224059999999999757e-05 4.130680000000000235e-05
6.818000000000000000e+03 3.225500000000000204e-05 4.132349999999999831e-05
6.819000000000000000e+03 3.226939999999999973e-05 4.134020000000000105e-05
6.820000000000000000e+03 3.228369999999999721e-05 4.135689999999999701e-05
6.821000000000000000e+03 3.229810000000000168e-05 4.137359999999999974e-05
6.822000000000000000e+03 3.231249999999999937e-05 4.139030000000000248e-05
6.823000000000000000e+03 3.232530000000000033e-05 4.140709999999999866e-05
6.824000000000000000e+03 3.233810000000000129e-05 4.142380000000000140e-05
6.825000000000000000e+03 3.235100000000000248e-05 4.144049999999999736e-05
6.826000000000000000e+03 3.236379999999999666e-05 4.145730000000000031e-05
6.827000000000000000e+03 3.237659999999999762e-05 4.147400000000000305e-05
6.828000000000000000e+03 3.238939999999999858e-05 4.149079999999999923e-05
6.829000000000000000e+03 3.240219999999999955e-05 4.150760000000000219e-05
6.830000000000000000e+03 3.241510000000000073e-05 4.152429999999999815e-05
6.831000000000000000e+03 3.242790000000000169e-05 4.154110000000000110e-05
6.832000000000000000e+03 3.244080000000000287e-05 4.155789999999999728e-05
6.833000000000000000e+03 3.245359999999999706e-05 4.157470000000000024e-05
6.834000000000000000e+03 3.246649999999999824e-05 4.159150000000000320e-05
6.835000000000000000e+03 3.247929999999999920e-05 4.160829999999999938e-05
6.836000000000000000e+03 3.249220000000000038e-05 4.162510000000000233e-05
6.837000000000000000e+03 3.250510000000000156e-05 4.164199999999999873e-05
6.838000000000000000e+03 3.251790000000000252e-05 4.165880000000000169e-05
6.839000000000000000e+03 3.253079999999999693e-05 4.167559999999999787e-05
6.840000000000000000e+03 3.254369999999999811e-05 4.169250000000000104e-05
6.841000000000000000e+03 3.255659999999999929e-05 4.170929999999999722e-05
6.842000000000000000e+03 3.256950000000000047e-05 4.172620000000000040e-05
6.843000000000000000e+03 3.258240000000000165e-05 4.174309999999999680e-05
6.844000000000000000e+03 3.259530000000000283e-05 4.175999999999999997e-05
6.845000000000000000e+03 3.260819999999999724e-05 4.177680000000000293e-05
6.846000000000000000e+03 3.262109999999999842e-05 4.179369999999999933e-05
6.847000000000000000e+03 3.263409999999999982e-05 4.181060000000000250e-05
6.848000000000000000e+03 3.264700000000000100e-05 4.182749999999999890e-05
6.849000000000000000e+03 3.265990000000000218e-05 4.184450000000000230e-05
6.850000000000000000e+03 3.267280000000000336e-05 4.186139999999999870e-05
6.851000000000000000e+03 3.268579999999999798e-05 4.187830000000000187e-05
6.852000000000000000e+03 3.269869999999999916e-05 4.189519999999999827e-05
6.853000000000000000e+03 3.271170000000000056e-05 4.191220000000000167e-05
6.854000000000000000e+03 3.272460000000000174e-05 4.192909999999999807e-05
6.855000000000000000e+03 3.273760000000000315e-05 4.194610000000000146e-05
6.856000000000000000e+03 3.275059999999999777e-05 4.196309999999999808e-05
6.857000000000000000e+03 3.276349999999999895e-05 4.198000000000000126e-05
6.858000000000000000e+03 3.277650000000000035e-05 4.199699999999999787e-05
6.859000000000000000e+03 3.278950000000000175e-05 4.201400000000000127e-05
6.860000000000000000e+03 3.280250000000000315e-05 4.203099999999999789e-05
6.861000000000000000e+03 3.281549999999999777e-05 4.204800000000000128e-05
6.862000000000000000e+03 3.282759999999999720e-05 4.206499999999999790e-05
6.863000000000000000e+03 3.283890000000000165e-05 4.208200000000000130e-05
6.864000000000000000e+03 3.285009999999999910e-05 4.209909999999999813e-05
6.865000000000000000e+03 3.286139999999999678e-05 4.211610000000000153e-05
6.866000000000000000e+03 3.287270000000000122e-05 4.213309999999999815e-05
6.867000000000000000e+03 3.288399999999999890e-05 4.215020000000000176e-05
6.868000000000000000e+03 3.289520000000000313e-05 4.216719999999999838e-05
6.869000000000000000e+03 3.290650000000000080e-05 4.218430000000000199e-05
6.870000000000000000e+03 3.291779999999999847e-05 4.220139999999999883e-05
6.871000000000000000e+03 3.292910000000000292e-05 4.221850000000000244e-05
6.872000000000000000e+03 3.294040000000000059e-05 4.223549999999999906e-05
6.873000000000000000e+03 3.295169999999999827e-05 4.225260000000000268e-05
6.874000000000000000e+03 3.296300000000000271e-05 4.226969999999999952e-05
6.875000000000000000e+03 3.297430000000000039e-05 4.228680000000000313e-05
6.876000000000000000e+03 3.298559999999999806e-05 4.230400000000000019e-05
6.877000000000000000e+03 3.299690000000000251e-05 4.232109999999999702e-05
6.878000000000000000e+03 3.300830000000000040e-05 4.233820000000000064e-05
6.879000000000000000e+03 3.301959999999999807e-05 4.235529999999999748e-05
6.880000000000000000e+03 3.303090000000000252e-05 4.237250000000000131e-05
6.881000000000000000e+03 3.304230000000000041e-05 4.238959999999999815e-05
6.882000000000000000e+03 3.305359999999999809e-05 4.240680000000000198e-05
6.883000000000000000e+03 3.306490000000000254e-05 4.242399999999999904e-05
6.884000000000000000e+03 3.307630000000000043e-05 4.244110000000000265e-05
6.885000000000000000e+03 3.308759999999999810e-05 4.245829999999999971e-05
6.886000000000000000e+03 3.309900000000000277e-05 4.247549999999999677e-05
6.887000000000000000e+03 3.311030000000000044e-05 4.249270000000000060e-05
6.888000000000000000e+03 3.312169999999999833e-05 4.250989999999999766e-05
6.889000000000000000e+03 3.313300000000000278e-05 4.252710000000000149e-05
6.890000000000000000e+03 3.314440000000000067e-05 4.254439999999999877e-05
6.891000000000000000e+03 3.315579999999999857e-05 4.256160000000000260e-05
6.892000000000000000e+03 3.316720000000000323e-05 4.257879999999999966e-05
6.893000000000000000e+03 3.317850000000000091e-05 4.259609999999999693e-05
6.894000000000000000e+03 3.318989999999999880e-05 4.261330000000000077e-05
6.895000000000000000e+03 3.320129999999999669e-05 4.263059999999999804e-05
6.896000000000000000e+03 3.321270000000000136e-05 4.264780000000000188e-05
6.897000000000000000e+03 3.322409999999999925e-05 4.266509999999999915e-05
6.898000000000000000e+03 3.323549999999999714e-05 4.268240000000000320e-05
6.899000000000000000e+03 3.324690000000000181e-05 4.269970000000000048e-05
6.900000000000000000e+03 3.325829999999999970e-05 4.271699999999999776e-05
6.901000000000000000e+03 3.326969999999999759e-05 4.273430000000000181e-05
6.902000000000000000e+03 3.328239999999999834e-05 4.275159999999999909e-05
6.903000000000000000e+03 3.329650000000000215e-05 4.276890000000000314e-05
6.904000000000000000e+03 3.331069999999999940e-05 4.278620000000000041e-05
6.905000000000000000e+03 3.332480000000000322e-05 4.280359999999999791e-05
6.906000000000000000e+03 3.333890000000000025e-05 4.282090000000000196e-05
6.907000000000000000e+03 3.335299999999999729e-05 4.283819999999999924e-05
6.908000000000000000e+03 3.336710000000000110e-05 4.285559999999999673e-05
6.909000000000000000e+03 3.338129999999999835e-05 4.287300000000000101e-05
6.910000000000000000e+03 3.339540000000000217e-05 4.289029999999999828e-05
6.911000000000000000e+03 3.340959999999999942e-05 4.290770000000000255e-05
6.912000000000000000e+03 3.342370000000000323e-05 4.292510000000000005e-05
6.913000000000000000e+03 3.343790000000000049e-05 4.294249999999999755e-05
6.914000000000000000e+03 3.345199999999999752e-05 4.295990000000000182e-05
6.915000000000000000e+03 3.346620000000000156e-05 4.297729999999999931e-05
6.916000000000000000e+03 3.348039999999999881e-05 4.299469999999999681e-05
6.917000000000000000e+03 3.349460000000000284e-05 4.301210000000000108e-05
6.918000000000000000e+03 3.350880000000000010e-05 4.302959999999999880e-05
6.919000000000000000e+03 3.352299999999999735e-05 4.304700000000000307e-05
6.920000000000000000e+03 3.353720000000000138e-05 4.306450000000000078e-05
6.921000000000000000e+03 3.355139999999999864e-05 4.308189999999999828e-05
6.922000000000000000e+03 3.356560000000000267e-05 4.309940000000000277e-05
6.923000000000000000e+03 3.357979999999999993e-05 4.311680000000000026e-05
6.924000000000000000e+03 3.359399999999999718e-05 4.313429999999999798e-05
6.925000000000000000e+03 3.360830000000000143e-05 4.315180000000000247e-05
6.926000000000000000e+03 3.362249999999999869e-05 4.316930000000000019e-05
6.927000000000000000e+03 3.363670000000000272e-05 4.318679999999999790e-05
6.928000000000000000e+03 3.365100000000000019e-05 4.320430000000000239e-05
6.929000000000000000e+03 3.366519999999999745e-05 4.322180000000000011e-05
6.930000000000000000e+03 3.367950000000000170e-05 4.323929999999999782e-05
6.931000000000000000e+03 3.369379999999999917e-05 4.325690000000000253e-05
6.932000000000000000e+03 3.370800000000000321e-05 4.327440000000000025e-05
6.933000000000000000e+03 3.372230000000000068e-05 4.329199999999999818e-05
6.934000000000000000e+03 3.373659999999999815e-05 4.330950000000000267e-05
6.935000000000000000e+03 3.375090000000000240e-05 4.332710000000000061e-05
6.936000000000000000e+03 3.376519999999999988e-05 4.334459999999999832e-05
6.937000000000000000e+03 3.377949999999999735e-05 4.336220000000000303e-05
6.938000000000000000e+03 3.379380000000000160e-05 4.337980000000000097e-05
6.939000000000000000e+03 3.380809999999999908e-05 4.339739999999999890e-05
6.940000000000000000e+03 3.382240000000000333e-05 4.341499999999999683e-05
6.941000000000000000e+03 3.383680000000000102e-05 4.343260000000000154e-05
6.942000000000000000e+03 3.384970000000000220e-05 4.345019999999999948e-05
6.943000000000000000e+03 3.386110000000000010e-05 4.346779999999999741e-05
6.944000000000000000e+03 3.387259999999999821e-05 4.348550000000000234e-05
6.945000000000000000e+03 3.388400000000000288e-05 4.350310000000000028e-05
6.946000000000000000e+03 3.389550000000000099e-05 4.352079999999999843e-05
6.947000000000000000e+03 3.390689999999999888e-05 4.353840000000000314e-05
6.948000000000000000e+03 3.391839999999999699e-05 4.355610000000000129e-05
6.949000000000000000e+03 3.392990000000000188e-05 4.357369999999999923e-05
6.950000000000000000e+03 3.394129999999999977e-05 4.359139999999999738e-05
6.951000000000000000e+03 3.395279999999999788e-05 4.360910000000000231e-05
6.952000000000000000e+03 3.396430000000000277e-05 4.362680000000000046e-05
6.953000000000000000e+03 3.397580000000000088e-05 4.364449999999999862e-05
6.954000000000000000e+03 3.398729999999999899e-05 4.366219999999999677e-05
6.955000000000000000e+03 3.399879999999999710e-05 4.367990000000000170e-05
6.956000000000000000e+03 3.401030000000000199e-05 4.369759999999999985e-05
6.957000000000000000e+03 3.402180000000000010e-05 4.371539999999999823e-05
6.958000000000000000e+03 3.403329999999999821e-05 4.373310000000000316e-05
6.959000000000000000e+03 3.404480000000000310e-05 4.375090000000000153e-05
6.960000000000000000e+03 3.405630000000000121e-05 4.376859999999999968e-05
6.961000000000000000e+03 3.406779999999999932e-05 4.378639999999999806e-05
6.962000000000000000e+03 3.407929999999999743e-05 4.380410000000000298e-05
6.963000000000000000e+03 3.409090000000000254e-05 4.382190000000000136e-05
6.964000000000000000e+03 3.410240000000000065e-05 4.383969999999999973e-05
6.965000000000000000e+03 3.411389999999999876e-05 4.385749999999999810e-05
6.966000000000000000e+03 3.412549999999999709e-05 4.387530000000000325e-05
6.967000000000000000e+03 3.413700000000000198e-05 4.389310000000000162e-05
6.968000000000000000e+03 3.414850000000000009e-05 4.391090000000000000e-05
6.969000000000000000e+03 3.416009999999999842e-05 4.392869999999999837e-05
6.970000000000000000e+03 3.417160000000000331e-05 4.394659999999999696e-05
6.971000000000000000e+03 3.418320000000000164e-05 4.396440000000000211e-05
6.972000000000000000e+03 3.419479999999999997e-05 4.398230000000000070e-05
6.973000000000000000e+03 3.420629999999999808e-05 4.400009999999999908e-05
6.974000000000000000e+03 3.421790000000000319e-05 4.401799999999999767e-05
6.975000000000000000e+03 3.422950000000000152e-05 4.403590000000000304e-05
6.976000000000000000e+03 3.424099999999999963e-05 4.405370000000000141e-05
6.977000000000000000e+03 3.425259999999999796e-05 4.407160000000000000e-05
6.978000000000000000e+03 3.426420000000000306e-05 4.408949999999999859e-05
6.979000000000000000e+03 3.427580000000000139e-05 4.410739999999999718e-05
6.980000000000000000e+03 3.428739999999999972e-05 4.412530000000000255e-05
6.981000000000000000e+03 3.429899999999999806e-05 4.414320000000000114e-05
6.982000000000000000e+03 3.431129999999999792e-05 4.416119999999999996e-05
6.983000000000000000e+03 3.432449999999999976e-05 4.417909999999999855e-05
6.984000000000000000e+03 3.433770000000000160e-05 4.419699999999999714e-05
6.985000000000000000e+03 3.435080000000000322e-05 4.421500000000000273e-05
6.986000000000000000e+03 3.436399999999999828e-05 4.423290000000000132e-05
6.987000000000000000e+03 3.437720000000000012e-05 4.425090000000000013e-05
6.988000000000000000e+03 3.439030000000000174e-05 4.426889999999999894e-05
6.989000000000000000e+03 3.440349999999999680e-05 4.428689999999999775e-05
6.990000000000000000e+03 3.441669999999999864e-05 4.430490000000000334e-05
6.991000000000000000e+03 3.442990000000000048e-05 4.432280000000000193e-05
6.992000000000000000e+03 3.444310000000000232e-05 4.434090000000000096e-05
6.993000000000000000e+03 3.445629999999999738e-05 4.435889999999999977e-05
6.994000000000000000e+03 3.446949999999999922e-05 4.437689999999999858e-05
6.995000000000000000e+03 3.448280000000000128e-05 4.439489999999999740e-05
6.996000000000000000e+03 3.449600000000000311e-05 4.441290000000000298e-05
6.997000000000000000e+03 3.450919999999999818e-05 4.443100000000000201e-05
6.998000000000000000e+03 3.452240000000000002e-05 4.444900000000000083e-05
6.999000000000000000e+03 3.453570000000000207e-05 4.446709999999999986e-05
7.000000000000000000e+03 3.454889999999999714e-05 4.448519999999999889e-05
7.001000000000000000e+03 3.456219999999999919e-05 4.450319999999999770e-05
7.002000000000000000e+03 3.457540000000000103e-05 4.452129999999999673e-05
7.003000000000000000e+03 3.458870000000000309e-05 4.453940000000000253e-05
7.004000000000000000e+03 3.460189999999999815e-05 4.455750000000000157e-05
7.005000000000000000e+03 3.461520000000000021e-05 4.457560000000000060e-05
7.006000000000000000e+03 3.462850000000000227e-05 4.459369999999999963e-05
7.007000000000000000e+03 3.464179999999999755e-05 4.461189999999999888e-05
7.008000000000000000e+03 3.465499999999999939e-05 4.462999999999999791e-05
7.009000000000000000e+03 3.466830000000000145e-05 4.464809999999999694e-05
7.010000000000000000e+03 3.468159999999999673e-05 4.466630000000000296e-05
7.011000000000000000e+03 3.469489999999999879e-05 4.468440000000000199e-05
7.012000000000000000e+03 3.470820000000000085e-05 4.470260000000000124e-05
7.013000000000000000e+03 3.472150000000000290e-05 4.472080000000000049e-05
7.014000000000000000e+03 3.473479999999999819e-05 4.473889999999999952e-05
7.015000000000000000e+03 3.474820000000000046e-05 4.475709999999999877e-05
7.016000000000000000e+03 3.476150000000000252e-05 4.477529999999999802e-05
7.017000000000000000e+03 3.477479999999999780e-05 4.479349999999999727e-05
7.018000000000000000e+03 3.478809999999999986e-05 4.481170000000000330e-05
7.019000000000000000e+03 3.480150000000000214e-05 4.482990000000000255e-05
7.020000000000000000e+03 3.481479999999999742e-05 4.484820000000000202e-05
7.021000000000000000e+03 3.482819999999999970e-05 4.486640000000000127e-05
7.022000000000000000e+03 3.484070000000000000e-05 4.488460000000000052e-05
7.023000000000000000e+03 3.485249999999999877e-05 4.490289999999999999e-05
7.024000000000000000e+03 3.486429999999999754e-05 4.492109999999999924e-05
7.025000000000000000e+03 3.487610000000000308e-05 4.493939999999999870e-05
7.026000000000000000e+03 3.488790000000000185e-05 4.495769999999999817e-05
7.027000000000000000e+03 3.489970000000000062e-05 4.497599999999999764e-05
7.028000000000000000e+03 3.491149999999999939e-05 4.499419999999999689e-05
7.029000000000000000e+03 3.492329999999999816e-05 4.501250000000000314e-05
7.030000000000000000e+03 3.493519999999999715e-05 4.503080000000000261e-05
7.031000000000000000e+03 3.494700000000000269e-05 4.504920000000000230e-05
7.032000000000000000e+03 3.495880000000000146e-05 4.506750000000000176e-05
7.033000000000000000e+03 3.497060000000000023e-05 4.508580000000000123e-05
7.034000000000000000e+03 3.498249999999999922e-05 4.510410000000000070e-05
7.035000000000000000e+03 3.499429999999999799e-05 4.512250000000000039e-05
7.036000000000000000e+03 3.500609999999999676e-05 4.514079999999999986e-05
7.037000000000000000e+03 3.501800000000000252e-05 4.515919999999999955e-05
7.038000000000000000e+03 3.502980000000000129e-05 4.517759999999999924e-05
7.039000000000000000e+03 3.504170000000000028e-05 4.519599999999999892e-05
7.040000000000000000e+03 3.505349999999999905e-05 4.521429999999999839e-05
7.041000000000000000e+03 3.506539999999999804e-05 4.523269999999999808e-05
7.042000000000000000e+03 3.507729999999999702e-05 4.525109999999999777e-05
7.043000000000000000e+03 3.508910000000000257e-05 4.526949999999999746e-05
7.044000000000000000e+03 3.510100000000000156e-05 4.528799999999999737e-05
7.045000000000000000e+03 3.511290000000000055e-05 4.530639999999999705e-05
7.046000000000000000e+03 3.512469999999999931e-05 4.532479999999999674e-05
7.047000000000000000e+03 3.513659999999999830e-05 4.534329999999999665e-05
7.048000000000000000e+03 3.514849999999999729e-05 4.536170000000000311e-05
7.049000000000000000e+03 3.516040000000000306e-05 4.538020000000000302e-05
7.050000000000000000e+03 3.517230000000000204e-05 4.539860000000000271e-05
7.051000000000000000e+03 3.518420000000000103e-05 4.541710000000000262e-05
7.052000000000000000e+03 3.519610000000000002e-05 4.543560000000000253e-05
7.053000000000000000e+03 3.520799999999999901e-05 4.545410000000000243e-05
7.054000000000000000e+03 3.521989999999999800e-05 4.547260000000000234e-05
7.055000000000000000e+03 3.523179999999999698e-05 4.549110000000000225e-05
7.056000000000000000e+03 3.524380000000000297e-05 4.550960000000000216e-05
7.057000000000000000e+03 3.525570000000000196e-05 4.552810000000000206e-05
7.058000000000000000e+03 3.526760000000000094e-05 4.554660000000000197e-05
7.059000000000000000e+03 3.527949999999999993e-05 4.556520000000000210e-05
7.060000000000000000e+03 3.529149999999999914e-05 4.558370000000000201e-05
7.061000000000000000e+03 3.530339999999999813e-05 4.560230000000000213e-05
7.062000000000000000e+03 3.531609999999999887e-05 4.562080000000000204e-05
7.063000000000000000e+03 3.532940000000000093e-05 4.563940000000000217e-05
7.064000000000000000e+03 3.534270000000000299e-05 4.565800000000000229e-05
7.065000000000000000e+03 3.535609999999999849e-05 4.567660000000000242e-05
7.066000000000000000e+03 3.536940000000000055e-05 4.569520000000000255e-05
7.067000000000000000e+03 3.538280000000000282e-05 4.571380000000000267e-05
7.068000000000000000e+03 3.539619999999999832e-05 4.573240000000000280e-05
7.069000000000000000e+03 3.540950000000000038e-05 4.575100000000000293e-05
7.070000000000000000e+03 3.542290000000000266e-05 4.576960000000000306e-05
7.071000000000000000e+03 3.543629999999999816e-05 4.578829999999999662e-05
7.072000000000000000e+03 3.544970000000000044e-05 4.580689999999999675e-05
7.073000000000000000e+03 3.546300000000000250e-05 4.582559999999999710e-05
7.074000000000000000e+03 3.547639999999999800e-05 4.584419999999999722e-05
7.075000000000000000e+03 3.548980000000000027e-05 4.586289999999999757e-05
7.076000000000000000e+03 3.550320000000000255e-05 4.588159999999999792e-05
7.077000000000000000e+03 3.551659999999999805e-05 4.590029999999999826e-05
7.078000000000000000e+03 3.553010000000000055e-05 4.591889999999999839e-05
7.079000000000000000e+03 3.554350000000000283e-05 4.593759999999999874e-05
7.080000000000000000e+03 3.555689999999999833e-05 4.595639999999999930e-05
7.081000000000000000e+03 3.557030000000000060e-05 4.597509999999999965e-05
7.082000000000000000e+03 3.558380000000000310e-05 4.599379999999999999e-05
7.083000000000000000e+03 3.559719999999999860e-05 4.601250000000000034e-05
7.084000000000000000e+03 3.561060000000000088e-05 4.603130000000000091e-05
7.085000000000000000e+03 3.562410000000000338e-05 4.605000000000000125e-05
7.086000000000000000e+03 3.563749999999999888e-05 4.606880000000000182e-05
7.087000000000000000e+03 3.565100000000000137e-05 4.608760000000000238e-05
7.088000000000000000e+03 3.566449999999999709e-05 4.610630000000000273e-05
7.089000000000000000e+03 3.567789999999999937e-05 4.612510000000000329e-05
7.090000000000000000e+03 3.569140000000000187e-05 4.614389999999999708e-05
7.091000000000000000e+03 3.570489999999999759e-05 4.616269999999999765e-05
7.092000000000000000e+03 3.571840000000000008e-05 4.618149999999999821e-05
7.093000000000000000e+03 3.573190000000000258e-05 4.620029999999999878e-05
7.094000000000000000e+03 3.574539999999999830e-05 4.621909999999999934e-05
7.095000000000000000e+03 3.575890000000000080e-05 4.623800000000000013e-05
7.096000000000000000e+03 3.577240000000000329e-05 4.625680000000000069e-05
7.097000000000000000e+03 3.578589999999999901e-05 4.627570000000000148e-05
7.098000000000000000e+03 3.579940000000000151e-05 4.629450000000000204e-05
7.099000000000000000e+03 3.581289999999999723e-05 4.631340000000000283e-05
7.100000000000000000e+03 3.582639999999999973e-05 4.633229999999999684e-05
7.101000000000000000e+03 3.584000000000000244e-05 4.635109999999999740e-05
7.102000000000000000e+03 3.585460000000000058e-05 4.636999999999999819e-05
7.103000000000000000e+03 3.587040000000000134e-05 4.638889999999999897e-05
7.104000000000000000e+03 3.588610000000000188e-05 4.640779999999999976e-05
7.105000000000000000e+03 3.590190000000000265e-05 4.642670000000000054e-05
7.106000000000000000e+03 3.591769999999999663e-05 4.644570000000000155e-05
7.107000000000000000e+03 3.593349999999999740e-05 4.646460000000000233e-05
7.108000000000000000e+03 3.594929999999999816e-05 4.648350000000000311e-05
7.109000000000000000e+03 3.596509999999999893e-05 4.650249999999999734e-05
7.110000000000000000e+03 3.598089999999999969e-05 4.652139999999999813e-05
7.111000000000000000e+03 3.599670000000000045e-05 4.654039999999999913e-05
7.112000000000000000e+03 3.601250000000000122e-05 4.655940000000000013e-05
7.113000000000000000e+03 3.602830000000000198e-05 4.657840000000000114e-05
7.114000000000000000e+03 3.604420000000000296e-05 4.659740000000000214e-05
7.115000000000000000e+03 3.605999999999999695e-05 4.661630000000000293e-05
7.116000000000000000e+03 3.607589999999999793e-05 4.663539999999999737e-05
7.117000000000000000e+03 3.609169999999999870e-05 4.665439999999999838e-05
7.118000000000000000e+03 3.610759999999999968e-05 4.667339999999999938e-05
7.119000000000000000e+03 3.612350000000000066e-05 4.669240000000000039e-05
7.120000000000000000e+03 3.613930000000000142e-05 4.671150000000000161e-05
7.121000000000000000e+03 3.615520000000000241e-05 4.673050000000000261e-05
7.122000000000000000e+03 3.617109999999999661e-05 4.674959999999999706e-05
7.123000000000000000e+03 3.618699999999999760e-05 4.676859999999999806e-05
7.124000000000000000e+03 3.620289999999999858e-05 4.678769999999999929e-05
7.125000000000000000e+03 3.621879999999999956e-05 4.680680000000000051e-05
7.126000000000000000e+03 3.623480000000000076e-05 4.682590000000000173e-05
7.127000000000000000e+03 3.625070000000000175e-05 4.684500000000000296e-05
7.128000000000000000e+03 3.626660000000000273e-05 4.686409999999999740e-05
7.129000000000000000e+03 3.628259999999999716e-05 4.688319999999999863e-05
7.130000000000000000e+03 3.629849999999999814e-05 4.690229999999999985e-05
7.131000000000000000e+03 3.631449999999999934e-05 4.692140000000000107e-05
7.132000000000000000e+03 3.633040000000000032e-05 4.694060000000000252e-05
7.133000000000000000e+03 3.634640000000000153e-05 4.695969999999999696e-05
7.134000000000000000e+03 3.636240000000000273e-05 4.697889999999999841e-05
7.135000000000000000e+03 3.637829999999999693e-05 4.699799999999999963e-05
7.136000000000000000e+03 3.639429999999999814e-05 4.701720000000000107e-05
7.137000000000000000e+03 3.641029999999999934e-05 4.703640000000000251e-05
7.138000000000000000e+03 3.642630000000000054e-05 4.705559999999999718e-05
7.139000000000000000e+03 3.644230000000000174e-05 4.707479999999999862e-05
7.140000000000000000e+03 3.645840000000000316e-05 4.709400000000000006e-05
7.141000000000000000e+03 3.647439999999999759e-05 4.711320000000000151e-05
7.142000000000000000e+03 3.649009999999999813e-05 4.713240000000000295e-05
7.143000000000000000e+03 3.650549999999999802e-05 4.715169999999999784e-05
7.144000000000000000e+03 3.652099999999999813e-05 4.717089999999999928e-05
7.145000000000000000e+03 3.653639999999999801e-05 4.719010000000000072e-05
7.146000000000000000e+03 3.655189999999999812e-05 4.720940000000000238e-05
7.147000000000000000e+03 3.656729999999999800e-05 4.722869999999999727e-05
7.148000000000000000e+03 3.658279999999999811e-05 4.724789999999999871e-05
7.149000000000000000e+03 3.659819999999999800e-05 4.726720000000000037e-05
7.150000000000000000e+03 3.661369999999999810e-05 4.728650000000000203e-05
7.151000000000000000e+03 3.662919999999999821e-05 4.730579999999999692e-05
7.152000000000000000e+03 3.664469999999999831e-05 4.732509999999999858e-05
7.153000000000000000e+03 3.666009999999999820e-05 4.734440000000000024e-05
7.154000000000000000e+03 3.667559999999999831e-05 4.736380000000000212e-05
7.155000000000000000e+03 3.669109999999999841e-05 4.738309999999999701e-05
7.156000000000000000e+03 3.670669999999999874e-05 4.740239999999999867e-05
7.157000000000000000e+03 3.672219999999999884e-05 4.742180000000000055e-05
7.158000000000000000e+03 3.673769999999999895e-05 4.744110000000000221e-05
7.159000000000000000e+03 3.675319999999999905e-05 4.746049999999999732e-05
7.160000000000000000e+03 3.676879999999999938e-05 4.747989999999999920e-05
7.161000000000000000e+03 3.678429999999999948e-05 4.749930000000000108e-05
7.162000000000000000e+03 3.679989999999999981e-05 4.751870000000000296e-05
7.163000000000000000e+03 3.681539999999999992e-05 4.753809999999999807e-05
7.164000000000000000e+03 3.683100000000000024e-05 4.755749999999999995e-05
7.165000000000000000e+03 3.684650000000000035e-05 4.757690000000000183e-05
7.166000000000000000e+03 3.686210000000000067e-05 4.759629999999999693e-05
7.167000000000000000e+03 3.687770000000000100e-05 4.761569999999999881e-05
7.168000000000000000e+03 3.689330000000000132e-05 4.763520000000000091e-05
7.169000000000000000e+03 3.690890000000000165e-05 4.765460000000000280e-05
7.170000000000000000e+03 3.692450000000000197e-05 4.767409999999999812e-05
7.171000000000000000e+03 3.694010000000000230e-05 4.769360000000000022e-05
7.172000000000000000e+03 3.695570000000000262e-05 4.771300000000000210e-05
7.173000000000000000e+03 3.697130000000000295e-05 4.773249999999999742e-05
7.174000000000000000e+03 3.698699999999999671e-05 4.775199999999999952e-05
7.175000000000000000e+03 3.700259999999999704e-05 4.777150000000000163e-05
7.176000000000000000e+03 3.701819999999999736e-05 4.779099999999999695e-05
7.177000000000000000e+03 3.703389999999999791e-05 4.781049999999999905e-05
7.178000000000000000e+03 3.704949999999999823e-05 4.783010000000000137e-05
7.179000000000000000e+03 3.706519999999999878e-05 4.784959999999999669e-05
7.180000000000000000e+03 3.708089999999999932e-05 4.786919999999999901e-05
7.181000000000000000e+03 3.709659999999999987e-05 4.788870000000000111e-05
7.182000000000000000e+03 3.711099999999999756e-05 4.790829999999999666e-05
7.183000000000000000e+03 3.712419999999999940e-05 4.792779999999999876e-05
7.184000000000000000e+03 3.713750000000000146e-05 4.794740000000000108e-05
7.185000000000000000e+03 3.715070000000000329e-05 4.796699999999999662e-05
7.186000000000000000e+03 3.716399999999999858e-05 4.798659999999999894e-05
7.187000000000000000e+03 3.717720000000000042e-05 4.800620000000000126e-05
7.188000000000000000e+03 3.719050000000000247e-05 4.802579999999999680e-05
7.189000000000000000e+03 3.720369999999999754e-05 4.804539999999999912e-05
7.190000000000000000e+03 3.721699999999999959e-05 4.806510000000000166e-05
7.191000000000000000e+03 3.723030000000000165e-05 4.808469999999999720e-05
7.192000000000000000e+03 3.724349999999999671e-05 4.810439999999999974e-05
7.193000000000000000e+03 3.725679999999999877e-05 4.812400000000000206e-05
7.194000000000000000e+03 3.727010000000000083e-05 4.814369999999999782e-05
7.195000000000000000e+03 3.728340000000000289e-05 4.816340000000000036e-05
7.196000000000000000e+03 3.729669999999999817e-05 4.818300000000000268e-05
7.197000000000000000e+03 3.731000000000000023e-05 4.820269999999999845e-05
7.198000000000000000e+03 3.732330000000000229e-05 4.822240000000000098e-05
7.199000000000000000e+03 3.733659999999999757e-05 4.824209999999999675e-05
7.200000000000000000e+03 3.734989999999999963e-05 4.826189999999999950e-05
7.201000000000000000e+03 3.736320000000000168e-05 4.828160000000000204e-05
7.202000000000000000e+03 3.737649999999999697e-05 4.830129999999999781e-05
7.203000000000000000e+03 3.738989999999999924e-05 4.832110000000000056e-05
7.204000000000000000e+03 3.740320000000000130e-05 4.834080000000000310e-05
7.205000000000000000e+03 3.741650000000000336e-05 4.836059999999999908e-05
7.206000000000000000e+03 3.742989999999999886e-05 4.838030000000000162e-05
7.207000000000000000e+03 3.744320000000000092e-05 4.840009999999999761e-05
7.208000000000000000e+03 3.745660000000000320e-05 4.841990000000000036e-05
7.209000000000000000e+03 3.746989999999999848e-05 4.843970000000000312e-05
7.210000000000000000e+03 3.748330000000000075e-05 4.845949999999999910e-05
7.211000000000000000e+03 3.749660000000000281e-05 4.847930000000000186e-05
7.212000000000000000e+03 3.750999999999999831e-05 4.849909999999999784e-05
7.213000000000000000e+03 3.752340000000000059e-05 4.851900000000000082e-05
7.214000000000000000e+03 3.753680000000000287e-05 4.853879999999999680e-05
7.215000000000000000e+03 3.755009999999999815e-05 4.855859999999999956e-05
7.216000000000000000e+03 3.756350000000000043e-05 4.857850000000000254e-05
7.217000000000000000e+03 3.757690000000000270e-05 4.859839999999999874e-05
7.218000000000000000e+03 3.759029999999999821e-05 4.861820000000000150e-05
7.219000000000000000e+03 3.760370000000000048e-05 4.863809999999999770e-05
7.220000000000000000e+03 3.761710000000000276e-05 4.865800000000000068e-05
7.221000000000000000e+03 3.763049999999999826e-05 4.867789999999999688e-05
7.222000000000000000e+03 3.764239999999999725e-05 4.869779999999999985e-05
7.223000000000000000e+03 3.765420000000000279e-05 4.871770000000000283e-05
7.224000000000000000e+03 3.766600000000000156e-05 4.873759999999999903e-05
7.225000000000000000e+03 3.767790000000000055e-05 4.875760000000000223e-05
7.226000000000000000e+03 3.768969999999999932e-05 4.877749999999999843e-05
7.227000000000000000e+03 3.770149999999999809e-05 4.879750000000000163e-05
7.228000000000000000e+03 3.771339999999999708e-05 4.881739999999999783e-05
7.229000000000000000e+03 3.772520000000000262e-05 4.883740000000000103e-05
7.230000000000000000e+03 3.773710000000000161e-05 4.885739999999999745e-05
7.231000000000000000e+03 3.774890000000000038e-05 4.887740000000000064e-05
7.232000000000000000e+03 3.776079999999999937e-05 4.889739999999999706e-05
7.233000000000000000e+03 3.777259999999999814e-05 4.891740000000000026e-05
7.234000000000000000e+03 3.778449999999999712e-05 4.893739999999999668e-05
7.235000000000000000e+03 3.779640000000000289e-05 4.895739999999999988e-05
7.236000000000000000e+03 3.780830000000000188e-05 4.897740000000000307e-05
7.237000000000000000e+03 3.782010000000000065e-05 4.899749999999999971e-05
7.238000000000000000e+03 3.783199999999999963e-05 4.901750000000000291e-05
7.239000000000000000e+03 3.784389999999999862e-05 4.903759999999999955e-05
7.240000000000000000e+03 3.785579999999999761e-05 4.905760000000000275e-05
7.241000000000000000e+03 3.786770000000000338e-05 4.907769999999999939e-05
7.242000000000000000e+03 3.787960000000000236e-05 4.909780000000000280e-05
7.243000000000000000e+03 3.789150000000000135e-05 4.911789999999999944e-05
7.244000000000000000e+03 3.790340000000000034e-05 4.913800000000000286e-05
7.245000000000000000e+03 3.791529999999999933e-05 4.915809999999999950e-05
7.246000000000000000e+03 3.792719999999999832e-05 4.917820000000000291e-05
7.247000000000000000e+03 3.793909999999999730e-05 4.919829999999999955e-05
7.248000000000000000e+03 3.795100000000000307e-05 4.921850000000000319e-05
7.249000000000000000e+03 3.796290000000000206e-05 4.923859999999999983e-05
7.250000000000000000e+03 3.797490000000000127e-05 4.925879999999999669e-05
7.251000000000000000e+03 3.798680000000000025e-05 4.927890000000000010e-05
7.252000000000000000e+03 3.799869999999999924e-05 4.929909999999999696e-05
7.253000000000000000e+03 3.801069999999999845e-05 4.931930000000000060e-05
7.254000000000000000e+03 3.802259999999999744e-05 4.933949999999999745e-05
7.255000000000000000e+03 3.803459999999999664e-05 4.935970000000000109e-05
7.256000000000000000e+03 3.804650000000000241e-05 4.937989999999999795e-05
7.257000000000000000e+03 3.805850000000000162e-05 4.940010000000000158e-05
7.258000000000000000e+03 3.807040000000000060e-05 4.942029999999999844e-05
7.259000000000000000e+03 3.808239999999999981e-05 4.944050000000000208e-05
7.260000000000000000e+03 3.809429999999999880e-05 4.946079999999999916e-05
7.261000000000000000e+03 3.810800000000000174e-05 4.948100000000000279e-05
7.262000000000000000e+03 3.812330000000000140e-05 4.950129999999999987e-05
7.263000000000000000e+03 3.813870000000000129e-05 4.952159999999999695e-05
7.264000000000000000e+03 3.815410000000000118e-05 4.954180000000000058e-05
7.265000000000000000e+03 3.816950000000000106e-05 4.956209999999999766e-05
7.266000000000000000e+03 3.818480000000000073e-05 4.958240000000000152e-05
7.267000000000000000e+03 3.820020000000000062e-05 4.960269999999999859e-05
7.268000000000000000e+03 3.821560000000000050e-05 4.962300000000000245e-05
7.269000000000000000e+03 3.823100000000000039e-05 4.964339999999999975e-05
7.270000000000000000e+03 3.824640000000000028e-05 4.966369999999999682e-05
7.271000000000000000e+03 3.826180000000000016e-05 4.968400000000000068e-05
7.272000000000000000e+03 3.827720000000000005e-05 4.970439999999999798e-05
7.273000000000000000e+03 3.829270000000000015e-05 4.972470000000000183e-05
7.274000000000000000e+03 3.830810000000000004e-05 4.974509999999999913e-05
7.275000000000000000e+03 3.832349999999999993e-05 4.976550000000000320e-05
7.276000000000000000e+03 3.833900000000000003e-05 4.978590000000000050e-05
7.277000000000000000e+03 3.835439999999999992e-05 4.980619999999999758e-05
7.278000000000000000e+03 3.836990000000000002e-05 4.982660000000000165e-05
7.279000000000000000e+03 3.838529999999999991e-05 4.984709999999999917e-05
7.280000000000000000e+03 3.840080000000000002e-05 4.986750000000000324e-05
7.281000000000000000e+03 3.841630000000000012e-05 4.988790000000000054e-05
7.282000000000000000e+03 3.843180000000000023e-05 4.990829999999999784e-05
7.283000000000000000e+03 3.844720000000000011e-05 4.992880000000000213e-05
7.284000000000000000e+03 3.846270000000000022e-05 4.994919999999999943e-05
7.285000000000000000e+03 3.847820000000000033e-05 4.996969999999999694e-05
7.286000000000000000e+03 3.849370000000000043e-05 4.999020000000000124e-05
7.287000000000000000e+03 3.850920000000000054e-05 5.001069999999999875e-05
7.288000000000000000e+03 3.852480000000000086e-05 5.003120000000000305e-05
7.289000000000000000e+03 3.854030000000000097e-05 5.005170000000000056e-05
7.290000000000000000e+03 3.855580000000000107e-05 5.007219999999999808e-05
7.291000000000000000e+03 3.857140000000000140e-05 5.009270000000000237e-05
7.292000000000000000e+03 3.858690000000000150e-05 5.011319999999999989e-05
7.293000000000000000e+03 3.860240000000000161e-05 5.013369999999999741e-05
7.294000000000000000e+03 3.861800000000000193e-05 5.015430000000000192e-05
7.295000000000000000e+03 3.863360000000000226e-05 5.017479999999999943e-05
7.296000000000000000e+03 3.864910000000000237e-05 5.019539999999999717e-05
7.297000000000000000e+03 3.866470000000000269e-05 5.021600000000000168e-05
7.298000000000000000e+03 3.868030000000000302e-05 5.023659999999999942e-05
7.299000000000000000e+03 3.869590000000000334e-05 5.025719999999999716e-05
7.300000000000000000e+03 3.871149999999999689e-05 5.027770000000000145e-05
7.301000000000000000e+03 3.872779999999999875e-05 5.029839999999999940e-05
7.302000000000000000e+03 3.874480000000000214e-05 5.031899999999999714e-05
7.303000000000000000e+03 3.876179999999999876e-05 5.033960000000000165e-05
7.304000000000000000e+03 3.877890000000000238e-05 5.036019999999999939e-05
7.305000000000000000e+03 3.879589999999999899e-05 5.038089999999999734e-05
7.306000000000000000e+03 3.881290000000000239e-05 5.040150000000000186e-05
7.307000000000000000e+03 3.882999999999999923e-05 5.042219999999999981e-05
7.308000000000000000e+03 3.884710000000000284e-05 5.044289999999999777e-05
7.309000000000000000e+03 3.886409999999999946e-05 5.046350000000000228e-05
7.310000000000000000e+03 3.888120000000000307e-05 5.048420000000000023e-05
7.311000000000000000e+03 3.889829999999999991e-05 5.050489999999999819e-05
7.312000000000000000e+03 3.891539999999999675e-05 5.052560000000000292e-05
7.313000000000000000e+03 3.893250000000000036e-05 5.054640000000000109e-05
7.314000000000000000e+03 3.894959999999999720e-05 5.056709999999999905e-05
7.315000000000000000e+03 3.896670000000000082e-05 5.058779999999999701e-05
7.316000000000000000e+03 3.898389999999999787e-05 5.060860000000000196e-05
7.317000000000000000e+03 3.900100000000000149e-05 5.062929999999999991e-05
7.318000000000000000e+03 3.901809999999999832e-05 5.065009999999999809e-05
7.319000000000000000e+03 3.903530000000000216e-05 5.067090000000000304e-05
7.320000000000000000e+03 3.905239999999999900e-05 5.069160000000000099e-05
7.321000000000000000e+03 3.906960000000000283e-05 5.071239999999999917e-05
7.322000000000000000e+03 3.908679999999999989e-05 5.073319999999999734e-05
7.323000000000000000e+03 3.910399999999999694e-05 5.075400000000000229e-05
7.324000000000000000e+03 3.912120000000000078e-05 5.077490000000000069e-05
7.325000000000000000e+03 3.913829999999999761e-05 5.079569999999999886e-05
7.326000000000000000e+03 3.915550000000000145e-05 5.081649999999999704e-05
7.327000000000000000e+03 3.917279999999999872e-05 5.083740000000000221e-05
7.328000000000000000e+03 3.919000000000000256e-05 5.085820000000000038e-05
7.329000000000000000e+03 3.920719999999999961e-05 5.087909999999999877e-05
7.330000000000000000e+03 3.922439999999999667e-05 5.089989999999999695e-05
7.331000000000000000e+03 3.924170000000000072e-05 5.092080000000000212e-05
7.332000000000000000e+03 3.925889999999999778e-05 5.094170000000000051e-05
7.333000000000000000e+03 3.927620000000000183e-05 5.096259999999999891e-05
7.334000000000000000e+03 3.929339999999999889e-05 5.098349999999999730e-05
7.335000000000000000e+03 3.931070000000000294e-05 5.100440000000000247e-05
7.336000000000000000e+03 3.932800000000000022e-05 5.102540000000000108e-05
7.337000000000000000e+03 3.934529999999999750e-05 5.104629999999999948e-05
7.338000000000000000e+03 3.936260000000000155e-05 5.106729999999999809e-05
7.339000000000000000e+03 3.937989999999999882e-05 5.108820000000000326e-05
7.340000000000000000e+03 3.939720000000000288e-05 5.110920000000000187e-05
7.341000000000000000e+03 3.941299999999999686e-05 5.113010000000000027e-05
7.342000000000000000e+03 3.942740000000000133e-05 5.115109999999999888e-05
7.343000000000000000e+03 3.944169999999999881e-05 5.117209999999999749e-05
7.344000000000000000e+03 3.945610000000000328e-05 5.119310000000000288e-05
7.345000000000000000e+03 3.947050000000000097e-05 5.121410000000000150e-05
7.346000000000000000e+03 3.948489999999999867e-05 5.123510000000000011e-05
7.347000000000000000e+03 3.949930000000000314e-05 5.125619999999999894e-05
7.348000000000000000e+03 3.951370000000000083e-05 5.127719999999999755e-05
7.349000000000000000e+03 3.952809999999999852e-05 5.129830000000000316e-05
7.350000000000000000e+03 3.954250000000000299e-05 5.131930000000000178e-05
7.351000000000000000e+03 3.955690000000000069e-05 5.134040000000000061e-05
7.352000000000000000e+03 3.957129999999999838e-05 5.136149999999999944e-05
7.353000000000000000e+03 3.958570000000000285e-05 5.138249999999999805e-05
7.354000000000000000e+03 3.960020000000000076e-05 5.140359999999999689e-05
7.355000000000000000e+03 3.961459999999999846e-05 5.142470000000000249e-05
7.356000000000000000e+03 3.962900000000000293e-05 5.144580000000000133e-05
7.357000000000000000e+03 3.964350000000000084e-05 5.146700000000000038e-05
7.358000000000000000e+03 3.965789999999999853e-05 5.148809999999999921e-05
7.359000000000000000e+03 3.967240000000000322e-05 5.150919999999999804e-05
7.360000000000000000e+03 3.968690000000000114e-05 5.153039999999999709e-05
7.361000000000000000e+03 3.970129999999999883e-05 5.155150000000000270e-05
7.362000000000000000e+03 3.971579999999999674e-05 5.157270000000000175e-05
7.363000000000000000e+03 3.973030000000000143e-05 5.159390000000000081e-05
7.364000000000000000e+03 3.974479999999999935e-05 5.161509999999999986e-05
7.365000000000000000e+03 3.975919999999999704e-05 5.163629999999999891e-05
7.366000000000000000e+03 3.977370000000000173e-05 5.165749999999999796e-05
7.367000000000000000e+03 3.978819999999999964e-05 5.167869999999999701e-05
7.368000000000000000e+03 3.980269999999999755e-05 5.169990000000000284e-05
7.369000000000000000e+03 3.981720000000000224e-05 5.172110000000000189e-05
7.370000000000000000e+03 3.983180000000000038e-05 5.174240000000000116e-05
7.371000000000000000e+03 3.984629999999999829e-05 5.176360000000000022e-05
7.372000000000000000e+03 3.986080000000000298e-05 5.178489999999999949e-05
7.373000000000000000e+03 3.987530000000000089e-05 5.180619999999999876e-05
7.374000000000000000e+03 3.988989999999999902e-05 5.182739999999999781e-05
7.375000000000000000e+03 3.990439999999999694e-05 5.184869999999999708e-05
7.376000000000000000e+03 3.991890000000000163e-05 5.187000000000000313e-05
7.377000000000000000e+03 3.993349999999999976e-05 5.189130000000000240e-05
7.378000000000000000e+03 3.994809999999999789e-05 5.191260000000000167e-05
7.379000000000000000e+03 3.996260000000000258e-05 5.193400000000000116e-05
7.380000000000000000e+03 3.997720000000000071e-05 5.195530000000000043e-05
7.381000000000000000e+03 3.999149999999999819e-05 5.197669999999999992e-05
7.382000000000000000e+03 4.000550000000000178e-05 5.199799999999999919e-05
7.383000000000000000e+03 4.001949999999999860e-05 5.201939999999999868e-05
7.384000000000000000e+03 4.003360000000000241e-05 5.204069999999999795e-05
7.385000000000000000e+03 4.004759999999999922e-05 5.206209999999999744e-05
7.386000000000000000e+03 4.006170000000000304e-05 5.208349999999999693e-05
7.387000000000000000e+03 4.007569999999999985e-05 5.210490000000000320e-05
7.388000000000000000e+03 4.008979999999999689e-05 5.212630000000000269e-05
7.389000000000000000e+03 4.010380000000000048e-05 5.214770000000000218e-05
7.390000000000000000e+03 4.011789999999999752e-05 5.216920000000000189e-05
7.391000000000000000e+03 4.013200000000000133e-05 5.219060000000000138e-05
7.392000000000000000e+03 4.014599999999999815e-05 5.221210000000000109e-05
7.393000000000000000e+03 4.016010000000000196e-05 5.223350000000000058e-05
7.394000000000000000e+03 4.017419999999999900e-05 5.225500000000000029e-05
7.395000000000000000e+03 4.018830000000000281e-05 5.227650000000000000e-05
7.396000000000000000e+03 4.020239999999999984e-05 5.229789999999999949e-05
7.397000000000000000e+03 4.021649999999999688e-05 5.231939999999999920e-05
7.398000000000000000e+03 4.023060000000000069e-05 5.234089999999999891e-05
7.399000000000000000e+03 4.024469999999999773e-05 5.236249999999999883e-05
7.400000000000000000e+03 4.025880000000000154e-05 5.238399999999999854e-05
7.401000000000000000e+03 4.027289999999999858e-05 5.240549999999999825e-05
7.402000000000000000e+03 4.028710000000000261e-05 5.242709999999999818e-05
7.403000000000000000e+03 4.030119999999999964e-05 5.244859999999999789e-05
7.404000000000000000e+03 4.031529999999999668e-05 5.247019999999999782e-05
7.405000000000000000e+03 4.032950000000000071e-05 5.249169999999999753e-05
7.406000000000000000e+03 4.034359999999999775e-05 5.251329999999999746e-05
7.407000000000000000e+03 4.035780000000000178e-05 5.253489999999999739e-05
7.408000000000000000e+03 4.037189999999999881e-05 5.255649999999999732e-05
7.409000000000000000e+03 4.038610000000000285e-05 5.257809999999999724e-05
7.410000000000000000e+03 4.040019999999999988e-05 5.259969999999999717e-05
7.411000000000000000e+03 4.041439999999999714e-05 5.262139999999999732e-05
7.412000000000000000e+03 4.042860000000000117e-05 5.264299999999999725e-05
7.413000000000000000e+03 4.044279999999999842e-05 5.266459999999999718e-05
7.414000000000000000e+03 4.045690000000000223e-05 5.268629999999999733e-05
7.415000000000000000e+03 4.047109999999999949e-05 5.270799999999999748e-05
7.416000000000000000e+03 4.048529999999999675e-05 5.272959999999999740e-05
7.417000000000000000e+03 4.049950000000000078e-05 5.275129999999999755e-05
7.418000000000000000e+03 4.051369999999999803e-05 5.277299999999999770e-05
7.419000000000000000e+03 4.052790000000000206e-05 5.279469999999999785e-05
7.420000000000000000e+03 4.054219999999999954e-05 5.281639999999999800e-05
7.421000000000000000e+03 4.055810000000000052e-05 5.283819999999999836e-05
7.422000000000000000e+03 4.057569999999999845e-05 5.285989999999999851e-05
7.423000000000000000e+03 4.059340000000000338e-05 5.288159999999999866e-05
7.424000000000000000e+03 4.061100000000000132e-05 5.290339999999999903e-05
7.425000000000000000e+03 4.062869999999999947e-05 5.292509999999999917e-05
7.426000000000000000e+03 4.064639999999999763e-05 5.294689999999999954e-05
7.427000000000000000e+03 4.066400000000000234e-05 5.296869999999999991e-05
7.428000000000000000e+03 4.068170000000000049e-05 5.299050000000000028e-05
7.429000000000000000e+03 4.069939999999999864e-05 5.301230000000000064e-05
7.430000000000000000e+03 4.071709999999999680e-05 5.303410000000000101e-05
7.431000000000000000e+03 4.073480000000000173e-05 5.305590000000000138e-05
7.432000000000000000e+03 4.075260000000000010e-05 5.307770000000000175e-05
7.433000000000000000e+03 4.077029999999999825e-05 5.309960000000000233e-05
7.434000000000000000e+03 4.078800000000000318e-05 5.312140000000000270e-05
7.435000000000000000e+03 4.080580000000000155e-05 5.314330000000000329e-05
7.436000000000000000e+03 4.082349999999999971e-05 5.316509999999999688e-05
7.437000000000000000e+03 4.084129999999999808e-05 5.318699999999999746e-05
7.438000000000000000e+03 4.085900000000000301e-05 5.320889999999999805e-05
7.439000000000000000e+03 4.087680000000000138e-05 5.323079999999999864e-05
7.440000000000000000e+03 4.089459999999999976e-05 5.325269999999999922e-05
7.441000000000000000e+03 4.091239999999999813e-05 5.327459999999999981e-05
7.442000000000000000e+03 4.093020000000000328e-05 5.329650000000000040e-05
7.443000000000000000e+03 4.094800000000000165e-05 5.331850000000000120e-05
7.444000000000000000e+03 4.096580000000000002e-05 5.334040000000000179e-05
7.445000000000000000e+03 4.098359999999999839e-05 5.336240000000000259e-05
7.446000000000000000e+03 4.100139999999999677e-05 5.338430000000000318e-05
7.447000000000000000e+03 4.101920000000000192e-05 5.340629999999999721e-05
7.448000000000000000e+03 4.103710000000000051e-05 5.342829999999999802e-05
7.449000000000000000e+03 4.105489999999999888e-05 5.345029999999999882e-05
7.450000000000000000e+03 4.107279999999999747e-05 5.347229999999999963e-05
7.451000000000000000e+03 4.109070000000000284e-05 5.349430000000000043e-05
7.452000000000000000e+03 4.110850000000000121e-05 5.351630000000000124e-05
7.453000000000000000e+03 4.112639999999999981e-05 5.353840000000000226e-05
7.454000000000000000e+03 4.114429999999999840e-05 5.356040000000000307e-05
7.455000000000000000e+03 4.116219999999999699e-05 5.358239999999999710e-05
7.456000000000000000e+03 4.118010000000000236e-05 5.360449999999999812e-05
7.457000000000000000e+03 4.119800000000000095e-05 5.362659999999999915e-05
7.458000000000000000e+03 4.121589999999999954e-05 5.364870000000000017e-05
7.459000000000000000e+03 4.123389999999999835e-05 5.367070000000000098e-05
7.460000000000000000e+03 4.125179999999999695e-05 5.369280000000000201e-05
7.461000000000000000e+03 4.126859999999999990e-05 5.371490000000000303e-05
7.462000000000000000e+03 4.128420000000000023e-05 5.373709999999999750e-05
7.463000000000000000e+03 4.129980000000000055e-05 5.375919999999999852e-05
7.464000000000000000e+03 4.131550000000000110e-05 5.378129999999999955e-05
7.465000000000000000e+03 4.133110000000000142e-05 5.380350000000000079e-05
7.466000000000000000e+03 4.134670000000000175e-05 5.382560000000000182e-05
7.467000000000000000e+03 4.136240000000000229e-05 5.384780000000000306e-05
7.468000000000000000e+03 4.137800000000000261e-05 5.386999999999999753e-05
7.469000000000000000e+03 4.139370000000000316e-05 5.389219999999999877e-05
7.470000000000000000e+03 4.140939999999999693e-05 5.391440000000000002e-05
7.471000000000000000e+03 4.142509999999999747e-05 5.393660000000000126e-05
7.472000000000000000e+03 4.144069999999999780e-05 5.395880000000000251e-05
7.473000000000000000e+03 4.145639999999999834e-05 5.398099999999999698e-05
7.474000000000000000e+03 4.147209999999999888e-05 5.400319999999999822e-05
7.475000000000000000e+03 4.148779999999999943e-05 5.402549999999999968e-05
7.476000000000000000e+03 4.150349999999999997e-05 5.404770000000000093e-05
7.477000000000000000e+03 4.151920000000000052e-05 5.407000000000000239e-05
7.478000000000000000e+03 4.153500000000000128e-05 5.409229999999999708e-05
7.479000000000000000e+03 4.155070000000000183e-05 5.411459999999999854e-05
7.480000000000000000e+03 4.156640000000000237e-05 5.413690000000000001e-05
7.481000000000000000e+03 4.158210000000000291e-05 5.415920000000000147e-05
7.482000000000000000e+03 4.159789999999999690e-05 5.418150000000000293e-05
7.483000000000000000e+03 4.161359999999999745e-05 5.420379999999999762e-05
7.484000000000000000e+03 4.162939999999999821e-05 5.422609999999999908e-05
7.485000000000000000e+03 4.164509999999999875e-05 5.424850000000000077e-05
7.486000000000000000e+03 4.166089999999999952e-05 5.427080000000000223e-05
7.487000000000000000e+03 4.167670000000000028e-05 5.429319999999999714e-05
7.488000000000000000e+03 4.169250000000000104e-05 5.431559999999999882e-05
7.489000000000000000e+03 4.170820000000000159e-05 5.433790000000000028e-05
7.490000000000000000e+03 4.172400000000000235e-05 5.436030000000000197e-05
7.491000000000000000e+03 4.173980000000000311e-05 5.438269999999999687e-05
7.492000000000000000e+03 4.175559999999999710e-05 5.440509999999999856e-05
7.493000000000000000e+03 4.177139999999999787e-05 5.442760000000000046e-05
7.494000000000000000e+03 4.178719999999999863e-05 5.445000000000000214e-05
7.495000000000000000e+03 4.180309999999999961e-05 5.447239999999999705e-05
7.496000000000000000e+03 4.181890000000000038e-05 5.449489999999999895e-05
7.497000000000000000e+03 4.183470000000000114e-05 5.451740000000000085e-05
7.498000000000000000e+03 4.185050000000000190e-05 5.453980000000000254e-05
7.499000000000000000e+03 4.186640000000000289e-05 5.456229999999999766e-05
7.500000000000000000e+03 4.188219999999999687e-05 5.458479999999999956e-05
7.501000000000000000e+03 4.189940000000000071e-05 5.460730000000000147e-05
7.502000000000000000e+03 4.191790000000000061e-05 5.462980000000000337e-05
7.503000000000000000e+03 4.193640000000000052e-05 5.465229999999999849e-05
7.504000000000000000e+03 4.195490000000000043e-05 5.467490000000000062e-05
7.505000000000000000e+03 4.197340000000000034e-05 5.469740000000000252e-05
7.506000000000000000e+03 4.199200000000000046e-05 5.471999999999999786e-05
7.507000000000000000e+03 4.201050000000000037e-05 5.474249999999999976e-05
7.508000000000000000e+03 4.202900000000000028e-05 5.476510000000000189e-05
7.509000000000000000e+03 4.204760000000000041e-05 5.478769999999999723e-05
7.510000000000000000e+03 4.206620000000000053e-05 5.481029999999999935e-05
7.511000000000000000e+03 4.208470000000000044e-05 5.483290000000000147e-05
7.512000000000000000e+03 4.210330000000000057e-05 5.485549999999999682e-05
7.513000000000000000e+03 4.212190000000000069e-05 5.487809999999999894e-05
7.514000000000000000e+03 4.214050000000000082e-05 5.490070000000000106e-05
7.515000000000000000e+03 4.215910000000000095e-05 5.492339999999999663e-05
7.516000000000000000e+03 4.217770000000000107e-05 5.494599999999999875e-05
7.517000000000000000e+03 4.219630000000000120e-05 5.496870000000000109e-05
7.518000000000000000e+03 4.221490000000000133e-05 5.499130000000000321e-05
7.519000000000000000e+03 4.223360000000000167e-05 5.501399999999999877e-05
7.520000000000000000e+03 4.225220000000000180e-05 5.503670000000000112e-05
7.521000000000000000e+03 4.227090000000000215e-05 5.505939999999999668e-05
7.522000000000000000e+03 4.228950000000000227e-05 5.508209999999999902e-05
7.523000000000000000e+03 4.230820000000000262e-05 5.510480000000000136e-05
7.524000000000000000e+03 4.232690000000000297e-05 5.512759999999999714e-05
7.525000000000000000e+03 4.234550000000000309e-05 5.515029999999999949e-05
7.526000000000000000e+03 4.236419999999999666e-05 5.517310000000000205e-05
7.527000000000000000e+03 4.238289999999999701e-05 5.519579999999999761e-05
7.528000000000000000e+03 4.240159999999999735e-05 5.521860000000000017e-05
7.529000000000000000e+03 4.242039999999999792e-05 5.524140000000000273e-05
7.530000000000000000e+03 4.243909999999999827e-05 5.526419999999999851e-05
7.531000000000000000e+03 4.245779999999999861e-05 5.528700000000000107e-05
7.532000000000000000e+03 4.247649999999999896e-05 5.530979999999999686e-05
7.533000000000000000e+03 4.249529999999999952e-05 5.533259999999999942e-05
7.534000000000000000e+03 4.251410000000000009e-05 5.535540000000000198e-05
7.535000000000000000e+03 4.253280000000000044e-05 5.537829999999999798e-05
7.536000000000000000e+03 4.255160000000000100e-05 5.540110000000000054e-05
7.537000000000000000e+03 4.257040000000000157e-05 5.542400000000000332e-05
7.538000000000000000e+03 4.258920000000000213e-05 5.544679999999999910e-05
7.539000000000000000e+03 4.260800000000000270e-05 5.546970000000000188e-05
7.540000000000000000e+03 4.262680000000000326e-05 5.549259999999999789e-05
7.541000000000000000e+03 4.264410000000000054e-05 5.551550000000000066e-05
7.542000000000000000e+03 4.265980000000000108e-05 5.553839999999999667e-05
7.543000000000000000e+03 4.267560000000000185e-05 5.556129999999999945e-05
7.544000000000000000e+03 4.269130000000000239e-05 5.558430000000000245e-05
7.545000000000000000e+03 4.270710000000000315e-05 5.560719999999999845e-05
7.546000000000000000e+03 4.272289999999999714e-05 5.563020000000000145e-05
7.547000000000000000e+03 4.273869999999999790e-05 5.565309999999999745e-05
7.548000000000000000e+03 4.275449999999999867e-05 5.567610000000000045e-05
7.549000000000000000e+03 4.277029999999999943e-05 5.569909999999999667e-05
7.550000000000000000e+03 4.278610000000000020e-05 5.572209999999999967e-05
7.551000000000000000e+03 4.280190000000000096e-05 5.574510000000000267e-05
7.552000000000000000e+03 4.281770000000000172e-05 5.576809999999999889e-05
7.553000000000000000e+03 4.283350000000000249e-05 5.579110000000000189e-05
7.554000000000000000e+03 4.284930000000000325e-05 5.581409999999999811e-05
7.555000000000000000e+03 4.286519999999999746e-05 5.583720000000000133e-05
7.556000000000000000e+03 4.288099999999999822e-05 5.586019999999999755e-05
7.557000000000000000e+03 4.289689999999999920e-05 5.588330000000000077e-05
7.558000000000000000e+03 4.291269999999999997e-05 5.590639999999999721e-05
7.559000000000000000e+03 4.292860000000000095e-05 5.592950000000000043e-05
7.560000000000000000e+03 4.294440000000000171e-05 5.595259999999999687e-05
7.561000000000000000e+03 4.296030000000000269e-05 5.597570000000000009e-05
7.562000000000000000e+03 4.297619999999999690e-05 5.599880000000000330e-05
7.563000000000000000e+03 4.299199999999999766e-05 5.602189999999999975e-05
7.564000000000000000e+03 4.300789999999999865e-05 5.604500000000000296e-05
7.565000000000000000e+03 4.302379999999999963e-05 5.606819999999999963e-05
7.566000000000000000e+03 4.303970000000000061e-05 5.609130000000000284e-05
7.567000000000000000e+03 4.305560000000000160e-05 5.611449999999999950e-05
7.568000000000000000e+03 4.307150000000000258e-05 5.613770000000000294e-05
7.569000000000000000e+03 4.308739999999999679e-05 5.616089999999999960e-05
7.570000000000000000e+03 4.310339999999999799e-05 5.618400000000000282e-05
7.571000000000000000e+03 4.311929999999999897e-05 5.620729999999999970e-05
7.572000000000000000e+03 4.313519999999999995e-05 5.623050000000000314e-05
7.573000000000000000e+03 4.315110000000000094e-05 5.625369999999999980e-05
7.574000000000000000e+03 4.316710000000000214e-05 5.627690000000000323e-05
7.575000000000000000e+03 4.318300000000000312e-05 5.630020000000000011e-05
7.576000000000000000e+03 4.319899999999999755e-05 5.632339999999999678e-05
7.577000000000000000e+03 4.321499999999999875e-05 5.634670000000000043e-05
7.578000000000000000e+03 4.323089999999999973e-05 5.636999999999999731e-05
7.579000000000000000e+03 4.324690000000000093e-05 5.639330000000000097e-05
7.580000000000000000e+03 4.326290000000000214e-05 5.641659999999999785e-05
7.581000000000000000e+03 4.327949999999999788e-05 5.643990000000000150e-05
7.582000000000000000e+03 4.329680000000000193e-05 5.646319999999999838e-05
7.583000000000000000e+03 4.331409999999999921e-05 5.648650000000000204e-05
7.584000000000000000e+03 4.333149999999999670e-05 5.650989999999999914e-05
7.585000000000000000e+03 4.334880000000000075e-05 5.653320000000000280e-05
7.586000000000000000e+03 4.336609999999999803e-05 5.655659999999999990e-05
7.587000000000000000e+03 4.338340000000000208e-05 5.657989999999999678e-05
7.588000000000000000e+03 4.340079999999999958e-05 5.660330000000000065e-05
7.589000000000000000e+03 4.341819999999999707e-05 5.662669999999999775e-05
7.590000000000000000e+03 4.343550000000000113e-05 5.665010000000000163e-05
7.591000000000000000e+03 4.345289999999999862e-05 5.667349999999999873e-05
7.592000000000000000e+03 4.347030000000000289e-05 5.669700000000000282e-05
7.593000000000000000e+03 4.348760000000000017e-05 5.672039999999999992e-05
7.594000000000000000e+03 4.350499999999999767e-05 5.674379999999999702e-05
7.595000000000000000e+03 4.352240000000000194e-05 5.676730000000000111e-05
7.596000000000000000e+03 4.353979999999999943e-05 5.679069999999999821e-05
7.597000000000000000e+03 4.355719999999999693e-05 5.681420000000000231e-05
7.598000000000000000e+03 4.357460000000000120e-05 5.683769999999999963e-05
7.599000000000000000e+03 4.359209999999999892e-05 5.686119999999999695e-05
7.600000000000000000e+03 4.360950000000000319e-05 5.688470000000000104e-05
7.601000000000000000e+03 4.362690000000000068e-05 5.690819999999999836e-05
7.602000000000000000e+03 4.364439999999999840e-05 5.693170000000000245e-05
7.603000000000000000e+03 4.366180000000000267e-05 5.695529999999999999e-05
7.604000000000000000e+03 4.367930000000000038e-05 5.697879999999999731e-05
7.605000000000000000e+03 4.369679999999999810e-05 5.700240000000000162e-05
7.606000000000000000e+03 4.371420000000000237e-05 5.702589999999999894e-05
7.607000000000000000e+03 4.373170000000000009e-05 5.704950000000000326e-05
7.608000000000000000e+03 4.374919999999999780e-05 5.707310000000000079e-05
7.609000000000000000e+03 4.376670000000000229e-05 5.709669999999999833e-05
7.610000000000000000e+03 4.378420000000000001e-05 5.712030000000000265e-05
7.611000000000000000e+03 4.380169999999999772e-05 5.714390000000000018e-05
7.612000000000000000e+03 4.381920000000000221e-05 5.716759999999999794e-05
7.613000000000000000e+03 4.383669999999999993e-05 5.719120000000000226e-05
7.614000000000000000e+03 4.385429999999999786e-05 5.721490000000000001e-05
7.615000000000000000e+03 4.387180000000000235e-05 5.723849999999999755e-05
7.616000000000000000e+03 4.388930000000000007e-05 5.726220000000000208e-05
7.617000000000000000e+03 4.390689999999999800e-05 5.728589999999999984e-05
7.618000000000000000e+03 4.392440000000000249e-05 5.730959999999999760e-05
7.619000000000000000e+03 4.394200000000000043e-05 5.733330000000000213e-05
7.620000000000000000e+03 4.395959999999999836e-05 5.735699999999999989e-05
7.621000000000000000e+03 4.397569999999999978e-05 5.738069999999999765e-05
7.622000000000000000e+03 4.399180000000000120e-05 5.740440000000000218e-05
7.623000000000000000e+03 4.400790000000000263e-05 5.742820000000000016e-05
7.624000000000000000e+03 4.402409999999999749e-05 5.745189999999999791e-05
7.625000000000000000e+03 4.404019999999999891e-05 5.747570000000000267e-05
7.626000000000000000e+03 4.405640000000000055e-05 5.749950000000000064e-05
7.627000000000000000e+03 4.407250000000000197e-05 5.752329999999999862e-05
7.628000000000000000e+03 4.408869999999999684e-05 5.754710000000000337e-05
7.629000000000000000e+03 4.410479999999999826e-05 5.757090000000000135e-05
7.630000000000000000e+03 4.412099999999999990e-05 5.759469999999999932e-05
7.631000000000000000e+03 4.413720000000000154e-05 5.761849999999999730e-05
7.632000000000000000e+03 4.415340000000000318e-05 5.764240000000000227e-05
7.633000000000000000e+03 4.416949999999999783e-05 5.766620000000000025e-05
7.634000000000000000e+03 4.418569999999999947e-05 5.769009999999999845e-05
7.635000000000000000e+03 4.420190000000000111e-05 5.771390000000000320e-05
7.636000000000000000e+03 4.421810000000000275e-05 5.773780000000000139e-05
7.637000000000000000e+03 4.423439999999999783e-05 5.776169999999999959e-05
7.638000000000000000e+03 4.425059999999999947e-05 5.778559999999999778e-05
7.639000000000000000e+03 4.426680000000000111e-05 5.780950000000000276e-05
7.640000000000000000e+03 4.428300000000000275e-05 5.783350000000000117e-05
7.641000000000000000e+03 4.429929999999999784e-05 5.785739999999999937e-05
7.642000000000000000e+03 4.431549999999999948e-05 5.788129999999999756e-05
7.643000000000000000e+03 4.433170000000000112e-05 5.790530000000000275e-05
7.644000000000000000e+03 4.434800000000000298e-05 5.792930000000000117e-05
7.645000000000000000e+03 4.436429999999999806e-05 5.795319999999999937e-05
7.646000000000000000e+03 4.438049999999999970e-05 5.797719999999999778e-05
7.647000000000000000e+03 4.439680000000000156e-05 5.800120000000000297e-05
7.648000000000000000e+03 4.441309999999999665e-05 5.802520000000000139e-05
7.649000000000000000e+03 4.442939999999999851e-05 5.804930000000000002e-05
7.650000000000000000e+03 4.444560000000000015e-05 5.807329999999999844e-05
7.651000000000000000e+03 4.446190000000000201e-05 5.809729999999999685e-05
7.652000000000000000e+03 4.447819999999999709e-05 5.812140000000000226e-05
7.653000000000000000e+03 4.449449999999999895e-05 5.814540000000000068e-05
7.654000000000000000e+03 4.451090000000000103e-05 5.816949999999999931e-05
7.655000000000000000e+03 4.452720000000000289e-05 5.819359999999999794e-05
7.656000000000000000e+03 4.454349999999999797e-05 5.821770000000000335e-05
7.657000000000000000e+03 4.455979999999999983e-05 5.824180000000000199e-05
7.658000000000000000e+03 4.457620000000000191e-05 5.826590000000000062e-05
7.659000000000000000e+03 4.459249999999999699e-05 5.828999999999999926e-05
7.660000000000000000e+03 4.460970000000000083e-05 5.831419999999999811e-05
7.661000000000000000e+03 4.462769999999999964e-05 5.833829999999999675e-05
7.662000000000000000e+03 4.464569999999999845e-05 5.836250000000000238e-05
7.663000000000000000e+03 4.466369999999999726e-05 5.838660000000000101e-05
7.664000000000000000e+03 4.468170000000000285e-05 5.841079999999999986e-05
7.665000000000000000e+03 4.469980000000000188e-05 5.843499999999999872e-05
7.666000000000000000e+03 4.471780000000000069e-05 5.845919999999999757e-05
7.667000000000000000e+03 4.473589999999999972e-05 5.848340000000000320e-05
7.668000000000000000e+03 4.475389999999999853e-05 5.850760000000000205e-05
7.669000000000000000e+03 4.477199999999999756e-05 5.853190000000000113e-05
7.670000000000000000e+03 4.479010000000000337e-05 5.855609999999999998e-05
7.671000000000000000e+03 4.480810000000000218e-05 5.858039999999999905e-05
7.672000000000000000e+03 4.482620000000000121e-05 5.860459999999999791e-05
7.673000000000000000e+03 4.484430000000000024e-05 5.862889999999999698e-05
7.674000000000000000e+03 4.486239999999999927e-05 5.865320000000000283e-05
7.675000000000000000e+03 4.488049999999999830e-05 5.867750000000000190e-05
7.676000000000000000e+03 4.489859999999999733e-05 5.870180000000000097e-05
7.677000000000000000e+03 4.491670000000000314e-05 5.872610000000000005e-05
7.678000000000000000e+03 4.493490000000000239e-05 5.875049999999999934e-05
7.679000000000000000e+03 4.495300000000000142e-05 5.877479999999999841e-05
7.680000000000000000e+03 4.497110000000000045e-05 5.879919999999999770e-05
7.681000000000000000e+03 4.498929999999999970e-05 5.882349999999999678e-05
7.682000000000000000e+03 4.500749999999999895e-05 5.884790000000000284e-05
7.683000000000000000e+03 4.502559999999999798e-05 5.887230000000000214e-05
7.684000000000000000e+03 4.504379999999999723e-05 5.889670000000000143e-05
7.685000000000000000e+03 4.506200000000000326e-05 5.892110000000000072e-05
7.686000000000000000e+03 4.508020000000000251e-05 5.894550000000000001e-05
7.687000000000000000e+03 4.509830000000000154e-05 5.896989999999999930e-05
7.688000000000000000e+03 4.511650000000000079e-05 5.899429999999999860e-05
7.689000000000000000e+03 4.513480000000000026e-05 5.901879999999999811e-05
7.690000000000000000e+03 4.515299999999999951e-05 5.904329999999999762e-05
7.691000000000000000e+03 4.517119999999999876e-05 5.906769999999999691e-05
7.692000000000000000e+03 4.518939999999999801e-05 5.909220000000000320e-05
7.693000000000000000e+03 4.520769999999999747e-05 5.911670000000000271e-05
7.694000000000000000e+03 4.522589999999999672e-05 5.914120000000000222e-05
7.695000000000000000e+03 4.524420000000000297e-05 5.916570000000000173e-05
7.696000000000000000e+03 4.526240000000000222e-05 5.919020000000000124e-05
7.697000000000000000e+03 4.528070000000000169e-05 5.921480000000000097e-05
7.698000000000000000e+03 4.529900000000000116e-05 5.923930000000000049e-05
7.699000000000000000e+03 4.531720000000000041e-05 5.926390000000000022e-05
7.700000000000000000e+03 4.533600000000000097e-05 5.928839999999999973e-05
7.701000000000000000e+03 4.535520000000000241e-05 5.931299999999999946e-05
7.702000000000000000e+03 4.537449999999999730e-05 5.933759999999999919e-05
7.703000000000000000e+03 4.539369999999999874e-05 5.936219999999999892e-05
7.704000000000000000e+03 4.541300000000000040e-05 5.938679999999999865e-05
7.705000000000000000e+03 4.543220000000000185e-05 5.941139999999999838e-05
7.706000000000000000e+03 4.545149999999999673e-05 5.943609999999999833e-05
7.707000000000000000e+03 4.547079999999999839e-05 5.946069999999999806e-05
7.708000000000000000e+03 4.549010000000000006e-05 5.948539999999999801e-05
7.709000000000000000e+03 4.550940000000000172e-05 5.950999999999999774e-05
7.710000000000000000e+03 4.552870000000000338e-05 5.953469999999999769e-05
7.711000000000000000e+03 4.554799999999999826e-05 5.955939999999999764e-05
7.712000000000000000e+03 4.556729999999999993e-05 5.958409999999999759e-05
7.713000000000000000e+03 4.558660000000000159e-05 5.960879999999999754e-05
7.714000000000000000e+03 4.560599999999999669e-05 5.963349999999999749e-05
7.715000000000000000e+03 4.562529999999999835e-05 5.965829999999999766e-05
7.716000000000000000e+03 4.564470000000000024e-05 5.968299999999999761e-05
7.717000000000000000e+03 4.566400000000000190e-05 5.970779999999999778e-05
7.718000000000000000e+03 4.568339999999999700e-05 5.973249999999999773e-05
7.719000000000000000e+03 4.570279999999999888e-05 5.975729999999999790e-05
7.720000000000000000e+03 4.572220000000000076e-05 5.978209999999999807e-05
7.721000000000000000e+03 4.574160000000000265e-05 5.980689999999999824e-05
7.722000000000000000e+03 4.576099999999999775e-05 5.983169999999999840e-05
7.723000000000000000e+03 4.578039999999999963e-05 5.985649999999999857e-05
7.724000000000000000e+03 4.579980000000000151e-05 5.988129999999999874e-05
7.725000000000000000e+03 4.581919999999999662e-05 5.990619999999999913e-05
7.726000000000000000e+03 4.583869999999999872e-05 5.993099999999999930e-05
7.727000000000000000e+03 4.585810000000000060e-05 5.995589999999999969e-05
7.728000000000000000e+03 4.587760000000000270e-05 5.998080000000000008e-05
7.729000000000000000e+03 4.589699999999999780e-05 6.000570000000000047e-05
7.730000000000000000e+03 4.591649999999999990e-05 6.003060000000000085e-05
7.731000000000000000e+03 4.593600000000000200e-05 6.005550000000000124e-05
7.732000000000000000e+03 4.595549999999999733e-05 6.008040000000000163e-05
7.733000000000000000e+03 4.597499999999999943e-05 6.010530000000000202e-05
7.734000000000000000e+03 4.599450000000000153e-05 6.013030000000000263e-05
7.735000000000000000e+03 4.601399999999999685e-05 6.015520000000000302e-05
7.736000000000000000e+03 4.603349999999999895e-05 6.018019999999999685e-05
7.737000000000000000e+03 4.605300000000000105e-05 6.020509999999999724e-05
7.738000000000000000e+03 4.607260000000000337e-05 6.023009999999999784e-05
7.739000000000000000e+03 4.609209999999999870e-05 6.025509999999999845e-05
7.740000000000000000e+03 4.611069999999999882e-05 6.028009999999999906e-05
7.741000000000000000e+03 4.612849999999999720e-05 6.030509999999999967e-05
7.742000000000000000e+03 4.614620000000000213e-05 6.033020000000000049e-05
7.743000000000000000e+03 4.616390000000000028e-05 6.035520000000000110e-05
7.744000000000000000e+03 4.618169999999999865e-05 6.038030000000000193e-05
7.745000000000000000e+03 4.619939999999999681e-05 6.040530000000000254e-05
7.746000000000000000e+03 4.621720000000000195e-05 6.043040000000000336e-05
7.747000000000000000e+03 4.623500000000000033e-05 6.045549999999999741e-05
7.748000000000000000e+03 4.625269999999999848e-05 6.048059999999999824e-05
7.749000000000000000e+03 4.627049999999999685e-05 6.050569999999999907e-05
7.750000000000000000e+03 4.628830000000000200e-05 6.053079999999999989e-05
7.751000000000000000e+03 4.630610000000000037e-05 6.055590000000000072e-05
7.752000000000000000e+03 4.632389999999999875e-05 6.058110000000000177e-05
7.753000000000000000e+03 4.634169999999999712e-05 6.060620000000000259e-05
7.754000000000000000e+03 4.635950000000000227e-05 6.063139999999999686e-05
7.755000000000000000e+03 4.637730000000000064e-05 6.065659999999999791e-05
7.756000000000000000e+03 4.639519999999999923e-05 6.068179999999999896e-05
7.757000000000000000e+03 4.641299999999999761e-05 6.070700000000000000e-05
7.758000000000000000e+03 4.643080000000000276e-05 6.073220000000000105e-05
7.759000000000000000e+03 4.644870000000000135e-05 6.075740000000000210e-05
7.760000000000000000e+03 4.646649999999999972e-05 6.078260000000000314e-05
7.761000000000000000e+03 4.648439999999999831e-05 6.080779999999999741e-05
7.762000000000000000e+03 4.650229999999999690e-05 6.083309999999999868e-05
7.763000000000000000e+03 4.652020000000000227e-05 6.085839999999999994e-05
7.764000000000000000e+03 4.653800000000000064e-05 6.088360000000000099e-05
7.765000000000000000e+03 4.655589999999999924e-05 6.090890000000000225e-05
7.766000000000000000e+03 4.657379999999999783e-05 6.093419999999999674e-05
7.767000000000000000e+03 4.659170000000000320e-05 6.095949999999999801e-05
7.768000000000000000e+03 4.660960000000000179e-05 6.098489999999999949e-05
7.769000000000000000e+03 4.662760000000000060e-05 6.101020000000000076e-05
7.770000000000000000e+03 4.664549999999999919e-05 6.103549999999999525e-05
7.771000000000000000e+03 4.666339999999999778e-05 6.106089999999999673e-05
7.772000000000000000e+03 4.668130000000000315e-05 6.108620000000000477e-05
7.773000000000000000e+03 4.669930000000000196e-05 6.111160000000000626e-05
7.774000000000000000e+03 4.671720000000000056e-05 6.113699999999999419e-05
7.775000000000000000e+03 4.673519999999999937e-05 6.116239999999999568e-05
7.776000000000000000e+03 4.675319999999999818e-05 6.118779999999999716e-05
7.777000000000000000e+03 4.677109999999999677e-05 6.121319999999999865e-05
7.778000000000000000e+03 4.678910000000000236e-05 6.123869999999999357e-05
7.779000000000000000e+03 4.680710000000000117e-05 6.126409999999999506e-05
7.780000000000000000e+03 4.682590000000000173e-05 6.128960000000000354e-05
7.781000000000000000e+03 4.684539999999999706e-05 6.131500000000000502e-05
7.782000000000000000e+03 4.686489999999999916e-05 6.134049999999999995e-05
7.783000000000000000e+03 4.688450000000000148e-05 6.136599999999999488e-05
7.784000000000000000e+03 4.690399999999999680e-05 6.139150000000000336e-05
7.785000000000000000e+03 4.692359999999999912e-05 6.141699999999999829e-05
7.786000000000000000e+03 4.694310000000000122e-05 6.144250000000000677e-05
7.787000000000000000e+03 4.696269999999999676e-05 6.146809999999999514e-05
7.788000000000000000e+03 4.698229999999999908e-05 6.149360000000000362e-05
7.789000000000000000e+03 4.700190000000000140e-05 6.151920000000000554e-05
7.790000000000000000e+03 4.702149999999999695e-05 6.154470000000000047e-05
7.791000000000000000e+03 4.704109999999999927e-05 6.157030000000000239e-05
7.792000000000000000e+03 4.706070000000000159e-05 6.159590000000000432e-05
7.793000000000000000e+03 4.708029999999999713e-05 6.162150000000000624e-05
7.794000000000000000e+03 4.709999999999999967e-05 6.164709999999999461e-05
7.795000000000000000e+03 4.711960000000000199e-05 6.167280000000000353e-05
7.796000000000000000e+03 4.713919999999999753e-05 6.169840000000000545e-05
7.797000000000000000e+03 4.715890000000000007e-05 6.172399999999999382e-05
7.798000000000000000e+03 4.717860000000000261e-05 6.174970000000000274e-05
7.799000000000000000e+03 4.719819999999999815e-05 6.177539999999999811e-05
7.800000000000000000e+03 4.721790000000000069e-05 6.180100000000000003e-05
7.801000000000000000e+03 4.723760000000000323e-05 6.182669999999999540e-05
7.802000000000000000e+03 4.725729999999999899e-05 6.185240000000000432e-05
7.803000000000000000e+03 4.727700000000000153e-05 6.187820000000000668e-05
7.804000000000000000e+03 4.729669999999999729e-05 6.190390000000000204e-05
7.805000000000000000e+03 4.731639999999999983e-05 6.192959999999999741e-05
7.806000000000000000e+03 4.733620000000000259e-05 6.195539999999999977e-05
7.807000000000000000e+03 4.735589999999999835e-05 6.198109999999999514e-05
7.808000000000000000e+03 4.737570000000000111e-05 6.200689999999999750e-05
7.809000000000000000e+03 4.739539999999999687e-05 6.203269999999999986e-05
7.810000000000000000e+03 4.741519999999999963e-05 6.205850000000000222e-05
7.811000000000000000e+03 4.743500000000000239e-05 6.208430000000000459e-05
7.812000000000000000e+03 4.745469999999999815e-05 6.211009999999999340e-05
7.813000000000000000e+03 4.747450000000000091e-05 6.213600000000000275e-05
7.814000000000000000e+03 4.749429999999999689e-05 6.216180000000000512e-05
7.815000000000000000e+03 4.751409999999999965e-05 6.218770000000000092e-05
7.816000000000000000e+03 4.753390000000000241e-05 6.221350000000000328e-05
7.817000000000000000e+03 4.755379999999999861e-05 6.223939999999999909e-05
7.818000000000000000e+03 4.757360000000000137e-05 6.226529999999999489e-05
7.819000000000000000e+03 4.759339999999999735e-05 6.229120000000000425e-05
7.820000000000000000e+03 4.761259999999999879e-05 6.231710000000000005e-05
7.821000000000000000e+03 4.763119999999999892e-05 6.234299999999999586e-05
7.822000000000000000e+03 4.764979999999999905e-05 6.236899999999999866e-05
7.823000000000000000e+03 4.766839999999999917e-05 6.239489999999999446e-05
7.824000000000000000e+03 4.768699999999999930e-05 6.242089999999999726e-05
7.825000000000000000e+03 4.770569999999999965e-05 6.244680000000000662e-05
7.826000000000000000e+03 4.772429999999999977e-05 6.247279999999999587e-05
7.827000000000000000e+03 4.774289999999999990e-05 6.249879999999999867e-05
7.828000000000000000e+03 4.776160000000000025e-05 6.252480000000000147e-05
7.829000000000000000e+03 4.778020000000000037e-05 6.255080000000000427e-05
7.830000000000000000e+03 4.779890000000000072e-05 6.257679999999999352e-05
7.831000000000000000e+03 4.781750000000000085e-05 6.260290000000000331e-05
7.832000000000000000e+03 4.783620000000000119e-05 6.262890000000000611e-05
7.833000000000000000e+03 4.785490000000000154e-05 6.265500000000000236e-05
7.834000000000000000e+03 4.787360000000000188e-05 6.268109999999999860e-05
7.835000000000000000e+03 4.789230000000000223e-05 6.270719999999999484e-05
7.836000000000000000e+03 4.791100000000000258e-05 6.273319999999999765e-05
7.837000000000000000e+03 4.792970000000000292e-05 6.275940000000000088e-05
7.838000000000000000e+03 4.794840000000000327e-05 6.278549999999999713e-05
7.839000000000000000e+03 4.796709999999999684e-05 6.281159999999999337e-05
7.840000000000000000e+03 4.798579999999999718e-05 6.283770000000000317e-05
7.841000000000000000e+03 4.800459999999999775e-05 6.286390000000000641e-05
7.842000000000000000e+03 4.802329999999999810e-05 6.289009999999999609e-05
7.843000000000000000e+03 4.804209999999999866e-05 6.291620000000000589e-05
7.844000000000000000e+03 4.806079999999999901e-05 6.294239999999999557e-05
7.845000000000000000e+03 4.807959999999999957e-05 6.296859999999999881e-05
7.846000000000000000e+03 4.809840000000000014e-05 6.299489999999999550e-05
7.847000000000000000e+03 4.811720000000000070e-05 6.302109999999999873e-05
7.848000000000000000e+03 4.813590000000000105e-05 6.304730000000000197e-05
7.849000000000000000e+03 4.815470000000000162e-05 6.307359999999999866e-05
7.850000000000000000e+03 4.817350000000000218e-05 6.309980000000000189e-05
7.851000000000000000e+03 4.819230000000000275e-05 6.312609999999999858e-05
7.852000000000000000e+03 4.821119999999999675e-05 6.315239999999999526e-05
7.853000000000000000e+03 4.822999999999999732e-05 6.317870000000000549e-05
7.854000000000000000e+03 4.824879999999999789e-05 6.320500000000000217e-05
7.855000000000000000e+03 4.826769999999999867e-05 6.323129999999999886e-05
7.856000000000000000e+03 4.828649999999999924e-05 6.325759999999999554e-05
7.857000000000000000e+03 4.830540000000000002e-05 6.328399999999999922e-05
7.858000000000000000e+03 4.832420000000000059e-05 6.331029999999999590e-05
7.859000000000000000e+03 4.834310000000000137e-05 6.333669999999999958e-05
7.860000000000000000e+03 4.836220000000000259e-05 6.336310000000000325e-05
7.861000000000000000e+03 4.838149999999999748e-05 6.338939999999999993e-05
7.862000000000000000e+03 4.840089999999999936e-05 6.341580000000000361e-05
7.863000000000000000e+03 4.842030000000000124e-05 6.344230000000000073e-05
7.864000000000000000e+03 4.843960000000000290e-05 6.346870000000000441e-05
7.865000000000000000e+03 4.845899999999999801e-05 6.349509999999999453e-05
7.866000000000000000e+03 4.847839999999999989e-05 6.352160000000000521e-05
7.867000000000000000e+03 4.849780000000000177e-05 6.354799999999999533e-05
7.868000000000000000e+03 4.851719999999999687e-05 6.357450000000000601e-05
7.869000000000000000e+03 4.853659999999999876e-05 6.360100000000000313e-05
7.870000000000000000e+03 4.855600000000000064e-05 6.362750000000000025e-05
7.871000000000000000e+03 4.857540000000000252e-05 6.365399999999999737e-05
7.872000000000000000e+03 4.859479999999999762e-05 6.368049999999999449e-05
7.873000000000000000e+03 4.861429999999999972e-05 6.370700000000000516e-05
7.874000000000000000e+03 4.863370000000000160e-05 6.373359999999999572e-05
7.875000000000000000e+03 4.865319999999999693e-05 6.376010000000000640e-05
7.876000000000000000e+03 4.867259999999999881e-05 6.378669999999999696e-05
7.877000000000000000e+03 4.869210000000000091e-05 6.381330000000000108e-05
7.878000000000000000e+03 4.871160000000000301e-05 6.383990000000000519e-05
7.879000000000000000e+03 4.873099999999999811e-05 6.386649999999999576e-05
7.880000000000000000e+03 4.875050000000000021e-05 6.389309999999999987e-05
7.881000000000000000e+03 4.877000000000000231e-05 6.391970000000000399e-05
7.882000000000000000e+03 4.878949999999999764e-05 6.394629999999999455e-05
7.883000000000000000e+03 4.880899999999999974e-05 6.397300000000000566e-05
7.884000000000000000e+03 4.882860000000000206e-05 6.399959999999999623e-05
7.885000000000000000e+03 4.884809999999999738e-05 6.402629999999999379e-05
7.886000000000000000e+03 4.886759999999999948e-05 6.405300000000000490e-05
7.887000000000000000e+03 4.888720000000000180e-05 6.407970000000000246e-05
7.888000000000000000e+03 4.890669999999999713e-05 6.410640000000000002e-05
7.889000000000000000e+03 4.892629999999999945e-05 6.413309999999999757e-05
7.890000000000000000e+03 4.894590000000000176e-05 6.415979999999999513e-05
7.891000000000000000e+03 4.896539999999999709e-05 6.418659999999999969e-05
7.892000000000000000e+03 4.898499999999999941e-05 6.421329999999999725e-05
7.893000000000000000e+03 4.900460000000000173e-05 6.424010000000000180e-05
7.894000000000000000e+03 4.902419999999999727e-05 6.426690000000000636e-05
7.895000000000000000e+03 4.904379999999999959e-05 6.429369999999999736e-05
7.896000000000000000e+03 4.906340000000000191e-05 6.432050000000000191e-05
7.897000000000000000e+03 4.908309999999999767e-05 6.434730000000000647e-05
7.898000000000000000e+03 4.910269999999999999e-05 6.437409999999999747e-05
7.899000000000000000e+03 4.912230000000000231e-05 6.440099999999999547e-05
7.900000000000000000e+03 4.914199999999999807e-05 6.442780000000000002e-05
7.901000000000000000e+03 4.916170000000000061e-05 6.445469999999999802e-05
7.902000000000000000e+03 4.918140000000000315e-05 6.448159999999999602e-05
7.903000000000000000e+03 4.920109999999999892e-05 6.450840000000000057e-05
7.904000000000000000e+03 4.922080000000000145e-05 6.453529999999999857e-05
7.905000000000000000e+03 4.924049999999999722e-05 6.456230000000000356e-05
7.906000000000000000e+03 4.926029999999999997e-05 6.458920000000000156e-05
7.907000000000000000e+03 4.928000000000000251e-05 6.461609999999999956e-05
7.908000000000000000e+03 4.929969999999999828e-05 6.464310000000000455e-05
7.909000000000000000e+03 4.931950000000000103e-05 6.467000000000000255e-05
7.910000000000000000e+03 4.933929999999999702e-05 6.469699999999999399e-05
7.911000000000000000e+03 4.935899999999999955e-05 6.472399999999999898e-05
7.912000000000000000e+03 4.937880000000000231e-05 6.475100000000000397e-05
7.913000000000000000e+03 4.939859999999999829e-05 6.477799999999999541e-05
7.914000000000000000e+03 4.941840000000000105e-05 6.480500000000000041e-05
7.915000000000000000e+03 4.943819999999999703e-05 6.483200000000000540e-05
7.916000000000000000e+03 4.945799999999999979e-05 6.485910000000000384e-05
7.917000000000000000e+03 4.947780000000000255e-05 6.488609999999999528e-05
7.918000000000000000e+03 4.949759999999999853e-05 6.491319999999999371e-05
7.919000000000000000e+03 4.951750000000000151e-05 6.494030000000000570e-05
7.920000000000000000e+03 4.953729999999999749e-05 6.496740000000000414e-05
7.921000000000000000e+03 4.955710000000000025e-05 6.499450000000000257e-05
7.922000000000000000e+03 4.957700000000000323e-05 6.502160000000000101e-05
7.923000000000000000e+03 4.959689999999999943e-05 6.504869999999999945e-05
7.924000000000000000e+03 4.961670000000000219e-05 6.507590000000000488e-05
7.925000000000000000e+03 4.963659999999999839e-05 6.510300000000000331e-05
7.926000000000000000e+03 4.965650000000000137e-05 6.513019999999999519e-05
7.927000000000000000e+03 4.967639999999999757e-05 6.515729999999999363e-05
7.928000000000000000e+03 4.969630000000000054e-05 6.518449999999999906e-05
7.929000000000000000e+03 4.971619999999999674e-05 6.521170000000000449e-05
7.930000000000000000e+03 4.973609999999999972e-05 6.523889999999999637e-05
7.931000000000000000e+03 4.975610000000000292e-05 6.526619999999999525e-05
7.932000000000000000e+03 4.977599999999999912e-05 6.529340000000000068e-05
7.933000000000000000e+03 4.979590000000000210e-05 6.532069999999999955e-05
7.934000000000000000e+03 4.981589999999999852e-05 6.534790000000000498e-05
7.935000000000000000e+03 4.983590000000000171e-05 6.537520000000000386e-05
7.936000000000000000e+03 4.985579999999999792e-05 6.540250000000000273e-05
7.937000000000000000e+03 4.987580000000000111e-05 6.542980000000000161e-05
7.938000000000000000e+03 4.989579999999999753e-05 6.545710000000000048e-05
7.939000000000000000e+03 4.991580000000000073e-05 6.548439999999999936e-05
7.940000000000000000e+03 4.993329999999999844e-05 6.551169999999999823e-05
7.941000000000000000e+03 4.994839999999999767e-05 6.553910000000000410e-05
7.942000000000000000e+03 4.996359999999999712e-05 6.556649999999999642e-05
7.943000000000000000e+03 4.997870000000000313e-05 6.559379999999999530e-05
7.944000000000000000e+03 4.999380000000000235e-05 6.562120000000000117e-05
7.945000000000000000e+03 5.000890000000000158e-05 6.564859999999999348e-05
7.946000000000000000e+03 5.002400000000000081e-05 6.567599999999999935e-05
7.947000000000000000e+03 5.003920000000000026e-05 6.570340000000000522e-05
7.948000000000000000e+03 5.005429999999999949e-05 6.573090000000000454e-05
7.949000000000000000e+03 5.006949999999999894e-05 6.575829999999999685e-05
7.950000000000000000e+03 5.008459999999999816e-05 6.578579999999999617e-05
7.951000000000000000e+03 5.009979999999999761e-05 6.581320000000000204e-05
7.952000000000000000e+03 5.011489999999999684e-05 6.584070000000000135e-05
7.953000000000000000e+03 5.013010000000000306e-05 6.586820000000000066e-05
7.954000000000000000e+03 5.014530000000000251e-05 6.589569999999999998e-05
7.955000000000000000e+03 5.016040000000000174e-05 6.592319999999999929e-05
7.956000000000000000e+03 5.017560000000000119e-05 6.595080000000000560e-05
7.957000000000000000e+03 5.019080000000000064e-05 6.597830000000000491e-05
7.958000000000000000e+03 5.020600000000000008e-05 6.600589999999999767e-05
7.959000000000000000e+03 5.022119999999999953e-05 6.603339999999999698e-05
7.960000000000000000e+03 5.023639999999999898e-05 6.606100000000000329e-05
7.961000000000000000e+03 5.025159999999999843e-05 6.608859999999999605e-05
7.962000000000000000e+03 5.026679999999999788e-05 6.611620000000000236e-05
7.963000000000000000e+03 5.028199999999999732e-05 6.614379999999999511e-05
7.964000000000000000e+03 5.029719999999999677e-05 6.617149999999999486e-05
7.965000000000000000e+03 5.031240000000000300e-05 6.619910000000000117e-05
7.966000000000000000e+03 5.032760000000000244e-05 6.622669999999999393e-05
7.967000000000000000e+03 5.034290000000000211e-05 6.625439999999999368e-05
7.968000000000000000e+03 5.035810000000000156e-05 6.628209999999999343e-05
7.969000000000000000e+03 5.037330000000000101e-05 6.630980000000000674e-05
7.970000000000000000e+03 5.038860000000000067e-05 6.633750000000000649e-05
7.971000000000000000e+03 5.040380000000000012e-05 6.636520000000000624e-05
7.972000000000000000e+03 5.041909999999999979e-05 6.639290000000000599e-05
7.973000000000000000e+03 5.043429999999999924e-05 6.642069999999999919e-05
7.974000000000000000e+03 5.044959999999999890e-05 6.644839999999999894e-05
7.975000000000000000e+03 5.046489999999999857e-05 6.647620000000000568e-05
7.976000000000000000e+03 5.048009999999999802e-05 6.650399999999999888e-05
7.977000000000000000e+03 5.049539999999999769e-05 6.653180000000000563e-05
7.978000000000000000e+03 5.051069999999999735e-05 6.655959999999999882e-05
7.979000000000000000e+03 5.052599999999999702e-05 6.658740000000000557e-05
7.980000000000000000e+03 1.000000000000000000e+07 6.661519999999999876e-05
7.981000000000000000e+03 1.000000000000000000e+07 6.664300000000000551e-05
7.982000000000000000e+03 1.000000000000000000e+07 6.667090000000000570e-05
7.983000000000000000e+03 1.000000000000000000e+07 6.669880000000000589e-05
7.984000000000000000e+03 1.000000000000000000e+07 6.672659999999999909e-05
7.985000000000000000e+03 1.000000000000000000e+07 6.675449999999999928e-05
7.986000000000000000e+03 1.000000000000000000e+07 6.678239999999999947e-05
7.987000000000000000e+03 1.000000000000000000e+07 6.681040000000000665e-05
7.988000000000000000e+03 1.000000000000000000e+07 6.683829999999999329e-05
7.989000000000000000e+03 1.000000000000000000e+07 6.686619999999999348e-05
7.990000000000000000e+03 1.000000000000000000e+07 6.689420000000000067e-05
7.991000000000000000e+03 1.000000000000000000e+07 6.692219999999999430e-05
7.992000000000000000e+03 1.000000000000000000e+07 6.695009999999999449e-05
7.993000000000000000e+03 1.000000000000000000e+07 6.697810000000000168e-05
7.994000000000000000e+03 1.000000000000000000e+07 6.700609999999999531e-05
7.995000000000000000e+03 1.000000000000000000e+07 6.703419999999999594e-05
7.996000000000000000e+03 1.000000000000000000e+07 6.706220000000000312e-05
7.997000000000000000e+03 1.000000000000000000e+07 6.709030000000000375e-05
7.998000000000000000e+03 1.000000000000000000e+07 6.711829999999999739e-05
7.999000000000000000e+03 1.000000000000000000e+07 6.714639999999999801e-05
8.000000000000000000e+03 1.000000000000000000e+07 6.717449999999999864e-05
